DATE,Taxa_Media_(% aa),Volume_Financeiro_(Bilhoes_USD),Taxa_Minima_1_Percentil,Taxa_25_Percentil,Taxa_75_Percentil,Taxa_Maxima_99_Percentil
2015-01-01,0.06,,,,,
2015-01-02,0.12,,,,,
2015-01-03,0.12,,,,,
2015-01-04,0.12,,,,,
2015-01-05,0.12,,,,,
2015-01-06,0.12,,,,,
2015-01-07,0.12,,,,,
2015-01-08,0.12,,,,,
2015-01-09,0.12,,,,,
2015-01-10,0.12,,,,,
2015-01-11,0.12,,,,,
2015-01-12,0.12,,,,,
2015-01-13,0.12,,,,,
2015-01-14,0.12,,,,,
2015-01-15,0.12,,,,,
2015-01-16,0.13,,,,,
2015-01-17,0.13,,,,,
2015-01-18,0.13,,,,,
2015-01-19,0.13,,,,,
2015-01-20,0.12,,,,,
2015-01-21,0.12,,,,,
2015-01-22,0.12,,,,,
2015-01-23,0.12,,,,,
2015-01-24,0.12,,,,,
2015-01-25,0.12,,,,,
2015-01-26,0.12,,,,,
2015-01-27,0.11,,,,,
2015-01-28,0.12,,,,,
2015-01-29,0.11,,,,,
2015-01-30,0.06,,,,,
2015-01-31,0.06,,,,,
2015-02-01,0.06,,,,,
2015-02-02,0.12,,,,,
2015-02-03,0.12,,,,,
2015-02-04,0.11,,,,,
2015-02-05,0.12,,,,,
2015-02-06,0.11,,,,,
2015-02-07,0.11,,,,,
2015-02-08,0.11,,,,,
2015-02-09,0.12,,,,,
2015-02-10,0.12,,,,,
2015-02-11,0.12,,,,,
2015-02-12,0.12,,,,,
2015-02-13,0.12,,,,,
2015-02-14,0.12,,,,,
2015-02-15,0.12,,,,,
2015-02-16,0.12,,,,,
2015-02-17,0.12,,,,,
2015-02-18,0.12,,,,,
2015-02-19,0.12,,,,,
2015-02-20,0.12,,,,,
2015-02-21,0.12,,,,,
2015-02-22,0.12,,,,,
2015-02-23,0.11,,,,,
2015-02-24,0.11,,,,,
2015-02-25,0.11,,,,,
2015-02-26,0.11,,,,,
2015-02-27,0.06,,,,,
2015-02-28,0.06,,,,,
2015-03-01,0.06,,,,,
2015-03-02,0.12,,,,,
2015-03-03,0.12,,,,,
2015-03-04,0.11,,,,,
2015-03-05,0.11,,,,,
2015-03-06,0.12,,,,,
2015-03-07,0.12,,,,,
2015-03-08,0.12,,,,,
2015-03-09,0.12,,,,,
2015-03-10,0.12,,,,,
2015-03-11,0.11,,,,,
2015-03-12,0.11,,,,,
2015-03-13,0.11,,,,,
2015-03-14,0.11,,,,,
2015-03-15,0.11,,,,,
2015-03-16,0.12,,,,,
2015-03-17,0.12,,,,,
2015-03-18,0.11,,,,,
2015-03-19,0.12,,,,,
2015-03-20,0.12,,,,,
2015-03-21,0.12,,,,,
2015-03-22,0.12,,,,,
2015-03-23,0.12,,,,,
2015-03-24,0.11,,,,,
2015-03-25,0.12,,,,,
2015-03-26,0.11,,,,,
2015-03-27,0.12,,,,,
2015-03-28,0.12,,,,,
2015-03-29,0.12,,,,,
2015-03-30,0.12,,,,,
2015-03-31,0.06,,,,,
2015-04-01,0.12,,,,,
2015-04-02,0.12,,,,,
2015-04-03,0.12,,,,,
2015-04-04,0.12,,,,,
2015-04-05,0.12,,,,,
2015-04-06,0.13,,,,,
2015-04-07,0.12,,,,,
2015-04-08,0.12,,,,,
2015-04-09,0.12,,,,,
2015-04-10,0.12,,,,,
2015-04-11,0.12,,,,,
2015-04-12,0.12,,,,,
2015-04-13,0.13,,,,,
2015-04-14,0.13,,,,,
2015-04-15,0.13,,,,,
2015-04-16,0.13,,,,,
2015-04-17,0.13,,,,,
2015-04-18,0.13,,,,,
2015-04-19,0.13,,,,,
2015-04-20,0.13,,,,,
2015-04-21,0.13,,,,,
2015-04-22,0.13,,,,,
2015-04-23,0.13,,,,,
2015-04-24,0.13,,,,,
2015-04-25,0.13,,,,,
2015-04-26,0.13,,,,,
2015-04-27,0.13,,,,,
2015-04-28,0.13,,,,,
2015-04-29,0.13,,,,,
2015-04-30,0.08,,,,,
2015-05-01,0.13,,,,,
2015-05-02,0.13,,,,,
2015-05-03,0.13,,,,,
2015-05-04,0.13,,,,,
2015-05-05,0.13,,,,,
2015-05-06,0.13,,,,,
2015-05-07,0.13,,,,,
2015-05-08,0.13,,,,,
2015-05-09,0.13,,,,,
2015-05-10,0.13,,,,,
2015-05-11,0.13,,,,,
2015-05-12,0.13,,,,,
2015-05-13,0.13,,,,,
2015-05-14,0.13,,,,,
2015-05-15,0.13,,,,,
2015-05-16,0.13,,,,,
2015-05-17,0.13,,,,,
2015-05-18,0.13,,,,,
2015-05-19,0.12,,,,,
2015-05-20,0.12,,,,,
2015-05-21,0.12,,,,,
2015-05-22,0.13,,,,,
2015-05-23,0.13,,,,,
2015-05-24,0.13,,,,,
2015-05-25,0.13,,,,,
2015-05-26,0.12,,,,,
2015-05-27,0.12,,,,,
2015-05-28,0.12,,,,,
2015-05-29,0.08,,,,,
2015-05-30,0.08,,,,,
2015-05-31,0.08,,,,,
2015-06-01,0.12,,,,,
2015-06-02,0.12,,,,,
2015-06-03,0.13,,,,,
2015-06-04,0.13,,,,,
2015-06-05,0.13,,,,,
2015-06-06,0.13,,,,,
2015-06-07,0.13,,,,,
2015-06-08,0.13,,,,,
2015-06-09,0.13,,,,,
2015-06-10,0.13,,,,,
2015-06-11,0.13,,,,,
2015-06-12,0.13,,,,,
2015-06-13,0.13,,,,,
2015-06-14,0.13,,,,,
2015-06-15,0.13,,,,,
2015-06-16,0.14,,,,,
2015-06-17,0.14,,,,,
2015-06-18,0.14,,,,,
2015-06-19,0.13,,,,,
2015-06-20,0.13,,,,,
2015-06-21,0.13,,,,,
2015-06-22,0.13,,,,,
2015-06-23,0.13,,,,,
2015-06-24,0.13,,,,,
2015-06-25,0.13,,,,,
2015-06-26,0.13,,,,,
2015-06-27,0.13,,,,,
2015-06-28,0.13,,,,,
2015-06-29,0.14,,,,,
2015-06-30,0.08,,,,,
2015-07-01,0.13,,,,,
2015-07-02,0.13,,,,,
2015-07-03,0.13,,,,,
2015-07-04,0.13,,,,,
2015-07-05,0.13,,,,,
2015-07-06,0.13,,,,,
2015-07-07,0.13,,,,,
2015-07-08,0.13,,,,,
2015-07-09,0.13,,,,,
2015-07-10,0.13,,,,,
2015-07-11,0.13,,,,,
2015-07-12,0.13,,,,,
2015-07-13,0.13,,,,,
2015-07-14,0.13,,,,,
2015-07-15,0.13,,,,,
2015-07-16,0.14,,,,,
2015-07-17,0.13,,,,,
2015-07-18,0.13,,,,,
2015-07-19,0.13,,,,,
2015-07-20,0.14,,,,,
2015-07-21,0.13,,,,,
2015-07-22,0.13,,,,,
2015-07-23,0.13,,,,,
2015-07-24,0.13,,,,,
2015-07-25,0.13,,,,,
2015-07-26,0.13,,,,,
2015-07-27,0.14,,,,,
2015-07-28,0.14,,,,,
2015-07-29,0.14,,,,,
2015-07-30,0.14,,,,,
2015-07-31,0.08,,,,,
2015-08-01,0.08,,,,,
2015-08-02,0.08,,,,,
2015-08-03,0.14,,,,,
2015-08-04,0.14,,,,,
2015-08-05,0.14,,,,,
2015-08-06,0.14,,,,,
2015-08-07,0.14,,,,,
2015-08-08,0.14,,,,,
2015-08-09,0.14,,,,,
2015-08-10,0.14,,,,,
2015-08-11,0.15,,,,,
2015-08-12,0.15,,,,,
2015-08-13,0.15,,,,,
2015-08-14,0.14,,,,,
2015-08-15,0.14,,,,,
2015-08-16,0.14,,,,,
2015-08-17,0.15,,,,,
2015-08-18,0.15,,,,,
2015-08-19,0.15,,,,,
2015-08-20,0.15,,,,,
2015-08-21,0.15,,,,,
2015-08-22,0.15,,,,,
2015-08-23,0.15,,,,,
2015-08-24,0.15,,,,,
2015-08-25,0.15,,,,,
2015-08-26,0.14,,,,,
2015-08-27,0.14,,,,,
2015-08-28,0.14,,,,,
2015-08-29,0.14,,,,,
2015-08-30,0.14,,,,,
2015-08-31,0.08,,,,,
2015-09-01,0.14,,,,,
2015-09-02,0.14,,,,,
2015-09-03,0.14,,,,,
2015-09-04,0.14,,,,,
2015-09-05,0.14,,,,,
2015-09-06,0.14,,,,,
2015-09-07,0.14,,,,,
2015-09-08,0.14,,,,,
2015-09-09,0.14,,,,,
2015-09-10,0.14,,,,,
2015-09-11,0.14,,,,,
2015-09-12,0.14,,,,,
2015-09-13,0.14,,,,,
2015-09-14,0.14,,,,,
2015-09-15,0.14,,,,,
2015-09-16,0.14,,,,,
2015-09-17,0.14,,,,,
2015-09-18,0.14,,,,,
2015-09-19,0.14,,,,,
2015-09-20,0.14,,,,,
2015-09-21,0.14,,,,,
2015-09-22,0.14,,,,,
2015-09-23,0.14,,,,,
2015-09-24,0.14,,,,,
2015-09-25,0.13,,,,,
2015-09-26,0.13,,,,,
2015-09-27,0.13,,,,,
2015-09-28,0.13,,,,,
2015-09-29,0.13,,,,,
2015-09-30,0.07,,,,,
2015-10-01,0.13,,,,,
2015-10-02,0.13,,,,,
2015-10-03,0.13,,,,,
2015-10-04,0.13,,,,,
2015-10-05,0.13,,,,,
2015-10-06,0.13,,,,,
2015-10-07,0.13,,,,,
2015-10-08,0.13,,,,,
2015-10-09,0.13,,,,,
2015-10-10,0.13,,,,,
2015-10-11,0.13,,,,,
2015-10-12,0.13,,,,,
2015-10-13,0.13,,,,,
2015-10-14,0.13,,,,,
2015-10-15,0.13,,,,,
2015-10-16,0.13,,,,,
2015-10-17,0.13,,,,,
2015-10-18,0.13,,,,,
2015-10-19,0.13,,,,,
2015-10-20,0.13,,,,,
2015-10-21,0.13,,,,,
2015-10-22,0.12,,,,,
2015-10-23,0.12,,,,,
2015-10-24,0.12,,,,,
2015-10-25,0.12,,,,,
2015-10-26,0.12,,,,,
2015-10-27,0.12,,,,,
2015-10-28,0.12,,,,,
2015-10-29,0.12,,,,,
2015-10-30,0.07,,,,,
2015-10-31,0.07,,,,,
2015-11-01,0.07,,,,,
2015-11-02,0.12,,,,,
2015-11-03,0.12,,,,,
2015-11-04,0.12,,,,,
2015-11-05,0.12,,,,,
2015-11-06,0.12,,,,,
2015-11-07,0.12,,,,,
2015-11-08,0.12,,,,,
2015-11-09,0.12,,,,,
2015-11-10,0.12,,,,,
2015-11-11,0.12,,,,,
2015-11-12,0.12,,,,,
2015-11-13,0.12,,,,,
2015-11-14,0.12,,,,,
2015-11-15,0.12,,,,,
2015-11-16,0.13,,,,,
2015-11-17,0.13,,,,,
2015-11-18,0.12,,,,,
2015-11-19,0.12,,,,,
2015-11-20,0.12,,,,,
2015-11-21,0.12,,,,,
2015-11-22,0.12,,,,,
2015-11-23,0.12,,,,,
2015-11-24,0.12,,,,,
2015-11-25,0.12,,,,,
2015-11-26,0.12,,,,,
2015-11-27,0.12,,,,,
2015-11-28,0.12,,,,,
2015-11-29,0.12,,,,,
2015-11-30,0.08,,,,,
2015-12-01,0.13,,,,,
2015-12-02,0.13,,,,,
2015-12-03,0.13,,,,,
2015-12-04,0.13,,,,,
2015-12-05,0.13,,,,,
2015-12-06,0.13,,,,,
2015-12-07,0.13,,,,,
2015-12-08,0.13,,,,,
2015-12-09,0.14,,,,,
2015-12-10,0.14,,,,,
2015-12-11,0.14,,,,,
2015-12-12,0.14,,,,,
2015-12-13,0.14,,,,,
2015-12-14,0.15,,,,,
2015-12-15,0.15,,,,,
2015-12-16,0.15,,,,,
2015-12-17,0.37,,,,,
2015-12-18,0.37,,,,,
2015-12-19,0.37,,,,,
2015-12-20,0.37,,,,,
2015-12-21,0.36,,,,,
2015-12-22,0.36,,,,,
2015-12-23,0.36,,,,,
2015-12-24,0.36,,,,,
2015-12-25,0.36,,,,,
2015-12-26,0.36,,,,,
2015-12-27,0.36,,,,,
2015-12-28,0.36,,,,,
2015-12-29,0.36,,,,,
2015-12-30,0.35,,,,,
2015-12-31,0.2,,,,,
2016-01-01,0.2,,,,,
2016-01-02,0.2,,,,,
2016-01-03,0.2,,,,,
2016-01-04,0.36,,,,,
2016-01-05,0.36,,,,,
2016-01-06,0.36,,,,,
2016-01-07,0.36,,,,,
2016-01-08,0.36,,,,,
2016-01-09,0.36,,,,,
2016-01-10,0.36,,,,,
2016-01-11,0.36,,,,,
2016-01-12,0.36,,,,,
2016-01-13,0.36,,,,,
2016-01-14,0.36,,,,,
2016-01-15,0.36,,,,,
2016-01-16,0.36,,,,,
2016-01-17,0.36,,,,,
2016-01-18,0.36,,,,,
2016-01-19,0.36,,,,,
2016-01-20,0.37,,,,,
2016-01-21,0.37,,,,,
2016-01-22,0.38,,,,,
2016-01-23,0.38,,,,,
2016-01-24,0.38,,,,,
2016-01-25,0.38,,,,,
2016-01-26,0.38,,,,,
2016-01-27,0.38,,,,,
2016-01-28,0.38,,,,,
2016-01-29,0.29,,,,,
2016-01-30,0.29,,,,,
2016-01-31,0.29,,,,,
2016-02-01,0.38,,,,,
2016-02-02,0.38,,,,,
2016-02-03,0.38,,,,,
2016-02-04,0.38,,,,,
2016-02-05,0.38,,,,,
2016-02-06,0.38,,,,,
2016-02-07,0.38,,,,,
2016-02-08,0.38,,,,,
2016-02-09,0.38,,,,,
2016-02-10,0.38,,,,,
2016-02-11,0.38,,,,,
2016-02-12,0.38,,,,,
2016-02-13,0.38,,,,,
2016-02-14,0.38,,,,,
2016-02-15,0.38,,,,,
2016-02-16,0.38,,,,,
2016-02-17,0.37,,,,,
2016-02-18,0.38,,,,,
2016-02-19,0.38,,,,,
2016-02-20,0.38,,,,,
2016-02-21,0.38,,,,,
2016-02-22,0.38,,,,,
2016-02-23,0.38,,,,,
2016-02-24,0.38,,,,,
2016-02-25,0.37,,,,,
2016-02-26,0.37,,,,,
2016-02-27,0.37,,,,,
2016-02-28,0.37,,,,,
2016-02-29,0.29,,,,,
2016-03-01,0.36,76.0,0.34,0.36,0.37,0.5
2016-03-02,0.37,75.0,0.33,0.36,0.37,0.45
2016-03-03,0.37,75.0,0.34,0.36,0.37,0.5
2016-03-04,0.36,75.0,0.34,0.36,0.37,0.52
2016-03-05,0.36,75.0,0.34,0.36,0.37,0.52
2016-03-06,0.36,75.0,0.34,0.36,0.37,0.52
2016-03-07,0.36,72.0,0.34,0.36,0.37,0.5
2016-03-08,0.36,72.0,0.32,0.36,0.37,0.5
2016-03-09,0.36,75.0,0.34,0.36,0.37,0.52
2016-03-10,0.36,72.0,0.35,0.36,0.37,0.75
2016-03-11,0.36,68.0,0.35,0.36,0.37,0.5
2016-03-12,0.36,68.0,0.35,0.36,0.37,0.5
2016-03-13,0.36,68.0,0.35,0.36,0.37,0.5
2016-03-14,0.36,67.0,0.35,0.36,0.37,0.5
2016-03-15,0.37,67.0,0.35,0.36,0.37,0.5
2016-03-16,0.37,63.0,0.35,0.36,0.37,0.5
2016-03-17,0.37,63.0,0.36,0.36,0.37,0.5
2016-03-18,0.37,66.0,0.32,0.36,0.37,0.55
2016-03-19,0.37,66.0,0.32,0.36,0.37,0.55
2016-03-20,0.37,66.0,0.32,0.36,0.37,0.55
2016-03-21,0.37,61.0,0.35,0.36,0.37,0.56
2016-03-22,0.37,66.0,0.33,0.36,0.37,0.55
2016-03-23,0.37,65.0,0.32,0.36,0.37,0.55
2016-03-24,0.37,64.0,0.35,0.36,0.37,0.56
2016-03-25,0.37,68.0,0.3,0.36,0.37,0.56
2016-03-26,0.37,68.0,0.3,0.36,0.37,0.56
2016-03-27,0.37,68.0,0.3,0.36,0.37,0.56
2016-03-28,0.37,66.0,0.35,0.36,0.37,0.56
2016-03-29,0.37,69.0,0.3,0.36,0.37,0.55
2016-03-30,0.37,73.0,0.35,0.36,0.37,0.56
2016-03-31,0.25,50.0,0.2,0.25,0.26,0.56
2016-04-01,0.37,72.0,0.34,0.36,0.37,0.55
2016-04-02,0.37,72.0,0.34,0.36,0.37,0.55
2016-04-03,0.37,72.0,0.34,0.36,0.37,0.55
2016-04-04,0.37,74.0,0.35,0.36,0.37,0.55
2016-04-05,0.37,77.0,0.35,0.36,0.37,0.55
2016-04-06,0.37,76.0,0.35,0.36,0.37,0.55
2016-04-07,0.37,79.0,0.35,0.36,0.37,0.53
2016-04-08,0.37,74.0,0.33,0.36,0.37,0.53
2016-04-09,0.37,74.0,0.33,0.36,0.37,0.53
2016-04-10,0.37,74.0,0.33,0.36,0.37,0.53
2016-04-11,0.37,72.0,0.35,0.36,0.37,0.5
2016-04-12,0.37,74.0,0.35,0.36,0.37,0.5
2016-04-13,0.37,73.0,0.33,0.36,0.37,0.53
2016-04-14,0.37,71.0,0.35,0.37,0.37,0.56
2016-04-15,0.37,70.0,0.36,0.37,0.38,0.5
2016-04-16,0.37,70.0,0.36,0.37,0.38,0.5
2016-04-17,0.37,70.0,0.36,0.37,0.38,0.5
2016-04-18,0.37,69.0,0.36,0.37,0.37,0.56
2016-04-19,0.37,66.0,0.36,0.37,0.37,0.56
2016-04-20,0.37,62.0,0.33,0.37,0.37,0.56
2016-04-21,0.37,65.0,0.36,0.37,0.37,0.56
2016-04-22,0.37,59.0,0.36,0.37,0.37,0.56
2016-04-23,0.37,59.0,0.36,0.37,0.37,0.56
2016-04-24,0.37,59.0,0.36,0.37,0.37,0.56
2016-04-25,0.37,59.0,0.36,0.37,0.37,0.56
2016-04-26,0.37,54.0,0.35,0.37,0.37,0.56
2016-04-27,0.37,63.0,0.36,0.37,0.37,0.56
2016-04-28,0.37,62.0,0.36,0.37,0.38,0.56
2016-04-29,0.3,58.0,0.27,0.29,0.3,0.56
2016-04-30,0.3,58.0,0.27,0.29,0.3,0.56
2016-05-01,0.3,58.0,0.27,0.29,0.3,0.56
2016-05-02,0.37,59.0,0.33,0.37,0.37,0.56
2016-05-03,0.37,61.0,0.36,0.37,0.38,0.56
2016-05-04,0.37,62.0,0.36,0.37,0.38,0.56
2016-05-05,0.37,60.0,0.36,0.37,0.38,0.56
2016-05-06,0.37,64.0,0.36,0.37,0.38,0.56
2016-05-07,0.37,64.0,0.36,0.37,0.38,0.56
2016-05-08,0.37,64.0,0.36,0.37,0.38,0.56
2016-05-09,0.37,62.0,0.35,0.37,0.38,0.56
2016-05-10,0.37,63.0,0.36,0.37,0.38,0.53
2016-05-11,0.37,63.0,0.36,0.37,0.38,0.55
2016-05-12,0.37,61.0,0.36,0.37,0.38,0.55
2016-05-13,0.37,61.0,0.36,0.37,0.38,0.56
2016-05-14,0.37,61.0,0.36,0.37,0.38,0.56
2016-05-15,0.37,61.0,0.36,0.37,0.38,0.56
2016-05-16,0.37,61.0,0.36,0.37,0.38,0.56
2016-05-17,0.37,62.0,0.36,0.37,0.38,0.56
2016-05-18,0.37,59.0,0.36,0.37,0.38,0.55
2016-05-19,0.37,64.0,0.34,0.37,0.38,0.56
2016-05-20,0.37,70.0,0.36,0.37,0.38,0.56
2016-05-21,0.37,70.0,0.36,0.37,0.38,0.56
2016-05-22,0.37,70.0,0.36,0.37,0.38,0.56
2016-05-23,0.37,66.0,0.36,0.37,0.38,0.56
2016-05-24,0.37,65.0,0.36,0.37,0.38,0.56
2016-05-25,0.37,70.0,0.35,0.37,0.38,0.5
2016-05-26,0.37,68.0,0.36,0.37,0.38,0.56
2016-05-27,0.37,69.0,0.36,0.37,0.38,0.56
2016-05-28,0.37,69.0,0.36,0.37,0.38,0.56
2016-05-29,0.37,69.0,0.36,0.37,0.38,0.56
2016-05-30,0.37,69.0,0.36,0.37,0.38,0.56
2016-05-31,0.29,58.0,0.26,0.28,0.3,0.56
2016-06-01,0.37,67.0,0.36,0.37,0.38,0.53
2016-06-02,0.37,70.0,0.36,0.37,0.38,0.53
2016-06-03,0.37,69.0,0.35,0.37,0.38,0.5
2016-06-04,0.37,69.0,0.35,0.37,0.38,0.5
2016-06-05,0.37,69.0,0.35,0.37,0.38,0.5
2016-06-06,0.37,70.0,0.36,0.37,0.38,0.54
2016-06-07,0.37,71.0,0.36,0.37,0.38,0.55
2016-06-08,0.37,75.0,0.36,0.37,0.38,0.54
2016-06-09,0.37,75.0,0.31,0.37,0.38,0.54
2016-06-10,0.37,72.0,0.36,0.37,0.38,0.52
2016-06-11,0.37,72.0,0.36,0.37,0.38,0.52
2016-06-12,0.37,72.0,0.36,0.37,0.38,0.52
2016-06-13,0.37,66.0,0.36,0.37,0.38,0.54
2016-06-14,0.37,68.0,0.36,0.37,0.38,0.55
2016-06-15,0.37,69.0,0.36,0.37,0.38,0.56
2016-06-16,0.38,72.0,0.36,0.37,0.38,0.56
2016-06-17,0.38,73.0,0.36,0.38,0.38,0.53
2016-06-18,0.38,73.0,0.36,0.38,0.38,0.53
2016-06-19,0.38,73.0,0.36,0.38,0.38,0.53
2016-06-20,0.38,70.0,0.36,0.38,0.39,0.56
2016-06-21,0.38,68.0,0.37,0.38,0.39,0.56
2016-06-22,0.38,71.0,0.36,0.38,0.39,0.56
2016-06-23,0.39,71.0,0.37,0.39,0.39,0.56
2016-06-24,0.4,70.0,0.38,0.4,0.42,0.56
2016-06-25,0.4,70.0,0.38,0.4,0.42,0.56
2016-06-26,0.4,70.0,0.38,0.4,0.42,0.56
2016-06-27,0.41,66.0,0.38,0.4,0.42,0.56
2016-06-28,0.41,66.0,0.39,0.4,0.42,0.56
2016-06-29,0.41,63.0,0.39,0.4,0.42,0.56
2016-06-30,0.3,46.0,0.25,0.29,0.32,0.56
2016-07-01,0.41,68.0,0.3,0.4,0.41,0.56
2016-07-02,0.41,68.0,0.3,0.4,0.41,0.56
2016-07-03,0.41,68.0,0.3,0.4,0.41,0.56
2016-07-04,0.41,68.0,0.3,0.4,0.41,0.56
2016-07-05,0.4,72.0,0.38,0.4,0.41,0.75
2016-07-06,0.4,68.0,0.37,0.4,0.41,0.55
2016-07-07,0.4,68.0,0.37,0.4,0.41,0.56
2016-07-08,0.4,67.0,0.37,0.4,0.41,0.55
2016-07-09,0.4,67.0,0.37,0.4,0.41,0.55
2016-07-10,0.4,67.0,0.37,0.4,0.41,0.55
2016-07-11,0.4,65.0,0.38,0.4,0.41,0.56
2016-07-12,0.4,63.0,0.36,0.4,0.41,0.56
2016-07-13,0.4,64.0,0.38,0.4,0.41,0.51
2016-07-14,0.4,62.0,0.34,0.4,0.41,0.56
2016-07-15,0.4,71.0,0.33,0.4,0.41,0.5
2016-07-16,0.4,71.0,0.33,0.4,0.41,0.5
2016-07-17,0.4,71.0,0.33,0.4,0.41,0.5
2016-07-18,0.4,65.0,0.35,0.4,0.41,0.55
2016-07-19,0.4,74.0,0.34,0.4,0.41,0.5
2016-07-20,0.4,70.0,0.38,0.4,0.41,0.5
2016-07-21,0.4,72.0,0.35,0.4,0.41,0.56
2016-07-22,0.4,72.0,0.35,0.4,0.41,0.55
2016-07-23,0.4,72.0,0.35,0.4,0.41,0.55
2016-07-24,0.4,72.0,0.35,0.4,0.41,0.55
2016-07-25,0.4,70.0,0.35,0.4,0.41,0.56
2016-07-26,0.4,69.0,0.35,0.4,0.41,0.56
2016-07-27,0.4,64.0,0.33,0.4,0.41,0.56
2016-07-28,0.4,63.0,0.27,0.4,0.41,0.56
2016-07-29,0.3,62.0,0.2,0.3,0.31,0.56
2016-07-30,0.3,62.0,0.2,0.3,0.31,0.56
2016-07-31,0.3,62.0,0.2,0.3,0.31,0.56
2016-08-01,0.4,69.0,0.31,0.4,0.41,0.53
2016-08-02,0.4,63.0,0.32,0.4,0.41,0.5
2016-08-03,0.4,69.0,0.31,0.4,0.41,0.5
2016-08-04,0.4,70.0,0.27,0.4,0.41,0.5
2016-08-05,0.4,66.0,0.38,0.4,0.41,0.51
2016-08-06,0.4,66.0,0.38,0.4,0.41,0.51
2016-08-07,0.4,66.0,0.38,0.4,0.41,0.51
2016-08-08,0.4,67.0,0.36,0.4,0.41,0.53
2016-08-09,0.4,67.0,0.27,0.4,0.41,0.5
2016-08-10,0.4,61.0,0.3,0.4,0.41,0.5
2016-08-11,0.4,64.0,0.31,0.4,0.41,0.5
2016-08-12,0.4,63.0,0.3,0.4,0.41,0.5
2016-08-13,0.4,63.0,0.3,0.4,0.41,0.5
2016-08-14,0.4,63.0,0.3,0.4,0.41,0.5
2016-08-15,0.4,67.0,0.3,0.4,0.41,0.5
2016-08-16,0.4,64.0,0.27,0.4,0.41,0.5
2016-08-17,0.4,64.0,0.3,0.4,0.41,0.5
2016-08-18,0.4,64.0,0.3,0.4,0.41,0.5
2016-08-19,0.4,61.0,0.3,0.4,0.41,0.53
2016-08-20,0.4,61.0,0.3,0.4,0.41,0.53
2016-08-21,0.4,61.0,0.3,0.4,0.41,0.53
2016-08-22,0.4,60.0,0.36,0.4,0.41,0.56
2016-08-23,0.4,69.0,0.36,0.4,0.41,0.53
2016-08-24,0.4,64.0,0.31,0.4,0.41,0.55
2016-08-25,0.4,67.0,0.27,0.4,0.41,0.55
2016-08-26,0.4,74.0,0.27,0.4,0.41,0.5
2016-08-27,0.4,74.0,0.27,0.4,0.41,0.5
2016-08-28,0.4,74.0,0.27,0.4,0.41,0.5
2016-08-29,0.4,70.0,0.27,0.4,0.41,0.53
2016-08-30,0.4,67.0,0.27,0.4,0.41,0.55
2016-08-31,0.3,64.0,0.19,0.3,0.31,0.5
2016-09-01,0.4,63.0,0.31,0.4,0.41,0.5
2016-09-02,0.4,68.0,0.31,0.4,0.41,0.5
2016-09-03,0.4,68.0,0.31,0.4,0.41,0.5
2016-09-04,0.4,68.0,0.31,0.4,0.41,0.5
2016-09-05,0.4,68.0,0.31,0.4,0.41,0.5
2016-09-06,0.4,65.0,0.31,0.4,0.41,0.5
2016-09-07,0.4,66.0,0.31,0.4,0.41,0.55
2016-09-08,0.4,68.0,0.31,0.4,0.41,0.5
2016-09-09,0.4,65.0,0.27,0.4,0.41,0.5
2016-09-10,0.4,65.0,0.27,0.4,0.41,0.5
2016-09-11,0.4,65.0,0.27,0.4,0.41,0.5
2016-09-12,0.4,63.0,0.31,0.4,0.41,0.55
2016-09-13,0.4,60.0,0.36,0.4,0.41,0.5
2016-09-14,0.4,59.0,0.36,0.4,0.41,0.5
2016-09-15,0.4,63.0,0.3,0.4,0.41,0.55
2016-09-16,0.4,60.0,0.36,0.4,0.41,0.5
2016-09-17,0.4,60.0,0.36,0.4,0.41,0.5
2016-09-18,0.4,60.0,0.36,0.4,0.41,0.5
2016-09-19,0.4,59.0,0.36,0.4,0.41,0.53
2016-09-20,0.4,57.0,0.36,0.4,0.41,0.53
2016-09-21,0.4,61.0,0.36,0.4,0.41,0.5
2016-09-22,0.4,62.0,0.36,0.4,0.41,0.53
2016-09-23,0.4,61.0,0.36,0.4,0.41,0.5
2016-09-24,0.4,61.0,0.36,0.4,0.41,0.5
2016-09-25,0.4,61.0,0.36,0.4,0.41,0.5
2016-09-26,0.4,63.0,0.36,0.4,0.41,0.5
2016-09-27,0.4,64.0,0.35,0.4,0.41,0.5
2016-09-28,0.4,70.0,0.26,0.4,0.41,0.5
2016-09-29,0.4,67.0,0.36,0.4,0.41,0.5
2016-09-30,0.29,58.0,0.26,0.28,0.3,0.5
2016-10-01,0.29,58.0,0.26,0.28,0.3,0.5
2016-10-02,0.29,58.0,0.26,0.28,0.3,0.5
2016-10-03,0.4,66.0,0.26,0.4,0.41,0.5
2016-10-04,0.4,61.0,0.26,0.4,0.41,0.5
2016-10-05,0.4,63.0,0.26,0.4,0.41,0.5
2016-10-06,0.4,65.0,0.26,0.4,0.41,0.5
2016-10-07,0.4,66.0,0.26,0.4,0.41,0.5
2016-10-08,0.4,66.0,0.26,0.4,0.41,0.5
2016-10-09,0.4,66.0,0.26,0.4,0.41,0.5
2016-10-10,0.4,66.0,0.26,0.4,0.41,0.5
2016-10-11,0.41,63.0,0.3,0.4,0.41,0.55
2016-10-12,0.41,70.0,0.26,0.4,0.41,0.5
2016-10-13,0.41,67.0,0.26,0.4,0.41,0.5
2016-10-14,0.41,66.0,0.36,0.4,0.41,0.5
2016-10-15,0.41,66.0,0.36,0.4,0.41,0.5
2016-10-16,0.41,66.0,0.36,0.4,0.41,0.5
2016-10-17,0.41,62.0,0.26,0.4,0.41,0.5
2016-10-18,0.41,67.0,0.26,0.4,0.41,0.5
2016-10-19,0.41,66.0,0.26,0.4,0.41,0.5
2016-10-20,0.41,70.0,0.26,0.4,0.41,0.5
2016-10-21,0.41,70.0,0.26,0.4,0.41,0.55
2016-10-22,0.41,70.0,0.26,0.4,0.41,0.55
2016-10-23,0.41,70.0,0.26,0.4,0.41,0.55
2016-10-24,0.41,65.0,0.26,0.4,0.41,0.55
2016-10-25,0.41,73.0,0.34,0.4,0.41,0.5
2016-10-26,0.41,66.0,0.26,0.4,0.41,0.5
2016-10-27,0.41,65.0,0.26,0.4,0.41,0.5
2016-10-28,0.41,67.0,0.3,0.4,0.41,0.5
2016-10-29,0.41,67.0,0.3,0.4,0.41,0.5
2016-10-30,0.41,67.0,0.3,0.4,0.41,0.5
2016-10-31,0.31,61.0,0.25,0.3,0.32,0.5
2016-11-01,0.41,63.0,0.3,0.4,0.41,0.5
2016-11-02,0.41,67.0,0.3,0.4,0.41,0.5
2016-11-03,0.41,63.0,0.36,0.4,0.41,0.5
2016-11-04,0.41,65.0,0.3,0.4,0.41,0.5
2016-11-05,0.41,65.0,0.3,0.4,0.41,0.5
2016-11-06,0.41,65.0,0.3,0.4,0.41,0.5
2016-11-07,0.41,62.0,0.36,0.4,0.41,0.5
2016-11-08,0.41,61.0,0.36,0.4,0.41,0.5
2016-11-09,0.41,65.0,0.3,0.4,0.41,0.5
2016-11-10,0.41,64.0,0.36,0.4,0.41,0.5
2016-11-11,0.41,64.0,0.36,0.4,0.41,0.5
2016-11-12,0.41,64.0,0.36,0.4,0.41,0.5
2016-11-13,0.41,64.0,0.36,0.4,0.41,0.5
2016-11-14,0.41,59.0,0.36,0.4,0.41,0.5
2016-11-15,0.41,66.0,0.31,0.41,0.41,0.5
2016-11-16,0.41,70.0,0.36,0.41,0.41,0.5
2016-11-17,0.41,73.0,0.32,0.41,0.41,0.5
2016-11-18,0.41,72.0,0.3,0.41,0.41,0.52
2016-11-19,0.41,72.0,0.3,0.41,0.41,0.52
2016-11-20,0.41,72.0,0.3,0.41,0.41,0.52
2016-11-21,0.41,76.0,0.36,0.41,0.41,0.56
2016-11-22,0.41,77.0,0.3,0.41,0.41,0.53
2016-11-23,0.41,78.0,0.3,0.41,0.41,0.5
2016-11-24,0.41,78.0,0.3,0.41,0.41,0.5
2016-11-25,0.41,76.0,0.3,0.41,0.41,0.5
2016-11-26,0.41,76.0,0.3,0.41,0.41,0.5
2016-11-27,0.41,76.0,0.3,0.41,0.41,0.5
2016-11-28,0.41,69.0,0.36,0.41,0.41,0.53
2016-11-29,0.41,75.0,0.3,0.41,0.41,0.5
2016-11-30,0.31,68.0,0.28,0.31,0.32,0.55
2016-12-01,0.41,81.0,0.25,0.41,0.41,0.5
2016-12-02,0.41,81.0,0.25,0.41,0.41,0.49
2016-12-03,0.41,81.0,0.25,0.41,0.41,0.49
2016-12-04,0.41,81.0,0.25,0.41,0.41,0.49
2016-12-05,0.41,77.0,0.3,0.41,0.41,0.5
2016-12-06,0.41,75.0,0.3,0.41,0.41,0.5
2016-12-07,0.41,76.0,0.3,0.41,0.41,0.5
2016-12-08,0.41,75.0,0.3,0.41,0.41,0.5
2016-12-09,0.41,68.0,0.3,0.41,0.41,0.5
2016-12-10,0.41,68.0,0.3,0.41,0.41,0.5
2016-12-11,0.41,68.0,0.3,0.41,0.41,0.5
2016-12-12,0.41,71.0,0.3,0.41,0.41,0.53
2016-12-13,0.41,73.0,0.34,0.41,0.41,0.5
2016-12-14,0.41,78.0,0.3,0.41,0.41,0.5
2016-12-15,0.66,74.0,0.41,0.66,0.66,0.75
2016-12-16,0.66,72.0,0.59,0.66,0.66,0.75
2016-12-17,0.66,72.0,0.59,0.66,0.66,0.75
2016-12-18,0.66,72.0,0.59,0.66,0.66,0.75
2016-12-19,0.66,69.0,0.6,0.66,0.66,0.8
2016-12-20,0.66,70.0,0.63,0.66,0.66,0.75
2016-12-21,0.66,73.0,0.63,0.66,0.66,0.78
2016-12-22,0.66,73.0,0.53,0.66,0.66,0.8
2016-12-23,0.66,73.0,0.63,0.66,0.66,0.8
2016-12-24,0.66,73.0,0.63,0.66,0.66,0.8
2016-12-25,0.66,73.0,0.63,0.66,0.66,0.8
2016-12-26,0.66,73.0,0.63,0.66,0.66,0.8
2016-12-27,0.66,74.0,0.5,0.66,0.66,0.8
2016-12-28,0.66,74.0,0.54,0.66,0.67,0.81
2016-12-29,0.66,73.0,0.5,0.66,0.66,0.8
2016-12-30,0.55,48.0,0.5,0.52,0.55,0.82
2016-12-31,0.55,48.0,0.5,0.52,0.55,0.82
2017-01-01,0.55,48.0,0.5,0.52,0.55,0.82
2017-01-02,0.55,48.0,0.5,0.52,0.55,0.82
2017-01-03,0.66,80.0,0.5,0.66,0.66,0.8
2017-01-04,0.66,79.0,0.5,0.66,0.66,0.75
2017-01-05,0.66,77.0,0.5,0.66,0.66,0.78
2017-01-06,0.66,79.0,0.5,0.66,0.66,0.8
2017-01-07,0.66,79.0,0.5,0.66,0.66,0.8
2017-01-08,0.66,79.0,0.5,0.66,0.66,0.8
2017-01-09,0.66,74.0,0.5,0.66,0.67,0.75
2017-01-10,0.66,77.0,0.5,0.66,0.67,0.8
2017-01-11,0.66,80.0,0.63,0.66,0.67,0.75
2017-01-12,0.66,84.0,0.5,0.66,0.67,0.75
2017-01-13,0.66,74.0,0.64,0.66,0.67,0.75
2017-01-14,0.66,74.0,0.64,0.66,0.67,0.75
2017-01-15,0.66,74.0,0.64,0.66,0.67,0.75
2017-01-16,0.66,74.0,0.64,0.66,0.67,0.75
2017-01-17,0.66,68.0,0.64,0.66,0.68,0.8
2017-01-18,0.66,69.0,0.64,0.66,0.67,0.75
2017-01-19,0.66,68.0,0.63,0.66,0.68,0.8
2017-01-20,0.66,70.0,0.64,0.66,0.68,0.78
2017-01-21,0.66,70.0,0.64,0.66,0.68,0.78
2017-01-22,0.66,70.0,0.64,0.66,0.68,0.78
2017-01-23,0.66,64.0,0.64,0.66,0.68,0.81
2017-01-24,0.66,66.0,0.64,0.66,0.67,0.8
2017-01-25,0.66,72.0,0.64,0.66,0.68,0.78
2017-01-26,0.66,80.0,0.64,0.66,0.67,0.78
2017-01-27,0.66,77.0,0.64,0.66,0.67,0.78
2017-01-28,0.66,77.0,0.64,0.66,0.67,0.78
2017-01-29,0.66,77.0,0.64,0.66,0.67,0.78
2017-01-30,0.66,71.0,0.65,0.66,0.67,0.8
2017-01-31,0.56,74.0,0.55,0.56,0.57,0.8
2017-02-01,0.66,80.0,0.62,0.66,0.67,0.8
2017-02-02,0.66,82.0,0.63,0.66,0.67,0.8
2017-02-03,0.66,82.0,0.62,0.66,0.67,0.8
2017-02-04,0.66,82.0,0.62,0.66,0.67,0.8
2017-02-05,0.66,82.0,0.62,0.66,0.67,0.8
2017-02-06,0.66,82.0,0.62,0.66,0.67,0.8
2017-02-07,0.66,75.0,0.6,0.66,0.67,0.8
2017-02-08,0.66,80.0,0.64,0.66,0.67,0.8
2017-02-09,0.66,76.0,0.64,0.66,0.67,0.8
2017-02-10,0.66,78.0,0.64,0.66,0.67,0.8
2017-02-11,0.66,78.0,0.64,0.66,0.67,0.8
2017-02-12,0.66,78.0,0.64,0.66,0.67,0.8
2017-02-13,0.66,75.0,0.6,0.66,0.67,0.8
2017-02-14,0.66,73.0,0.64,0.66,0.67,0.8
2017-02-15,0.66,79.0,0.6,0.66,0.67,0.8
2017-02-16,0.66,81.0,0.63,0.66,0.67,0.8
2017-02-17,0.66,82.0,0.64,0.66,0.67,0.8
2017-02-18,0.66,82.0,0.64,0.66,0.67,0.8
2017-02-19,0.66,82.0,0.64,0.66,0.67,0.8
2017-02-20,0.66,82.0,0.64,0.66,0.67,0.8
2017-02-21,0.66,74.0,0.6,0.66,0.67,0.8
2017-02-22,0.66,81.0,0.55,0.66,0.67,0.8
2017-02-23,0.66,88.0,0.55,0.66,0.67,0.8
2017-02-24,0.66,87.0,0.55,0.66,0.67,0.8
2017-02-25,0.66,87.0,0.55,0.66,0.67,0.8
2017-02-26,0.66,87.0,0.55,0.66,0.67,0.8
2017-02-27,0.66,85.0,0.6,0.66,0.67,0.78
2017-02-28,0.57,86.0,0.55,0.56,0.57,0.78
2017-03-01,0.66,84.0,0.6,0.66,0.67,0.75
2017-03-02,0.66,85.0,0.53,0.66,0.67,0.78
2017-03-03,0.66,88.0,0.6,0.66,0.67,0.75
2017-03-04,0.66,88.0,0.6,0.66,0.67,0.75
2017-03-05,0.66,88.0,0.6,0.66,0.67,0.75
2017-03-06,0.66,83.0,0.6,0.66,0.67,0.8
2017-03-07,0.66,83.0,0.62,0.66,0.67,0.75
2017-03-08,0.66,84.0,0.64,0.66,0.67,0.8
2017-03-09,0.66,86.0,0.64,0.66,0.67,0.8
2017-03-10,0.66,84.0,0.58,0.66,0.67,0.78
2017-03-11,0.66,84.0,0.58,0.66,0.67,0.78
2017-03-12,0.66,84.0,0.58,0.66,0.67,0.78
2017-03-13,0.66,83.0,0.55,0.66,0.67,0.75
2017-03-14,0.66,79.0,0.6,0.66,0.67,0.75
2017-03-15,0.66,88.0,0.55,0.66,0.67,0.8
2017-03-16,0.91,85.0,0.8,0.91,0.91,1.03
2017-03-17,0.91,83.0,0.8,0.91,0.91,1.03
2017-03-18,0.91,83.0,0.8,0.91,0.91,1.03
2017-03-19,0.91,83.0,0.8,0.91,0.91,1.03
2017-03-20,0.91,80.0,0.89,0.91,0.91,1.05
2017-03-21,0.91,83.0,0.8,0.91,0.91,1.03
2017-03-22,0.91,81.0,0.8,0.91,0.91,1.0
2017-03-23,0.91,80.0,0.85,0.91,0.91,1.03
2017-03-24,0.91,85.0,0.83,0.91,0.91,1.05
2017-03-25,0.91,85.0,0.83,0.91,0.91,1.05
2017-03-26,0.91,85.0,0.83,0.91,0.91,1.05
2017-03-27,0.91,84.0,0.89,0.91,0.91,1.03
2017-03-28,0.91,86.0,0.8,0.91,0.91,1.0
2017-03-29,0.91,84.0,0.89,0.91,0.91,1.0
2017-03-30,0.91,79.0,0.83,0.91,0.91,1.0
2017-03-31,0.82,74.0,0.75,0.8,0.82,1.0
2017-04-01,0.82,74.0,0.75,0.8,0.82,1.0
2017-04-02,0.82,74.0,0.75,0.8,0.82,1.0
2017-04-03,0.91,82.0,0.77,0.91,0.91,1.0
2017-04-04,0.91,81.0,0.8,0.91,0.91,0.97
2017-04-05,0.91,76.0,0.83,0.91,0.91,0.97
2017-04-06,0.91,79.0,0.85,0.91,0.91,1.0
2017-04-07,0.91,78.0,0.8,0.91,0.91,1.0
2017-04-08,0.91,78.0,0.8,0.91,0.91,1.0
2017-04-09,0.91,78.0,0.8,0.91,0.91,1.0
2017-04-10,0.91,74.0,0.8,0.91,0.92,1.0
2017-04-11,0.91,75.0,0.8,0.91,0.92,1.0
2017-04-12,0.91,78.0,0.8,0.91,0.92,1.0
2017-04-13,0.91,78.0,0.8,0.91,0.92,1.0
2017-04-14,0.91,80.0,0.8,0.91,0.91,1.0
2017-04-15,0.91,80.0,0.8,0.91,0.91,1.0
2017-04-16,0.91,80.0,0.8,0.91,0.91,1.0
2017-04-17,0.91,73.0,0.83,0.91,0.91,1.0
2017-04-18,0.91,68.0,0.89,0.91,0.92,1.0
2017-04-19,0.91,73.0,0.9,0.91,0.92,1.0
2017-04-20,0.91,76.0,0.9,0.91,0.92,1.0
2017-04-21,0.91,73.0,0.89,0.91,0.92,1.0
2017-04-22,0.91,73.0,0.89,0.91,0.92,1.0
2017-04-23,0.91,73.0,0.89,0.91,0.92,1.0
2017-04-24,0.91,69.0,0.9,0.91,0.92,1.05
2017-04-25,0.91,68.0,0.89,0.91,0.92,1.05
2017-04-26,0.91,74.0,0.89,0.91,0.92,1.0
2017-04-27,0.91,72.0,0.82,0.91,0.92,1.05
2017-04-28,0.83,65.0,0.8,0.82,0.84,1.06
2017-04-29,0.83,65.0,0.8,0.82,0.84,1.06
2017-04-30,0.83,65.0,0.8,0.82,0.84,1.06
2017-05-01,0.91,70.0,0.89,0.91,0.92,1.05
2017-05-02,0.91,71.0,0.9,0.91,0.92,1.03
2017-05-03,0.91,75.0,0.89,0.91,0.92,1.0
2017-05-04,0.91,74.0,0.9,0.91,0.92,1.03
2017-05-05,0.91,79.0,0.9,0.91,0.92,1.0
2017-05-06,0.91,79.0,0.9,0.91,0.92,1.0
2017-05-07,0.91,79.0,0.9,0.91,0.92,1.0
2017-05-08,0.91,78.0,0.89,0.91,0.92,1.0
2017-05-09,0.91,74.0,0.89,0.91,0.92,1.0
2017-05-10,0.91,73.0,0.89,0.91,0.92,1.0
2017-05-11,0.91,73.0,0.89,0.91,0.92,0.97
2017-05-12,0.91,78.0,0.89,0.91,0.92,0.97
2017-05-13,0.91,78.0,0.89,0.91,0.92,0.97
2017-05-14,0.91,78.0,0.89,0.91,0.92,0.97
2017-05-15,0.91,83.0,0.89,0.91,0.92,0.97
2017-05-16,0.91,79.0,0.85,0.91,0.92,1.0
2017-05-17,0.91,80.0,0.89,0.91,0.92,1.0
2017-05-18,0.91,73.0,0.9,0.91,0.92,1.0
2017-05-19,0.91,82.0,0.9,0.91,0.92,1.0
2017-05-20,0.91,82.0,0.9,0.91,0.92,1.0
2017-05-21,0.91,82.0,0.9,0.91,0.92,1.0
2017-05-22,0.91,80.0,0.9,0.91,0.92,1.05
2017-05-23,0.91,79.0,0.9,0.91,0.92,1.05
2017-05-24,0.91,79.0,0.9,0.91,0.92,1.0
2017-05-25,0.91,86.0,0.9,0.91,0.92,1.05
2017-05-26,0.91,85.0,0.9,0.91,0.92,1.0
2017-05-27,0.91,85.0,0.9,0.91,0.92,1.0
2017-05-28,0.91,85.0,0.9,0.91,0.92,1.0
2017-05-29,0.91,85.0,0.9,0.91,0.92,1.0
2017-05-30,0.91,86.0,0.9,0.91,0.92,1.0
2017-05-31,0.83,79.0,0.81,0.82,0.83,1.05
2017-06-01,0.91,84.0,0.8,0.91,0.92,1.05
2017-06-02,0.91,92.0,0.9,0.91,0.92,1.0
2017-06-03,0.91,92.0,0.9,0.91,0.92,1.0
2017-06-04,0.91,92.0,0.9,0.91,0.92,1.0
2017-06-05,0.91,88.0,0.9,0.91,0.92,1.05
2017-06-06,0.91,86.0,0.9,0.91,0.92,1.0
2017-06-07,0.91,86.0,0.9,0.91,0.92,1.0
2017-06-08,0.91,87.0,0.9,0.91,0.92,1.0
2017-06-09,0.91,84.0,0.9,0.91,0.92,1.0
2017-06-10,0.91,84.0,0.9,0.91,0.92,1.0
2017-06-11,0.91,84.0,0.9,0.91,0.92,1.0
2017-06-12,0.91,80.0,0.89,0.91,0.92,1.03
2017-06-13,0.91,79.0,0.9,0.91,0.92,1.05
2017-06-14,0.91,75.0,0.89,0.91,0.92,1.0
2017-06-15,1.16,73.0,1.15,1.16,1.17,1.22
2017-06-16,1.16,72.0,1.15,1.16,1.17,1.25
2017-06-17,1.16,72.0,1.15,1.16,1.17,1.25
2017-06-18,1.16,72.0,1.15,1.16,1.17,1.25
2017-06-19,1.16,74.0,1.15,1.16,1.17,1.25
2017-06-20,1.16,79.0,1.14,1.16,1.17,1.28
2017-06-21,1.16,79.0,1.15,1.16,1.17,1.28
2017-06-22,1.16,78.0,1.15,1.16,1.17,1.31
2017-06-23,1.16,83.0,1.15,1.16,1.17,1.31
2017-06-24,1.16,83.0,1.15,1.16,1.17,1.31
2017-06-25,1.16,83.0,1.15,1.16,1.17,1.31
2017-06-26,1.16,81.0,1.15,1.16,1.17,1.31
2017-06-27,1.16,82.0,1.15,1.16,1.17,1.31
2017-06-28,1.16,86.0,1.15,1.16,1.17,1.3
2017-06-29,1.16,88.0,1.15,1.16,1.17,1.3
2017-06-30,1.06,72.0,1.02,1.05,1.06,1.31
2017-07-01,1.06,72.0,1.02,1.05,1.06,1.31
2017-07-02,1.06,72.0,1.02,1.05,1.06,1.31
2017-07-03,1.16,85.0,1.14,1.16,1.17,1.31
2017-07-04,1.16,85.0,1.14,1.16,1.17,1.31
2017-07-05,1.16,83.0,1.05,1.16,1.17,1.3
2017-07-06,1.16,82.0,1.15,1.16,1.17,1.3
2017-07-07,1.16,89.0,1.15,1.16,1.17,1.28
2017-07-08,1.16,89.0,1.15,1.16,1.17,1.28
2017-07-09,1.16,89.0,1.15,1.16,1.17,1.28
2017-07-10,1.16,89.0,1.15,1.16,1.17,1.3
2017-07-11,1.16,92.0,1.14,1.16,1.17,1.25
2017-07-12,1.16,92.0,1.15,1.16,1.17,1.25
2017-07-13,1.16,89.0,1.15,1.16,1.17,1.25
2017-07-14,1.16,91.0,1.14,1.16,1.17,1.25
2017-07-15,1.16,91.0,1.14,1.16,1.17,1.25
2017-07-16,1.16,91.0,1.14,1.16,1.17,1.25
2017-07-17,1.16,92.0,1.12,1.16,1.17,1.3
2017-07-18,1.16,87.0,1.12,1.16,1.17,1.25
2017-07-19,1.16,85.0,1.15,1.16,1.17,1.25
2017-07-20,1.16,88.0,1.15,1.16,1.17,1.3
2017-07-21,1.16,90.0,1.15,1.16,1.17,1.31
2017-07-22,1.16,90.0,1.15,1.16,1.17,1.31
2017-07-23,1.16,90.0,1.15,1.16,1.17,1.31
2017-07-24,1.16,88.0,1.15,1.16,1.17,1.3
2017-07-25,1.16,92.0,1.15,1.16,1.17,1.25
2017-07-26,1.16,89.0,1.14,1.16,1.17,1.28
2017-07-27,1.16,99.0,1.15,1.16,1.17,1.25
2017-07-28,1.16,100.0,1.14,1.16,1.17,1.25
2017-07-29,1.16,100.0,1.14,1.16,1.17,1.25
2017-07-30,1.16,100.0,1.14,1.16,1.17,1.25
2017-07-31,1.07,94.0,1.04,1.07,1.07,1.25
2017-08-01,1.16,100.0,1.1,1.16,1.17,1.22
2017-08-02,1.16,106.0,1.15,1.16,1.17,1.25
2017-08-03,1.16,106.0,1.15,1.16,1.17,1.25
2017-08-04,1.16,102.0,1.15,1.16,1.17,1.25
2017-08-05,1.16,102.0,1.15,1.16,1.17,1.25
2017-08-06,1.16,102.0,1.15,1.16,1.17,1.25
2017-08-07,1.16,102.0,1.14,1.16,1.17,1.25
2017-08-08,1.16,102.0,1.14,1.16,1.17,1.25
2017-08-09,1.16,96.0,1.15,1.16,1.17,1.25
2017-08-10,1.16,98.0,1.14,1.16,1.17,1.25
2017-08-11,1.16,97.0,1.1,1.16,1.17,1.25
2017-08-12,1.16,97.0,1.1,1.16,1.17,1.25
2017-08-13,1.16,97.0,1.1,1.16,1.17,1.25
2017-08-14,1.16,95.0,1.14,1.16,1.17,1.25
2017-08-15,1.16,93.0,1.14,1.16,1.17,1.25
2017-08-16,1.16,101.0,1.14,1.16,1.17,1.22
2017-08-17,1.16,95.0,1.15,1.16,1.17,1.25
2017-08-18,1.16,94.0,1.15,1.16,1.17,1.25
2017-08-19,1.16,94.0,1.15,1.16,1.17,1.25
2017-08-20,1.16,94.0,1.15,1.16,1.17,1.25
2017-08-21,1.16,92.0,1.14,1.16,1.17,1.25
2017-08-22,1.16,93.0,1.1,1.16,1.17,1.25
2017-08-23,1.16,93.0,1.14,1.16,1.17,1.25
2017-08-24,1.16,90.0,1.14,1.16,1.17,1.25
2017-08-25,1.16,97.0,1.14,1.16,1.17,1.25
2017-08-26,1.16,97.0,1.14,1.16,1.17,1.25
2017-08-27,1.16,97.0,1.14,1.16,1.17,1.25
2017-08-28,1.16,92.0,1.14,1.16,1.17,1.25
2017-08-29,1.16,92.0,1.1,1.16,1.17,1.25
2017-08-30,1.16,95.0,1.15,1.16,1.17,1.25
2017-08-31,1.07,91.0,1.05,1.07,1.08,1.28
2017-09-01,1.16,97.0,1.15,1.16,1.17,1.25
2017-09-02,1.16,97.0,1.15,1.16,1.17,1.25
2017-09-03,1.16,97.0,1.15,1.16,1.17,1.25
2017-09-04,1.16,97.0,1.15,1.16,1.17,1.25
2017-09-05,1.16,93.0,1.14,1.16,1.17,1.25
2017-09-06,1.16,93.0,1.13,1.16,1.17,1.22
2017-09-07,1.16,89.0,1.15,1.16,1.17,1.25
2017-09-08,1.16,92.0,1.15,1.16,1.17,1.25
2017-09-09,1.16,92.0,1.15,1.16,1.17,1.25
2017-09-10,1.16,92.0,1.15,1.16,1.17,1.25
2017-09-11,1.16,90.0,1.15,1.16,1.17,1.25
2017-09-12,1.16,93.0,1.15,1.16,1.17,1.25
2017-09-13,1.16,95.0,1.13,1.16,1.17,1.22
2017-09-14,1.16,84.0,1.13,1.16,1.17,1.25
2017-09-15,1.16,92.0,1.1,1.16,1.17,1.25
2017-09-16,1.16,92.0,1.1,1.16,1.17,1.25
2017-09-17,1.16,92.0,1.1,1.16,1.17,1.25
2017-09-18,1.16,83.0,1.15,1.16,1.17,1.3
2017-09-19,1.16,81.0,1.15,1.16,1.17,1.25
2017-09-20,1.16,81.0,1.15,1.16,1.17,1.3
2017-09-21,1.16,83.0,1.15,1.16,1.17,1.3
2017-09-22,1.16,96.0,1.13,1.16,1.17,1.25
2017-09-23,1.16,96.0,1.13,1.16,1.17,1.25
2017-09-24,1.16,96.0,1.13,1.16,1.17,1.25
2017-09-25,1.16,96.0,1.15,1.16,1.17,1.25
2017-09-26,1.16,93.0,1.05,1.16,1.17,1.25
2017-09-27,1.16,98.0,1.13,1.16,1.17,1.25
2017-09-28,1.16,98.0,1.11,1.16,1.17,1.25
2017-09-29,1.06,84.0,1.03,1.05,1.07,1.3
2017-09-30,1.06,84.0,1.03,1.05,1.07,1.3
2017-10-01,1.06,84.0,1.03,1.05,1.07,1.3
2017-10-02,1.16,93.0,1.05,1.16,1.17,1.25
2017-10-03,1.16,91.0,1.14,1.16,1.17,1.25
2017-10-04,1.16,93.0,1.05,1.16,1.17,1.22
2017-10-05,1.16,94.0,1.11,1.16,1.17,1.25
2017-10-06,1.16,95.0,1.14,1.16,1.17,1.25
2017-10-07,1.16,95.0,1.14,1.16,1.17,1.25
2017-10-08,1.16,95.0,1.14,1.16,1.17,1.25
2017-10-09,1.16,95.0,1.14,1.16,1.17,1.25
2017-10-10,1.16,91.0,1.15,1.16,1.17,1.25
2017-10-11,1.16,90.0,1.14,1.16,1.17,1.25
2017-10-12,1.16,87.0,1.15,1.16,1.17,1.25
2017-10-13,1.16,92.0,1.15,1.16,1.17,1.25
2017-10-14,1.16,92.0,1.15,1.16,1.17,1.25
2017-10-15,1.16,92.0,1.15,1.16,1.17,1.25
2017-10-16,1.16,91.0,1.15,1.16,1.17,1.28
2017-10-17,1.16,86.0,1.15,1.16,1.17,1.25
2017-10-18,1.16,87.0,1.15,1.16,1.17,1.25
2017-10-19,1.16,86.0,1.14,1.16,1.17,1.25
2017-10-20,1.16,86.0,1.15,1.16,1.17,1.25
2017-10-21,1.16,86.0,1.15,1.16,1.17,1.25
2017-10-22,1.16,86.0,1.15,1.16,1.17,1.25
2017-10-23,1.16,85.0,1.14,1.16,1.17,1.25
2017-10-24,1.16,90.0,1.15,1.16,1.17,1.25
2017-10-25,1.16,93.0,1.15,1.16,1.17,1.25
2017-10-26,1.16,97.0,1.15,1.16,1.17,1.25
2017-10-27,1.16,97.0,1.15,1.16,1.17,1.25
2017-10-28,1.16,97.0,1.15,1.16,1.17,1.25
2017-10-29,1.16,97.0,1.15,1.16,1.17,1.25
2017-10-30,1.16,92.0,1.15,1.16,1.17,1.25
2017-10-31,1.07,93.0,1.05,1.07,1.08,1.28
2017-11-01,1.16,99.0,1.12,1.16,1.17,1.25
2017-11-02,1.16,96.0,1.15,1.16,1.17,1.25
2017-11-03,1.16,98.0,1.14,1.16,1.17,1.25
2017-11-04,1.16,98.0,1.14,1.16,1.17,1.25
2017-11-05,1.16,98.0,1.14,1.16,1.17,1.25
2017-11-06,1.16,94.0,1.14,1.16,1.17,1.25
2017-11-07,1.16,98.0,1.14,1.16,1.17,1.25
2017-11-08,1.16,97.0,1.15,1.16,1.17,1.25
2017-11-09,1.16,97.0,1.14,1.16,1.17,1.22
2017-11-10,1.16,98.0,1.14,1.16,1.17,1.25
2017-11-11,1.16,98.0,1.14,1.16,1.17,1.25
2017-11-12,1.16,98.0,1.14,1.16,1.17,1.25
2017-11-13,1.16,93.0,1.14,1.16,1.17,1.25
2017-11-14,1.16,86.0,1.14,1.16,1.17,1.25
2017-11-15,1.16,89.0,1.14,1.16,1.17,1.28
2017-11-16,1.16,84.0,1.13,1.16,1.17,1.28
2017-11-17,1.16,84.0,1.14,1.16,1.17,1.3
2017-11-18,1.16,84.0,1.14,1.16,1.17,1.3
2017-11-19,1.16,84.0,1.14,1.16,1.17,1.3
2017-11-20,1.16,90.0,1.14,1.16,1.17,1.28
2017-11-21,1.16,90.0,1.05,1.16,1.17,1.28
2017-11-22,1.16,86.0,1.14,1.16,1.17,1.28
2017-11-23,1.16,86.0,1.14,1.16,1.17,1.28
2017-11-24,1.16,84.0,1.13,1.16,1.17,1.3
2017-11-25,1.16,84.0,1.13,1.16,1.17,1.3
2017-11-26,1.16,84.0,1.13,1.16,1.17,1.3
2017-11-27,1.16,88.0,1.14,1.16,1.17,1.3
2017-11-28,1.16,87.0,1.14,1.16,1.17,1.3
2017-11-29,1.16,89.0,1.14,1.16,1.17,1.25
2017-11-30,1.07,81.0,1.05,1.07,1.08,1.3
2017-12-01,1.16,101.0,1.05,1.16,1.17,1.28
2017-12-02,1.16,101.0,1.05,1.16,1.17,1.28
2017-12-03,1.16,101.0,1.05,1.16,1.17,1.28
2017-12-04,1.16,94.0,1.15,1.16,1.17,1.25
2017-12-05,1.16,93.0,1.14,1.16,1.17,1.28
2017-12-06,1.16,90.0,1.15,1.16,1.17,1.3
2017-12-07,1.16,93.0,1.15,1.16,1.17,1.3
2017-12-08,1.16,94.0,1.1,1.16,1.17,1.25
2017-12-09,1.16,94.0,1.1,1.16,1.17,1.25
2017-12-10,1.16,94.0,1.1,1.16,1.17,1.25
2017-12-11,1.16,92.0,1.15,1.16,1.17,1.3
2017-12-12,1.17,94.0,1.15,1.16,1.17,1.3
2017-12-13,1.17,97.0,1.15,1.16,1.17,1.3
2017-12-14,1.41,85.0,1.39,1.41,1.42,1.5
2017-12-15,1.41,91.0,1.39,1.41,1.42,1.5
2017-12-16,1.41,91.0,1.39,1.41,1.42,1.5
2017-12-17,1.41,91.0,1.39,1.41,1.42,1.5
2017-12-18,1.42,84.0,1.39,1.41,1.42,1.55
2017-12-19,1.42,89.0,1.39,1.41,1.43,1.53
2017-12-20,1.42,91.0,1.35,1.41,1.42,1.55
2017-12-21,1.42,89.0,1.35,1.41,1.42,1.55
2017-12-22,1.42,89.0,1.35,1.41,1.42,1.5
2017-12-23,1.42,89.0,1.35,1.41,1.42,1.5
2017-12-24,1.42,89.0,1.35,1.41,1.42,1.5
2017-12-25,1.42,89.0,1.35,1.41,1.42,1.5
2017-12-26,1.42,91.0,1.39,1.41,1.42,1.55
2017-12-27,1.42,95.0,1.4,1.41,1.42,1.55
2017-12-28,1.42,93.0,1.4,1.41,1.42,1.56
2017-12-29,1.33,62.0,1.28,1.3,1.33,1.56
2017-12-30,1.33,62.0,1.28,1.3,1.33,1.56
2017-12-31,1.33,62.0,1.28,1.3,1.33,1.56
2018-01-01,1.33,62.0,1.28,1.3,1.33,1.56
2018-01-02,1.42,84.0,1.35,1.41,1.42,1.56
2018-01-03,1.42,93.0,1.4,1.41,1.42,1.53
2018-01-04,1.42,92.0,1.35,1.41,1.43,1.5
2018-01-05,1.42,98.0,1.3,1.41,1.43,1.5
2018-01-06,1.42,98.0,1.3,1.41,1.43,1.5
2018-01-07,1.42,98.0,1.3,1.41,1.43,1.5
2018-01-08,1.42,93.0,1.4,1.41,1.43,1.5
2018-01-09,1.42,94.0,1.4,1.41,1.43,1.5
2018-01-10,1.42,97.0,1.4,1.41,1.43,1.5
2018-01-11,1.42,95.0,1.4,1.41,1.43,1.5
2018-01-12,1.42,95.0,1.4,1.41,1.43,1.5
2018-01-13,1.42,95.0,1.4,1.41,1.43,1.5
2018-01-14,1.42,95.0,1.4,1.41,1.43,1.5
2018-01-15,1.42,95.0,1.4,1.41,1.43,1.5
2018-01-16,1.42,88.0,1.4,1.41,1.43,1.5
2018-01-17,1.42,93.0,1.4,1.42,1.43,1.65
2018-01-18,1.42,86.0,1.4,1.42,1.43,1.5
2018-01-19,1.42,86.0,1.4,1.42,1.43,1.5
2018-01-20,1.42,86.0,1.4,1.42,1.43,1.5
2018-01-21,1.42,86.0,1.4,1.42,1.43,1.5
2018-01-22,1.42,87.0,1.4,1.42,1.43,1.55
2018-01-23,1.42,91.0,1.4,1.42,1.43,1.55
2018-01-24,1.42,90.0,1.4,1.42,1.44,1.55
2018-01-25,1.42,88.0,1.4,1.42,1.44,1.5
2018-01-26,1.42,90.0,1.4,1.42,1.44,1.5
2018-01-27,1.42,90.0,1.4,1.42,1.44,1.5
2018-01-28,1.42,90.0,1.4,1.42,1.44,1.5
2018-01-29,1.42,91.0,1.4,1.42,1.44,1.5
2018-01-30,1.42,102.0,1.4,1.42,1.43,1.48
2018-01-31,1.34,104.0,1.3,1.33,1.34,1.5
2018-02-01,1.42,109.0,1.4,1.42,1.43,1.5
2018-02-02,1.42,108.0,1.4,1.42,1.43,1.5
2018-02-03,1.42,108.0,1.4,1.42,1.43,1.5
2018-02-04,1.42,108.0,1.4,1.42,1.43,1.5
2018-02-05,1.42,103.0,1.4,1.42,1.43,1.5
2018-02-06,1.42,103.0,1.4,1.42,1.43,1.5
2018-02-07,1.42,104.0,1.4,1.42,1.43,1.5
2018-02-08,1.42,106.0,1.4,1.42,1.43,1.5
2018-02-09,1.42,107.0,1.4,1.42,1.43,1.5
2018-02-10,1.42,107.0,1.4,1.42,1.43,1.5
2018-02-11,1.42,107.0,1.4,1.42,1.43,1.5
2018-02-12,1.42,97.0,1.4,1.42,1.44,1.5
2018-02-13,1.42,99.0,1.4,1.42,1.43,1.5
2018-02-14,1.42,105.0,1.4,1.42,1.42,1.5
2018-02-15,1.42,101.0,1.4,1.42,1.42,1.5
2018-02-16,1.42,95.0,1.4,1.42,1.43,1.55
2018-02-17,1.42,95.0,1.4,1.42,1.43,1.55
2018-02-18,1.42,95.0,1.4,1.42,1.43,1.55
2018-02-19,1.42,95.0,1.4,1.42,1.43,1.55
2018-02-20,1.42,84.0,1.4,1.42,1.43,1.55
2018-02-21,1.42,88.0,1.4,1.42,1.43,1.55
2018-02-22,1.42,98.0,1.4,1.42,1.43,1.5
2018-02-23,1.42,101.0,1.4,1.42,1.43,1.56
2018-02-24,1.42,101.0,1.4,1.42,1.43,1.56
2018-02-25,1.42,101.0,1.4,1.42,1.43,1.56
2018-02-26,1.42,97.0,1.4,1.42,1.43,1.55
2018-02-27,1.42,104.0,1.4,1.42,1.43,1.55
2018-02-28,1.35,104.0,1.3,1.34,1.35,1.53
2018-03-01,1.42,115.0,1.36,1.42,1.43,1.53
2018-03-02,1.42,114.0,1.4,1.42,1.43,1.5
2018-03-03,1.42,114.0,1.4,1.42,1.43,1.5
2018-03-04,1.42,114.0,1.4,1.42,1.43,1.5
2018-03-05,1.42,110.0,1.4,1.42,1.43,1.53
2018-03-06,1.42,112.0,1.39,1.42,1.43,1.55
2018-03-07,1.42,105.0,1.39,1.42,1.43,1.53
2018-03-08,1.42,106.0,1.4,1.42,1.43,1.55
2018-03-09,1.42,104.0,1.4,1.42,1.43,1.53
2018-03-10,1.42,104.0,1.4,1.42,1.43,1.53
2018-03-11,1.42,104.0,1.4,1.42,1.43,1.53
2018-03-12,1.42,100.0,1.4,1.42,1.44,1.55
2018-03-13,1.42,98.0,1.4,1.42,1.44,1.53
2018-03-14,1.42,103.0,1.4,1.42,1.44,1.5
2018-03-15,1.43,95.0,1.4,1.42,1.44,1.56
2018-03-16,1.43,104.0,1.4,1.42,1.44,1.62
2018-03-17,1.43,104.0,1.4,1.42,1.44,1.62
2018-03-18,1.43,104.0,1.4,1.42,1.44,1.62
2018-03-19,1.43,92.0,1.4,1.42,1.44,1.62
2018-03-20,1.44,91.0,1.4,1.43,1.47,1.62
2018-03-21,1.44,93.0,1.4,1.43,1.46,1.55
2018-03-22,1.68,78.0,1.65,1.68,1.69,1.81
2018-03-23,1.68,78.0,1.65,1.68,1.7,1.81
2018-03-24,1.68,78.0,1.65,1.68,1.7,1.81
2018-03-25,1.68,78.0,1.65,1.68,1.7,1.81
2018-03-26,1.68,83.0,1.65,1.68,1.69,1.81
2018-03-27,1.68,81.0,1.65,1.68,1.69,1.81
2018-03-28,1.68,87.0,1.65,1.68,1.69,1.81
2018-03-29,1.68,74.0,1.64,1.68,1.69,1.81
2018-03-30,1.67,88.0,1.64,1.67,1.68,1.81
2018-03-31,1.67,88.0,1.64,1.67,1.68,1.81
2018-04-01,1.67,88.0,1.64,1.67,1.68,1.81
2018-04-02,1.68,89.0,1.65,1.68,1.69,1.81
2018-04-03,1.69,90.0,1.65,1.68,1.69,1.8
2018-04-04,1.69,83.0,1.65,1.68,1.7,1.8
2018-04-05,1.69,88.0,1.65,1.68,1.7,1.81
2018-04-06,1.69,78.0,1.65,1.68,1.7,1.81
2018-04-07,1.69,78.0,1.65,1.68,1.7,1.81
2018-04-08,1.69,78.0,1.65,1.68,1.7,1.81
2018-04-09,1.69,78.0,1.66,1.68,1.7,1.81
2018-04-10,1.69,80.0,1.66,1.68,1.7,1.8
2018-04-11,1.69,74.0,1.66,1.68,1.7,1.8
2018-04-12,1.69,83.0,1.65,1.68,1.7,1.8
2018-04-13,1.69,74.0,1.66,1.68,1.7,1.81
2018-04-14,1.69,74.0,1.66,1.68,1.7,1.81
2018-04-15,1.69,74.0,1.66,1.68,1.7,1.81
2018-04-16,1.69,82.0,1.66,1.68,1.7,1.85
2018-04-17,1.69,66.0,1.66,1.69,1.71,1.82
2018-04-18,1.69,63.0,1.66,1.68,1.71,1.82
2018-04-19,1.69,75.0,1.66,1.69,1.71,1.81
2018-04-20,1.7,72.0,1.66,1.69,1.71,1.82
2018-04-21,1.7,72.0,1.66,1.69,1.71,1.82
2018-04-22,1.7,72.0,1.66,1.69,1.71,1.82
2018-04-23,1.7,67.0,1.66,1.69,1.71,1.85
2018-04-24,1.7,63.0,1.66,1.69,1.72,1.85
2018-04-25,1.7,71.0,1.66,1.69,1.72,1.85
2018-04-26,1.7,77.0,1.66,1.69,1.72,1.81
2018-04-27,1.7,77.0,1.66,1.69,1.71,1.81
2018-04-28,1.7,77.0,1.66,1.69,1.71,1.81
2018-04-29,1.7,77.0,1.66,1.69,1.71,1.81
2018-04-30,1.69,76.0,1.66,1.68,1.7,1.84
2018-05-01,1.7,81.0,1.66,1.69,1.7,1.81
2018-05-02,1.7,76.0,1.66,1.69,1.71,1.81
2018-05-03,1.7,82.0,1.66,1.69,1.71,1.81
2018-05-04,1.7,83.0,1.66,1.69,1.71,1.81
2018-05-05,1.7,83.0,1.66,1.69,1.71,1.81
2018-05-06,1.7,83.0,1.66,1.69,1.71,1.81
2018-05-07,1.7,85.0,1.66,1.69,1.72,1.81
2018-05-08,1.7,83.0,1.66,1.69,1.72,1.81
2018-05-09,1.7,89.0,1.66,1.69,1.72,1.81
2018-05-10,1.7,89.0,1.66,1.69,1.72,1.81
2018-05-11,1.7,88.0,1.66,1.69,1.72,1.81
2018-05-12,1.7,88.0,1.66,1.69,1.72,1.81
2018-05-13,1.7,88.0,1.66,1.69,1.72,1.81
2018-05-14,1.7,79.0,1.66,1.69,1.72,1.81
2018-05-15,1.7,83.0,1.66,1.69,1.72,1.81
2018-05-16,1.7,85.0,1.65,1.69,1.72,1.8
2018-05-17,1.7,80.0,1.66,1.69,1.72,1.81
2018-05-18,1.7,78.0,1.66,1.69,1.72,1.81
2018-05-19,1.7,78.0,1.66,1.69,1.72,1.81
2018-05-20,1.7,78.0,1.66,1.69,1.72,1.81
2018-05-21,1.7,80.0,1.66,1.7,1.72,1.87
2018-05-22,1.7,89.0,1.66,1.7,1.72,1.81
2018-05-23,1.7,92.0,1.66,1.69,1.71,1.83
2018-05-24,1.7,90.0,1.65,1.69,1.7,1.81
2018-05-25,1.7,92.0,1.65,1.69,1.71,1.81
2018-05-26,1.7,92.0,1.65,1.69,1.71,1.81
2018-05-27,1.7,92.0,1.65,1.69,1.71,1.81
2018-05-28,1.7,92.0,1.65,1.69,1.71,1.81
2018-05-29,1.7,89.0,1.66,1.69,1.7,1.84
2018-05-30,1.7,83.0,1.65,1.69,1.71,1.83
2018-05-31,1.7,84.0,1.66,1.69,1.7,1.84
2018-06-01,1.7,94.0,1.66,1.69,1.7,1.81
2018-06-02,1.7,94.0,1.66,1.69,1.7,1.81
2018-06-03,1.7,94.0,1.66,1.69,1.7,1.81
2018-06-04,1.7,92.0,1.65,1.69,1.7,1.8
2018-06-05,1.7,90.0,1.66,1.69,1.7,1.8
2018-06-06,1.7,94.0,1.66,1.69,1.7,1.8
2018-06-07,1.7,87.0,1.65,1.69,1.7,1.8
2018-06-08,1.7,90.0,1.66,1.69,1.7,1.8
2018-06-09,1.7,90.0,1.66,1.69,1.7,1.8
2018-06-10,1.7,90.0,1.66,1.69,1.7,1.8
2018-06-11,1.7,75.0,1.66,1.69,1.71,1.81
2018-06-12,1.7,81.0,1.66,1.7,1.71,1.8
2018-06-13,1.7,80.0,1.66,1.69,1.71,1.8
2018-06-14,1.9,80.0,1.88,1.89,1.91,2.0
2018-06-15,1.9,69.0,1.88,1.9,1.91,2.01
2018-06-16,1.9,69.0,1.88,1.9,1.91,2.01
2018-06-17,1.9,69.0,1.88,1.9,1.91,2.01
2018-06-18,1.9,61.0,1.88,1.9,1.91,2.06
2018-06-19,1.91,59.0,1.88,1.9,1.93,2.06
2018-06-20,1.92,63.0,1.89,1.9,1.94,2.06
2018-06-21,1.92,81.0,1.88,1.91,1.94,2.06
2018-06-22,1.92,78.0,1.89,1.91,1.93,2.06
2018-06-23,1.92,78.0,1.89,1.91,1.93,2.06
2018-06-24,1.92,78.0,1.89,1.91,1.93,2.06
2018-06-25,1.92,76.0,1.9,1.91,1.92,2.06
2018-06-26,1.92,82.0,1.9,1.91,1.92,2.06
2018-06-27,1.91,83.0,1.9,1.91,1.92,2.06
2018-06-28,1.91,79.0,1.9,1.9,1.92,2.06
2018-06-29,1.91,79.0,1.88,1.9,1.91,2.06
2018-06-30,1.91,79.0,1.88,1.9,1.91,2.06
2018-07-01,1.91,79.0,1.88,1.9,1.91,2.06
2018-07-02,1.91,83.0,1.89,1.9,1.92,2.06
2018-07-03,1.91,88.0,1.88,1.9,1.91,2.06
2018-07-04,1.91,88.0,1.88,1.9,1.91,2.06
2018-07-05,1.91,78.0,1.88,1.9,1.91,2.06
2018-07-06,1.91,80.0,1.88,1.9,1.91,2.05
2018-07-07,1.91,80.0,1.88,1.9,1.91,2.05
2018-07-08,1.91,80.0,1.88,1.9,1.91,2.05
2018-07-09,1.91,77.0,1.89,1.91,1.91,2.06
2018-07-10,1.91,80.0,1.89,1.91,1.91,2.06
2018-07-11,1.91,82.0,1.9,1.9,1.91,2.06
2018-07-12,1.91,84.0,1.88,1.9,1.91,2.06
2018-07-13,1.91,79.0,1.9,1.91,1.91,2.06
2018-07-14,1.91,79.0,1.9,1.91,1.91,2.06
2018-07-15,1.91,79.0,1.9,1.91,1.91,2.06
2018-07-16,1.91,80.0,1.9,1.91,1.92,2.05
2018-07-17,1.91,78.0,1.89,1.91,1.91,2.06
2018-07-18,1.91,78.0,1.9,1.91,1.92,2.0
2018-07-19,1.91,72.0,1.9,1.91,1.92,2.06
2018-07-20,1.91,77.0,1.9,1.9,1.92,2.06
2018-07-21,1.91,77.0,1.9,1.9,1.92,2.06
2018-07-22,1.91,77.0,1.9,1.9,1.92,2.06
2018-07-23,1.91,71.0,1.9,1.91,1.92,2.06
2018-07-24,1.91,74.0,1.9,1.91,1.92,2.06
2018-07-25,1.91,77.0,1.9,1.91,1.92,2.06
2018-07-26,1.91,74.0,1.9,1.91,1.92,2.06
2018-07-27,1.91,79.0,1.9,1.9,1.92,2.06
2018-07-28,1.91,79.0,1.9,1.9,1.92,2.06
2018-07-29,1.91,79.0,1.9,1.9,1.92,2.06
2018-07-30,1.91,74.0,1.9,1.91,1.91,2.06
2018-07-31,1.91,67.0,1.89,1.9,1.91,2.06
2018-08-01,1.91,77.0,1.9,1.9,1.91,2.06
2018-08-02,1.91,80.0,1.9,1.9,1.92,2.06
2018-08-03,1.91,83.0,1.9,1.9,1.91,2.06
2018-08-04,1.91,83.0,1.9,1.9,1.91,2.06
2018-08-05,1.91,83.0,1.9,1.9,1.91,2.06
2018-08-06,1.91,76.0,1.9,1.91,1.92,2.01
2018-08-07,1.91,68.0,1.9,1.91,1.92,2.06
2018-08-08,1.91,70.0,1.9,1.91,1.92,2.0
2018-08-09,1.91,73.0,1.9,1.91,1.92,2.06
2018-08-10,1.91,82.0,1.9,1.91,1.91,2.06
2018-08-11,1.91,82.0,1.9,1.91,1.91,2.06
2018-08-12,1.91,82.0,1.9,1.91,1.91,2.06
2018-08-13,1.91,73.0,1.9,1.91,1.92,2.06
2018-08-14,1.91,68.0,1.89,1.91,1.92,2.06
2018-08-15,1.91,66.0,1.9,1.91,1.92,2.0
2018-08-16,1.92,64.0,1.9,1.91,1.93,2.07
2018-08-17,1.92,55.0,1.9,1.91,1.93,2.07
2018-08-18,1.92,55.0,1.9,1.91,1.93,2.07
2018-08-19,1.92,55.0,1.9,1.91,1.93,2.07
2018-08-20,1.92,56.0,1.9,1.91,1.93,2.1
2018-08-21,1.92,59.0,1.9,1.91,1.93,2.06
2018-08-22,1.92,64.0,1.9,1.91,1.93,2.06
2018-08-23,1.92,68.0,1.89,1.91,1.93,2.06
2018-08-24,1.92,71.0,1.9,1.91,1.93,2.06
2018-08-25,1.92,71.0,1.9,1.91,1.93,2.06
2018-08-26,1.92,71.0,1.9,1.91,1.93,2.06
2018-08-27,1.92,69.0,1.9,1.91,1.93,2.06
2018-08-28,1.92,64.0,1.9,1.91,1.93,2.06
2018-08-29,1.92,65.0,1.9,1.91,1.93,2.0
2018-08-30,1.92,69.0,1.9,1.91,1.93,2.06
2018-08-31,1.91,78.0,1.88,1.91,1.93,2.06
2018-09-01,1.91,78.0,1.88,1.91,1.93,2.06
2018-09-02,1.91,78.0,1.88,1.91,1.93,2.06
2018-09-03,1.91,78.0,1.88,1.91,1.93,2.06
2018-09-04,1.92,73.0,1.9,1.91,1.93,2.06
2018-09-05,1.92,78.0,1.9,1.91,1.93,2.06
2018-09-06,1.92,76.0,1.9,1.91,1.93,2.06
2018-09-07,1.92,78.0,1.9,1.91,1.92,2.06
2018-09-08,1.92,78.0,1.9,1.91,1.92,2.06
2018-09-09,1.92,78.0,1.9,1.91,1.92,2.06
2018-09-10,1.92,74.0,1.9,1.91,1.93,2.06
2018-09-11,1.92,75.0,1.89,1.91,1.93,2.06
2018-09-12,1.92,75.0,1.9,1.91,1.93,2.06
2018-09-13,1.92,76.0,1.9,1.91,1.92,2.06
2018-09-14,1.92,68.0,1.9,1.91,1.92,2.06
2018-09-15,1.92,68.0,1.9,1.91,1.92,2.06
2018-09-16,1.92,68.0,1.9,1.91,1.92,2.06
2018-09-17,1.92,62.0,1.9,1.91,1.93,2.09
2018-09-18,1.92,54.0,1.9,1.91,1.93,2.1
2018-09-19,1.92,60.0,1.9,1.91,1.93,2.1
2018-09-20,1.92,69.0,1.9,1.91,1.93,2.1
2018-09-21,1.92,69.0,1.89,1.92,1.93,2.1
2018-09-22,1.92,69.0,1.89,1.92,1.93,2.1
2018-09-23,1.92,69.0,1.89,1.92,1.93,2.1
2018-09-24,1.93,68.0,1.9,1.92,1.93,2.07
2018-09-25,1.93,67.0,1.9,1.92,1.93,2.1
2018-09-26,1.93,71.0,1.9,1.92,1.93,2.06
2018-09-27,2.18,76.0,1.93,2.17,2.18,2.35
2018-09-28,2.18,70.0,2.13,2.17,2.18,2.35
2018-09-29,2.18,70.0,2.13,2.17,2.18,2.35
2018-09-30,2.18,70.0,2.13,2.17,2.18,2.35
2018-10-01,2.18,55.0,2.15,2.17,2.18,2.35
2018-10-02,2.18,62.0,2.16,2.17,2.18,2.35
2018-10-03,2.18,67.0,2.16,2.17,2.19,2.35
2018-10-04,2.18,73.0,2.15,2.17,2.19,2.35
2018-10-05,2.18,64.0,2.16,2.17,2.19,2.35
2018-10-06,2.18,64.0,2.16,2.17,2.19,2.35
2018-10-07,2.18,64.0,2.16,2.17,2.19,2.35
2018-10-08,2.18,64.0,2.16,2.17,2.19,2.35
2018-10-09,2.18,57.0,2.16,2.17,2.19,2.35
2018-10-10,2.18,64.0,2.16,2.17,2.19,2.35
2018-10-11,2.18,66.0,2.16,2.17,2.19,2.35
2018-10-12,2.18,69.0,2.16,2.17,2.19,2.35
2018-10-13,2.18,69.0,2.16,2.17,2.19,2.35
2018-10-14,2.18,69.0,2.16,2.17,2.19,2.35
2018-10-15,2.18,58.0,2.16,2.17,2.19,2.35
2018-10-16,2.18,59.0,2.16,2.17,2.19,2.35
2018-10-17,2.19,54.0,2.17,2.18,2.19,2.35
2018-10-18,2.19,54.0,2.15,2.18,2.19,2.35
2018-10-19,2.19,58.0,2.15,2.18,2.19,2.35
2018-10-20,2.19,58.0,2.15,2.18,2.19,2.35
2018-10-21,2.19,58.0,2.15,2.18,2.19,2.35
2018-10-22,2.19,54.0,2.17,2.18,2.19,2.35
2018-10-23,2.2,58.0,2.17,2.18,2.2,2.35
2018-10-24,2.2,60.0,2.17,2.18,2.2,2.35
2018-10-25,2.2,67.0,2.17,2.18,2.2,2.35
2018-10-26,2.2,64.0,2.17,2.19,2.2,2.35
2018-10-27,2.2,64.0,2.17,2.19,2.2,2.35
2018-10-28,2.2,64.0,2.17,2.19,2.2,2.35
2018-10-29,2.2,59.0,2.17,2.19,2.2,2.35
2018-10-30,2.2,60.0,2.15,2.19,2.2,2.35
2018-10-31,2.2,58.0,2.15,2.19,2.2,2.35
2018-11-01,2.2,68.0,2.16,2.19,2.2,2.35
2018-11-02,2.19,74.0,2.17,2.19,2.2,2.35
2018-11-03,2.19,74.0,2.17,2.19,2.2,2.35
2018-11-04,2.19,74.0,2.17,2.19,2.2,2.35
2018-11-05,2.2,70.0,2.16,2.19,2.2,2.35
2018-11-06,2.2,71.0,2.16,2.19,2.2,2.35
2018-11-07,2.2,67.0,2.16,2.19,2.2,2.35
2018-11-08,2.2,64.0,2.15,2.19,2.2,2.35
2018-11-09,2.19,66.0,2.17,2.19,2.2,2.35
2018-11-10,2.19,66.0,2.17,2.19,2.2,2.35
2018-11-11,2.19,66.0,2.17,2.19,2.2,2.35
2018-11-12,2.19,66.0,2.17,2.19,2.2,2.35
2018-11-13,2.2,60.0,2.17,2.19,2.2,2.35
2018-11-14,2.2,62.0,2.17,2.19,2.2,2.35
2018-11-15,2.2,60.0,2.18,2.19,2.2,2.35
2018-11-16,2.2,69.0,2.17,2.19,2.2,2.35
2018-11-17,2.2,69.0,2.17,2.19,2.2,2.35
2018-11-18,2.2,69.0,2.17,2.19,2.2,2.35
2018-11-19,2.2,67.0,2.17,2.19,2.2,2.35
2018-11-20,2.2,61.0,2.17,2.19,2.2,2.35
2018-11-21,2.2,59.0,2.17,2.19,2.2,2.35
2018-11-22,2.2,59.0,2.17,2.19,2.2,2.35
2018-11-23,2.2,65.0,2.16,2.19,2.2,2.35
2018-11-24,2.2,65.0,2.16,2.19,2.2,2.35
2018-11-25,2.2,65.0,2.16,2.19,2.2,2.35
2018-11-26,2.2,62.0,2.16,2.19,2.2,2.35
2018-11-27,2.2,57.0,2.16,2.19,2.2,2.35
2018-11-28,2.2,65.0,2.16,2.19,2.2,2.35
2018-11-29,2.2,69.0,2.17,2.19,2.2,2.35
2018-11-30,2.2,75.0,2.17,2.19,2.2,2.35
2018-12-01,2.2,75.0,2.17,2.19,2.2,2.35
2018-12-02,2.2,75.0,2.17,2.19,2.2,2.35
2018-12-03,2.19,83.0,2.17,2.19,2.2,2.35
2018-12-04,2.2,78.0,2.17,2.19,2.2,2.35
2018-12-05,2.2,66.0,2.17,2.19,2.2,2.35
2018-12-06,2.2,71.0,2.17,2.19,2.2,2.35
2018-12-07,2.19,73.0,2.17,2.19,2.2,2.35
2018-12-08,2.19,73.0,2.17,2.19,2.2,2.35
2018-12-09,2.19,73.0,2.17,2.19,2.2,2.35
2018-12-10,2.2,70.0,2.17,2.19,2.2,2.35
2018-12-11,2.19,72.0,2.17,2.19,2.2,2.35
2018-12-12,2.19,74.0,2.17,2.19,2.2,2.35
2018-12-13,2.19,70.0,2.17,2.19,2.2,2.35
2018-12-14,2.19,64.0,2.17,2.19,2.2,2.35
2018-12-15,2.19,64.0,2.17,2.19,2.2,2.35
2018-12-16,2.19,64.0,2.17,2.19,2.2,2.35
2018-12-17,2.2,66.0,2.17,2.19,2.2,2.35
2018-12-18,2.2,61.0,2.17,2.19,2.2,2.35
2018-12-19,2.2,72.0,2.16,2.19,2.21,2.35
2018-12-20,2.4,50.0,2.37,2.39,2.41,2.6
2018-12-21,2.4,69.0,2.37,2.39,2.41,2.6
2018-12-22,2.4,69.0,2.37,2.39,2.41,2.6
2018-12-23,2.4,69.0,2.37,2.39,2.41,2.6
2018-12-24,2.4,69.0,2.37,2.39,2.41,2.6
2018-12-25,2.4,69.0,2.37,2.39,2.41,2.6
2018-12-26,2.4,67.0,2.37,2.4,2.41,2.6
2018-12-27,2.4,71.0,2.34,2.39,2.41,2.6
2018-12-28,2.4,67.0,2.35,2.39,2.41,2.6
2018-12-29,2.4,67.0,2.35,2.39,2.41,2.6
2018-12-30,2.4,67.0,2.35,2.39,2.41,2.6
2018-12-31,2.4,55.0,2.25,2.4,2.41,2.6
2019-01-01,2.4,55.0,2.25,2.4,2.41,2.6
2019-01-02,2.4,56.0,2.36,2.4,2.41,2.6
2019-01-03,2.4,62.0,2.34,2.4,2.41,2.6
2019-01-04,2.4,68.0,2.37,2.4,2.41,2.6
2019-01-05,2.4,68.0,2.37,2.4,2.41,2.6
2019-01-06,2.4,68.0,2.37,2.4,2.41,2.6
2019-01-07,2.4,68.0,2.34,2.4,2.41,2.6
2019-01-08,2.4,70.0,2.35,2.4,2.41,2.6
2019-01-09,2.4,64.0,2.37,2.4,2.41,2.6
2019-01-10,2.4,65.0,2.37,2.4,2.41,2.6
2019-01-11,2.4,63.0,2.35,2.39,2.41,2.6
2019-01-12,2.4,63.0,2.35,2.39,2.41,2.6
2019-01-13,2.4,63.0,2.35,2.39,2.41,2.6
2019-01-14,2.4,59.0,2.37,2.4,2.41,2.6
2019-01-15,2.4,58.0,2.37,2.4,2.41,2.6
2019-01-16,2.4,63.0,2.36,2.4,2.41,2.6
2019-01-17,2.4,63.0,2.37,2.4,2.41,2.6
2019-01-18,2.4,58.0,2.35,2.4,2.41,2.6
2019-01-19,2.4,58.0,2.35,2.4,2.41,2.6
2019-01-20,2.4,58.0,2.35,2.4,2.41,2.6
2019-01-21,2.4,58.0,2.35,2.4,2.41,2.6
2019-01-22,2.4,48.0,2.36,2.4,2.41,2.6
2019-01-23,2.4,55.0,2.36,2.4,2.41,2.6
2019-01-24,2.4,64.0,2.34,2.4,2.41,2.6
2019-01-25,2.4,69.0,2.37,2.39,2.41,2.6
2019-01-26,2.4,69.0,2.37,2.39,2.41,2.6
2019-01-27,2.4,69.0,2.37,2.39,2.41,2.6
2019-01-28,2.4,68.0,2.36,2.4,2.41,2.6
2019-01-29,2.4,60.0,2.36,2.4,2.41,2.6
2019-01-30,2.4,63.0,2.37,2.4,2.41,2.6
2019-01-31,2.4,66.0,2.36,2.4,2.41,2.6
2019-02-01,2.4,76.0,2.34,2.4,2.4,2.6
2019-02-02,2.4,76.0,2.34,2.4,2.4,2.6
2019-02-03,2.4,76.0,2.34,2.4,2.4,2.6
2019-02-04,2.4,82.0,2.34,2.39,2.4,2.6
2019-02-05,2.4,83.0,2.35,2.39,2.4,2.6
2019-02-06,2.4,83.0,2.37,2.39,2.4,2.6
2019-02-07,2.4,78.0,2.37,2.39,2.4,2.6
2019-02-08,2.4,77.0,2.37,2.39,2.4,2.6
2019-02-09,2.4,77.0,2.37,2.39,2.4,2.6
2019-02-10,2.4,77.0,2.37,2.39,2.4,2.6
2019-02-11,2.4,65.0,2.37,2.4,2.41,2.6
2019-02-12,2.4,65.0,2.36,2.4,2.41,2.6
2019-02-13,2.4,65.0,2.34,2.4,2.41,2.6
2019-02-14,2.4,68.0,2.37,2.4,2.4,2.6
2019-02-15,2.4,56.0,2.37,2.4,2.41,2.6
2019-02-16,2.4,56.0,2.37,2.4,2.41,2.6
2019-02-17,2.4,56.0,2.37,2.4,2.41,2.6
2019-02-18,2.4,56.0,2.37,2.4,2.41,2.6
2019-02-19,2.4,61.0,2.37,2.4,2.41,2.6
2019-02-20,2.4,62.0,2.37,2.4,2.41,2.6
2019-02-21,2.4,74.0,2.37,2.4,2.41,2.6
2019-02-22,2.4,77.0,2.37,2.4,2.41,2.6
2019-02-23,2.4,77.0,2.37,2.4,2.41,2.6
2019-02-24,2.4,77.0,2.37,2.4,2.41,2.6
2019-02-25,2.4,72.0,2.37,2.4,2.41,2.6
2019-02-26,2.4,71.0,2.37,2.4,2.41,2.6
2019-02-27,2.4,80.0,2.37,2.4,2.41,2.6
2019-02-28,2.4,75.0,2.37,2.4,2.41,2.6
2019-03-01,2.4,93.0,2.34,2.39,2.41,2.6
2019-03-02,2.4,93.0,2.34,2.39,2.41,2.6
2019-03-03,2.4,93.0,2.34,2.39,2.41,2.6
2019-03-04,2.4,87.0,2.37,2.39,2.41,2.6
2019-03-05,2.4,88.0,2.37,2.39,2.41,2.6
2019-03-06,2.4,83.0,2.37,2.39,2.4,2.55
2019-03-07,2.4,79.0,2.37,2.4,2.41,2.6
2019-03-08,2.4,81.0,2.35,2.4,2.41,2.54
2019-03-09,2.4,81.0,2.35,2.4,2.41,2.54
2019-03-10,2.4,81.0,2.35,2.4,2.41,2.54
2019-03-11,2.4,79.0,2.37,2.4,2.4,2.55
2019-03-12,2.4,75.0,2.37,2.4,2.4,2.54
2019-03-13,2.4,74.0,2.37,2.4,2.4,2.55
2019-03-14,2.4,78.0,2.37,2.4,2.4,2.6
2019-03-15,2.4,69.0,2.37,2.4,2.41,2.6
2019-03-16,2.4,69.0,2.37,2.4,2.41,2.6
2019-03-17,2.4,69.0,2.37,2.4,2.41,2.6
2019-03-18,2.4,63.0,2.34,2.4,2.41,2.6
2019-03-19,2.4,61.0,2.37,2.4,2.41,2.6
2019-03-20,2.41,73.0,2.35,2.4,2.41,2.6
2019-03-21,2.41,69.0,2.37,2.4,2.41,2.6
2019-03-22,2.41,70.0,2.37,2.4,2.41,2.6
2019-03-23,2.41,70.0,2.37,2.4,2.41,2.6
2019-03-24,2.41,70.0,2.37,2.4,2.41,2.6
2019-03-25,2.4,78.0,2.37,2.4,2.41,2.6
2019-03-26,2.4,76.0,2.37,2.4,2.41,2.55
2019-03-27,2.41,72.0,2.37,2.4,2.41,2.6
2019-03-28,2.41,74.0,2.37,2.4,2.41,2.6
2019-03-29,2.43,71.0,2.35,2.41,2.43,2.6
2019-03-30,2.43,71.0,2.35,2.41,2.43,2.6
2019-03-31,2.43,71.0,2.35,2.41,2.43,2.6
2019-04-01,2.41,66.0,2.37,2.4,2.41,2.6
2019-04-02,2.41,78.0,2.35,2.4,2.41,2.6
2019-04-03,2.41,79.0,2.37,2.4,2.41,2.6
2019-04-04,2.41,79.0,2.37,2.4,2.41,2.6
2019-04-05,2.41,73.0,2.37,2.4,2.41,2.6
2019-04-06,2.41,73.0,2.37,2.4,2.41,2.6
2019-04-07,2.41,73.0,2.37,2.4,2.41,2.6
2019-04-08,2.41,72.0,2.37,2.4,2.42,2.55
2019-04-09,2.41,72.0,2.37,2.4,2.42,2.55
2019-04-10,2.41,72.0,2.37,2.4,2.42,2.55
2019-04-11,2.41,73.0,2.37,2.4,2.41,2.6
2019-04-12,2.41,67.0,2.37,2.4,2.41,2.55
2019-04-13,2.41,67.0,2.37,2.4,2.41,2.55
2019-04-14,2.41,67.0,2.37,2.4,2.41,2.55
2019-04-15,2.41,57.0,2.37,2.4,2.41,2.6
2019-04-16,2.41,55.0,2.37,2.4,2.42,2.6
2019-04-17,2.42,55.0,2.35,2.41,2.43,2.6
2019-04-18,2.43,58.0,2.37,2.42,2.43,2.6
2019-04-19,2.44,59.0,2.37,2.42,2.44,2.6
2019-04-20,2.44,59.0,2.37,2.42,2.44,2.6
2019-04-21,2.44,59.0,2.37,2.42,2.44,2.6
2019-04-22,2.44,54.0,2.37,2.42,2.45,2.6
2019-04-23,2.44,53.0,2.37,2.43,2.45,2.6
2019-04-24,2.44,59.0,2.37,2.43,2.45,2.6
2019-04-25,2.44,65.0,2.37,2.43,2.45,2.6
2019-04-26,2.44,73.0,2.37,2.43,2.45,2.6
2019-04-27,2.44,73.0,2.37,2.43,2.45,2.6
2019-04-28,2.44,73.0,2.37,2.43,2.45,2.6
2019-04-29,2.45,60.0,2.4,2.43,2.45,2.6
2019-04-30,2.45,68.0,2.35,2.43,2.45,2.6
2019-05-01,2.45,77.0,2.37,2.43,2.45,2.56
2019-05-02,2.41,69.0,2.33,2.4,2.41,2.55
2019-05-03,2.4,74.0,2.32,2.39,2.41,2.55
2019-05-04,2.4,74.0,2.32,2.39,2.41,2.55
2019-05-05,2.4,74.0,2.32,2.39,2.41,2.55
2019-05-06,2.4,69.0,2.3,2.38,2.41,2.55
2019-05-07,2.4,64.0,2.33,2.38,2.4,2.55
2019-05-08,2.39,70.0,2.33,2.37,2.4,2.55
2019-05-09,2.38,73.0,2.33,2.36,2.4,2.55
2019-05-10,2.38,71.0,2.33,2.36,2.4,2.53
2019-05-11,2.38,71.0,2.33,2.36,2.4,2.53
2019-05-12,2.38,71.0,2.33,2.36,2.4,2.53
2019-05-13,2.38,67.0,2.3,2.36,2.39,2.55
2019-05-14,2.38,64.0,2.33,2.36,2.39,2.53
2019-05-15,2.4,62.0,2.33,2.39,2.4,2.53
2019-05-16,2.39,61.0,2.33,2.38,2.4,2.55
2019-05-17,2.39,67.0,2.33,2.38,2.4,2.55
2019-05-18,2.39,67.0,2.33,2.38,2.4,2.55
2019-05-19,2.39,67.0,2.33,2.38,2.4,2.55
2019-05-20,2.39,56.0,2.33,2.38,2.39,2.55
2019-05-21,2.39,64.0,2.33,2.37,2.39,2.55
2019-05-22,2.38,67.0,2.33,2.37,2.39,2.55
2019-05-23,2.38,71.0,2.33,2.37,2.39,2.55
2019-05-24,2.38,66.0,2.33,2.37,2.39,2.55
2019-05-25,2.38,66.0,2.33,2.37,2.39,2.55
2019-05-26,2.38,66.0,2.33,2.37,2.39,2.55
2019-05-27,2.38,66.0,2.33,2.37,2.39,2.55
2019-05-28,2.39,64.0,2.3,2.38,2.39,2.55
2019-05-29,2.39,58.0,2.27,2.38,2.39,2.55
2019-05-30,2.39,60.0,2.33,2.37,2.39,2.55
2019-05-31,2.4,65.0,2.3,2.38,2.4,2.58
2019-06-01,2.4,65.0,2.3,2.38,2.4,2.58
2019-06-02,2.4,65.0,2.3,2.38,2.4,2.58
2019-06-03,2.38,76.0,2.33,2.36,2.39,2.5
2019-06-04,2.38,71.0,2.3,2.35,2.39,2.5
2019-06-05,2.38,66.0,2.33,2.35,2.39,2.5
2019-06-06,2.37,71.0,2.33,2.35,2.38,2.48
2019-06-07,2.37,68.0,2.3,2.35,2.38,2.45
2019-06-08,2.37,68.0,2.3,2.35,2.38,2.45
2019-06-09,2.37,68.0,2.3,2.35,2.38,2.45
2019-06-10,2.37,62.0,2.33,2.36,2.38,2.46
2019-06-11,2.37,66.0,2.33,2.35,2.38,2.45
2019-06-12,2.37,69.0,2.3,2.35,2.38,2.45
2019-06-13,2.37,64.0,2.27,2.35,2.38,2.45
2019-06-14,2.36,63.0,2.3,2.35,2.37,2.45
2019-06-15,2.36,63.0,2.3,2.35,2.37,2.45
2019-06-16,2.36,63.0,2.3,2.35,2.37,2.45
2019-06-17,2.38,55.0,2.27,2.37,2.38,2.45
2019-06-18,2.37,59.0,2.33,2.37,2.38,2.45
2019-06-19,2.37,60.0,2.3,2.36,2.38,2.45
2019-06-20,2.37,61.0,2.33,2.36,2.38,2.45
2019-06-21,2.38,65.0,2.33,2.36,2.38,2.45
2019-06-22,2.38,65.0,2.33,2.36,2.38,2.45
2019-06-23,2.38,65.0,2.33,2.36,2.38,2.45
2019-06-24,2.38,63.0,2.33,2.37,2.38,2.45
2019-06-25,2.38,70.0,2.33,2.37,2.39,2.45
2019-06-26,2.38,70.0,2.33,2.35,2.39,2.45
2019-06-27,2.38,76.0,2.33,2.35,2.39,2.44
2019-06-28,2.4,73.0,2.27,2.38,2.4,2.43
2019-06-29,2.4,73.0,2.27,2.38,2.4,2.43
2019-06-30,2.4,73.0,2.27,2.38,2.4,2.43
2019-07-01,2.39,73.0,2.3,2.37,2.4,2.45
2019-07-02,2.4,71.0,2.32,2.4,2.4,2.44
2019-07-03,2.41,75.0,2.33,2.4,2.42,2.45
2019-07-04,2.41,75.0,2.33,2.4,2.42,2.45
2019-07-05,2.42,72.0,2.31,2.4,2.43,2.45
2019-07-06,2.42,72.0,2.31,2.4,2.43,2.45
2019-07-07,2.42,72.0,2.31,2.4,2.43,2.45
2019-07-08,2.41,76.0,2.33,2.4,2.42,2.43
2019-07-09,2.41,75.0,2.33,2.39,2.42,2.43
2019-07-10,2.41,78.0,2.33,2.38,2.42,2.43
2019-07-11,2.4,77.0,2.3,2.37,2.41,2.44
2019-07-12,2.38,69.0,2.27,2.36,2.39,2.43
2019-07-13,2.38,69.0,2.27,2.36,2.39,2.43
2019-07-14,2.38,69.0,2.27,2.36,2.39,2.43
2019-07-15,2.4,63.0,2.33,2.39,2.4,2.43
2019-07-16,2.41,64.0,2.3,2.4,2.42,2.43
2019-07-17,2.41,62.0,2.3,2.4,2.42,2.43
2019-07-18,2.41,55.0,2.3,2.4,2.42,2.45
2019-07-19,2.41,58.0,2.3,2.39,2.41,2.43
2019-07-20,2.41,58.0,2.3,2.39,2.41,2.43
2019-07-21,2.41,58.0,2.3,2.39,2.41,2.43
2019-07-22,2.4,60.0,2.33,2.4,2.41,2.43
2019-07-23,2.4,60.0,2.3,2.39,2.41,2.43
2019-07-24,2.4,65.0,2.33,2.38,2.41,2.43
2019-07-25,2.4,69.0,2.32,2.38,2.41,2.43
2019-07-26,2.4,78.0,2.33,2.36,2.41,2.43
2019-07-27,2.4,78.0,2.33,2.36,2.41,2.43
2019-07-28,2.4,78.0,2.33,2.36,2.41,2.43
2019-07-29,2.4,77.0,2.33,2.37,2.41,2.43
2019-07-30,2.39,72.0,2.33,2.37,2.41,2.45
2019-07-31,2.4,70.0,2.3,2.37,2.41,2.43
2019-08-01,2.14,81.0,2.05,2.1,2.15,2.2
2019-08-02,2.14,74.0,2.08,2.1,2.15,2.18
2019-08-03,2.14,74.0,2.08,2.1,2.15,2.18
2019-08-04,2.14,74.0,2.08,2.1,2.15,2.18
2019-08-05,2.13,68.0,2.08,2.1,2.14,2.18
2019-08-06,2.13,65.0,2.08,2.1,2.14,2.18
2019-08-07,2.12,66.0,2.08,2.1,2.13,2.18
2019-08-08,2.12,62.0,2.08,2.1,2.13,2.18
2019-08-09,2.12,69.0,2.05,2.1,2.13,2.18
2019-08-10,2.12,69.0,2.05,2.1,2.13,2.18
2019-08-11,2.12,69.0,2.05,2.1,2.13,2.18
2019-08-12,2.12,68.0,2.07,2.1,2.13,2.18
2019-08-13,2.12,66.0,2.07,2.1,2.13,2.18
2019-08-14,2.12,60.0,2.07,2.1,2.13,2.18
2019-08-15,2.13,61.0,2.07,2.11,2.13,2.18
2019-08-16,2.13,62.0,2.05,2.11,2.14,2.18
2019-08-17,2.13,62.0,2.05,2.11,2.14,2.18
2019-08-18,2.13,62.0,2.05,2.11,2.14,2.18
2019-08-19,2.13,56.0,2.08,2.11,2.13,2.18
2019-08-20,2.13,55.0,2.08,2.11,2.14,2.18
2019-08-21,2.12,65.0,2.08,2.11,2.13,2.18
2019-08-22,2.12,65.0,2.07,2.11,2.13,2.18
2019-08-23,2.12,68.0,2.05,2.11,2.13,2.18
2019-08-24,2.12,68.0,2.05,2.11,2.13,2.18
2019-08-25,2.12,68.0,2.05,2.11,2.13,2.18
2019-08-26,2.12,64.0,2.05,2.11,2.13,2.18
2019-08-27,2.12,62.0,2.07,2.11,2.13,2.18
2019-08-28,2.12,62.0,2.05,2.1,2.13,2.18
2019-08-29,2.12,62.0,2.07,2.1,2.13,2.18
2019-08-30,2.13,66.0,2.01,2.11,2.13,2.18
2019-08-31,2.13,66.0,2.01,2.11,2.13,2.18
2019-09-01,2.13,66.0,2.01,2.11,2.13,2.18
2019-09-02,2.13,66.0,2.01,2.11,2.13,2.18
2019-09-03,2.13,71.0,2.08,2.11,2.14,2.2
2019-09-04,2.13,72.0,2.08,2.11,2.14,2.18
2019-09-05,2.13,65.0,2.08,2.11,2.14,2.18
2019-09-06,2.12,69.0,2.07,2.11,2.14,2.16
2019-09-07,2.12,69.0,2.07,2.11,2.14,2.16
2019-09-08,2.12,69.0,2.07,2.11,2.14,2.16
2019-09-09,2.13,64.0,2.07,2.11,2.14,2.18
2019-09-10,2.13,63.0,2.08,2.11,2.14,2.17
2019-09-11,2.13,61.0,2.05,2.11,2.14,2.17
2019-09-12,2.13,60.0,2.08,2.12,2.14,2.16
2019-09-13,2.14,53.0,2.08,2.13,2.15,2.18
2019-09-14,2.14,53.0,2.08,2.13,2.15,2.18
2019-09-15,2.14,53.0,2.08,2.13,2.15,2.18
2019-09-16,2.25,46.0,2.1,2.16,2.45,3.0
2019-09-17,2.3,61.0,2.05,2.15,2.5,4.0
2019-09-18,2.25,58.0,2.08,2.18,2.25,2.5
2019-09-19,1.9,59.0,1.75,1.85,1.9,1.95
2019-09-20,1.9,65.0,1.78,1.85,1.9,1.95
2019-09-21,1.9,65.0,1.78,1.85,1.9,1.95
2019-09-22,1.9,65.0,1.78,1.85,1.9,1.95
2019-09-23,1.9,74.0,1.78,1.85,1.9,1.95
2019-09-24,1.9,71.0,1.78,1.85,1.92,1.95
2019-09-25,1.9,77.0,1.75,1.85,1.93,1.95
2019-09-26,1.85,89.0,1.75,1.8,1.89,1.94
2019-09-27,1.83,85.0,1.77,1.8,1.87,1.91
2019-09-28,1.83,85.0,1.77,1.8,1.87,1.91
2019-09-29,1.83,85.0,1.77,1.8,1.87,1.91
2019-09-30,1.9,59.0,1.78,1.9,1.95,2.0
2019-10-01,1.88,75.0,1.75,1.82,1.89,1.91
2019-10-02,1.85,76.0,1.75,1.8,1.88,1.92
2019-10-03,1.83,80.0,1.75,1.8,1.87,1.9
2019-10-04,1.82,80.0,1.76,1.8,1.85,1.9
2019-10-05,1.82,80.0,1.76,1.8,1.85,1.9
2019-10-06,1.82,80.0,1.76,1.8,1.85,1.9
2019-10-07,1.82,76.0,1.75,1.8,1.83,1.88
2019-10-08,1.82,69.0,1.75,1.8,1.83,1.89
2019-10-09,1.82,66.0,1.75,1.8,1.83,1.88
2019-10-10,1.82,61.0,1.75,1.8,1.83,1.9
2019-10-11,1.82,60.0,1.75,1.8,1.83,1.88
2019-10-12,1.82,60.0,1.75,1.8,1.83,1.88
2019-10-13,1.82,60.0,1.75,1.8,1.83,1.88
2019-10-14,1.82,60.0,1.75,1.8,1.83,1.88
2019-10-15,1.9,69.0,1.78,1.85,1.9,1.95
2019-10-16,1.9,76.0,1.78,1.85,1.95,2.0
2019-10-17,1.85,66.0,1.78,1.85,1.88,1.9
2019-10-18,1.85,61.0,1.77,1.84,1.85,1.9
2019-10-19,1.85,61.0,1.77,1.84,1.85,1.9
2019-10-20,1.85,61.0,1.77,1.84,1.85,1.9
2019-10-21,1.85,60.0,1.78,1.83,1.85,1.89
2019-10-22,1.85,67.0,1.76,1.82,1.85,1.88
2019-10-23,1.85,65.0,1.75,1.81,1.85,1.9
2019-10-24,1.85,65.0,1.75,1.82,1.85,1.89
2019-10-25,1.83,73.0,1.75,1.81,1.84,1.89
2019-10-26,1.83,73.0,1.75,1.81,1.84,1.89
2019-10-27,1.83,73.0,1.75,1.81,1.84,1.89
2019-10-28,1.83,72.0,1.76,1.81,1.83,1.88
2019-10-29,1.82,72.0,1.75,1.8,1.83,1.88
2019-10-30,1.82,69.0,1.78,1.8,1.83,1.88
2019-10-31,1.58,71.0,1.5,1.57,1.6,1.68
2019-11-01,1.57,83.0,1.5,1.55,1.58,1.63
2019-11-02,1.57,83.0,1.5,1.55,1.58,1.63
2019-11-03,1.57,83.0,1.5,1.55,1.58,1.63
2019-11-04,1.56,83.0,1.51,1.55,1.57,1.61
2019-11-05,1.56,81.0,1.52,1.55,1.56,1.63
2019-11-06,1.55,80.0,1.5,1.54,1.56,1.63
2019-11-07,1.55,76.0,1.5,1.54,1.56,1.63
2019-11-08,1.55,71.0,1.52,1.55,1.56,1.62
2019-11-09,1.55,71.0,1.52,1.55,1.56,1.62
2019-11-10,1.55,71.0,1.52,1.55,1.56,1.62
2019-11-11,1.55,71.0,1.52,1.55,1.56,1.62
2019-11-12,1.55,71.0,1.52,1.55,1.57,1.62
2019-11-13,1.55,71.0,1.5,1.54,1.56,1.62
2019-11-14,1.55,68.0,1.5,1.54,1.57,1.63
2019-11-15,1.55,73.0,1.5,1.54,1.56,1.62
2019-11-16,1.55,73.0,1.5,1.54,1.56,1.62
2019-11-17,1.55,73.0,1.5,1.54,1.56,1.62
2019-11-18,1.55,62.0,1.53,1.55,1.57,1.63
2019-11-19,1.55,64.0,1.53,1.55,1.57,1.64
2019-11-20,1.55,70.0,1.52,1.55,1.57,1.64
2019-11-21,1.55,67.0,1.53,1.55,1.57,1.64
2019-11-22,1.55,65.0,1.51,1.55,1.57,1.63
2019-11-23,1.55,65.0,1.51,1.55,1.57,1.63
2019-11-24,1.55,65.0,1.51,1.55,1.57,1.63
2019-11-25,1.55,69.0,1.52,1.54,1.56,1.65
2019-11-26,1.55,71.0,1.52,1.54,1.56,1.63
2019-11-27,1.55,68.0,1.52,1.54,1.56,1.63
2019-11-28,1.55,68.0,1.52,1.54,1.56,1.63
2019-11-29,1.56,70.0,1.52,1.55,1.58,1.63
2019-11-30,1.56,70.0,1.52,1.55,1.58,1.63
2019-12-01,1.56,70.0,1.52,1.55,1.58,1.63
2019-12-02,1.56,72.0,1.53,1.55,1.57,1.63
2019-12-03,1.55,76.0,1.52,1.54,1.56,1.63
2019-12-04,1.55,75.0,1.5,1.54,1.56,1.63
2019-12-05,1.55,70.0,1.5,1.54,1.56,1.62
2019-12-06,1.55,82.0,1.51,1.54,1.56,1.61
2019-12-07,1.55,82.0,1.51,1.54,1.56,1.61
2019-12-08,1.55,82.0,1.51,1.54,1.56,1.61
2019-12-09,1.55,73.0,1.5,1.54,1.56,1.61
2019-12-10,1.55,75.0,1.5,1.54,1.56,1.6
2019-12-11,1.55,73.0,1.52,1.54,1.56,1.61
2019-12-12,1.55,75.0,1.5,1.54,1.56,1.6
2019-12-13,1.55,70.0,1.52,1.54,1.56,1.61
2019-12-14,1.55,70.0,1.52,1.54,1.56,1.61
2019-12-15,1.55,70.0,1.52,1.54,1.56,1.61
2019-12-16,1.56,69.0,1.52,1.55,1.6,1.61
2019-12-17,1.55,68.0,1.51,1.54,1.56,1.6
2019-12-18,1.55,74.0,1.5,1.54,1.56,1.61
2019-12-19,1.55,73.0,1.5,1.54,1.56,1.61
2019-12-20,1.55,69.0,1.5,1.54,1.56,1.61
2019-12-21,1.55,69.0,1.5,1.54,1.56,1.61
2019-12-22,1.55,69.0,1.5,1.54,1.56,1.61
2019-12-23,1.55,69.0,1.5,1.54,1.56,1.62
2019-12-24,1.55,71.0,1.5,1.54,1.56,1.61
2019-12-25,1.55,71.0,1.5,1.54,1.56,1.61
2019-12-26,1.55,75.0,1.5,1.54,1.56,1.61
2019-12-27,1.55,73.0,1.5,1.54,1.56,1.6
2019-12-28,1.55,73.0,1.5,1.54,1.56,1.6
2019-12-29,1.55,73.0,1.5,1.54,1.56,1.6
2019-12-30,1.55,72.0,1.5,1.54,1.56,1.61
2019-12-31,1.55,51.0,1.0,1.53,1.58,1.65
2020-01-01,1.55,51.0,1.0,1.53,1.58,1.65
2020-01-02,1.55,74.0,1.52,1.54,1.55,1.61
2020-01-03,1.55,79.0,1.5,1.54,1.55,1.61
2020-01-04,1.55,79.0,1.5,1.54,1.55,1.61
2020-01-05,1.55,79.0,1.5,1.54,1.55,1.61
2020-01-06,1.55,77.0,1.52,1.54,1.55,1.6
2020-01-07,1.55,80.0,1.51,1.54,1.55,1.6
2020-01-08,1.55,83.0,1.5,1.54,1.55,1.6
2020-01-09,1.55,81.0,1.52,1.54,1.55,1.6
2020-01-10,1.54,83.0,1.51,1.54,1.55,1.6
2020-01-11,1.54,83.0,1.51,1.54,1.55,1.6
2020-01-12,1.54,83.0,1.51,1.54,1.55,1.6
2020-01-13,1.54,85.0,1.51,1.54,1.55,1.6
2020-01-14,1.54,76.0,1.5,1.54,1.55,1.6
2020-01-15,1.54,76.0,1.52,1.54,1.55,1.6
2020-01-16,1.54,78.0,1.51,1.54,1.55,1.6
2020-01-17,1.55,67.0,1.52,1.54,1.56,1.61
2020-01-18,1.55,67.0,1.52,1.54,1.56,1.61
2020-01-19,1.55,67.0,1.52,1.54,1.56,1.61
2020-01-20,1.55,67.0,1.52,1.54,1.56,1.61
2020-01-21,1.55,64.0,1.53,1.54,1.56,1.62
2020-01-22,1.55,69.0,1.52,1.54,1.56,1.63
2020-01-23,1.55,67.0,1.5,1.54,1.56,1.65
2020-01-24,1.55,70.0,1.52,1.54,1.56,1.61
2020-01-25,1.55,70.0,1.52,1.54,1.56,1.61
2020-01-26,1.55,70.0,1.52,1.54,1.56,1.61
2020-01-27,1.55,71.0,1.52,1.54,1.56,1.65
2020-01-28,1.55,69.0,1.52,1.54,1.56,1.63
2020-01-29,1.55,71.0,1.52,1.54,1.56,1.65
2020-01-30,1.6,64.0,1.57,1.59,1.61,1.68
2020-01-31,1.59,78.0,1.5,1.58,1.61,1.66
2020-02-01,1.59,78.0,1.5,1.58,1.61,1.66
2020-02-02,1.59,78.0,1.5,1.58,1.61,1.66
2020-02-03,1.59,79.0,1.55,1.58,1.6,1.66
2020-02-04,1.59,80.0,1.57,1.58,1.6,1.65
2020-02-05,1.59,83.0,1.57,1.58,1.59,1.65
2020-02-06,1.59,79.0,1.55,1.58,1.59,1.65
2020-02-07,1.58,77.0,1.55,1.58,1.59,1.65
2020-02-08,1.58,77.0,1.55,1.58,1.59,1.65
2020-02-09,1.58,77.0,1.55,1.58,1.59,1.65
2020-02-10,1.58,69.0,1.55,1.58,1.59,1.65
2020-02-11,1.58,66.0,1.57,1.58,1.6,1.65
2020-02-12,1.58,74.0,1.55,1.58,1.59,1.64
2020-02-13,1.58,69.0,1.57,1.58,1.6,1.64
2020-02-14,1.58,61.0,1.57,1.58,1.6,1.64
2020-02-15,1.58,61.0,1.57,1.58,1.6,1.64
2020-02-16,1.58,61.0,1.57,1.58,1.6,1.64
2020-02-17,1.58,61.0,1.57,1.58,1.6,1.64
2020-02-18,1.59,61.0,1.57,1.58,1.6,1.65
2020-02-19,1.59,64.0,1.55,1.58,1.6,1.65
2020-02-20,1.59,60.0,1.57,1.58,1.6,1.65
2020-02-21,1.58,65.0,1.55,1.58,1.6,1.65
2020-02-22,1.58,65.0,1.55,1.58,1.6,1.65
2020-02-23,1.58,65.0,1.55,1.58,1.6,1.65
2020-02-24,1.58,63.0,1.55,1.58,1.6,1.65
2020-02-25,1.58,64.0,1.56,1.58,1.6,1.65
2020-02-26,1.58,62.0,1.55,1.58,1.6,1.65
2020-02-27,1.58,65.0,1.5,1.58,1.59,1.65
2020-02-28,1.58,61.0,1.5,1.58,1.6,1.65
2020-02-29,1.58,61.0,1.5,1.58,1.6,1.65
2020-03-01,1.58,61.0,1.5,1.58,1.6,1.65
2020-03-02,1.59,58.0,1.55,1.58,1.6,1.65
2020-03-03,1.59,58.0,1.55,1.58,1.6,1.65
2020-03-04,1.09,80.0,1.05,1.08,1.1,1.15
2020-03-05,1.09,78.0,1.0,1.08,1.1,1.15
2020-03-06,1.09,79.0,1.05,1.08,1.09,1.15
2020-03-07,1.09,79.0,1.05,1.08,1.09,1.15
2020-03-08,1.09,79.0,1.05,1.08,1.09,1.15
2020-03-09,1.09,77.0,1.07,1.08,1.1,1.15
2020-03-10,1.09,77.0,1.05,1.08,1.1,1.15
2020-03-11,1.09,80.0,1.07,1.08,1.1,1.15
2020-03-12,1.1,61.0,1.05,1.08,1.12,1.15
2020-03-13,1.1,65.0,0.95,1.08,1.12,1.3
2020-03-14,1.1,65.0,0.95,1.08,1.12,1.3
2020-03-15,1.1,65.0,0.95,1.08,1.12,1.3
2020-03-16,0.25,80.0,0.05,0.1,0.5,0.5
2020-03-17,0.25,85.0,0.05,0.1,0.35,0.55
2020-03-18,0.25,82.0,0.05,0.15,0.5,0.5
2020-03-19,0.2,103.0,0.05,0.09,0.3,0.5
2020-03-20,0.15,87.0,0.05,0.1,0.25,0.5
2020-03-21,0.15,87.0,0.05,0.1,0.25,0.5
2020-03-22,0.15,87.0,0.05,0.1,0.25,0.5
2020-03-23,0.15,82.0,0.05,0.1,0.25,0.5
2020-03-24,0.12,95.0,0.05,0.09,0.25,0.5
2020-03-25,0.1,102.0,0.05,0.08,0.2,0.5
2020-03-26,0.1,101.0,0.05,0.08,0.15,0.4
2020-03-27,0.1,94.0,0.05,0.07,0.1,0.35
2020-03-28,0.1,94.0,0.05,0.07,0.1,0.35
2020-03-29,0.1,94.0,0.05,0.07,0.1,0.35
2020-03-30,0.09,84.0,0.03,0.07,0.13,0.25
2020-03-31,0.08,78.0,0.01,0.05,0.15,0.25
2020-04-01,0.06,92.0,0.03,0.05,0.08,0.2
2020-04-02,0.05,90.0,0.03,0.05,0.08,0.19
2020-04-03,0.05,87.0,0.04,0.05,0.08,0.17
2020-04-04,0.05,87.0,0.04,0.05,0.08,0.17
2020-04-05,0.05,87.0,0.04,0.05,0.08,0.17
2020-04-06,0.05,84.0,0.03,0.05,0.06,0.16
2020-04-07,0.05,85.0,0.03,0.05,0.06,0.16
2020-04-08,0.05,85.0,0.04,0.05,0.05,0.16
2020-04-09,0.05,83.0,0.03,0.05,0.06,0.17
2020-04-10,0.05,88.0,0.03,0.05,0.05,0.17
2020-04-11,0.05,88.0,0.03,0.05,0.05,0.17
2020-04-12,0.05,88.0,0.03,0.05,0.05,0.17
2020-04-13,0.05,95.0,0.03,0.05,0.05,0.17
2020-04-14,0.05,92.0,0.03,0.05,0.05,0.17
2020-04-15,0.05,101.0,0.04,0.05,0.05,0.17
2020-04-16,0.05,99.0,0.04,0.05,0.05,0.15
2020-04-17,0.05,101.0,0.03,0.05,0.05,0.17
2020-04-18,0.05,101.0,0.03,0.05,0.05,0.17
2020-04-19,0.05,101.0,0.03,0.05,0.05,0.17
2020-04-20,0.05,106.0,0.03,0.05,0.05,0.17
2020-04-21,0.05,104.0,0.03,0.04,0.05,0.17
2020-04-22,0.05,107.0,0.03,0.04,0.05,0.17
2020-04-23,0.04,107.0,0.03,0.04,0.05,0.17
2020-04-24,0.05,99.0,0.03,0.04,0.05,0.17
2020-04-25,0.05,99.0,0.03,0.04,0.05,0.17
2020-04-26,0.05,99.0,0.03,0.04,0.05,0.17
2020-04-27,0.04,100.0,0.03,0.04,0.05,0.17
2020-04-28,0.04,97.0,0.03,0.04,0.05,0.17
2020-04-29,0.04,99.0,0.03,0.04,0.05,0.17
2020-04-30,0.05,92.0,0.03,0.04,0.05,0.16
2020-05-01,0.05,92.0,0.03,0.04,0.05,0.15
2020-05-02,0.05,92.0,0.03,0.04,0.05,0.15
2020-05-03,0.05,92.0,0.03,0.04,0.05,0.15
2020-05-04,0.05,90.0,0.03,0.05,0.05,0.15
2020-05-05,0.05,92.0,0.03,0.05,0.05,0.15
2020-05-06,0.05,90.0,0.04,0.05,0.05,0.15
2020-05-07,0.05,92.0,0.04,0.05,0.05,0.15
2020-05-08,0.05,85.0,0.04,0.05,0.05,0.15
2020-05-09,0.05,85.0,0.04,0.05,0.05,0.15
2020-05-10,0.05,85.0,0.04,0.05,0.05,0.15
2020-05-11,0.05,84.0,0.05,0.05,0.05,0.15
2020-05-12,0.05,88.0,0.05,0.05,0.05,0.15
2020-05-13,0.05,90.0,0.04,0.05,0.05,0.15
2020-05-14,0.05,92.0,0.04,0.05,0.05,0.15
2020-05-15,0.05,93.0,0.04,0.05,0.05,0.15
2020-05-16,0.05,93.0,0.04,0.05,0.05,0.15
2020-05-17,0.05,93.0,0.04,0.05,0.05,0.15
2020-05-18,0.05,87.0,0.04,0.05,0.05,0.15
2020-05-19,0.05,86.0,0.04,0.05,0.05,0.15
2020-05-20,0.05,86.0,0.04,0.05,0.05,0.15
2020-05-21,0.05,85.0,0.04,0.05,0.05,0.15
2020-05-22,0.05,78.0,0.04,0.05,0.06,0.15
2020-05-23,0.05,78.0,0.04,0.05,0.06,0.15
2020-05-24,0.05,78.0,0.04,0.05,0.06,0.15
2020-05-25,0.05,78.0,0.04,0.05,0.06,0.15
2020-05-26,0.05,76.0,0.04,0.05,0.06,0.15
2020-05-27,0.05,79.0,0.04,0.05,0.05,0.14
2020-05-28,0.05,70.0,0.05,0.05,0.06,0.14
2020-05-29,0.05,65.0,0.05,0.05,0.06,0.14
2020-05-30,0.05,65.0,0.05,0.05,0.06,0.14
2020-05-31,0.05,65.0,0.05,0.05,0.06,0.14
2020-06-01,0.05,66.0,0.05,0.05,0.06,0.14
2020-06-02,0.06,68.0,0.05,0.06,0.06,0.14
2020-06-03,0.06,62.0,0.05,0.06,0.07,0.14
2020-06-04,0.06,61.0,0.05,0.06,0.07,0.14
2020-06-05,0.07,57.0,0.05,0.06,0.08,0.13
2020-06-06,0.07,57.0,0.05,0.06,0.08,0.13
2020-06-07,0.07,57.0,0.05,0.06,0.08,0.13
2020-06-08,0.07,60.0,0.05,0.07,0.08,0.13
2020-06-09,0.07,59.0,0.05,0.07,0.08,0.1
2020-06-10,0.08,53.0,0.03,0.07,0.09,0.1
2020-06-11,0.08,55.0,0.03,0.07,0.09,0.11
2020-06-12,0.08,52.0,0.02,0.07,0.09,0.11
2020-06-13,0.08,52.0,0.02,0.07,0.09,0.11
2020-06-14,0.08,52.0,0.02,0.07,0.09,0.11
2020-06-15,0.09,55.0,0.03,0.08,0.09,0.11
2020-06-16,0.09,57.0,0.04,0.08,0.09,0.12
2020-06-17,0.09,59.0,0.05,0.08,0.1,0.12
2020-06-18,0.09,65.0,0.04,0.08,0.09,0.11
2020-06-19,0.09,73.0,0.03,0.08,0.09,0.11
2020-06-20,0.09,73.0,0.03,0.08,0.09,0.11
2020-06-21,0.09,73.0,0.03,0.08,0.09,0.11
2020-06-22,0.08,76.0,0.03,0.08,0.09,0.11
2020-06-23,0.08,71.0,0.03,0.08,0.09,0.11
2020-06-24,0.08,74.0,0.03,0.08,0.09,0.11
2020-06-25,0.08,79.0,0.03,0.08,0.09,0.11
2020-06-26,0.08,78.0,0.03,0.08,0.09,0.11
2020-06-27,0.08,78.0,0.03,0.08,0.09,0.11
2020-06-28,0.08,78.0,0.03,0.08,0.09,0.11
2020-06-29,0.08,71.0,0.03,0.08,0.09,0.1
2020-06-30,0.08,58.0,0.02,0.08,0.09,0.11
2020-07-01,0.08,66.0,0.03,0.08,0.09,0.11
2020-07-02,0.09,65.0,0.03,0.08,0.09,0.1
2020-07-03,0.09,65.0,0.05,0.08,0.09,0.1
2020-07-04,0.09,65.0,0.05,0.08,0.09,0.1
2020-07-05,0.09,65.0,0.05,0.08,0.09,0.1
2020-07-06,0.09,62.0,0.05,0.08,0.1,0.11
2020-07-07,0.09,59.0,0.04,0.08,0.1,0.11
2020-07-08,0.09,59.0,0.03,0.08,0.09,0.11
2020-07-09,0.09,60.0,0.05,0.08,0.09,0.11
2020-07-10,0.09,56.0,0.04,0.08,0.09,0.11
2020-07-11,0.09,56.0,0.04,0.08,0.09,0.11
2020-07-12,0.09,56.0,0.04,0.08,0.09,0.11
2020-07-13,0.09,54.0,0.04,0.08,0.1,0.12
2020-07-14,0.09,54.0,0.05,0.08,0.1,0.11
2020-07-15,0.1,55.0,0.05,0.09,0.11,0.12
2020-07-16,0.1,55.0,0.05,0.09,0.1,0.11
2020-07-17,0.09,49.0,0.05,0.09,0.1,0.11
2020-07-18,0.09,49.0,0.05,0.09,0.1,0.11
2020-07-19,0.09,49.0,0.05,0.09,0.1,0.11
2020-07-20,0.1,43.0,0.05,0.09,0.1,0.11
2020-07-21,0.1,44.0,0.05,0.09,0.1,0.11
2020-07-22,0.09,47.0,0.05,0.09,0.1,0.11
2020-07-23,0.09,50.0,0.05,0.09,0.1,0.12
2020-07-24,0.09,45.0,0.05,0.09,0.1,0.11
2020-07-25,0.09,45.0,0.05,0.09,0.1,0.11
2020-07-26,0.09,45.0,0.05,0.09,0.1,0.11
2020-07-27,0.1,46.0,0.05,0.09,0.1,0.15
2020-07-28,0.1,47.0,0.05,0.09,0.1,0.11
2020-07-29,0.1,46.0,0.05,0.09,0.1,0.11
2020-07-30,0.1,56.0,0.06,0.09,0.1,0.12
2020-07-31,0.1,50.0,0.07,0.08,0.1,0.11
2020-08-01,0.1,50.0,0.07,0.08,0.1,0.11
2020-08-02,0.1,50.0,0.07,0.08,0.1,0.11
2020-08-03,0.1,51.0,0.05,0.09,0.1,0.11
2020-08-04,0.1,53.0,0.05,0.09,0.1,0.11
2020-08-05,0.1,53.0,0.05,0.09,0.1,0.12
2020-08-06,0.1,56.0,0.05,0.09,0.1,0.11
2020-08-07,0.1,54.0,0.05,0.09,0.1,0.11
2020-08-08,0.1,54.0,0.05,0.09,0.1,0.11
2020-08-09,0.1,54.0,0.05,0.09,0.1,0.11
2020-08-10,0.1,51.0,0.05,0.09,0.1,0.15
2020-08-11,0.1,54.0,0.05,0.09,0.1,0.12
2020-08-12,0.1,55.0,0.05,0.09,0.1,0.12
2020-08-13,0.1,56.0,0.05,0.09,0.1,0.11
2020-08-14,0.1,56.0,0.05,0.09,0.1,0.11
2020-08-15,0.1,56.0,0.05,0.09,0.1,0.11
2020-08-16,0.1,56.0,0.05,0.09,0.1,0.11
2020-08-17,0.1,57.0,0.05,0.09,0.1,0.11
2020-08-18,0.09,57.0,0.05,0.09,0.1,0.11
2020-08-19,0.09,58.0,0.05,0.09,0.1,0.11
2020-08-20,0.09,59.0,0.06,0.08,0.09,0.2
2020-08-21,0.09,59.0,0.06,0.08,0.09,0.11
2020-08-22,0.09,59.0,0.06,0.08,0.09,0.11
2020-08-23,0.09,59.0,0.06,0.08,0.09,0.11
2020-08-24,0.09,58.0,0.05,0.08,0.09,0.11
2020-08-25,0.09,66.0,0.06,0.08,0.09,0.11
2020-08-26,0.09,65.0,0.05,0.08,0.09,0.11
2020-08-27,0.08,69.0,0.07,0.08,0.09,0.11
2020-08-28,0.09,66.0,0.07,0.08,0.09,0.11
2020-08-29,0.09,66.0,0.07,0.08,0.09,0.11
2020-08-30,0.09,66.0,0.07,0.08,0.09,0.11
2020-08-31,0.09,63.0,0.03,0.08,0.09,0.12
2020-09-01,0.09,62.0,0.07,0.08,0.09,0.11
2020-09-02,0.09,63.0,0.07,0.08,0.09,0.11
2020-09-03,0.09,63.0,0.06,0.08,0.09,0.11
2020-09-04,0.09,59.0,0.07,0.08,0.09,0.11
2020-09-05,0.09,59.0,0.07,0.08,0.09,0.11
2020-09-06,0.09,59.0,0.07,0.08,0.09,0.11
2020-09-07,0.09,59.0,0.07,0.08,0.09,0.11
2020-09-08,0.09,63.0,0.08,0.08,0.09,0.11
2020-09-09,0.09,59.0,0.07,0.08,0.09,0.11
2020-09-10,0.09,64.0,0.07,0.08,0.09,0.11
2020-09-11,0.09,52.0,0.06,0.08,0.1,0.11
2020-09-12,0.09,52.0,0.06,0.08,0.1,0.11
2020-09-13,0.09,52.0,0.06,0.08,0.1,0.11
2020-09-14,0.09,57.0,0.07,0.08,0.09,0.11
2020-09-15,0.09,55.0,0.07,0.09,0.09,0.11
2020-09-16,0.09,61.0,0.06,0.08,0.09,0.11
2020-09-17,0.09,73.0,0.06,0.08,0.09,0.11
2020-09-18,0.09,68.0,0.07,0.08,0.09,0.11
2020-09-19,0.09,68.0,0.07,0.08,0.09,0.11
2020-09-20,0.09,68.0,0.07,0.08,0.09,0.11
2020-09-21,0.09,64.0,0.07,0.08,0.09,0.11
2020-09-22,0.09,66.0,0.06,0.08,0.09,0.11
2020-09-23,0.09,70.0,0.05,0.08,0.09,0.11
2020-09-24,0.09,72.0,0.06,0.08,0.09,0.11
2020-09-25,0.09,68.0,0.07,0.08,0.09,0.11
2020-09-26,0.09,68.0,0.07,0.08,0.09,0.11
2020-09-27,0.09,68.0,0.07,0.08,0.09,0.11
2020-09-28,0.09,70.0,0.05,0.08,0.09,0.11
2020-09-29,0.09,64.0,0.06,0.08,0.09,0.12
2020-09-30,0.09,47.0,0.03,0.07,0.09,0.12
2020-10-01,0.09,61.0,0.07,0.08,0.09,0.11
2020-10-02,0.09,55.0,0.07,0.08,0.09,0.11
2020-10-03,0.09,55.0,0.07,0.08,0.09,0.11
2020-10-04,0.09,55.0,0.07,0.08,0.09,0.11
2020-10-05,0.09,57.0,0.07,0.08,0.09,0.11
2020-10-06,0.09,61.0,0.07,0.08,0.09,0.11
2020-10-07,0.09,58.0,0.07,0.08,0.09,0.1
2020-10-08,0.09,56.0,0.07,0.08,0.09,0.1
2020-10-09,0.09,52.0,0.05,0.08,0.09,0.1
2020-10-10,0.09,52.0,0.05,0.08,0.09,0.1
2020-10-11,0.09,52.0,0.05,0.08,0.09,0.1
2020-10-12,0.09,52.0,0.05,0.08,0.09,0.1
2020-10-13,0.09,54.0,0.05,0.08,0.09,0.1
2020-10-14,0.09,54.0,0.06,0.08,0.09,0.1
2020-10-15,0.09,58.0,0.05,0.08,0.09,0.1
2020-10-16,0.09,59.0,0.05,0.08,0.09,0.11
2020-10-17,0.09,59.0,0.05,0.08,0.09,0.11
2020-10-18,0.09,59.0,0.05,0.08,0.09,0.11
2020-10-19,0.09,54.0,0.06,0.08,0.09,0.11
2020-10-20,0.09,54.0,0.05,0.08,0.09,0.1
2020-10-21,0.09,59.0,0.05,0.08,0.09,0.1
2020-10-22,0.09,61.0,0.05,0.08,0.09,0.1
2020-10-23,0.09,57.0,0.05,0.08,0.09,0.1
2020-10-24,0.09,57.0,0.05,0.08,0.09,0.1
2020-10-25,0.09,57.0,0.05,0.08,0.09,0.1
2020-10-26,0.09,58.0,0.05,0.08,0.09,0.1
2020-10-27,0.09,60.0,0.05,0.08,0.09,0.1
2020-10-28,0.09,59.0,0.05,0.08,0.09,0.1
2020-10-29,0.09,59.0,0.05,0.08,0.09,0.1
2020-10-30,0.09,56.0,0.04,0.08,0.09,0.11
2020-10-31,0.09,56.0,0.04,0.08,0.09,0.11
2020-11-01,0.09,56.0,0.04,0.08,0.09,0.11
2020-11-02,0.09,58.0,0.05,0.08,0.09,0.11
2020-11-03,0.09,64.0,0.05,0.08,0.09,0.1
2020-11-04,0.09,67.0,0.05,0.08,0.09,0.1
2020-11-05,0.09,65.0,0.05,0.08,0.09,0.1
2020-11-06,0.09,61.0,0.05,0.08,0.09,0.1
2020-11-07,0.09,61.0,0.05,0.08,0.09,0.1
2020-11-08,0.09,61.0,0.05,0.08,0.09,0.1
2020-11-09,0.09,57.0,0.05,0.08,0.09,0.11
2020-11-10,0.09,57.0,0.05,0.08,0.09,0.1
2020-11-11,0.09,57.0,0.05,0.08,0.09,0.1
2020-11-12,0.09,57.0,0.06,0.08,0.09,0.1
2020-11-13,0.09,55.0,0.05,0.08,0.09,0.1
2020-11-14,0.09,55.0,0.05,0.08,0.09,0.1
2020-11-15,0.09,55.0,0.05,0.08,0.09,0.1
2020-11-16,0.09,58.0,0.05,0.08,0.09,0.1
2020-11-17,0.09,60.0,0.05,0.08,0.09,0.1
2020-11-18,0.09,60.0,0.05,0.08,0.09,0.1
2020-11-19,0.08,62.0,0.05,0.08,0.09,0.1
2020-11-20,0.08,64.0,0.05,0.08,0.09,0.11
2020-11-21,0.08,64.0,0.05,0.08,0.09,0.11
2020-11-22,0.08,64.0,0.05,0.08,0.09,0.11
2020-11-23,0.08,62.0,0.05,0.08,0.09,0.1
2020-11-24,0.08,62.0,0.05,0.08,0.09,0.1
2020-11-25,0.08,66.0,0.05,0.08,0.09,0.1
2020-11-26,0.08,66.0,0.05,0.08,0.09,0.1
2020-11-27,0.08,61.0,0.05,0.08,0.09,0.1
2020-11-28,0.08,61.0,0.05,0.08,0.09,0.1
2020-11-29,0.08,61.0,0.05,0.08,0.09,0.1
2020-11-30,0.09,57.0,0.01,0.08,0.09,0.11
2020-12-01,0.09,56.0,0.05,0.08,0.09,0.1
2020-12-02,0.09,55.0,0.05,0.08,0.09,0.1
2020-12-03,0.09,60.0,0.05,0.08,0.09,0.11
2020-12-04,0.09,56.0,0.05,0.08,0.09,0.1
2020-12-05,0.09,56.0,0.05,0.08,0.09,0.1
2020-12-06,0.09,56.0,0.05,0.08,0.09,0.1
2020-12-07,0.09,57.0,0.05,0.08,0.09,0.1
2020-12-08,0.09,57.0,0.05,0.08,0.09,0.1
2020-12-09,0.09,57.0,0.05,0.08,0.09,0.1
2020-12-10,0.09,57.0,0.05,0.08,0.09,0.1
2020-12-11,0.09,51.0,0.05,0.08,0.09,0.1
2020-12-12,0.09,51.0,0.05,0.08,0.09,0.1
2020-12-13,0.09,51.0,0.05,0.08,0.09,0.1
2020-12-14,0.09,51.0,0.06,0.08,0.09,0.11
2020-12-15,0.09,50.0,0.06,0.08,0.09,0.1
2020-12-16,0.09,57.0,0.06,0.08,0.09,0.1
2020-12-17,0.09,58.0,0.05,0.08,0.09,0.1
2020-12-18,0.09,57.0,0.06,0.08,0.09,0.12
2020-12-19,0.09,57.0,0.06,0.08,0.09,0.12
2020-12-20,0.09,57.0,0.06,0.08,0.09,0.12
2020-12-21,0.09,66.0,0.06,0.08,0.09,0.11
2020-12-22,0.09,66.0,0.06,0.08,0.09,0.11
2020-12-23,0.09,70.0,0.05,0.08,0.09,0.1
2020-12-24,0.09,70.0,0.05,0.08,0.09,0.1
2020-12-25,0.09,70.0,0.05,0.08,0.09,0.1
2020-12-26,0.09,70.0,0.05,0.08,0.09,0.1
2020-12-27,0.09,70.0,0.05,0.08,0.09,0.1
2020-12-28,0.09,73.0,0.05,0.08,0.09,0.1
2020-12-29,0.09,69.0,0.05,0.08,0.09,0.12
2020-12-30,0.09,62.0,0.06,0.08,0.09,0.1
2020-12-31,0.09,34.0,0.04,0.08,0.1,0.12
2021-01-01,0.09,34.0,0.04,0.08,0.1,0.12
2021-01-02,0.09,34.0,0.04,0.08,0.1,0.12
2021-01-03,0.09,34.0,0.04,0.08,0.1,0.12
2021-01-04,0.09,57.0,0.03,0.08,0.09,0.1
2021-01-05,0.09,55.0,0.05,0.08,0.09,0.1
2021-01-06,0.09,56.0,0.05,0.08,0.09,0.1
2021-01-07,0.09,59.0,0.05,0.08,0.09,0.11
2021-01-08,0.09,55.0,0.04,0.08,0.09,0.11
2021-01-09,0.09,55.0,0.04,0.08,0.09,0.11
2021-01-10,0.09,55.0,0.04,0.08,0.09,0.11
2021-01-11,0.09,55.0,0.05,0.08,0.09,0.11
2021-01-12,0.09,61.0,0.04,0.08,0.09,0.11
2021-01-13,0.09,64.0,0.05,0.08,0.09,0.12
2021-01-14,0.09,64.0,0.05,0.08,0.09,0.11
2021-01-15,0.09,64.0,0.05,0.08,0.09,0.11
2021-01-16,0.09,64.0,0.05,0.08,0.09,0.11
2021-01-17,0.09,64.0,0.05,0.08,0.09,0.11
2021-01-18,0.09,64.0,0.05,0.08,0.09,0.11
2021-01-19,0.09,61.0,0.05,0.08,0.09,0.12
2021-01-20,0.09,72.0,0.05,0.08,0.09,0.12
2021-01-21,0.08,74.0,0.05,0.08,0.09,0.12
2021-01-22,0.08,70.0,0.05,0.08,0.09,0.11
2021-01-23,0.08,70.0,0.05,0.08,0.09,0.11
2021-01-24,0.08,70.0,0.05,0.08,0.09,0.11
2021-01-25,0.08,74.0,0.05,0.08,0.09,0.11
2021-01-26,0.08,74.0,0.05,0.08,0.08,0.1
2021-01-27,0.08,71.0,0.04,0.07,0.08,0.11
2021-01-28,0.07,67.0,0.05,0.07,0.08,0.11
2021-01-29,0.07,62.0,0.03,0.07,0.08,0.11
2021-01-30,0.07,62.0,0.03,0.07,0.08,0.11
2021-01-31,0.07,62.0,0.03,0.07,0.08,0.11
2021-02-01,0.08,64.0,0.05,0.07,0.08,0.11
2021-02-02,0.08,67.0,0.05,0.08,0.08,0.11
2021-02-03,0.08,67.0,0.05,0.08,0.08,0.11
2021-02-04,0.08,69.0,0.05,0.08,0.08,0.11
2021-02-05,0.08,72.0,0.05,0.07,0.08,0.1
2021-02-06,0.08,72.0,0.05,0.07,0.08,0.1
2021-02-07,0.08,72.0,0.05,0.07,0.08,0.1
2021-02-08,0.07,72.0,0.05,0.07,0.08,0.1
2021-02-09,0.08,73.0,0.05,0.07,0.08,0.1
2021-02-10,0.08,68.0,0.05,0.07,0.08,0.1
2021-02-11,0.08,67.0,0.05,0.07,0.08,0.1
2021-02-12,0.08,63.0,0.05,0.07,0.08,0.11
2021-02-13,0.08,63.0,0.05,0.07,0.08,0.11
2021-02-14,0.08,63.0,0.05,0.07,0.08,0.11
2021-02-15,0.08,63.0,0.05,0.07,0.08,0.11
2021-02-16,0.08,65.0,0.05,0.07,0.08,0.11
2021-02-17,0.08,66.0,0.05,0.07,0.08,0.1
2021-02-18,0.07,73.0,0.05,0.07,0.08,0.1
2021-02-19,0.07,71.0,0.05,0.07,0.08,0.1
2021-02-20,0.07,71.0,0.05,0.07,0.08,0.1
2021-02-21,0.07,71.0,0.05,0.07,0.08,0.1
2021-02-22,0.07,70.0,0.05,0.07,0.08,0.1
2021-02-23,0.07,70.0,0.05,0.07,0.08,0.1
2021-02-24,0.07,70.0,0.05,0.07,0.08,0.11
2021-02-25,0.07,77.0,0.05,0.07,0.08,0.1
2021-02-26,0.07,71.0,0.03,0.07,0.08,0.1
2021-02-27,0.07,71.0,0.03,0.07,0.08,0.1
2021-02-28,0.07,71.0,0.03,0.07,0.08,0.1
2021-03-01,0.07,68.0,0.05,0.07,0.08,0.1
2021-03-02,0.07,68.0,0.05,0.07,0.08,0.1
2021-03-03,0.07,68.0,0.05,0.07,0.08,0.1
2021-03-04,0.07,69.0,0.05,0.07,0.08,0.1
2021-03-05,0.07,69.0,0.05,0.07,0.08,0.1
2021-03-06,0.07,69.0,0.05,0.07,0.08,0.1
2021-03-07,0.07,69.0,0.05,0.07,0.08,0.1
2021-03-08,0.07,66.0,0.05,0.07,0.08,0.1
2021-03-09,0.07,69.0,0.05,0.07,0.08,0.1
2021-03-10,0.07,66.0,0.05,0.07,0.08,0.1
2021-03-11,0.07,67.0,0.04,0.07,0.08,0.1
2021-03-12,0.07,63.0,0.05,0.07,0.08,0.1
2021-03-13,0.07,63.0,0.05,0.07,0.08,0.1
2021-03-14,0.07,63.0,0.05,0.07,0.08,0.1
2021-03-15,0.07,70.0,0.05,0.07,0.08,0.1
2021-03-16,0.07,69.0,0.05,0.07,0.08,0.1
2021-03-17,0.07,72.0,0.05,0.07,0.08,0.1
2021-03-18,0.07,75.0,0.05,0.07,0.08,0.1
2021-03-19,0.07,72.0,0.05,0.07,0.08,0.1
2021-03-20,0.07,72.0,0.05,0.07,0.08,0.1
2021-03-21,0.07,72.0,0.05,0.07,0.08,0.1
2021-03-22,0.07,68.0,0.05,0.07,0.08,0.13
2021-03-23,0.07,71.0,0.05,0.07,0.08,0.1
2021-03-24,0.07,70.0,0.05,0.07,0.08,0.1
2021-03-25,0.07,79.0,0.05,0.07,0.08,0.1
2021-03-26,0.07,75.0,0.05,0.07,0.08,0.1
2021-03-27,0.07,75.0,0.05,0.07,0.08,0.1
2021-03-28,0.07,75.0,0.05,0.07,0.08,0.1
2021-03-29,0.07,74.0,0.05,0.07,0.08,0.1
2021-03-30,0.07,76.0,0.05,0.06,0.08,0.1
2021-03-31,0.06,56.0,0.02,0.05,0.07,0.1
2021-04-01,0.07,72.0,0.05,0.06,0.08,0.1
2021-04-02,0.07,72.0,0.05,0.06,0.08,0.1
2021-04-03,0.07,72.0,0.05,0.06,0.08,0.1
2021-04-04,0.07,72.0,0.05,0.06,0.08,0.1
2021-04-05,0.07,73.0,0.05,0.06,0.08,0.1
2021-04-06,0.07,74.0,0.05,0.06,0.08,0.1
2021-04-07,0.07,73.0,0.05,0.06,0.08,0.1
2021-04-08,0.07,75.0,0.04,0.06,0.08,0.1
2021-04-09,0.07,69.0,0.05,0.06,0.08,0.1
2021-04-10,0.07,69.0,0.05,0.06,0.08,0.1
2021-04-11,0.07,69.0,0.05,0.06,0.08,0.1
2021-04-12,0.07,68.0,0.05,0.06,0.08,0.1
2021-04-13,0.07,67.0,0.05,0.06,0.08,0.1
2021-04-14,0.07,68.0,0.05,0.06,0.08,0.1
2021-04-15,0.07,66.0,0.05,0.06,0.08,0.1
2021-04-16,0.07,66.0,0.05,0.06,0.08,0.1
2021-04-17,0.07,66.0,0.05,0.06,0.08,0.1
2021-04-18,0.07,66.0,0.05,0.06,0.08,0.1
2021-04-19,0.07,65.0,0.05,0.06,0.08,0.1
2021-04-20,0.07,70.0,0.05,0.06,0.08,0.1
2021-04-21,0.07,72.0,0.05,0.06,0.08,0.1
2021-04-22,0.07,70.0,0.05,0.06,0.08,0.1
2021-04-23,0.07,66.0,0.05,0.06,0.08,0.1
2021-04-24,0.07,66.0,0.05,0.06,0.08,0.1
2021-04-25,0.07,66.0,0.05,0.06,0.08,0.1
2021-04-26,0.07,72.0,0.05,0.06,0.07,0.1
2021-04-27,0.07,65.0,0.05,0.06,0.08,0.1
2021-04-28,0.07,67.0,0.05,0.05,0.08,0.1
2021-04-29,0.06,72.0,0.04,0.05,0.08,0.1
2021-04-30,0.05,70.0,0.02,0.03,0.07,0.1
2021-05-01,0.05,70.0,0.02,0.03,0.07,0.1
2021-05-02,0.05,70.0,0.02,0.03,0.07,0.1
2021-05-03,0.06,74.0,0.04,0.05,0.07,0.13
2021-05-04,0.06,73.0,0.04,0.05,0.07,0.1
2021-05-05,0.06,73.0,0.04,0.05,0.07,0.13
2021-05-06,0.06,72.0,0.04,0.05,0.07,0.1
2021-05-07,0.06,69.0,0.04,0.05,0.07,0.1
2021-05-08,0.06,69.0,0.04,0.05,0.07,0.1
2021-05-09,0.06,69.0,0.04,0.05,0.07,0.1
2021-05-10,0.06,66.0,0.04,0.05,0.07,0.1
2021-05-11,0.06,64.0,0.04,0.05,0.07,0.1
2021-05-12,0.06,67.0,0.04,0.05,0.07,0.1
2021-05-13,0.06,63.0,0.04,0.05,0.07,0.1
2021-05-14,0.06,62.0,0.04,0.05,0.07,0.1
2021-05-15,0.06,62.0,0.04,0.05,0.07,0.1
2021-05-16,0.06,62.0,0.04,0.05,0.07,0.1
2021-05-17,0.06,63.0,0.03,0.05,0.07,0.1
2021-05-18,0.06,63.0,0.04,0.05,0.07,0.1
2021-05-19,0.06,60.0,0.04,0.05,0.07,0.1
2021-05-20,0.06,66.0,0.05,0.05,0.07,0.1
2021-05-21,0.06,65.0,0.04,0.05,0.07,0.1
2021-05-22,0.06,65.0,0.04,0.05,0.07,0.1
2021-05-23,0.06,65.0,0.04,0.05,0.07,0.1
2021-05-24,0.06,64.0,0.04,0.05,0.07,0.1
2021-05-25,0.06,65.0,0.03,0.05,0.07,0.11
2021-05-26,0.06,64.0,0.04,0.05,0.07,0.12
2021-05-27,0.06,67.0,0.04,0.05,0.07,0.1
2021-05-28,0.05,61.0,0.01,0.03,0.07,0.12
2021-05-29,0.05,61.0,0.01,0.03,0.07,0.12
2021-05-30,0.05,61.0,0.01,0.03,0.07,0.12
2021-05-31,0.05,61.0,0.01,0.03,0.07,0.12
2021-06-01,0.06,60.0,0.04,0.05,0.07,0.14
2021-06-02,0.06,70.0,0.04,0.05,0.07,0.1
2021-06-03,0.06,69.0,0.04,0.05,0.07,0.1
2021-06-04,0.06,68.0,0.04,0.05,0.07,0.1
2021-06-05,0.06,68.0,0.04,0.05,0.07,0.1
2021-06-06,0.06,68.0,0.04,0.05,0.07,0.1
2021-06-07,0.06,67.0,0.04,0.05,0.06,0.1
2021-06-08,0.06,64.0,0.04,0.05,0.07,0.1
2021-06-09,0.06,64.0,0.04,0.05,0.07,0.1
2021-06-10,0.06,63.0,0.04,0.05,0.07,0.1
2021-06-11,0.06,60.0,0.04,0.05,0.07,0.1
2021-06-12,0.06,60.0,0.04,0.05,0.07,0.1
2021-06-13,0.06,60.0,0.04,0.05,0.07,0.1
2021-06-14,0.06,58.0,0.04,0.05,0.07,0.1
2021-06-15,0.06,60.0,0.04,0.05,0.07,0.1
2021-06-16,0.06,62.0,0.04,0.05,0.07,0.1
2021-06-17,0.1,64.0,0.05,0.09,0.1,0.11
2021-06-18,0.1,68.0,0.07,0.09,0.1,0.11
2021-06-19,0.1,68.0,0.07,0.09,0.1,0.11
2021-06-20,0.1,68.0,0.07,0.09,0.1,0.11
2021-06-21,0.1,66.0,0.08,0.09,0.1,0.11
2021-06-22,0.1,70.0,0.08,0.09,0.1,0.11
2021-06-23,0.1,71.0,0.05,0.09,0.1,0.11
2021-06-24,0.1,74.0,0.07,0.09,0.1,0.11
2021-06-25,0.1,77.0,0.07,0.09,0.1,0.11
2021-06-26,0.1,77.0,0.07,0.09,0.1,0.11
2021-06-27,0.1,77.0,0.07,0.09,0.1,0.11
2021-06-28,0.1,77.0,0.05,0.09,0.1,0.11
2021-06-29,0.1,75.0,0.07,0.09,0.1,0.11
2021-06-30,0.08,49.0,0.04,0.06,0.1,0.11
2021-07-01,0.1,70.0,0.05,0.09,0.1,0.11
2021-07-02,0.1,81.0,0.05,0.09,0.1,0.11
2021-07-03,0.1,81.0,0.05,0.09,0.1,0.11
2021-07-04,0.1,81.0,0.05,0.09,0.1,0.11
2021-07-05,0.1,81.0,0.05,0.09,0.1,0.11
2021-07-06,0.1,76.0,0.05,0.09,0.1,0.11
2021-07-07,0.1,77.0,0.05,0.09,0.1,0.11
2021-07-08,0.1,76.0,0.05,0.09,0.1,0.11
2021-07-09,0.1,75.0,0.07,0.08,0.1,0.11
2021-07-10,0.1,75.0,0.07,0.08,0.1,0.11
2021-07-11,0.1,75.0,0.07,0.08,0.1,0.11
2021-07-12,0.1,75.0,0.05,0.08,0.1,0.11
2021-07-13,0.1,74.0,0.07,0.08,0.1,0.11
2021-07-14,0.1,72.0,0.06,0.08,0.1,0.11
2021-07-15,0.1,73.0,0.07,0.08,0.1,0.11
2021-07-16,0.1,72.0,0.05,0.08,0.1,0.11
2021-07-17,0.1,72.0,0.05,0.08,0.1,0.11
2021-07-18,0.1,72.0,0.05,0.08,0.1,0.11
2021-07-19,0.1,67.0,0.07,0.08,0.1,0.11
2021-07-20,0.1,70.0,0.06,0.08,0.1,0.11
2021-07-21,0.1,71.0,0.06,0.08,0.1,0.11
2021-07-22,0.1,71.0,0.06,0.08,0.1,0.11
2021-07-23,0.1,68.0,0.07,0.08,0.1,0.11
2021-07-24,0.1,68.0,0.07,0.08,0.1,0.11
2021-07-25,0.1,68.0,0.07,0.08,0.1,0.11
2021-07-26,0.1,73.0,0.05,0.08,0.1,0.11
2021-07-27,0.1,69.0,0.05,0.08,0.1,0.11
2021-07-28,0.1,65.0,0.07,0.08,0.1,0.11
2021-07-29,0.1,70.0,0.06,0.08,0.1,0.11
2021-07-30,0.07,61.0,0.04,0.06,0.08,0.11
2021-07-31,0.07,61.0,0.04,0.06,0.08,0.11
2021-08-01,0.07,61.0,0.04,0.06,0.08,0.11
2021-08-02,0.1,74.0,0.05,0.08,0.1,0.11
2021-08-03,0.1,69.0,0.07,0.08,0.1,0.11
2021-08-04,0.1,71.0,0.07,0.08,0.1,0.11
2021-08-05,0.1,70.0,0.07,0.08,0.1,0.11
2021-08-06,0.1,70.0,0.07,0.08,0.1,0.11
2021-08-07,0.1,70.0,0.07,0.08,0.1,0.11
2021-08-08,0.1,70.0,0.07,0.08,0.1,0.11
2021-08-09,0.1,68.0,0.07,0.08,0.1,0.11
2021-08-10,0.1,69.0,0.07,0.08,0.1,0.11
2021-08-11,0.1,68.0,0.07,0.08,0.1,0.11
2021-08-12,0.1,68.0,0.05,0.08,0.1,0.11
2021-08-13,0.1,65.0,0.07,0.08,0.1,0.11
2021-08-14,0.1,65.0,0.07,0.08,0.1,0.11
2021-08-15,0.1,65.0,0.07,0.08,0.1,0.11
2021-08-16,0.1,66.0,0.05,0.08,0.1,0.11
2021-08-17,0.1,64.0,0.05,0.08,0.1,0.11
2021-08-18,0.09,65.0,0.07,0.08,0.1,0.11
2021-08-19,0.09,67.0,0.07,0.08,0.1,0.11
2021-08-20,0.09,68.0,0.05,0.08,0.1,0.11
2021-08-21,0.09,68.0,0.05,0.08,0.1,0.11
2021-08-22,0.09,68.0,0.05,0.08,0.1,0.11
2021-08-23,0.09,67.0,0.07,0.08,0.1,0.11
2021-08-24,0.09,66.0,0.05,0.08,0.09,0.1
2021-08-25,0.09,70.0,0.05,0.07,0.09,0.1
2021-08-26,0.09,69.0,0.05,0.07,0.09,0.1
2021-08-27,0.08,71.0,0.05,0.07,0.09,0.11
2021-08-28,0.08,71.0,0.05,0.07,0.09,0.11
2021-08-29,0.08,71.0,0.05,0.07,0.09,0.11
2021-08-30,0.08,71.0,0.05,0.07,0.09,0.1
2021-08-31,0.06,59.0,0.05,0.06,0.08,0.1
2021-09-01,0.08,72.0,0.05,0.07,0.08,0.1
2021-09-02,0.08,69.0,0.05,0.07,0.08,0.11
2021-09-03,0.08,68.0,0.06,0.07,0.08,0.1
2021-09-04,0.08,68.0,0.06,0.07,0.08,0.1
2021-09-05,0.08,68.0,0.06,0.07,0.08,0.1
2021-09-06,0.08,68.0,0.06,0.07,0.08,0.1
2021-09-07,0.08,71.0,0.05,0.07,0.08,0.1
2021-09-08,0.08,70.0,0.05,0.07,0.08,0.1
2021-09-09,0.08,70.0,0.05,0.07,0.08,0.09
2021-09-10,0.08,67.0,0.06,0.07,0.08,0.09
2021-09-11,0.08,67.0,0.06,0.07,0.08,0.09
2021-09-12,0.08,67.0,0.06,0.07,0.08,0.09
2021-09-13,0.08,67.0,0.05,0.07,0.08,0.09
2021-09-14,0.08,69.0,0.05,0.07,0.08,0.09
2021-09-15,0.08,69.0,0.05,0.07,0.08,0.09
2021-09-16,0.08,66.0,0.05,0.07,0.08,0.09
2021-09-17,0.08,64.0,0.05,0.07,0.08,0.1
2021-09-18,0.08,64.0,0.05,0.07,0.08,0.1
2021-09-19,0.08,64.0,0.05,0.07,0.08,0.1
2021-09-20,0.08,69.0,0.06,0.07,0.08,0.1
2021-09-21,0.08,70.0,0.06,0.07,0.08,0.09
2021-09-22,0.08,71.0,0.06,0.07,0.08,0.1
2021-09-23,0.08,70.0,0.05,0.07,0.08,0.1
2021-09-24,0.08,69.0,0.06,0.07,0.08,0.09
2021-09-25,0.08,69.0,0.06,0.07,0.08,0.09
2021-09-26,0.08,69.0,0.06,0.07,0.08,0.09
2021-09-27,0.08,72.0,0.05,0.07,0.08,0.09
2021-09-28,0.08,71.0,0.06,0.07,0.08,0.09
2021-09-29,0.08,73.0,0.05,0.07,0.08,0.09
2021-09-30,0.06,52.0,0.05,0.06,0.07,0.09
2021-10-01,0.08,68.0,0.06,0.07,0.08,0.1
2021-10-02,0.08,68.0,0.06,0.07,0.08,0.1
2021-10-03,0.08,68.0,0.06,0.07,0.08,0.1
2021-10-04,0.08,73.0,0.05,0.07,0.08,0.1
2021-10-05,0.08,74.0,0.05,0.07,0.08,0.09
2021-10-06,0.08,75.0,0.05,0.07,0.08,0.09
2021-10-07,0.08,77.0,0.05,0.07,0.08,0.09
2021-10-08,0.08,77.0,0.05,0.07,0.08,0.09
2021-10-09,0.08,77.0,0.05,0.07,0.08,0.09
2021-10-10,0.08,77.0,0.05,0.07,0.08,0.09
2021-10-11,0.08,77.0,0.05,0.07,0.08,0.09
2021-10-12,0.08,76.0,0.05,0.07,0.08,0.09
2021-10-13,0.08,73.0,0.05,0.07,0.08,0.09
2021-10-14,0.08,72.0,0.05,0.07,0.08,0.09
2021-10-15,0.08,73.0,0.05,0.07,0.08,0.09
2021-10-16,0.08,73.0,0.05,0.07,0.08,0.09
2021-10-17,0.08,73.0,0.05,0.07,0.08,0.09
2021-10-18,0.08,71.0,0.05,0.07,0.08,0.09
2021-10-19,0.08,70.0,0.05,0.07,0.08,0.1
2021-10-20,0.08,72.0,0.06,0.07,0.09,0.15
2021-10-21,0.08,75.0,0.05,0.07,0.08,0.12
2021-10-22,0.08,74.0,0.05,0.07,0.08,0.1
2021-10-23,0.08,74.0,0.05,0.07,0.08,0.1
2021-10-24,0.08,74.0,0.05,0.07,0.08,0.1
2021-10-25,0.08,78.0,0.06,0.07,0.08,0.1
2021-10-26,0.08,77.0,0.05,0.07,0.08,0.1
2021-10-27,0.08,78.0,0.06,0.07,0.09,0.1
2021-10-28,0.08,84.0,0.06,0.07,0.08,0.11
2021-10-29,0.07,70.0,0.05,0.06,0.08,0.15
2021-10-30,0.07,70.0,0.05,0.06,0.08,0.15
2021-10-31,0.07,70.0,0.05,0.06,0.08,0.15
2021-11-01,0.08,78.0,0.05,0.07,0.08,0.12
2021-11-02,0.08,78.0,0.05,0.07,0.08,0.1
2021-11-03,0.08,75.0,0.05,0.07,0.08,0.09
2021-11-04,0.08,76.0,0.05,0.07,0.08,0.1
2021-11-05,0.08,79.0,0.04,0.07,0.08,0.1
2021-11-06,0.08,79.0,0.04,0.07,0.08,0.1
2021-11-07,0.08,79.0,0.04,0.07,0.08,0.1
2021-11-08,0.08,76.0,0.06,0.07,0.08,0.1
2021-11-09,0.08,75.0,0.06,0.07,0.08,0.1
2021-11-10,0.08,72.0,0.05,0.07,0.09,0.09
2021-11-11,0.08,72.0,0.05,0.07,0.09,0.09
2021-11-12,0.08,74.0,0.05,0.07,0.08,0.09
2021-11-13,0.08,74.0,0.05,0.07,0.08,0.09
2021-11-14,0.08,74.0,0.05,0.07,0.08,0.09
2021-11-15,0.08,77.0,0.05,0.07,0.08,0.09
2021-11-16,0.08,76.0,0.05,0.07,0.08,0.09
2021-11-17,0.08,74.0,0.05,0.07,0.09,0.09
2021-11-18,0.08,77.0,0.06,0.07,0.08,0.1
2021-11-19,0.08,74.0,0.06,0.07,0.08,0.1
2021-11-20,0.08,74.0,0.06,0.07,0.08,0.1
2021-11-21,0.08,74.0,0.06,0.07,0.08,0.1
2021-11-22,0.08,74.0,0.06,0.07,0.08,0.12
2021-11-23,0.08,74.0,0.06,0.07,0.09,0.12
2021-11-24,0.08,79.0,0.06,0.07,0.08,0.12
2021-11-25,0.08,79.0,0.06,0.07,0.08,0.12
2021-11-26,0.08,85.0,0.06,0.07,0.08,0.11
2021-11-27,0.08,85.0,0.06,0.07,0.08,0.11
2021-11-28,0.08,85.0,0.06,0.07,0.08,0.11
2021-11-29,0.08,85.0,0.06,0.07,0.09,0.12
2021-11-30,0.07,77.0,0.05,0.06,0.08,0.12
2021-12-01,0.08,76.0,0.06,0.07,0.09,0.12
2021-12-02,0.08,78.0,0.06,0.07,0.09,0.17
2021-12-03,0.08,77.0,0.06,0.07,0.09,0.17
2021-12-04,0.08,77.0,0.06,0.07,0.09,0.17
2021-12-05,0.08,77.0,0.06,0.07,0.09,0.17
2021-12-06,0.08,74.0,0.06,0.07,0.09,0.2
2021-12-07,0.08,74.0,0.06,0.08,0.09,0.2
2021-12-08,0.08,76.0,0.06,0.07,0.09,0.17
2021-12-09,0.08,76.0,0.06,0.07,0.09,0.2
2021-12-10,0.08,74.0,0.06,0.07,0.09,0.17
2021-12-11,0.08,74.0,0.06,0.07,0.09,0.17
2021-12-12,0.08,74.0,0.06,0.07,0.09,0.17
2021-12-13,0.08,69.0,0.06,0.07,0.09,0.2
2021-12-14,0.08,73.0,0.06,0.07,0.08,0.11
2021-12-15,0.08,74.0,0.06,0.07,0.08,0.1
2021-12-16,0.08,73.0,0.06,0.07,0.08,0.1
2021-12-17,0.08,71.0,0.06,0.07,0.08,0.2
2021-12-18,0.08,71.0,0.06,0.07,0.08,0.2
2021-12-19,0.08,71.0,0.06,0.07,0.08,0.2
2021-12-20,0.08,72.0,0.06,0.07,0.08,0.2
2021-12-21,0.08,69.0,0.06,0.07,0.08,0.2
2021-12-22,0.08,69.0,0.06,0.07,0.08,0.2
2021-12-23,0.08,71.0,0.06,0.07,0.09,0.2
2021-12-24,0.08,69.0,0.06,0.07,0.08,0.2
2021-12-25,0.08,69.0,0.06,0.07,0.08,0.2
2021-12-26,0.08,69.0,0.06,0.07,0.08,0.2
2021-12-27,0.08,75.0,0.06,0.07,0.08,0.2
2021-12-28,0.08,72.0,0.06,0.07,0.08,0.2
2021-12-29,0.08,71.0,0.06,0.07,0.08,0.16
2021-12-30,0.08,77.0,0.05,0.07,0.08,0.1
2021-12-31,0.07,49.0,0.05,0.07,0.09,0.2
2022-01-01,0.07,49.0,0.05,0.07,0.09,0.2
2022-01-02,0.07,49.0,0.05,0.07,0.09,0.2
2022-01-03,0.08,74.0,0.06,0.08,0.08,0.15
2022-01-04,0.08,74.0,0.06,0.07,0.08,0.1
2022-01-05,0.08,74.0,0.05,0.07,0.08,0.1
2022-01-06,0.08,73.0,0.06,0.07,0.08,0.1
2022-01-07,0.08,71.0,0.06,0.07,0.08,0.1
2022-01-08,0.08,71.0,0.06,0.07,0.08,0.1
2022-01-09,0.08,71.0,0.06,0.07,0.08,0.1
2022-01-10,0.08,71.0,0.06,0.07,0.08,0.1
2022-01-11,0.08,71.0,0.05,0.07,0.08,0.1
2022-01-12,0.08,70.0,0.05,0.07,0.08,0.1
2022-01-13,0.08,71.0,0.06,0.07,0.08,0.1
2022-01-14,0.08,72.0,0.06,0.07,0.08,0.1
2022-01-15,0.08,72.0,0.06,0.07,0.08,0.1
2022-01-16,0.08,72.0,0.06,0.07,0.08,0.1
2022-01-17,0.08,72.0,0.06,0.07,0.08,0.1
2022-01-18,0.08,71.0,0.06,0.07,0.08,0.16
2022-01-19,0.08,73.0,0.06,0.07,0.08,0.2
2022-01-20,0.08,75.0,0.06,0.07,0.08,0.2
2022-01-21,0.08,76.0,0.06,0.07,0.08,0.2
2022-01-22,0.08,76.0,0.06,0.07,0.08,0.2
2022-01-23,0.08,76.0,0.06,0.07,0.08,0.2
2022-01-24,0.08,75.0,0.06,0.07,0.08,0.2
2022-01-25,0.08,78.0,0.06,0.07,0.08,0.2
2022-01-26,0.08,78.0,0.06,0.07,0.08,0.2
2022-01-27,0.08,80.0,0.06,0.07,0.08,0.2
2022-01-28,0.08,82.0,0.06,0.07,0.08,0.16
2022-01-29,0.08,82.0,0.06,0.07,0.08,0.16
2022-01-30,0.08,82.0,0.06,0.07,0.08,0.16
2022-01-31,0.08,78.0,0.05,0.07,0.08,0.1
2022-02-01,0.08,75.0,0.06,0.07,0.08,0.1
2022-02-02,0.08,72.0,0.06,0.07,0.08,0.1
2022-02-03,0.08,72.0,0.06,0.07,0.08,0.2
2022-02-04,0.08,69.0,0.06,0.07,0.08,0.1
2022-02-05,0.08,69.0,0.06,0.07,0.08,0.1
2022-02-06,0.08,69.0,0.06,0.07,0.08,0.1
2022-02-07,0.08,72.0,0.06,0.07,0.08,0.11
2022-02-08,0.08,70.0,0.06,0.07,0.08,0.11
2022-02-09,0.08,70.0,0.06,0.07,0.08,0.1
2022-02-10,0.08,71.0,0.06,0.07,0.08,0.11
2022-02-11,0.08,67.0,0.06,0.07,0.08,0.11
2022-02-12,0.08,67.0,0.06,0.07,0.08,0.11
2022-02-13,0.08,67.0,0.06,0.07,0.08,0.11
2022-02-14,0.08,63.0,0.06,0.07,0.08,0.1
2022-02-15,0.08,65.0,0.06,0.07,0.08,0.1
2022-02-16,0.08,70.0,0.06,0.07,0.08,0.11
2022-02-17,0.08,73.0,0.06,0.07,0.08,0.18
2022-02-18,0.08,71.0,0.06,0.07,0.09,0.2
2022-02-19,0.08,71.0,0.06,0.07,0.09,0.2
2022-02-20,0.08,71.0,0.06,0.07,0.09,0.2
2022-02-21,0.08,71.0,0.06,0.07,0.09,0.2
2022-02-22,0.08,72.0,0.06,0.07,0.08,0.2
2022-02-23,0.08,72.0,0.06,0.07,0.08,0.16
2022-02-24,0.08,64.0,0.06,0.07,0.09,0.11
2022-02-25,0.08,69.0,0.06,0.07,0.09,0.17
2022-02-26,0.08,69.0,0.06,0.07,0.09,0.17
2022-02-27,0.08,69.0,0.06,0.07,0.09,0.17
2022-02-28,0.08,65.0,0.06,0.07,0.09,0.18
2022-03-01,0.08,64.0,0.06,0.08,0.09,0.18
2022-03-02,0.08,70.0,0.06,0.07,0.09,0.11
2022-03-03,0.08,68.0,0.06,0.07,0.09,0.11
2022-03-04,0.08,72.0,0.06,0.07,0.09,0.16
2022-03-05,0.08,72.0,0.06,0.07,0.09,0.16
2022-03-06,0.08,72.0,0.06,0.07,0.09,0.16
2022-03-07,0.08,71.0,0.06,0.07,0.09,0.17
2022-03-08,0.08,69.0,0.06,0.07,0.08,0.1
2022-03-09,0.08,71.0,0.06,0.07,0.09,0.16
2022-03-10,0.08,72.0,0.06,0.07,0.09,0.1
2022-03-11,0.08,73.0,0.06,0.07,0.08,0.1
2022-03-12,0.08,73.0,0.06,0.07,0.08,0.1
2022-03-13,0.08,73.0,0.06,0.07,0.08,0.1
2022-03-14,0.08,72.0,0.06,0.07,0.08,0.1
2022-03-15,0.08,76.0,0.06,0.07,0.08,0.1
2022-03-16,0.08,74.0,0.06,0.07,0.09,0.15
2022-03-17,0.33,73.0,0.3,0.32,0.34,0.36
2022-03-18,0.33,72.0,0.31,0.32,0.34,0.4
2022-03-19,0.33,72.0,0.31,0.32,0.34,0.4
2022-03-20,0.33,72.0,0.31,0.32,0.34,0.4
2022-03-21,0.33,76.0,0.31,0.32,0.34,0.4
2022-03-22,0.33,76.0,0.3,0.32,0.33,0.35
2022-03-23,0.33,74.0,0.31,0.32,0.34,0.34
2022-03-24,0.33,74.0,0.31,0.32,0.34,0.34
2022-03-25,0.33,78.0,0.31,0.32,0.33,0.34
2022-03-26,0.33,78.0,0.31,0.32,0.33,0.34
2022-03-27,0.33,78.0,0.31,0.32,0.33,0.34
2022-03-28,0.33,77.0,0.31,0.32,0.34,0.36
2022-03-29,0.33,83.0,0.31,0.32,0.34,0.36
2022-03-30,0.33,80.0,0.31,0.32,0.34,0.36
2022-03-31,0.33,57.0,0.3,0.32,0.33,0.4
2022-04-01,0.33,78.0,0.31,0.32,0.33,0.35
2022-04-02,0.33,78.0,0.31,0.32,0.33,0.35
2022-04-03,0.33,78.0,0.31,0.32,0.33,0.35
2022-04-04,0.33,78.0,0.31,0.32,0.33,0.35
2022-04-05,0.33,79.0,0.31,0.32,0.33,0.35
2022-04-06,0.33,77.0,0.31,0.32,0.33,0.35
2022-04-07,0.33,78.0,0.31,0.32,0.33,0.35
2022-04-08,0.33,77.0,0.31,0.32,0.33,0.35
2022-04-09,0.33,77.0,0.31,0.32,0.33,0.35
2022-04-10,0.33,77.0,0.31,0.32,0.33,0.35
2022-04-11,0.33,80.0,0.31,0.32,0.33,0.35
2022-04-12,0.33,80.0,0.31,0.32,0.33,0.36
2022-04-13,0.33,77.0,0.31,0.32,0.34,0.35
2022-04-14,0.33,71.0,0.31,0.32,0.34,0.34
2022-04-15,0.33,75.0,0.31,0.32,0.34,0.34
2022-04-16,0.33,75.0,0.31,0.32,0.34,0.34
2022-04-17,0.33,75.0,0.31,0.32,0.34,0.34
2022-04-18,0.33,76.0,0.31,0.32,0.34,0.36
2022-04-19,0.33,70.0,0.31,0.32,0.34,0.43
2022-04-20,0.33,71.0,0.31,0.33,0.34,0.45
2022-04-21,0.33,70.0,0.31,0.33,0.34,0.45
2022-04-22,0.33,74.0,0.31,0.33,0.34,0.41
2022-04-23,0.33,74.0,0.31,0.33,0.34,0.41
2022-04-24,0.33,74.0,0.31,0.33,0.34,0.41
2022-04-25,0.33,78.0,0.31,0.33,0.34,0.45
2022-04-26,0.33,73.0,0.31,0.32,0.34,0.4
2022-04-27,0.33,78.0,0.31,0.33,0.34,0.45
2022-04-28,0.33,81.0,0.31,0.33,0.34,0.45
2022-04-29,0.33,76.0,0.31,0.32,0.34,0.45
2022-04-30,0.33,76.0,0.31,0.32,0.34,0.45
2022-05-01,0.33,76.0,0.31,0.32,0.34,0.45
2022-05-02,0.33,77.0,0.31,0.33,0.34,0.45
2022-05-03,0.33,79.0,0.31,0.33,0.34,0.45
2022-05-04,0.33,77.0,0.31,0.32,0.34,0.45
2022-05-05,0.83,74.0,0.81,0.83,0.84,0.95
2022-05-06,0.83,81.0,0.8,0.82,0.84,0.95
2022-05-07,0.83,81.0,0.8,0.82,0.84,0.95
2022-05-08,0.83,81.0,0.8,0.82,0.84,0.95
2022-05-09,0.83,75.0,0.81,0.83,0.84,0.95
2022-05-10,0.83,72.0,0.81,0.82,0.84,0.95
2022-05-11,0.83,78.0,0.81,0.82,0.84,0.95
2022-05-12,0.83,81.0,0.81,0.82,0.84,0.91
2022-05-13,0.83,84.0,0.81,0.82,0.84,0.91
2022-05-14,0.83,84.0,0.81,0.82,0.84,0.91
2022-05-15,0.83,84.0,0.81,0.82,0.84,0.91
2022-05-16,0.83,84.0,0.81,0.82,0.84,0.91
2022-05-17,0.83,80.0,0.81,0.82,0.84,0.93
2022-05-18,0.83,75.0,0.81,0.82,0.84,0.95
2022-05-19,0.83,76.0,0.81,0.82,0.84,0.95
2022-05-20,0.83,82.0,0.81,0.82,0.84,0.9
2022-05-21,0.83,82.0,0.81,0.82,0.84,0.9
2022-05-22,0.83,82.0,0.81,0.82,0.84,0.9
2022-05-23,0.83,82.0,0.8,0.82,0.84,0.95
2022-05-24,0.83,82.0,0.81,0.82,0.84,0.95
2022-05-25,0.83,85.0,0.8,0.82,0.84,0.95
2022-05-26,0.83,81.0,0.8,0.82,0.84,0.95
2022-05-27,0.83,79.0,0.8,0.82,0.84,0.95
2022-05-28,0.83,79.0,0.8,0.82,0.84,0.95
2022-05-29,0.83,79.0,0.8,0.82,0.84,0.95
2022-05-30,0.83,79.0,0.8,0.82,0.84,0.95
2022-05-31,0.83,76.0,0.79,0.82,0.84,0.91
2022-06-01,0.83,85.0,0.8,0.82,0.84,0.9
2022-06-02,0.83,83.0,0.8,0.82,0.84,0.88
2022-06-03,0.83,85.0,0.8,0.82,0.83,0.88
2022-06-04,0.83,85.0,0.8,0.82,0.83,0.88
2022-06-05,0.83,85.0,0.8,0.82,0.83,0.88
2022-06-06,0.83,85.0,0.8,0.82,0.83,0.9
2022-06-07,0.83,82.0,0.8,0.82,0.84,0.88
2022-06-08,0.83,79.0,0.8,0.82,0.84,0.88
2022-06-09,0.83,79.0,0.81,0.82,0.84,0.88
2022-06-10,0.83,76.0,0.81,0.82,0.84,0.88
2022-06-11,0.83,76.0,0.81,0.82,0.84,0.88
2022-06-12,0.83,76.0,0.81,0.82,0.84,0.88
2022-06-13,0.83,75.0,0.8,0.82,0.84,0.91
2022-06-14,0.83,81.0,0.8,0.82,0.84,0.95
2022-06-15,0.83,83.0,0.81,0.82,0.84,0.95
2022-06-16,1.58,80.0,1.55,1.57,1.59,1.7
2022-06-17,1.58,84.0,1.56,1.57,1.59,1.7
2022-06-18,1.58,84.0,1.56,1.57,1.59,1.7
2022-06-19,1.58,84.0,1.56,1.57,1.59,1.7
2022-06-20,1.58,84.0,1.56,1.57,1.59,1.7
2022-06-21,1.58,67.0,1.56,1.57,1.59,1.72
2022-06-22,1.58,85.0,1.56,1.57,1.59,1.72
2022-06-23,1.58,84.0,1.56,1.57,1.59,1.7
2022-06-24,1.58,91.0,1.55,1.57,1.58,1.7
2022-06-25,1.58,91.0,1.55,1.57,1.58,1.7
2022-06-26,1.58,91.0,1.55,1.57,1.58,1.7
2022-06-27,1.58,90.0,1.55,1.57,1.58,1.7
2022-06-28,1.58,95.0,1.56,1.57,1.58,1.7
2022-06-29,1.58,85.0,1.56,1.57,1.58,1.7
2022-06-30,1.58,67.0,1.55,1.58,1.59,1.72
2022-07-01,1.58,90.0,1.56,1.57,1.58,1.7
2022-07-02,1.58,90.0,1.56,1.57,1.58,1.7
2022-07-03,1.58,90.0,1.56,1.57,1.58,1.7
2022-07-04,1.58,90.0,1.56,1.57,1.58,1.7
2022-07-05,1.58,94.0,1.55,1.57,1.58,1.7
2022-07-06,1.58,95.0,1.55,1.57,1.58,1.7
2022-07-07,1.58,92.0,1.55,1.57,1.58,1.7
2022-07-08,1.58,99.0,1.55,1.57,1.58,1.7
2022-07-09,1.58,99.0,1.55,1.57,1.58,1.7
2022-07-10,1.58,99.0,1.55,1.57,1.58,1.7
2022-07-11,1.58,93.0,1.55,1.57,1.58,1.7
2022-07-12,1.58,98.0,1.55,1.57,1.58,1.7
2022-07-13,1.58,96.0,1.55,1.57,1.58,1.7
2022-07-14,1.58,91.0,1.55,1.57,1.58,1.7
2022-07-15,1.58,97.0,1.55,1.57,1.58,1.7
2022-07-16,1.58,97.0,1.55,1.57,1.58,1.7
2022-07-17,1.58,97.0,1.55,1.57,1.58,1.7
2022-07-18,1.58,97.0,1.55,1.57,1.58,1.71
2022-07-19,1.58,90.0,1.56,1.57,1.59,1.73
2022-07-20,1.58,95.0,1.56,1.57,1.58,1.73
2022-07-21,1.58,96.0,1.56,1.57,1.58,1.73
2022-07-22,1.58,96.0,1.56,1.57,1.58,1.75
2022-07-23,1.58,96.0,1.56,1.57,1.58,1.75
2022-07-24,1.58,96.0,1.56,1.57,1.58,1.75
2022-07-25,1.58,94.0,1.55,1.57,1.59,1.73
2022-07-26,1.58,97.0,1.56,1.57,1.58,1.73
2022-07-27,1.58,98.0,1.56,1.57,1.58,1.75
2022-07-28,2.33,90.0,2.3,2.32,2.33,2.48
2022-07-29,2.32,86.0,2.3,2.31,2.34,2.48
2022-07-30,2.32,86.0,2.3,2.31,2.34,2.48
2022-07-31,2.32,86.0,2.3,2.31,2.34,2.48
2022-08-01,2.33,93.0,2.3,2.32,2.33,2.45
2022-08-02,2.33,95.0,2.3,2.32,2.33,2.45
2022-08-03,2.33,92.0,2.3,2.32,2.33,2.45
2022-08-04,2.33,91.0,2.31,2.32,2.33,2.45
2022-08-05,2.33,91.0,2.31,2.32,2.33,2.45
2022-08-06,2.33,91.0,2.31,2.32,2.33,2.45
2022-08-07,2.33,91.0,2.31,2.32,2.33,2.45
2022-08-08,2.33,89.0,2.31,2.32,2.33,2.45
2022-08-09,2.33,90.0,2.31,2.32,2.33,2.45
2022-08-10,2.33,93.0,2.31,2.32,2.33,2.45
2022-08-11,2.33,94.0,2.31,2.32,2.33,2.45
2022-08-12,2.33,97.0,2.3,2.32,2.33,2.45
2022-08-13,2.33,97.0,2.3,2.32,2.33,2.45
2022-08-14,2.33,97.0,2.3,2.32,2.33,2.45
2022-08-15,2.33,97.0,2.3,2.32,2.33,2.45
2022-08-16,2.33,94.0,2.31,2.32,2.33,2.45
2022-08-17,2.33,92.0,2.31,2.32,2.33,2.45
2022-08-18,2.33,91.0,2.31,2.32,2.33,2.45
2022-08-19,2.33,94.0,2.31,2.32,2.34,2.45
2022-08-20,2.33,94.0,2.31,2.32,2.34,2.45
2022-08-21,2.33,94.0,2.31,2.32,2.34,2.45
2022-08-22,2.33,91.0,2.3,2.32,2.34,2.45
2022-08-23,2.33,91.0,2.31,2.32,2.34,2.45
2022-08-24,2.33,94.0,2.31,2.32,2.33,2.45
2022-08-25,2.33,96.0,2.3,2.32,2.33,2.45
2022-08-26,2.33,98.0,2.31,2.32,2.33,2.45
2022-08-27,2.33,98.0,2.31,2.32,2.33,2.45
2022-08-28,2.33,98.0,2.31,2.32,2.33,2.45
2022-08-29,2.33,89.0,2.3,2.32,2.34,2.45
2022-08-30,2.33,90.0,2.3,2.32,2.34,2.45
2022-08-31,2.33,86.0,2.29,2.32,2.34,2.45
2022-09-01,2.33,100.0,2.3,2.32,2.33,2.45
2022-09-02,2.33,100.0,2.3,2.32,2.33,2.45
2022-09-03,2.33,100.0,2.3,2.32,2.33,2.45
2022-09-04,2.33,100.0,2.3,2.32,2.33,2.45
2022-09-05,2.33,100.0,2.3,2.32,2.33,2.45
2022-09-06,2.33,94.0,2.3,2.32,2.33,2.45
2022-09-07,2.33,97.0,2.3,2.32,2.33,2.45
2022-09-08,2.33,94.0,2.3,2.32,2.33,2.45
2022-09-09,2.33,101.0,2.3,2.32,2.33,2.45
2022-09-10,2.33,101.0,2.3,2.32,2.33,2.45
2022-09-11,2.33,101.0,2.3,2.32,2.33,2.45
2022-09-12,2.33,93.0,2.3,2.32,2.33,2.45
2022-09-13,2.33,94.0,2.3,2.32,2.33,2.45
2022-09-14,2.33,95.0,2.3,2.32,2.33,2.45
2022-09-15,2.33,96.0,2.3,2.32,2.33,2.45
2022-09-16,2.33,96.0,2.3,2.32,2.34,2.45
2022-09-17,2.33,96.0,2.3,2.32,2.34,2.45
2022-09-18,2.33,96.0,2.3,2.32,2.34,2.45
2022-09-19,2.33,93.0,2.3,2.32,2.34,2.45
2022-09-20,2.33,91.0,2.3,2.32,2.34,2.48
2022-09-21,2.33,99.0,2.3,2.32,2.33,2.5
2022-09-22,3.08,99.0,3.05,3.07,3.08,3.25
2022-09-23,3.08,109.0,3.05,3.07,3.08,3.25
2022-09-24,3.08,109.0,3.05,3.07,3.08,3.25
2022-09-25,3.08,109.0,3.05,3.07,3.08,3.25
2022-09-26,3.08,111.0,3.05,3.07,3.08,3.25
2022-09-27,3.08,111.0,3.05,3.07,3.08,3.25
2022-09-28,3.08,110.0,3.05,3.07,3.08,3.25
2022-09-29,3.08,103.0,3.05,3.07,3.08,3.25
2022-09-30,3.08,90.0,3.05,3.07,3.08,3.23
2022-10-01,3.08,90.0,3.05,3.07,3.08,3.23
2022-10-02,3.08,90.0,3.05,3.07,3.08,3.23
2022-10-03,3.08,115.0,3.05,3.07,3.08,3.23
2022-10-04,3.08,107.0,3.05,3.07,3.08,3.25
2022-10-05,3.08,104.0,3.05,3.07,3.08,3.23
2022-10-06,3.08,109.0,3.05,3.07,3.08,3.25
2022-10-07,3.08,113.0,3.05,3.07,3.08,3.23
2022-10-08,3.08,113.0,3.05,3.07,3.08,3.23
2022-10-09,3.08,113.0,3.05,3.07,3.08,3.23
2022-10-10,3.08,113.0,3.05,3.07,3.08,3.23
2022-10-11,3.08,104.0,3.05,3.07,3.08,3.23
2022-10-12,3.08,110.0,3.05,3.07,3.08,3.23
2022-10-13,3.08,106.0,3.05,3.07,3.08,3.24
2022-10-14,3.08,110.0,3.05,3.07,3.08,3.23
2022-10-15,3.08,110.0,3.05,3.07,3.08,3.23
2022-10-16,3.08,110.0,3.05,3.07,3.08,3.23
2022-10-17,3.08,103.0,3.05,3.07,3.08,3.23
2022-10-18,3.08,103.0,3.05,3.07,3.08,3.23
2022-10-19,3.08,104.0,3.05,3.07,3.08,3.25
2022-10-20,3.08,92.0,3.05,3.07,3.09,3.25
2022-10-21,3.08,99.0,3.05,3.07,3.09,3.25
2022-10-22,3.08,99.0,3.05,3.07,3.09,3.25
2022-10-23,3.08,99.0,3.05,3.07,3.09,3.25
2022-10-24,3.08,99.0,3.05,3.07,3.09,3.25
2022-10-25,3.08,103.0,3.05,3.07,3.09,3.29
2022-10-26,3.08,99.0,3.05,3.07,3.09,3.3
2022-10-27,3.08,103.0,3.05,3.07,3.09,3.3
2022-10-28,3.08,107.0,3.05,3.07,3.09,3.3
2022-10-29,3.08,107.0,3.05,3.07,3.09,3.3
2022-10-30,3.08,107.0,3.05,3.07,3.09,3.3
2022-10-31,3.08,82.0,3.05,3.07,3.09,3.3
2022-11-01,3.08,108.0,3.05,3.07,3.08,3.35
2022-11-02,3.08,103.0,3.05,3.07,3.09,3.35
2022-11-03,3.83,97.0,3.8,3.82,3.84,4.05
2022-11-04,3.83,105.0,3.8,3.82,3.83,4.0
2022-11-05,3.83,105.0,3.8,3.82,3.83,4.0
2022-11-06,3.83,105.0,3.8,3.82,3.83,4.0
2022-11-07,3.83,99.0,3.8,3.82,3.84,4.0
2022-11-08,3.83,101.0,3.8,3.82,3.84,4.05
2022-11-09,3.83,100.0,2.34,3.82,3.84,4.0
2022-11-10,3.83,97.0,3.8,3.82,3.84,4.0
2022-11-11,3.83,97.0,3.8,3.82,3.84,4.0
2022-11-12,3.83,97.0,3.8,3.82,3.84,4.0
2022-11-13,3.83,97.0,3.8,3.82,3.84,4.0
2022-11-14,3.83,99.0,3.8,3.82,3.84,4.0
2022-11-15,3.83,97.0,3.8,3.82,3.84,4.0
2022-11-16,3.83,98.0,3.8,3.82,3.84,4.0
2022-11-17,3.83,99.0,3.8,3.82,3.84,4.0
2022-11-18,3.83,102.0,3.8,3.82,3.84,4.05
2022-11-19,3.83,102.0,3.8,3.82,3.84,4.05
2022-11-20,3.83,102.0,3.8,3.82,3.84,4.05
2022-11-21,3.83,94.0,3.8,3.82,3.84,4.05
2022-11-22,3.83,99.0,3.8,3.82,3.84,4.05
2022-11-23,3.83,108.0,3.8,3.82,3.84,4.05
2022-11-24,3.83,108.0,3.8,3.82,3.84,4.05
2022-11-25,3.83,105.0,3.7,3.82,3.83,4.05
2022-11-26,3.83,105.0,3.7,3.82,3.83,4.05
2022-11-27,3.83,105.0,3.7,3.82,3.83,4.05
2022-11-28,3.83,97.0,3.8,3.82,3.84,4.05
2022-11-29,3.83,95.0,3.8,3.82,3.84,4.05
2022-11-30,3.83,92.0,3.79,3.82,3.84,4.05
2022-12-01,3.83,99.0,3.8,3.82,3.84,4.05
2022-12-02,3.83,108.0,3.8,3.82,3.83,4.0
2022-12-03,3.83,108.0,3.8,3.82,3.83,4.0
2022-12-04,3.83,108.0,3.8,3.82,3.83,4.0
2022-12-05,3.83,107.0,3.8,3.82,3.84,4.05
2022-12-06,3.83,110.0,3.8,3.82,3.84,4.05
2022-12-07,3.83,103.0,3.8,3.82,3.84,4.05
2022-12-08,3.83,99.0,3.8,3.82,3.84,4.05
2022-12-09,3.83,102.0,3.8,3.82,3.84,4.05
2022-12-10,3.83,102.0,3.8,3.82,3.84,4.05
2022-12-11,3.83,102.0,3.8,3.82,3.84,4.05
2022-12-12,3.83,97.0,3.8,3.82,3.84,4.05
2022-12-13,3.83,100.0,3.8,3.82,3.84,4.05
2022-12-14,3.83,101.0,3.8,3.82,3.84,4.05
2022-12-15,4.33,104.0,4.3,4.32,4.34,4.5
2022-12-16,4.33,99.0,4.3,4.32,4.34,4.55
2022-12-17,4.33,99.0,4.3,4.32,4.34,4.55
2022-12-18,4.33,99.0,4.3,4.32,4.34,4.55
2022-12-19,4.33,91.0,4.3,4.32,4.34,4.55
2022-12-20,4.33,99.0,4.3,4.32,4.34,4.55
2022-12-21,4.33,98.0,4.3,4.32,4.34,4.55
2022-12-22,4.33,99.0,4.3,4.32,4.34,4.6
2022-12-23,4.33,107.0,4.3,4.32,4.34,4.6
2022-12-24,4.33,107.0,4.3,4.32,4.34,4.6
2022-12-25,4.33,107.0,4.3,4.32,4.34,4.6
2022-12-26,4.33,107.0,4.3,4.32,4.34,4.6
2022-12-27,4.33,109.0,4.3,4.32,4.34,4.6
2022-12-28,4.33,99.0,4.3,4.32,4.34,4.6
2022-12-29,4.33,94.0,4.3,4.31,4.34,4.6
2022-12-30,4.33,67.0,4.3,4.32,4.34,4.6
2022-12-31,4.33,67.0,4.3,4.32,4.34,4.6
2023-01-01,4.33,67.0,4.3,4.32,4.34,4.6
2023-01-02,4.33,67.0,4.3,4.32,4.34,4.6
2023-01-03,4.33,105.0,4.3,4.32,4.33,4.6
2023-01-04,4.33,108.0,4.3,4.32,4.33,4.65
2023-01-05,4.33,107.0,4.3,4.32,4.33,4.6
2023-01-06,4.33,114.0,4.3,4.32,4.33,4.6
2023-01-07,4.33,114.0,4.3,4.32,4.33,4.6
2023-01-08,4.33,114.0,4.3,4.32,4.33,4.6
2023-01-09,4.33,106.0,4.3,4.32,4.34,4.6
2023-01-10,4.33,109.0,4.3,4.32,4.33,4.6
2023-01-11,4.33,110.0,4.3,4.32,4.33,4.6
2023-01-12,4.33,107.0,4.3,4.32,4.34,4.61
2023-01-13,4.33,110.0,4.3,4.32,4.34,4.6
2023-01-14,4.33,110.0,4.3,4.32,4.34,4.6
2023-01-15,4.33,110.0,4.3,4.32,4.34,4.6
2023-01-16,4.33,110.0,4.3,4.32,4.34,4.6
2023-01-17,4.33,94.0,4.3,4.31,4.34,4.61
2023-01-18,4.33,106.0,4.3,4.32,4.34,4.62
2023-01-19,4.33,100.0,4.3,4.32,4.34,4.63
2023-01-20,4.33,99.0,4.3,4.32,4.34,4.65
2023-01-21,4.33,99.0,4.3,4.32,4.34,4.65
2023-01-22,4.33,99.0,4.3,4.32,4.34,4.65
2023-01-23,4.33,96.0,4.3,4.32,4.34,4.65
2023-01-24,4.33,104.0,4.3,4.32,4.34,4.65
2023-01-25,4.33,111.0,4.3,4.32,4.34,4.65
2023-01-26,4.33,113.0,4.3,4.32,4.34,4.65
2023-01-27,4.33,120.0,4.3,4.32,4.33,4.65
2023-01-28,4.33,120.0,4.3,4.32,4.33,4.65
2023-01-29,4.33,120.0,4.3,4.32,4.33,4.65
2023-01-30,4.33,109.0,4.3,4.32,4.33,4.65
2023-01-31,4.33,98.0,4.29,4.32,4.34,4.65
2023-02-01,4.33,106.0,4.3,4.32,4.34,4.65
2023-02-02,4.58,99.0,4.55,4.57,4.59,4.9
2023-02-03,4.58,104.0,4.55,4.57,4.59,4.9
2023-02-04,4.58,104.0,4.55,4.57,4.59,4.9
2023-02-05,4.58,104.0,4.55,4.57,4.59,4.9
2023-02-06,4.58,99.0,4.55,4.57,4.59,4.85
2023-02-07,4.58,103.0,4.55,4.57,4.59,4.85
2023-02-08,4.58,106.0,4.55,4.57,4.59,4.85
2023-02-09,4.57,111.0,4.55,4.57,4.59,4.85
2023-02-10,4.58,112.0,4.55,4.57,4.59,4.85
2023-02-11,4.58,112.0,4.55,4.57,4.59,4.85
2023-02-12,4.58,112.0,4.55,4.57,4.59,4.85
2023-02-13,4.58,107.0,4.55,4.57,4.59,4.85
2023-02-14,4.58,105.0,4.55,4.57,4.59,4.85
2023-02-15,4.58,111.0,4.55,4.57,4.59,4.85
2023-02-16,4.58,105.0,4.55,4.57,4.59,4.85
2023-02-17,4.58,107.0,4.55,4.57,4.59,4.9
2023-02-18,4.58,107.0,4.55,4.57,4.59,4.9
2023-02-19,4.58,107.0,4.55,4.57,4.59,4.9
2023-02-20,4.58,107.0,4.55,4.57,4.59,4.9
2023-02-21,4.58,100.0,4.55,4.57,4.59,4.9
2023-02-22,4.58,109.0,4.55,4.57,4.59,4.9
2023-02-23,4.58,106.0,4.55,4.57,4.59,4.9
2023-02-24,4.58,109.0,4.55,4.57,4.59,4.9
2023-02-25,4.58,109.0,4.55,4.57,4.59,4.9
2023-02-26,4.58,109.0,4.55,4.57,4.59,4.9
2023-02-27,4.57,108.0,4.55,4.57,4.59,4.9
2023-02-28,4.57,103.0,4.54,4.57,4.59,4.9
2023-03-01,4.58,117.0,4.55,4.57,4.58,4.9
2023-03-02,4.57,108.0,4.55,4.57,4.59,4.9
2023-03-03,4.57,114.0,4.55,4.57,4.59,4.9
2023-03-04,4.57,114.0,4.55,4.57,4.59,4.9
2023-03-05,4.57,114.0,4.55,4.57,4.59,4.9
2023-03-06,4.57,114.0,4.55,4.56,4.59,4.9
2023-03-07,4.57,118.0,4.55,4.56,4.58,4.9
2023-03-08,4.57,107.0,4.55,4.56,4.58,4.9
2023-03-09,4.57,115.0,4.55,4.56,4.59,4.9
2023-03-10,4.57,81.0,4.55,4.56,4.59,4.9
2023-03-11,4.57,81.0,4.55,4.56,4.59,4.9
2023-03-12,4.57,81.0,4.55,4.56,4.59,4.9
2023-03-13,4.58,41.0,4.55,4.58,4.59,4.9
2023-03-14,4.58,79.0,4.55,4.58,4.59,4.9
2023-03-15,4.58,89.0,4.55,4.58,4.59,4.9
2023-03-16,4.58,83.0,4.55,4.58,4.59,4.9
2023-03-17,4.58,85.0,4.55,4.58,4.59,4.9
2023-03-18,4.58,85.0,4.55,4.58,4.59,4.9
2023-03-19,4.58,85.0,4.55,4.58,4.59,4.9
2023-03-20,4.58,92.0,4.55,4.58,4.59,4.9
2023-03-21,4.58,92.0,4.55,4.58,4.59,4.9
2023-03-22,4.58,100.0,4.55,4.58,4.59,4.9
2023-03-23,4.83,92.0,4.8,4.83,4.84,5.15
2023-03-24,4.83,92.0,4.8,4.83,4.84,5.15
2023-03-25,4.83,92.0,4.8,4.83,4.84,5.15
2023-03-26,4.83,92.0,4.8,4.83,4.84,5.15
2023-03-27,4.83,92.0,4.8,4.83,4.84,5.15
2023-03-28,4.83,98.0,4.8,4.83,4.84,5.15
2023-03-29,4.83,97.0,4.8,4.83,4.84,5.15
2023-03-30,4.83,95.0,4.8,4.82,4.84,5.15
2023-03-31,4.83,86.0,4.8,4.82,4.84,5.15
2023-04-01,4.83,86.0,4.8,4.82,4.84,5.15
2023-04-02,4.83,86.0,4.8,4.82,4.84,5.15
2023-04-03,4.83,105.0,4.8,4.82,4.84,5.15
2023-04-04,4.83,103.0,4.8,4.82,4.84,5.15
2023-04-05,4.83,102.0,4.8,4.82,4.84,5.15
2023-04-06,4.83,98.0,4.8,4.82,4.84,5.15
2023-04-07,4.83,100.0,4.8,4.82,4.84,5.15
2023-04-08,4.83,100.0,4.8,4.82,4.84,5.15
2023-04-09,4.83,100.0,4.8,4.82,4.84,5.15
2023-04-10,4.83,106.0,4.8,4.82,4.84,5.15
2023-04-11,4.83,108.0,4.8,4.82,4.84,5.15
2023-04-12,4.83,114.0,4.8,4.82,4.84,5.15
2023-04-13,4.83,109.0,4.8,4.82,4.84,5.15
2023-04-14,4.83,113.0,4.8,4.82,4.84,5.15
2023-04-15,4.83,113.0,4.8,4.82,4.84,5.15
2023-04-16,4.83,113.0,4.8,4.82,4.84,5.15
2023-04-17,4.83,106.0,4.8,4.82,4.84,5.15
2023-04-18,4.83,112.0,4.8,4.82,4.84,5.15
2023-04-19,4.83,109.0,4.8,4.82,4.84,5.15
2023-04-20,4.83,115.0,4.8,4.82,4.84,5.15
2023-04-21,4.83,114.0,4.8,4.82,4.84,5.15
2023-04-22,4.83,114.0,4.8,4.82,4.84,5.15
2023-04-23,4.83,114.0,4.8,4.82,4.84,5.15
2023-04-24,4.83,110.0,4.8,4.81,4.84,5.15
2023-04-25,4.83,112.0,4.8,4.82,4.84,5.15
2023-04-26,4.83,115.0,4.8,4.82,4.84,5.15
2023-04-27,4.83,119.0,4.8,4.81,4.84,5.15
2023-04-28,4.83,113.0,4.8,4.82,4.84,5.15
2023-04-29,4.83,113.0,4.8,4.82,4.84,5.15
2023-04-30,4.83,113.0,4.8,4.82,4.84,5.15
2023-05-01,4.83,117.0,4.8,4.81,4.84,5.15
2023-05-02,4.83,118.0,4.8,4.81,4.84,5.15
2023-05-03,4.83,115.0,4.8,4.82,4.84,5.15
2023-05-04,5.08,114.0,5.05,5.06,5.09,5.4
2023-05-05,5.08,112.0,5.05,5.07,5.09,5.4
2023-05-06,5.08,112.0,5.05,5.07,5.09,5.4
2023-05-07,5.08,112.0,5.05,5.07,5.09,5.4
2023-05-08,5.08,111.0,5.05,5.07,5.09,5.4
2023-05-09,5.08,112.0,5.05,5.07,5.09,5.4
2023-05-10,5.08,120.0,5.05,5.07,5.08,5.4
2023-05-11,5.08,117.0,5.05,5.07,5.09,5.4
2023-05-12,5.08,124.0,5.05,5.07,5.09,5.35
2023-05-13,5.08,124.0,5.05,5.07,5.09,5.35
2023-05-14,5.08,124.0,5.05,5.07,5.09,5.35
2023-05-15,5.08,126.0,5.05,5.07,5.08,5.35
2023-05-16,5.08,124.0,5.05,5.07,5.08,5.35
2023-05-17,5.08,130.0,5.05,5.07,5.08,5.35
2023-05-18,5.08,127.0,5.05,5.06,5.08,5.35
2023-05-19,5.08,132.0,5.05,5.06,5.08,5.35
2023-05-20,5.08,132.0,5.05,5.06,5.08,5.35
2023-05-21,5.08,132.0,5.05,5.06,5.08,5.35
2023-05-22,5.08,124.0,5.05,5.06,5.09,5.35
2023-05-23,5.08,126.0,5.05,5.06,5.09,5.35
2023-05-24,5.08,126.0,5.05,5.06,5.08,5.35
2023-05-25,5.08,131.0,5.05,5.06,5.08,5.35
2023-05-26,5.08,136.0,5.05,5.06,5.08,5.35
2023-05-27,5.08,136.0,5.05,5.06,5.08,5.35
2023-05-28,5.08,136.0,5.05,5.06,5.08,5.35
2023-05-29,5.08,136.0,5.05,5.06,5.08,5.35
2023-05-30,5.08,127.0,5.05,5.06,5.08,5.35
2023-05-31,5.08,118.0,5.05,5.06,5.08,5.4
2023-06-01,5.08,131.0,5.05,5.06,5.08,5.35
2023-06-02,5.08,141.0,5.05,5.06,5.08,5.3
2023-06-03,5.08,141.0,5.05,5.06,5.08,5.3
2023-06-04,5.08,141.0,5.05,5.06,5.08,5.3
2023-06-05,5.08,136.0,5.05,5.06,5.08,5.3
2023-06-06,5.08,144.0,5.05,5.06,5.08,5.3
2023-06-07,5.08,137.0,5.05,5.06,5.08,5.3
2023-06-08,5.08,136.0,5.05,5.06,5.08,5.3
2023-06-09,5.08,133.0,5.05,5.06,5.08,5.3
2023-06-10,5.08,133.0,5.05,5.06,5.08,5.3
2023-06-11,5.08,133.0,5.05,5.06,5.08,5.3
2023-06-12,5.08,134.0,5.05,5.06,5.08,5.3
2023-06-13,5.08,131.0,5.05,5.06,5.08,5.3
2023-06-14,5.08,128.0,5.05,5.06,5.08,5.35
2023-06-15,5.07,128.0,5.05,5.06,5.08,5.35
2023-06-16,5.08,129.0,5.05,5.06,5.08,5.3
2023-06-17,5.08,129.0,5.05,5.06,5.08,5.3
2023-06-18,5.08,129.0,5.05,5.06,5.08,5.3
2023-06-19,5.08,129.0,5.05,5.06,5.08,5.3
2023-06-20,5.07,134.0,5.05,5.06,5.08,5.3
2023-06-21,5.07,130.0,5.05,5.06,5.08,5.3
2023-06-22,5.07,132.0,5.05,5.06,5.08,5.35
2023-06-23,5.07,135.0,5.05,5.06,5.08,5.35
2023-06-24,5.07,135.0,5.05,5.06,5.08,5.35
2023-06-25,5.07,135.0,5.05,5.06,5.08,5.35
2023-06-26,5.07,138.0,5.05,5.06,5.08,5.3
2023-06-27,5.07,132.0,5.05,5.06,5.08,5.4
2023-06-28,5.07,140.0,5.05,5.06,5.08,5.3
2023-06-29,5.07,135.0,5.05,5.06,5.08,5.3
2023-06-30,5.08,97.0,5.05,5.07,5.09,5.4
2023-07-01,5.08,97.0,5.05,5.07,5.09,5.4
2023-07-02,5.08,97.0,5.05,5.07,5.09,5.4
2023-07-03,5.08,124.0,5.05,5.06,5.08,5.3
2023-07-04,5.08,124.0,5.05,5.06,5.08,5.3
2023-07-05,5.08,123.0,5.05,5.06,5.08,5.3
2023-07-06,5.08,119.0,5.05,5.06,5.08,5.35
2023-07-07,5.08,127.0,5.05,5.06,5.08,5.3
2023-07-08,5.08,127.0,5.05,5.06,5.08,5.3
2023-07-09,5.08,127.0,5.05,5.06,5.08,5.3
2023-07-10,5.07,125.0,5.05,5.06,5.08,5.3
2023-07-11,5.08,121.0,5.05,5.06,5.08,5.35
2023-07-12,5.08,116.0,5.05,5.06,5.08,5.4
2023-07-13,5.08,122.0,5.05,5.06,5.08,5.4
2023-07-14,5.08,115.0,5.05,5.06,5.08,5.4
2023-07-15,5.08,115.0,5.05,5.06,5.08,5.4
2023-07-16,5.08,115.0,5.05,5.06,5.08,5.4
2023-07-17,5.08,112.0,5.05,5.06,5.08,5.4
2023-07-18,5.08,106.0,5.05,5.07,5.08,5.4
2023-07-19,5.08,106.0,5.05,5.07,5.08,5.4
2023-07-20,5.08,111.0,5.05,5.06,5.08,5.4
2023-07-21,5.08,110.0,5.05,5.06,5.08,5.4
2023-07-22,5.08,110.0,5.05,5.06,5.08,5.4
2023-07-23,5.08,110.0,5.05,5.06,5.08,5.4
2023-07-24,5.08,101.0,5.05,5.06,5.08,5.4
2023-07-25,5.08,89.0,5.05,5.07,5.08,5.4
2023-07-26,5.08,98.0,5.05,5.07,5.09,5.4
2023-07-27,5.33,105.0,5.3,5.32,5.33,5.65
2023-07-28,5.33,106.0,5.3,5.32,5.33,5.65
2023-07-29,5.33,106.0,5.3,5.32,5.33,5.65
2023-07-30,5.33,106.0,5.3,5.32,5.33,5.65
2023-07-31,5.33,103.0,5.3,5.32,5.34,5.65
2023-08-01,5.33,108.0,5.3,5.32,5.33,5.65
2023-08-02,5.33,105.0,5.3,5.32,5.33,5.65
2023-08-03,5.33,105.0,5.3,5.32,5.33,5.65
2023-08-04,5.33,112.0,5.3,5.32,5.33,5.65
2023-08-05,5.33,112.0,5.3,5.32,5.33,5.65
2023-08-06,5.33,112.0,5.3,5.32,5.33,5.65
2023-08-07,5.33,106.0,5.3,5.32,5.33,5.65
2023-08-08,5.33,110.0,5.3,5.32,5.33,5.65
2023-08-09,5.33,111.0,5.3,5.31,5.33,5.65
2023-08-10,5.33,108.0,5.3,5.32,5.33,5.65
2023-08-11,5.33,105.0,5.3,5.31,5.33,5.65
2023-08-12,5.33,105.0,5.3,5.31,5.33,5.65
2023-08-13,5.33,105.0,5.3,5.31,5.33,5.65
2023-08-14,5.33,103.0,5.3,5.32,5.33,5.65
2023-08-15,5.33,102.0,5.3,5.32,5.33,5.65
2023-08-16,5.33,96.0,5.3,5.32,5.34,5.65
2023-08-17,5.33,98.0,5.3,5.32,5.33,5.6
2023-08-18,5.33,100.0,5.3,5.32,5.33,5.55
2023-08-19,5.33,100.0,5.3,5.32,5.33,5.55
2023-08-20,5.33,100.0,5.3,5.32,5.33,5.55
2023-08-21,5.33,100.0,5.3,5.32,5.33,5.55
2023-08-22,5.33,101.0,5.3,5.32,5.33,5.55
2023-08-23,5.33,105.0,5.3,5.32,5.33,5.55
2023-08-24,5.33,105.0,5.3,5.32,5.33,5.5
2023-08-25,5.33,103.0,5.3,5.32,5.33,5.5
2023-08-26,5.33,103.0,5.3,5.32,5.33,5.5
2023-08-27,5.33,103.0,5.3,5.32,5.33,5.5
2023-08-28,5.33,107.0,5.3,5.31,5.33,5.5
2023-08-29,5.33,102.0,5.3,5.32,5.33,5.55
2023-08-30,5.33,100.0,5.3,5.32,5.33,5.5
2023-08-31,5.33,97.0,5.3,5.32,5.33,5.5
2023-09-01,5.33,104.0,5.3,5.32,5.34,5.5
2023-09-02,5.33,104.0,5.3,5.32,5.34,5.5
2023-09-03,5.33,104.0,5.3,5.32,5.34,5.5
2023-09-04,5.33,104.0,5.3,5.32,5.34,5.5
2023-09-05,5.33,102.0,5.3,5.32,5.33,5.5
2023-09-06,5.33,100.0,5.3,5.32,5.33,5.5
2023-09-07,5.33,105.0,5.3,5.32,5.33,5.5
2023-09-08,5.33,104.0,5.3,5.32,5.33,5.5
2023-09-09,5.33,104.0,5.3,5.32,5.33,5.5
2023-09-10,5.33,104.0,5.3,5.32,5.33,5.5
2023-09-11,5.33,105.0,5.3,5.32,5.33,5.5
2023-09-12,5.33,108.0,5.3,5.32,5.33,5.5
2023-09-13,5.33,104.0,5.3,5.32,5.33,5.55
2023-09-14,5.33,92.0,5.3,5.32,5.34,5.55
2023-09-15,5.33,96.0,5.3,5.32,5.33,5.5
2023-09-16,5.33,96.0,5.3,5.32,5.33,5.5
2023-09-17,5.33,96.0,5.3,5.32,5.33,5.5
2023-09-18,5.33,94.0,5.3,5.32,5.34,5.53
2023-09-19,5.33,90.0,5.3,5.32,5.34,5.55
2023-09-20,5.33,89.0,5.3,5.32,5.34,5.55
2023-09-21,5.33,87.0,5.3,5.32,5.34,5.55
2023-09-22,5.33,94.0,5.3,5.32,5.34,5.55
2023-09-23,5.33,94.0,5.3,5.32,5.34,5.55
2023-09-24,5.33,94.0,5.3,5.32,5.34,5.55
2023-09-25,5.33,93.0,5.3,5.32,5.34,5.55
2023-09-26,5.33,96.0,5.3,5.32,5.34,5.55
2023-09-27,5.33,99.0,5.3,5.32,5.34,5.55
2023-09-28,5.33,104.0,5.3,5.32,5.34,5.44
2023-09-29,5.33,86.0,5.3,5.32,5.34,5.55
2023-09-30,5.33,86.0,5.3,5.32,5.34,5.55
2023-10-01,5.33,86.0,5.3,5.32,5.34,5.55
2023-10-02,5.33,89.0,5.3,5.32,5.34,5.55
2023-10-03,5.33,94.0,5.3,5.32,5.34,5.55
2023-10-04,5.33,103.0,5.3,5.32,5.34,5.53
2023-10-05,5.33,102.0,5.3,5.32,5.34,5.55
2023-10-06,5.33,100.0,5.3,5.32,5.33,5.53
2023-10-07,5.33,100.0,5.3,5.32,5.33,5.53
2023-10-08,5.33,100.0,5.3,5.32,5.33,5.53
2023-10-09,5.33,100.0,5.3,5.32,5.33,5.53
2023-10-10,5.33,95.0,5.3,5.32,5.34,5.55
2023-10-11,5.33,94.0,5.3,5.32,5.34,5.55
2023-10-12,5.33,103.0,5.3,5.32,5.33,5.53
2023-10-13,5.33,99.0,5.3,5.32,5.33,5.5
2023-10-14,5.33,99.0,5.3,5.32,5.33,5.5
2023-10-15,5.33,99.0,5.3,5.32,5.33,5.5
2023-10-16,5.33,96.0,5.3,5.32,5.34,5.55
2023-10-17,5.33,93.0,5.3,5.32,5.34,5.55
2023-10-18,5.33,89.0,5.3,5.32,5.34,5.55
2023-10-19,5.33,90.0,5.3,5.32,5.34,5.55
2023-10-20,5.33,87.0,5.3,5.32,5.34,5.55
2023-10-21,5.33,87.0,5.3,5.32,5.34,5.55
2023-10-22,5.33,87.0,5.3,5.32,5.34,5.55
2023-10-23,5.33,88.0,5.3,5.32,5.34,5.55
2023-10-24,5.33,83.0,5.3,5.32,5.34,5.55
2023-10-25,5.33,93.0,5.3,5.32,5.34,5.55
2023-10-26,5.33,100.0,5.3,5.32,5.34,5.5
2023-10-27,5.33,94.0,5.3,5.32,5.34,5.55
2023-10-28,5.33,94.0,5.3,5.32,5.34,5.55
2023-10-29,5.33,94.0,5.3,5.32,5.34,5.55
2023-10-30,5.33,97.0,5.3,5.32,5.33,5.5
2023-10-31,5.33,86.0,5.3,5.32,5.34,5.55
2023-11-01,5.33,92.0,5.3,5.32,5.34,5.53
2023-11-02,5.33,99.0,5.3,5.32,5.33,5.55
2023-11-03,5.33,102.0,5.3,5.32,5.33,5.5
2023-11-04,5.33,102.0,5.3,5.32,5.33,5.5
2023-11-05,5.33,102.0,5.3,5.32,5.33,5.5
2023-11-06,5.33,101.0,5.3,5.32,5.33,5.5
2023-11-07,5.33,104.0,5.3,5.32,5.33,5.53
2023-11-08,5.33,101.0,5.3,5.32,5.33,5.5
2023-11-09,5.33,105.0,5.3,5.32,5.33,5.5
2023-11-10,5.33,106.0,5.3,5.32,5.33,5.5
2023-11-11,5.33,106.0,5.3,5.32,5.33,5.5
2023-11-12,5.33,106.0,5.3,5.32,5.33,5.5
2023-11-13,5.33,102.0,5.3,5.32,5.33,5.5
2023-11-14,5.33,102.0,5.3,5.32,5.33,5.5
2023-11-15,5.33,96.0,5.3,5.32,5.33,5.5
2023-11-16,5.33,99.0,5.3,5.32,5.33,5.5
2023-11-17,5.33,98.0,5.3,5.32,5.33,5.5
2023-11-18,5.33,98.0,5.3,5.32,5.33,5.5
2023-11-19,5.33,98.0,5.3,5.32,5.33,5.5
2023-11-20,5.33,101.0,5.3,5.32,5.33,5.5
2023-11-21,5.33,102.0,5.3,5.32,5.33,5.5
2023-11-22,5.33,102.0,5.3,5.32,5.33,5.5
2023-11-23,5.33,102.0,5.3,5.32,5.33,5.5
2023-11-24,5.33,101.0,5.3,5.32,5.33,5.5
2023-11-25,5.33,101.0,5.3,5.32,5.33,5.5
2023-11-26,5.33,101.0,5.3,5.32,5.33,5.5
2023-11-27,5.33,97.0,5.3,5.32,5.33,5.5
2023-11-28,5.33,97.0,5.3,5.32,5.33,5.5
2023-11-29,5.33,96.0,5.3,5.32,5.33,5.5
2023-11-30,5.33,91.0,5.3,5.32,5.34,5.5
2023-12-01,5.33,107.0,5.3,5.32,5.33,5.44
2023-12-02,5.33,107.0,5.3,5.32,5.33,5.44
2023-12-03,5.33,107.0,5.3,5.32,5.33,5.44
2023-12-04,5.33,103.0,5.3,5.32,5.33,5.45
2023-12-05,5.33,103.0,5.3,5.32,5.33,5.45
2023-12-06,5.33,103.0,5.3,5.32,5.33,5.45
2023-12-07,5.33,102.0,5.3,5.31,5.34,5.45
2023-12-08,5.33,101.0,5.3,5.32,5.33,5.45
2023-12-09,5.33,101.0,5.3,5.32,5.33,5.45
2023-12-10,5.33,101.0,5.3,5.32,5.33,5.45
2023-12-11,5.33,102.0,5.3,5.32,5.33,5.45
2023-12-12,5.33,106.0,5.3,5.31,5.33,5.44
2023-12-13,5.33,106.0,5.3,5.31,5.33,5.45
2023-12-14,5.33,108.0,5.3,5.31,5.33,5.35
2023-12-15,5.33,101.0,5.3,5.32,5.33,5.4
2023-12-16,5.33,101.0,5.3,5.32,5.33,5.4
2023-12-17,5.33,101.0,5.3,5.32,5.33,5.4
2023-12-18,5.33,95.0,5.3,5.32,5.33,5.45
2023-12-19,5.33,96.0,5.3,5.32,5.33,5.4
2023-12-20,5.33,97.0,5.3,5.32,5.33,5.4
2023-12-21,5.33,101.0,5.3,5.32,5.33,5.45
2023-12-22,5.33,90.0,5.3,5.32,5.33,5.4
2023-12-23,5.33,90.0,5.3,5.32,5.33,5.4
2023-12-24,5.33,90.0,5.3,5.32,5.33,5.4
2023-12-25,5.33,90.0,5.3,5.32,5.33,5.4
2023-12-26,5.33,96.0,5.3,5.32,5.33,5.5
2023-12-27,5.33,88.0,5.3,5.32,5.33,5.5
2023-12-28,5.33,81.0,5.3,5.32,5.34,5.5
2023-12-29,5.33,59.0,5.31,5.32,5.35,5.55
2023-12-30,5.33,59.0,5.31,5.32,5.35,5.55
2023-12-31,5.33,59.0,5.31,5.32,5.35,5.55
2024-01-01,5.33,59.0,5.31,5.32,5.35,5.55
2024-01-02,5.33,83.0,5.3,5.32,5.34,5.5
2024-01-03,5.33,87.0,5.3,5.32,5.34,5.48
2024-01-04,5.33,86.0,5.3,5.32,5.34,5.48
2024-01-05,5.33,84.0,5.3,5.32,5.34,5.45
2024-01-06,5.33,84.0,5.3,5.32,5.34,5.45
2024-01-07,5.33,84.0,5.3,5.32,5.34,5.45
2024-01-08,5.33,86.0,5.3,5.32,5.34,5.45
2024-01-09,5.33,91.0,5.3,5.32,5.33,5.45
2024-01-10,5.33,91.0,5.3,5.32,5.33,5.45
2024-01-11,5.33,96.0,5.3,5.32,5.33,5.4
2024-01-12,5.33,93.0,5.3,5.32,5.33,5.4
2024-01-13,5.33,93.0,5.3,5.32,5.33,5.4
2024-01-14,5.33,93.0,5.3,5.32,5.33,5.4
2024-01-15,5.33,93.0,5.3,5.32,5.33,5.4
2024-01-16,5.33,85.0,5.3,5.32,5.34,5.45
2024-01-17,5.33,88.0,5.3,5.32,5.33,5.4
2024-01-18,5.33,87.0,5.31,5.32,5.34,5.45
2024-01-19,5.33,94.0,5.31,5.32,5.33,5.45
2024-01-20,5.33,94.0,5.31,5.32,5.33,5.45
2024-01-21,5.33,94.0,5.31,5.32,5.33,5.45
2024-01-22,5.33,92.0,5.31,5.32,5.33,5.45
2024-01-23,5.33,97.0,5.31,5.31,5.33,5.45
2024-01-24,5.33,96.0,5.3,5.32,5.33,5.45
2024-01-25,5.33,101.0,5.3,5.31,5.33,5.45
2024-01-26,5.33,100.0,5.3,5.31,5.33,5.45
2024-01-27,5.33,100.0,5.3,5.31,5.33,5.45
2024-01-28,5.33,100.0,5.3,5.31,5.33,5.45
2024-01-29,5.33,92.0,5.31,5.32,5.33,5.45
2024-01-30,5.33,92.0,5.31,5.32,5.33,5.5
2024-01-31,5.33,75.0,5.3,5.32,5.34,5.5
2024-02-01,5.33,81.0,5.31,5.32,5.34,5.5
2024-02-02,5.33,91.0,5.31,5.32,5.33,5.5
2024-02-03,5.33,91.0,5.31,5.32,5.33,5.5
2024-02-04,5.33,91.0,5.31,5.32,5.33,5.5
2024-02-05,5.33,96.0,5.31,5.32,5.33,5.5
2024-02-06,5.33,97.0,5.31,5.32,5.33,5.45
2024-02-07,5.33,96.0,5.31,5.32,5.33,5.45
2024-02-08,5.33,96.0,5.31,5.31,5.33,5.4
2024-02-09,5.33,96.0,5.31,5.32,5.33,5.35
2024-02-10,5.33,96.0,5.31,5.32,5.33,5.35
2024-02-11,5.33,96.0,5.31,5.32,5.33,5.35
2024-02-12,5.33,93.0,5.31,5.32,5.33,5.35
2024-02-13,5.33,98.0,5.31,5.32,5.33,5.4
2024-02-14,5.33,107.0,5.31,5.31,5.33,5.4
2024-02-15,5.33,112.0,5.31,5.31,5.33,5.42
2024-02-16,5.33,110.0,5.31,5.31,5.33,5.4
2024-02-17,5.33,110.0,5.31,5.31,5.33,5.4
2024-02-18,5.33,110.0,5.31,5.31,5.33,5.4
2024-02-19,5.33,110.0,5.31,5.31,5.33,5.4
2024-02-20,5.33,104.0,5.31,5.31,5.33,5.45
2024-02-21,5.33,101.0,5.31,5.31,5.33,5.45
2024-02-22,5.33,103.0,5.31,5.32,5.33,5.4
2024-02-23,5.33,103.0,5.31,5.31,5.33,5.4
2024-02-24,5.33,103.0,5.31,5.31,5.33,5.4
2024-02-25,5.33,103.0,5.31,5.31,5.33,5.4
2024-02-26,5.33,98.0,5.31,5.32,5.33,5.47
2024-02-27,5.33,96.0,5.31,5.32,5.33,5.47
2024-02-28,5.33,96.0,5.31,5.32,5.33,5.45
2024-02-29,5.33,96.0,5.3,5.32,5.33,5.47
2024-03-01,5.33,84.0,5.31,5.32,5.34,5.47
2024-03-02,5.33,84.0,5.31,5.32,5.34,5.47
2024-03-03,5.33,84.0,5.31,5.32,5.34,5.47
2024-03-04,5.33,91.0,5.31,5.32,5.34,5.4
2024-03-05,5.33,101.0,5.31,5.32,5.33,5.4
2024-03-06,5.33,99.0,5.31,5.32,5.34,5.47
2024-03-07,5.33,98.0,5.31,5.32,5.34,5.35
2024-03-08,5.33,85.0,5.31,5.32,5.34,5.45
2024-03-09,5.33,85.0,5.31,5.32,5.34,5.45
2024-03-10,5.33,85.0,5.31,5.32,5.34,5.45
2024-03-11,5.33,85.0,5.31,5.32,5.34,5.47
2024-03-12,5.33,86.0,5.31,5.32,5.34,5.47
2024-03-13,5.33,89.0,5.31,5.32,5.34,5.45
2024-03-14,5.33,95.0,5.31,5.32,5.34,5.45
2024-03-15,5.33,90.0,5.31,5.32,5.34,5.45
2024-03-16,5.33,90.0,5.31,5.32,5.34,5.45
2024-03-17,5.33,90.0,5.31,5.32,5.34,5.45
2024-03-18,5.33,91.0,5.31,5.32,5.34,5.45
2024-03-19,5.33,89.0,5.31,5.32,5.34,5.45
2024-03-20,5.33,91.0,5.31,5.32,5.34,5.45
2024-03-21,5.33,93.0,5.31,5.32,5.34,5.45
2024-03-22,5.33,91.0,5.31,5.32,5.34,5.45
2024-03-23,5.33,91.0,5.31,5.32,5.34,5.45
2024-03-24,5.33,91.0,5.31,5.32,5.34,5.45
2024-03-25,5.33,85.0,5.31,5.32,5.34,5.46
2024-03-26,5.33,85.0,5.31,5.32,5.34,5.45
2024-03-27,5.33,82.0,5.3,5.32,5.34,5.45
2024-03-28,5.33,53.0,5.3,5.33,5.35,5.5
2024-03-29,5.33,62.0,5.31,5.33,5.34,5.45
2024-03-30,5.33,62.0,5.31,5.33,5.34,5.45
2024-03-31,5.33,62.0,5.31,5.33,5.34,5.45
2024-04-01,5.33,93.0,5.31,5.32,5.34,5.45
2024-04-02,5.33,94.0,5.31,5.32,5.34,5.35
2024-04-03,5.33,93.0,5.31,5.32,5.34,5.35
2024-04-04,5.33,93.0,5.31,5.32,5.34,5.35
2024-04-05,5.33,88.0,5.31,5.32,5.34,5.35
2024-04-06,5.33,88.0,5.31,5.32,5.34,5.35
2024-04-07,5.33,88.0,5.31,5.32,5.34,5.35
2024-04-08,5.33,82.0,5.31,5.33,5.34,5.45
2024-04-09,5.33,85.0,5.31,5.33,5.34,5.35
2024-04-10,5.33,86.0,5.31,5.33,5.34,5.35
2024-04-11,5.33,92.0,5.31,5.32,5.34,5.35
2024-04-12,5.33,88.0,5.31,5.32,5.34,5.35
2024-04-13,5.33,88.0,5.31,5.32,5.34,5.35
2024-04-14,5.33,88.0,5.31,5.32,5.34,5.35
2024-04-15,5.33,83.0,5.31,5.33,5.34,5.46
2024-04-16,5.33,83.0,5.31,5.32,5.34,5.46
2024-04-17,5.33,80.0,5.31,5.32,5.34,5.45
2024-04-18,5.33,82.0,5.31,5.32,5.34,5.46
2024-04-19,5.33,85.0,5.31,5.32,5.34,5.45
2024-04-20,5.33,85.0,5.31,5.32,5.34,5.45
2024-04-21,5.33,85.0,5.31,5.32,5.34,5.45
2024-04-22,5.33,79.0,5.31,5.32,5.34,5.46
2024-04-23,5.33,74.0,5.31,5.32,5.34,5.5
2024-04-24,5.33,71.0,5.31,5.33,5.34,5.55
2024-04-25,5.33,89.0,5.31,5.32,5.34,5.5
2024-04-26,5.33,94.0,5.31,5.32,5.34,5.5
2024-04-27,5.33,94.0,5.31,5.32,5.34,5.5
2024-04-28,5.33,94.0,5.31,5.32,5.34,5.5
2024-04-29,5.33,78.0,5.31,5.32,5.34,5.5
2024-04-30,5.33,82.0,5.3,5.32,5.34,5.5
2024-05-01,5.33,83.0,5.31,5.32,5.34,5.5
2024-05-02,5.33,83.0,5.31,5.32,5.34,5.5
2024-05-03,5.33,82.0,5.31,5.32,5.34,5.5
2024-05-04,5.33,82.0,5.31,5.32,5.34,5.5
2024-05-05,5.33,82.0,5.31,5.32,5.34,5.5
2024-05-06,5.33,75.0,5.31,5.32,5.34,5.5
2024-05-07,5.33,78.0,5.31,5.32,5.34,5.5
2024-05-08,5.33,77.0,5.31,5.32,5.34,5.5
2024-05-09,5.33,79.0,5.31,5.32,5.34,5.5
2024-05-10,5.33,79.0,5.31,5.32,5.34,5.5
2024-05-11,5.33,79.0,5.31,5.32,5.34,5.5
2024-05-12,5.33,79.0,5.31,5.32,5.34,5.5
2024-05-13,5.33,76.0,5.31,5.33,5.34,5.5
2024-05-14,5.33,76.0,5.31,5.33,5.34,5.5
2024-05-15,5.33,78.0,5.31,5.33,5.34,5.5
2024-05-16,5.33,78.0,5.31,5.32,5.34,5.5
2024-05-17,5.33,77.0,5.31,5.32,5.34,5.5
2024-05-18,5.33,77.0,5.31,5.32,5.34,5.5
2024-05-19,5.33,77.0,5.31,5.32,5.34,5.5
2024-05-20,5.33,75.0,5.31,5.32,5.34,5.5
2024-05-21,5.33,76.0,5.31,5.33,5.34,5.5
2024-05-22,5.33,80.0,5.31,5.33,5.34,5.5
2024-05-23,5.33,82.0,5.31,5.32,5.34,5.5
2024-05-24,5.33,90.0,5.31,5.32,5.34,5.5
2024-05-25,5.33,90.0,5.31,5.32,5.34,5.5
2024-05-26,5.33,90.0,5.31,5.32,5.34,5.5
2024-05-27,5.33,90.0,5.31,5.32,5.34,5.5
2024-05-28,5.33,88.0,5.31,5.32,5.34,5.5
2024-05-29,5.33,88.0,5.31,5.32,5.34,5.5
2024-05-30,5.33,96.0,5.31,5.32,5.34,5.46
2024-05-31,5.33,99.0,5.3,5.32,5.34,5.47
2024-06-01,5.33,99.0,5.3,5.32,5.34,5.47
2024-06-02,5.33,99.0,5.3,5.32,5.34,5.47
2024-06-03,5.33,93.0,5.31,5.32,5.34,5.46
2024-06-04,5.33,100.0,5.31,5.32,5.34,5.46
2024-06-05,5.33,105.0,5.31,5.32,5.34,5.46
2024-06-06,5.33,105.0,5.31,5.32,5.34,5.45
2024-06-07,5.33,100.0,5.31,5.32,5.34,5.45
2024-06-08,5.33,100.0,5.31,5.32,5.34,5.45
2024-06-09,5.33,100.0,5.31,5.32,5.34,5.45
2024-06-10,5.33,93.0,5.31,5.32,5.34,5.45
2024-06-11,5.33,95.0,5.31,5.32,5.34,5.45
2024-06-12,5.33,93.0,5.31,5.32,5.34,5.45
2024-06-13,5.33,99.0,5.31,5.32,5.34,5.35
2024-06-14,5.33,87.0,5.31,5.32,5.34,5.45
2024-06-15,5.33,87.0,5.31,5.32,5.34,5.45
2024-06-16,5.33,87.0,5.31,5.32,5.34,5.45
2024-06-17,5.33,83.0,5.31,5.32,5.34,5.45
2024-06-18,5.33,85.0,5.31,5.32,5.34,5.45
2024-06-19,5.33,85.0,5.31,5.32,5.34,5.45
2024-06-20,5.33,83.0,5.31,5.32,5.34,5.46
2024-06-21,5.33,78.0,5.31,5.32,5.34,5.5
2024-06-22,5.33,78.0,5.31,5.32,5.34,5.5
2024-06-23,5.33,78.0,5.31,5.32,5.34,5.5
2024-06-24,5.33,76.0,5.31,5.32,5.34,5.46
2024-06-25,5.33,85.0,5.31,5.32,5.34,5.45
2024-06-26,5.33,82.0,5.31,5.32,5.34,5.45
2024-06-27,5.33,83.0,5.31,5.32,5.34,5.45
2024-06-28,5.33,67.0,5.31,5.32,5.34,5.55
2024-06-29,5.33,67.0,5.31,5.32,5.34,5.55
2024-06-30,5.33,67.0,5.31,5.32,5.34,5.55
2024-07-01,5.33,85.0,5.31,5.32,5.34,5.45
2024-07-02,5.33,85.0,5.31,5.32,5.34,5.45
2024-07-03,5.33,88.0,5.31,5.32,5.34,5.45
2024-07-04,5.33,88.0,5.31,5.32,5.34,5.45
2024-07-05,5.33,89.0,5.31,5.32,5.34,5.45
2024-07-06,5.33,89.0,5.31,5.32,5.34,5.45
2024-07-07,5.33,89.0,5.31,5.32,5.34,5.45
2024-07-08,5.33,80.0,5.31,5.32,5.34,5.45
2024-07-09,5.33,84.0,5.31,5.32,5.34,5.45
2024-07-10,5.33,88.0,5.31,5.32,5.34,5.45
2024-07-11,5.33,90.0,5.31,5.32,5.34,5.45
2024-07-12,5.33,88.0,5.31,5.32,5.34,5.45
2024-07-13,5.33,88.0,5.31,5.32,5.34,5.45
2024-07-14,5.33,88.0,5.31,5.32,5.34,5.45
2024-07-15,5.33,88.0,5.31,5.32,5.34,5.45
2024-07-16,5.33,85.0,5.31,5.32,5.34,5.45
2024-07-17,5.33,80.0,5.31,5.33,5.34,5.45
2024-07-18,5.33,83.0,5.31,5.32,5.34,5.35
2024-07-19,5.33,79.0,5.31,5.32,5.34,5.45
2024-07-20,5.33,79.0,5.31,5.32,5.34,5.45
2024-07-21,5.33,79.0,5.31,5.32,5.34,5.45
2024-07-22,5.33,84.0,5.31,5.32,5.34,5.45
2024-07-23,5.33,85.0,5.31,5.32,5.34,5.45
2024-07-24,5.33,86.0,5.31,5.32,5.34,5.45
2024-07-25,5.33,88.0,5.31,5.32,5.34,5.45
2024-07-26,5.33,85.0,5.31,5.32,5.34,5.44
2024-07-27,5.33,85.0,5.31,5.32,5.34,5.44
2024-07-28,5.33,85.0,5.31,5.32,5.34,5.44
2024-07-29,5.33,90.0,5.31,5.32,5.33,5.46
2024-07-30,5.33,87.0,5.31,5.32,5.34,5.35
2024-07-31,5.33,78.0,5.31,5.32,5.33,5.45
2024-08-01,5.33,83.0,5.31,5.32,5.34,5.35
2024-08-02,5.33,89.0,5.31,5.32,5.34,5.45
2024-08-03,5.33,89.0,5.31,5.32,5.34,5.45
2024-08-04,5.33,89.0,5.31,5.32,5.34,5.45
2024-08-05,5.33,86.0,5.31,5.32,5.34,5.45
2024-08-06,5.33,89.0,5.31,5.32,5.34,5.45
2024-08-07,5.33,96.0,5.31,5.32,5.34,5.35
2024-08-08,5.33,106.0,5.31,5.32,5.33,5.35
2024-08-09,5.33,104.0,5.31,5.32,5.33,5.35
2024-08-10,5.33,104.0,5.31,5.32,5.33,5.35
2024-08-11,5.33,104.0,5.31,5.32,5.33,5.35
2024-08-12,5.33,102.0,5.31,5.32,5.33,5.35
2024-08-13,5.33,100.0,5.31,5.32,5.33,5.35
2024-08-14,5.33,99.0,5.31,5.32,5.33,5.35
2024-08-15,5.33,96.0,5.31,5.32,5.33,5.35
2024-08-16,5.33,93.0,5.31,5.32,5.33,5.35
2024-08-17,5.33,93.0,5.31,5.32,5.33,5.35
2024-08-18,5.33,93.0,5.31,5.32,5.33,5.35
2024-08-19,5.33,95.0,5.31,5.32,5.33,5.35
2024-08-20,5.33,90.0,5.31,5.32,5.33,5.5
2024-08-21,5.33,93.0,5.31,5.32,5.34,5.45
2024-08-22,5.33,91.0,5.31,5.32,5.33,5.35
2024-08-23,5.33,93.0,5.31,5.32,5.33,5.38
2024-08-24,5.33,93.0,5.31,5.32,5.33,5.38
2024-08-25,5.33,93.0,5.31,5.32,5.33,5.38
2024-08-26,5.33,94.0,5.31,5.32,5.33,5.45
2024-08-27,5.33,86.0,5.31,5.32,5.34,5.35
2024-08-28,5.33,95.0,5.31,5.32,5.33,5.35
2024-08-29,5.33,97.0,5.31,5.32,5.33,5.35
2024-08-30,5.33,89.0,5.31,5.32,5.33,5.35
2024-08-31,5.33,89.0,5.31,5.32,5.33,5.35
2024-09-01,5.33,89.0,5.31,5.32,5.33,5.35
2024-09-02,5.33,89.0,5.31,5.32,5.33,5.35
2024-09-03,5.33,100.0,5.31,5.32,5.33,5.35
2024-09-04,5.33,103.0,5.31,5.32,5.33,5.35
2024-09-05,5.33,102.0,5.31,5.32,5.33,5.35
2024-09-06,5.33,100.0,5.31,5.32,5.33,5.35
2024-09-07,5.33,100.0,5.31,5.32,5.33,5.35
2024-09-08,5.33,100.0,5.31,5.32,5.33,5.35
2024-09-09,5.33,95.0,5.31,5.32,5.34,5.35
2024-09-10,5.33,101.0,5.31,5.32,5.33,5.35
2024-09-11,5.33,105.0,5.31,5.32,5.33,5.35
2024-09-12,5.33,111.0,5.31,5.32,5.33,5.35
2024-09-13,5.33,105.0,5.31,5.32,5.33,5.35
2024-09-14,5.33,105.0,5.31,5.32,5.33,5.35
2024-09-15,5.33,105.0,5.31,5.32,5.33,5.35
2024-09-16,5.33,96.0,5.31,5.32,5.33,5.35
2024-09-17,5.33,103.0,5.31,5.32,5.33,5.35
2024-09-18,5.33,102.0,5.31,5.32,5.33,5.4
2024-09-19,4.83,90.0,4.81,4.82,4.84,4.95
2024-09-20,4.83,93.0,4.81,4.82,4.84,4.95
2024-09-21,4.83,93.0,4.81,4.82,4.84,4.95
2024-09-22,4.83,93.0,4.81,4.82,4.84,4.95
2024-09-23,4.83,95.0,4.81,4.82,4.84,4.92
2024-09-24,4.83,94.0,4.81,4.82,4.84,4.85
2024-09-25,4.83,103.0,4.81,4.82,4.83,4.85
2024-09-26,4.83,100.0,4.81,4.82,4.84,4.85
2024-09-27,4.83,94.0,4.81,4.82,4.84,4.86
2024-09-28,4.83,94.0,4.81,4.82,4.84,4.86
2024-09-29,4.83,94.0,4.81,4.82,4.84,4.86
2024-09-30,4.83,73.0,4.8,4.82,4.84,4.95
2024-10-01,4.83,85.0,4.81,4.83,4.84,4.85
2024-10-02,4.83,81.0,4.81,4.83,4.84,4.85
2024-10-03,4.83,81.0,4.81,4.83,4.84,4.85
2024-10-04,4.83,84.0,4.81,4.83,4.84,4.85
2024-10-05,4.83,84.0,4.81,4.83,4.84,4.85
2024-10-06,4.83,84.0,4.81,4.83,4.84,4.85
2024-10-07,4.83,86.0,4.81,4.83,4.84,4.85
2024-10-08,4.83,90.0,4.81,4.83,4.84,4.85
2024-10-09,4.83,94.0,4.81,4.83,4.84,4.85
2024-10-10,4.83,98.0,4.81,4.82,4.84,4.85
2024-10-11,4.83,94.0,4.81,4.82,4.84,4.85
2024-10-12,4.83,94.0,4.81,4.82,4.84,4.85
2024-10-13,4.83,94.0,4.81,4.82,4.84,4.85
2024-10-14,4.83,94.0,4.81,4.82,4.84,4.85
2024-10-15,4.83,91.0,4.81,4.83,4.84,4.85
2024-10-16,4.83,97.0,4.81,4.83,4.84,4.85
2024-10-17,4.83,96.0,4.81,4.83,4.84,4.85
2024-10-18,4.83,98.0,4.81,4.83,4.84,4.85
2024-10-19,4.83,98.0,4.81,4.83,4.84,4.85
2024-10-20,4.83,98.0,4.81,4.83,4.84,4.85
2024-10-21,4.83,96.0,4.81,4.83,4.84,4.85
2024-10-22,4.83,98.0,4.81,4.83,4.84,4.85
2024-10-23,4.83,99.0,4.81,4.83,4.84,4.85
2024-10-24,4.83,98.0,4.81,4.82,4.84,4.85
2024-10-25,4.83,104.0,4.81,4.82,4.84,4.9
2024-10-26,4.83,104.0,4.81,4.82,4.84,4.9
2024-10-27,4.83,104.0,4.81,4.82,4.84,4.9
2024-10-28,4.83,99.0,4.81,4.83,4.84,4.92
2024-10-29,4.83,100.0,4.81,4.83,4.84,4.9
2024-10-30,4.83,104.0,4.81,4.83,4.84,4.85
2024-10-31,4.83,96.0,4.81,4.83,4.84,4.92
2024-11-01,4.83,99.0,4.81,4.83,4.84,4.89
2024-11-02,4.83,99.0,4.81,4.83,4.84,4.89
2024-11-03,4.83,99.0,4.81,4.83,4.84,4.89
2024-11-04,4.83,98.0,4.81,4.83,4.84,4.9
2024-11-05,4.83,104.0,4.81,4.82,4.84,4.9
2024-11-06,4.83,102.0,4.81,4.82,4.84,4.9
2024-11-07,4.83,100.0,4.81,4.82,4.84,4.9
2024-11-08,4.58,103.0,4.56,4.57,4.59,4.6
2024-11-09,4.58,103.0,4.56,4.57,4.59,4.6
2024-11-10,4.58,103.0,4.56,4.57,4.59,4.6
2024-11-11,4.58,103.0,4.56,4.57,4.59,4.6
2024-11-12,4.58,101.0,4.56,4.57,4.59,4.6
2024-11-13,4.58,105.0,4.56,4.57,4.59,4.65
2024-11-14,4.58,107.0,4.56,4.57,4.59,4.64
2024-11-15,4.58,104.0,4.56,4.57,4.59,4.65
2024-11-16,4.58,104.0,4.56,4.57,4.59,4.65
2024-11-17,4.58,104.0,4.56,4.57,4.59,4.65
2024-11-18,4.58,103.0,4.56,4.57,4.59,4.6
2024-11-19,4.58,99.0,4.56,4.57,4.59,4.6
2024-11-20,4.58,102.0,4.56,4.57,4.59,4.6
2024-11-21,4.58,101.0,4.56,4.57,4.59,4.6
2024-11-22,4.58,100.0,4.56,4.57,4.59,4.7
2024-11-23,4.58,100.0,4.56,4.57,4.59,4.7
2024-11-24,4.58,100.0,4.56,4.57,4.59,4.7
2024-11-25,4.58,103.0,4.56,4.58,4.59,4.6
2024-11-26,4.58,101.0,4.56,4.57,4.59,4.6
2024-11-27,4.58,103.0,4.56,4.57,4.59,4.6
2024-11-28,4.58,103.0,4.56,4.57,4.59,4.6
2024-11-29,4.58,95.0,4.55,4.58,4.59,4.6
2024-11-30,4.58,95.0,4.55,4.58,4.59,4.6
2024-12-01,4.58,95.0,4.55,4.58,4.59,4.6
2024-12-02,4.58,92.0,4.56,4.58,4.59,4.64
2024-12-03,4.58,94.0,4.56,4.57,4.59,4.6
2024-12-04,4.58,99.0,4.56,4.58,4.59,4.6
2024-12-05,4.58,109.0,4.56,4.57,4.59,4.6
2024-12-06,4.58,107.0,4.56,4.57,4.59,4.6
2024-12-07,4.58,107.0,4.56,4.57,4.59,4.6
2024-12-08,4.58,107.0,4.56,4.57,4.59,4.6
2024-12-09,4.58,100.0,4.56,4.58,4.59,4.6
2024-12-10,4.58,102.0,4.56,4.58,4.59,4.7
2024-12-11,4.58,106.0,4.56,4.58,4.59,4.6
2024-12-12,4.58,111.0,4.56,4.58,4.59,4.6
2024-12-13,4.58,102.0,4.56,4.58,4.59,4.6
2024-12-14,4.58,102.0,4.56,4.58,4.59,4.6
2024-12-15,4.58,102.0,4.56,4.58,4.59,4.6
2024-12-16,4.58,99.0,4.56,4.58,4.59,4.6
2024-12-17,4.58,103.0,4.56,4.58,4.59,4.6
2024-12-18,4.58,112.0,4.56,4.58,4.59,4.6
2024-12-19,4.33,104.0,4.31,4.33,4.34,4.35
2024-12-20,4.33,113.0,4.31,4.33,4.34,4.35
2024-12-21,4.33,113.0,4.31,4.33,4.34,4.35
2024-12-22,4.33,113.0,4.31,4.33,4.34,4.35
2024-12-23,4.33,119.0,4.31,4.33,4.33,4.35
2024-12-24,4.33,118.0,4.31,4.33,4.33,4.35
2024-12-25,4.33,118.0,4.31,4.33,4.33,4.35
2024-12-26,4.33,128.0,4.31,4.32,4.33,4.35
2024-12-27,4.33,119.0,4.31,4.33,4.34,4.35
2024-12-28,4.33,119.0,4.31,4.33,4.34,4.35
2024-12-29,4.33,119.0,4.31,4.33,4.34,4.35
2024-12-30,4.33,108.0,4.31,4.33,4.33,4.35
2024-12-31,4.33,53.0,4.31,4.33,4.35,4.45
