Date,Close,High,Low,Open,Volume,Retorno_Diario,Ticker,DiasParaEleicaoBR,DiasParaEleicaoUSA,Petroleo_Brent,Petroleo_WTI,Alvo
2015-01-02,24.19260597229004,24.659508126434403,23.754469685489944,24.648443422251393,212818400,,AAPL,1395,676,56.41999816894531,52.689998626708984,1.0
2015-01-05,23.511062622070312,24.042136374239757,23.325187737341313,23.962475227002493,257142000,-0.02817155584645814,AAPL,1392,673,53.11000061035156,50.040000915527344,1.0
2015-01-06,23.51327133178711,23.7721691658831,23.15258296070491,23.57522961465761,263188400,9.394342366819686e-05,AAPL,1391,672,51.099998474121094,47.93000030517578,1.0
2015-01-07,23.842981338500977,23.942556919376344,23.610636065476097,23.721276350109513,160423600,0.01402229413599887,AAPL,1390,671,51.150001525878906,48.650001525878906,1.0
2015-01-08,24.759084701538086,24.816618126764887,24.053199089993452,24.170479219019555,237458000,0.03842234953888979,AAPL,1389,670,50.959999084472656,48.790000915527344,1.0
2015-01-09,24.785633087158203,25.06002047662429,24.387327450645735,24.931677361721775,214798000,0.001072268459846093,AAPL,1388,669,50.11000061035156,48.36000061035156,1.0
2015-01-12,24.174898147583008,24.922825738800306,24.075322583368106,24.91618759295084,198603200,-0.02464068347286341,AAPL,1385,666,47.43000030517578,46.06999969482422,1.0
2015-01-13,24.389545440673828,24.960449733893075,24.099668425353194,24.657294735965763,268367600,0.008878932675556284,AAPL,1384,665,46.59000015258789,45.88999938964844,1.0
2015-01-14,24.296600341796875,24.449282743613015,24.008935007427194,24.128426683785232,195826400,-0.003810858185243182,AAPL,1383,664,48.689998626708984,48.47999954223633,1.0
2015-01-15,23.637191772460938,24.35414038758057,23.601787757118135,24.34086409285663,240056000,-0.027139952094514697,AAPL,1382,663,47.66999816894531,46.25,1.0
2015-01-16,23.453521728515625,23.80535863149471,23.278709915973817,23.683653670789532,314053200,-0.007770383458127306,AAPL,1381,662,47.689998626708984,48.689998626708984,1.0
2015-01-20,24.057619094848633,24.112939226436037,23.566376056234642,23.862891151189643,199599600,0.025757213493380116,AAPL,1377,658,47.9900016784668,46.38999938964844,1.0
2015-01-21,24.24128532409668,24.57541774452879,23.95804479734744,24.108515641336837,194303600,0.007634430843880713,AAPL,1376,657,49.029998779296875,47.779998779296875,1.0
2015-01-22,24.871931076049805,24.8874206451012,24.278899207996158,24.3983908927797,215185600,0.026015359479566902,AAPL,1375,656,48.52000045776367,46.310001373291016,1.0
2015-01-23,25.000276565551758,25.17066184134601,24.67941876430255,24.849805728333372,185859200,0.0051602543087432284,AAPL,1374,655,48.790000915527344,45.59000015258789,1.0
2015-01-26,25.026832580566406,25.305646576499495,24.960449421311633,25.16845201286075,222460000,0.0010622288495496512,AAPL,1371,652,48.15999984741211,45.150001525878906,1.0
2015-01-27,24.150554656982422,24.889632436142726,24.126213665893424,24.876354457580167,382274800,-0.03501353680147379,AAPL,1370,651,49.599998474121094,46.22999954223633,1.0
2015-01-28,25.51585578918457,26.137655187863214,25.51585578918457,26.029226519367846,585908400,0.05653290997221094,AAPL,1369,650,48.470001220703125,44.45000076293945,1.0
2015-01-29,26.31026268005371,26.37443425420899,25.57118462619374,25.739358348523538,337745600,0.031133852512439164,AAPL,1368,649,49.130001068115234,44.529998779296875,1.0
2015-01-30,25.92523193359375,26.553667930939003,25.85663381010451,26.1996193628405,334982000,-0.014634241821989136,AAPL,1367,648,52.9900016784668,48.2400016784668,1.0
2015-02-02,26.25050926208496,26.370000953586086,25.686244910716674,26.12216783483101,250956400,0.012546747096588984,AAPL,1364,645,54.75,49.56999969482422,1.0
2015-02-03,26.254941940307617,26.352304250420058,26.024809927632663,26.22174951466699,207662800,0.0001688606563172712,AAPL,1363,644,57.90999984741211,53.04999923706055,1.0
2015-02-04,26.456302642822266,26.666520183230848,26.179701948787283,26.221745794516334,280598800,0.007669440022851859,AAPL,1362,643,54.15999984741211,48.45000076293945,1.0
2015-02-05,26.6451358795166,26.70956070561401,26.49184916587451,26.662906901105913,168984800,0.007137552032258965,AAPL,1361,642,56.56999969482422,50.47999954223633,1.0
2015-02-06,26.42075538635254,26.713998377671132,26.314120800918854,26.662902250403082,174826400,-0.008421067701762208,AAPL,1360,641,57.79999923706055,51.689998626708984,1.0
2015-02-09,26.59626579284668,26.622923176725912,26.309687051846403,26.336346130625422,155559200,0.006642898884897219,AAPL,1357,638,58.34000015258789,52.86000061035156,1.0
2015-02-10,27.10721206665039,27.13609315192371,26.694007464418103,26.696227782593457,248034000,0.01921120347432881,AAPL,1356,637,56.43000030517578,50.02000045776367,1.0
2015-02-11,27.742578506469727,27.751464865884806,27.213852833020667,27.27383364044776,294247200,0.023439018304690196,AAPL,1355,636,54.65999984741211,48.84000015258789,-1.0
2015-02-12,28.093576431274414,28.320174313577628,27.895859634991865,28.004714549879026,297898000,0.01265195752164261,AAPL,1354,635,57.04999923706055,51.209999084472656,-1.0
2015-02-13,28.231313705444336,28.27574380069617,27.913633609185215,28.27574380069617,217088800,0.004902803119669397,AAPL,1353,634,57.38999938964844,52.779998779296875,-1.0
2015-02-17,28.397930145263672,28.6311923911294,28.195769306193434,28.322396946689228,252609600,0.005901830908676464,AAPL,1349,630,62.529998779296875,53.529998779296875,-1.0
2015-02-18,28.595651626586914,28.60898031884703,28.313515211149024,28.353502982829205,179566800,0.006962531434926422,AAPL,1348,629,60.529998779296875,52.13999938964844,-1.0
2015-02-19,28.535663604736328,28.664513254672688,28.50900622536984,28.54232794957795,149449600,-0.0020978022334980917,AAPL,1347,628,60.209999084472656,51.15999984741211,-1.0
2015-02-20,28.768924713134766,28.768924713134766,28.446802295850947,28.573428232665083,195793600,0.00817437125799736,AAPL,1346,627,60.220001220703125,50.34000015258789,-1.0
2015-02-23,29.546463012695312,29.546463012695312,28.80446994307108,28.884445467268826,283896400,0.02702701985957634,AAPL,1343,624,58.900001525878906,49.45000076293945,-1.0
2015-02-24,29.362077713012695,29.679759521946426,29.139923834524474,29.5331371485924,276912400,-0.0062405202139894644,AAPL,1342,623,58.65999984741211,49.279998779296875,-1.0
2015-02-25,28.611194610595703,29.235449814940566,28.469016273438623,29.22656176210634,298846800,-0.025573227812969668,AAPL,1341,622,61.630001068115234,50.9900016784668,-1.0
2015-02-26,28.973304748535156,29.073273303207596,28.126899121283763,28.611192887820746,365150000,0.01265623972951313,AAPL,1340,621,60.04999923706055,48.16999816894531,-1.0
2015-02-27,28.537885665893555,29.006630434896266,28.4890115466763,28.880001110615524,248059200,-0.015028285051383872,AAPL,1339,620,62.58000183105469,49.7599983215332,-1.0
2015-03-02,28.67783546447754,28.942199049457813,28.5023354403048,28.713380888800554,192386800,0.0049040002550448936,AAPL,1336,617,59.540000915527344,49.59000015258789,-1.0
2015-03-03,28.737823486328125,28.773368917506,28.45568713477693,28.648963298182327,151265200,0.002091790432541263,AAPL,1335,616,61.02000045776367,50.52000045776367,-1.0
2015-03-04,28.5556583404541,28.78225624796574,28.506787605303753,28.680067361107007,126665200,-0.006338863691632279,AAPL,1334,615,60.54999923706055,51.529998779296875,-1.0
2015-03-05,28.082469940185547,28.602309153184912,27.93806959383036,28.564543404185695,226068400,-0.0165707403635027,AAPL,1333,614,60.47999954223633,50.7599983215332,-1.0
2015-03-06,28.124677658081055,28.740043089670174,28.049146161056143,28.524553579488252,291368400,0.0015029916522801834,AAPL,1332,613,59.72999954223633,49.61000061035156,-1.0
2015-03-09,28.244644165039062,28.784479856085543,27.78256368790519,28.42681027882651,354114000,0.004265524690326039,AAPL,1329,610,58.529998779296875,50.0,-1.0
2015-03-10,27.660375595092773,28.262412309033678,27.502646569217422,28.08246823773491,275426400,-0.02068599506980129,AAPL,1328,609,56.38999938964844,48.290000915527344,-1.0
2015-03-11,27.156085968017578,27.718134933579027,27.127206577874272,27.713692602364425,275756000,-0.018231481540860295,AAPL,1327,608,57.540000915527344,48.16999816894531,1.0
2015-03-12,27.647048950195312,27.747019210467062,27.02057509311064,27.171639795275006,193450800,0.018079298421574963,AAPL,1326,607,57.08000183105469,47.04999923706055,-1.0
2015-03-13,27.45600128173828,27.858101016618875,27.231627050037343,27.635947103719044,207309200,-0.006910237284318943,AAPL,1325,606,54.66999816894531,44.84000015258789,1.0
2015-03-16,27.758121490478516,27.758121490478516,27.29604279372521,27.520416950669613,143497200,0.01100379496781212,AAPL,1322,603,53.439998626708984,43.880001068115234,-1.0
2015-03-17,28.222429275512695,28.284632091074627,27.913635516187682,27.969173986496493,204092400,0.016726916668098113,AAPL,1321,602,53.43000030517578,43.459999084472656,-1.0
2015-03-18,28.54010772705078,28.693394438520734,28.073584942676437,28.21354126951889,261083600,0.011256240504204928,AAPL,1320,601,55.90999984741211,44.65999984741211,-1.0
2015-03-19,28.324615478515625,28.713384710573685,28.302400432806465,28.602307787128524,183238000,-0.00755050578631522,AAPL,1319,600,54.43000030517578,43.959999084472656,-1.0
2015-03-20,27.969165802001953,28.524548647671192,27.804772452565473,28.49122693115638,274780400,-0.01254914393394968,AAPL,1318,599,55.31999969482422,45.720001220703125,-1.0
2015-03-23,28.26019287109375,28.402371208638087,28.106906162375846,28.240199836860707,150838800,0.010405282415357764,AAPL,1315,596,55.91999816894531,47.45000076293945,-1.0
2015-03-24,28.144670486450195,28.444576136086017,28.115789402561358,28.264633763244095,131369200,-0.004087813029815424,AAPL,1314,595,55.11000061035156,47.5099983215332,-1.0
2015-03-25,27.409343719482422,28.17355357044147,27.409343719482422,28.11135075836797,206620800,-0.02612667884393194,AAPL,1313,594,56.47999954223633,49.209999084472656,1.0
2015-03-26,27.60039710998535,27.74257545518956,27.236064888537122,27.27161032228796,190291600,0.006970374499230658,AAPL,1312,593,59.189998626708984,51.43000030517578,1.0
2015-03-27,27.380464553833008,27.702586988271232,27.304933051374206,27.673707595254548,158184800,-0.007968456224594522,AAPL,1311,592,56.40999984741211,48.869998931884766,1.0
2015-03-30,28.073589324951172,28.08025367085547,27.547083964814586,27.558192337921597,188398800,0.025314573087516612,AAPL,1308,589,56.290000915527344,48.68000030517578,-1.0
2015-03-31,27.642610549926758,28.10024705323261,27.62705984432607,28.0113851519859,168362400,-0.01535175178477699,AAPL,1307,588,55.11000061035156,47.599998474121094,-1.0
2015-04-01,27.602615356445312,27.795889812565672,27.347138094649253,27.729242980827802,162485600,-0.0014468674515819568,AAPL,1306,587,57.099998474121094,50.09000015258789,1.0
2015-04-02,27.840320587158203,27.893637036917603,27.589287345262466,27.77589576687005,128880400,0.008611692321299769,AAPL,1305,586,54.95000076293945,49.13999938964844,-1.0
2015-04-06,28.29129409790039,28.32683952951182,27.62039017777961,27.651491582989873,148776000,0.016198574629568308,AAPL,1301,582,58.119998931884766,52.13999938964844,-1.0
2015-04-07,27.993602752685547,28.462345743865,27.986938409407507,28.355712861618176,140049200,-0.010522365791564736,AAPL,1300,581,59.099998474121094,53.97999954223633,-1.0
2015-04-08,27.90252113342285,28.08024487808575,27.762564828557807,27.9580595917676,149316800,-0.0032536583471364233,AAPL,1299,580,55.54999923706055,50.41999816894531,-1.0
2015-04-09,28.115795135498047,28.12023916234062,27.693704110033863,27.958066080579393,129936000,0.007643538770399028,AAPL,1298,579,56.56999969482422,50.790000915527344,-1.0
2015-04-10,28.235761642456055,28.260198708165728,27.826999261312125,27.980284306791184,160752000,0.004266872282283174,AAPL,1297,578,57.869998931884766,51.63999938964844,-1.0
2015-04-13,28.18021583557129,28.56232242775019,28.126899385571637,28.517888945434937,145460400,-0.0019672147536918816,AAPL,1294,575,57.93000030517578,51.90999984741211,-1.0
2015-04-14,28.058032989501953,28.2779648347118,27.971393120331427,28.213540012397917,102098400,-0.004335766865032564,AAPL,1293,574,58.43000030517578,53.290000915527344,-1.0
2015-04-15,28.164663314819336,28.242416819151526,27.99360560528852,28.08246747948214,115881600,0.0038003492745652956,AAPL,1292,573,60.31999969482422,56.38999938964844,-1.0
2015-04-16,28.029155731201172,28.235758915493303,28.01582704024673,28.053592794550752,113476000,-0.004811262329092458,AAPL,1291,572,60.400001525878906,56.709999084472656,-1.0
2015-04-17,27.71368980407715,28.022483486743067,27.649264991124657,27.89141354290465,207828000,-0.011254920774258492,AAPL,1290,571,63.45000076293945,55.7400016784668,-1.0
2015-04-20,28.34682846069336,28.46234770691129,27.806994584251576,27.895856455518796,188217200,0.022845700485651932,AAPL,1287,568,63.45000076293945,56.380001068115234,-1.0
2015-04-21,28.19355010986328,28.48012712747022,28.140231957606513,28.457913773045995,129740400,-0.005407248681898236,AAPL,1286,567,62.08000183105469,55.2599983215332,-1.0
2015-04-22,28.57343101501465,28.6289694851199,28.062478106986084,28.211320800092256,150618000,0.013474035858239475,AAPL,1285,566,62.72999954223633,56.15999984741211,-1.0
2015-04-23,28.80668830871582,28.973303690350882,28.46679320136418,28.50233862966466,183083600,0.0081634331410394,AAPL,1284,565,64.8499984741211,57.7400016784668,-1.0
2015-04-24,28.942211151123047,29.019966375616807,28.70894886744142,28.988864963779235,178103600,0.004704561696049714,AAPL,1283,564,65.27999877929688,57.150001525878906,-1.0
2015-04-27,29.468713760375977,29.57535007404952,29.135482907195097,29.393182247206862,387816800,0.018191512960214817,AAPL,1280,561,64.83000183105469,56.9900016784668,-1.0
2015-04-28,29.00440788269043,29.888579310474817,28.784477727247477,29.870809984413906,475696000,-0.0157558922137232,AAPL,1279,560,64.63999938964844,57.060001373291016,-1.0
2015-04-29,28.577880859375,29.233234262067636,28.502349338207686,28.9155557754993,253544400,-0.014705593199507372,AAPL,1278,559,65.83999633789062,58.58000183105469,-1.0
2015-04-30,27.80255126953125,28.577867636730353,27.675923658298736,28.577867636730353,332781600,-0.027130408782196413,AAPL,1277,558,66.77999877929688,59.630001068115234,-1.0
2015-05-01,28.646745681762695,28.908889055195,27.835885275658594,28.013607384641766,234050400,0.030363918909722454,AAPL,1276,557,66.45999908447266,59.150001525878906,-1.0
2015-05-04,28.591203689575195,29.00663375040625,28.49345543996789,28.768927471606737,203953200,-0.0019388587033416504,AAPL,1273,554,66.44999694824219,58.93000030517578,-1.0
2015-05-05,27.94695281982422,28.535659120311355,27.942508794028523,28.46901229256979,197085600,-0.022533184567737563,AAPL,1272,553,67.5199966430664,60.400001525878906,-1.0
2015-05-06,27.77145767211914,28.15800495791627,27.404903422444445,28.11579517734717,288564000,-0.0062795807770710255,AAPL,1271,552,67.7699966430664,60.93000030517578,-1.0
2015-05-07,27.943235397338867,28.12616246190413,27.666612654256106,27.83392405606505,175763600,0.0061854054348822185,AAPL,1270,551,65.54000091552734,58.939998626708984,-1.0
2015-05-08,28.469701766967773,28.469701766967773,28.132847750663366,28.260004316794557,222201600,0.018840565959625577,AAPL,1269,550,65.38999938964844,59.38999938964844,-1.0
2015-05-11,28.17970085144043,28.45632188486244,28.025773821416944,28.418398376647236,168143200,-0.010186299733698667,AAPL,1266,547,64.91000366210938,59.25,-1.0
2015-05-12,28.079307556152344,28.30461895496568,27.84507097887534,28.019074515376378,192640000,-0.0035626103987883573,AAPL,1265,546,66.86000061035156,60.75,-1.0
2015-05-13,28.11054039001465,28.373777003589282,28.079309071622678,28.141771708406623,138776800,0.0011123078373582729,AAPL,1264,545,66.80999755859375,60.5,-1.0
2015-05-14,28.76639747619629,28.76639747619629,28.367082551285613,28.422853001376712,180814000,0.023331358169642824,AAPL,1263,544,66.58999633789062,59.880001068115234,-1.0
2015-05-15,28.72624397277832,28.88686313904668,28.601318711004723,28.793169192716487,152832000,-0.001395847479726875,AAPL,1262,543,66.56999969482422,59.689998626708984,-1.0
2015-05-18,29.04302406311035,29.161257160981794,28.634783904740452,28.63924649445973,203531600,0.011027549951612814,AAPL,1259,540,66.2699966430664,59.43000030517578,-1.0
2015-05-19,29.016250610351562,29.19694631905053,28.92032366877132,29.154560233512147,178532800,-0.0009218548557687889,AAPL,1258,539,64.0199966430664,57.2599983215332,-1.0
2015-05-20,29.014019012451172,29.219253864567587,28.853399840541243,29.000634648785045,145819600,-7.69085548080195e-05,AAPL,1257,538,65.02999877929688,58.97999954223633,-1.0
2015-05-21,29.310714721679688,29.364255573909283,28.96270769208181,29.016248544311406,158921600,0.010225943158760353,AAPL,1256,537,66.54000091552734,60.720001220703125,-1.0
2015-05-22,29.567272186279297,29.663199168984452,29.312958967980272,29.357578069122855,182384000,0.008753026565055055,AAPL,1255,536,65.37000274658203,59.720001220703125,-1.0
2015-05-26,28.915874481201172,29.649815830612823,28.804333532387453,29.580660986981858,282790400,-0.02203103827009134,AAPL,1251,532,63.720001220703125,58.029998779296875,-1.0
2015-05-27,29.455724716186523,29.50480299340374,29.0117940322109,29.076486268201553,183332800,0.01866968385605361,AAPL,1250,531,62.060001373291016,57.5099983215332,-1.0
2015-05-28,29.397735595703125,29.435659114208978,29.246041521679714,29.415582558051764,122933200,-0.0019686876164867195,AAPL,1249,530,62.58000183105469,57.68000030517578,-1.0
2015-05-29,29.0631046295166,29.32410999886731,28.97833243292166,29.27503171704488,203538000,-0.011382882368512592,AAPL,1248,529,65.55999755859375,60.29999923706055,-1.0
2015-06-01,29.1210994720459,29.310720381846835,29.011791558077427,29.063099423898514,128451200,0.0019954799484978025,AAPL,1245,526,64.87999725341797,60.20000076293945,-1.0
2015-06-02,28.991708755493164,29.147865316009916,28.84893655674103,28.969399216580317,134670400,-0.0044431947590762855,AAPL,1244,525,65.48999786376953,61.2599983215332,-1.0
2015-06-03,29.027400970458984,29.210329669290964,28.978322705111765,29.147867041386856,123934000,0.0012311180160795576,AAPL,1243,524,63.79999923706055,59.63999938964844,-1.0
2015-06-04,28.857866287231445,29.130026398016824,28.7574801423585,28.906944563206427,153800400,-0.00584050509379308,AAPL,1242,523,62.029998779296875,58.0,-1.0
2015-06-05,28.69947624206543,28.93148325289006,28.634784008714654,28.88909716029949,142507200,-0.005488626345049541,AAPL,1241,522,63.310001373291016,59.130001068115234,-1.0
2015-06-08,28.509859085083008,28.824405288183716,28.293469433641413,28.75524706027214,210699200,-0.00660699015491073,AAPL,1238,519,62.689998626708984,58.13999938964844,-1.0
2015-06-09,28.425090789794922,28.572325637437768,28.023544454548144,28.264471574904388,224301600,-0.0029732975892693414,AAPL,1237,518,64.87999725341797,60.13999938964844,-1.0
2015-06-10,28.75078773498535,28.853403471979494,28.521012017263367,28.53662767749891,156349200,0.011458079328540371,AAPL,1236,517,65.69999694824219,61.43000030517578,-1.0
2015-06-11,28.686092376708984,29.040791677792328,28.66155323867411,28.81770984255118,141563600,-0.0022502116767271207,AAPL,1235,516,65.11000061035156,60.77000045776367,-1.0
2015-06-12,28.369312286376953,28.62808799304955,28.355927922921154,28.59685667699997,147544800,-0.011042985087408863,AAPL,1234,515,63.869998931884766,59.959999084472656,-1.0
2015-06-15,28.313541412353516,28.384927519681423,28.043612640833025,28.130614405952066,175955600,-0.001965887415967371,AAPL,1231,512,62.61000061035156,59.52000045776367,-1.0
2015-06-16,28.465238571166992,28.52100902357993,28.19084889840366,28.33808200774466,125976400,0.005357759970898268,AAPL,1230,511,62.630001068115234,59.970001220703125,-1.0
2015-06-17,28.398311614990234,28.527697755436247,28.273384659348007,28.492005555237707,131672400,-0.002351181986739115,AAPL,1229,510,63.869998931884766,59.91999816894531,-1.0
2015-06-18,28.527706146240234,28.623631409082858,28.38047301140006,28.382704306437173,141628800,0.00455641634630477,AAPL,1228,509,64.26000213623047,60.45000076293945,-1.0
2015-06-19,28.242158889770508,28.514318990371574,28.197543205269692,28.489779853302345,218867600,-0.010009471319072705,AAPL,1227,508,63.02000045776367,59.61000061035156,-1.0
2015-06-22,28.46747398376465,28.56786013183758,28.34924087986294,28.440703550021485,136157200,0.007977969916306726,AAPL,1224,505,63.34000015258789,59.68000030517578,-1.0
2015-06-23,28.33808135986328,28.46746921497815,28.304618748784733,28.438469193098925,121075600,-0.004545279429258864,AAPL,1223,504,64.44999694824219,61.0099983215332,-1.0
2015-06-24,28.579008102416992,28.956016870163037,28.358157608035224,28.378234152079482,221123600,0.008501872074337058,AAPL,1222,503,63.4900016784668,60.27000045776367,-1.0
2015-06-25,28.442930221557617,28.822168610386743,28.442930221557617,28.74632161341256,127752400,-0.004761462692187246,AAPL,1221,502,63.20000076293945,59.70000076293945,-1.0
2015-06-26,28.275623321533203,28.552244327572282,28.22208415629518,28.480858206595123,176267200,-0.005882196339166534,AAPL,1220,501,63.2599983215332,59.630001068115234,-1.0
2015-06-29,27.78038215637207,28.21316148452477,27.76922908520098,27.987848342323893,196645600,-0.01751477445888816,AAPL,1217,498,62.0099983215332,58.33000183105469,-1.0
2015-06-30,27.98115348815918,28.13508049264948,27.85399691548697,28.012384807623985,177482800,0.0072270903494773275,AAPL,1216,497,63.59000015258789,59.470001220703125,-1.0
2015-07-01,28.242158889770508,28.318007595797013,28.106078839469976,28.309084118500998,120955200,0.009327899999611367,AAPL,1215,496,62.0099983215332,56.959999084472656,-1.0
2015-07-02,28.206462860107422,28.262233309165225,28.056996763128446,28.20423156559098,108844000,-0.0012639270886622977,AAPL,1214,495,62.06999969482422,56.93000030517578,-1.0
2015-07-06,28.108312606811523,28.159622180282202,27.851768143416965,27.871846394593984,112241600,-0.003479707958515932,AAPL,1210,491,56.540000915527344,52.529998779296875,-1.0
2015-07-07,28.03915023803711,28.141767655400127,27.61083191524409,28.08376591446313,187787200,-0.002460566372015305,AAPL,1209,490,56.849998474121094,52.33000183105469,-1.0
2015-07-08,27.343135833740234,27.804915086186213,27.33644365213623,27.76922288363849,243046400,-0.024822949282988005,AAPL,1208,489,57.04999923706055,51.650001525878906,1.0
2015-07-09,26.78544044494629,27.67553664239026,26.59582119313707,27.628689653259485,314380000,-0.0203961751931091,AAPL,1207,488,58.61000061035156,52.779998779296875,1.0
2015-07-10,27.50151824951172,27.628674780698,27.039739088679568,27.20258951731119,245418000,0.026733844680927543,AAPL,1206,487,58.72999954223633,52.7400016784668,1.0
2015-07-13,28.03246307373047,28.054770915935904,27.73353254184397,27.891920434075615,165762000,0.019306018649649426,AAPL,1203,484,57.849998474121094,52.20000076293945,-1.0
2015-07-14,28.02130699157715,28.19084964797463,27.89415042477383,28.117232240357136,127072400,-0.0003979701007356118,AAPL,1202,483,58.5099983215332,53.040000915527344,-1.0
2015-07-15,28.29123306274414,28.36485046328007,28.014612114584335,28.04584342960339,134596800,0.009632886547659147,AAPL,1201,482,57.04999923706055,51.40999984741211,-1.0
2015-07-16,28.66823959350586,28.681627360224038,28.40946560226103,28.496467364160317,144889600,0.01332591371770886,AAPL,1200,481,57.5099983215332,50.90999984741211,-1.0
2015-07-17,28.915874481201172,28.915874481201172,28.62363773994277,28.795411754224588,184658800,0.008637952354472844,AAPL,1199,480,57.52000045776367,50.88999938964844,-1.0
2015-07-20,29.462411880493164,29.66318411792523,29.156787531745444,29.217020564558172,235600800,0.018900946594138324,AAPL,1196,477,56.650001525878906,50.150001525878906,-1.0
2015-07-21,29.16795539855957,29.652042662855962,29.07203182541315,29.63642870153507,307025600,-0.009994310144328389,AAPL,1195,476,57.040000915527344,50.36000061035156,-1.0
2015-07-22,27.93430519104004,27.9967678270227,27.213750178573314,27.213750178573314,461802400,-0.042294709747823234,AAPL,1194,475,56.130001068115234,49.189998626708984,-1.0
2015-07-23,27.920921325683594,28.351467603111896,27.898611782166114,28.152924920056645,203998000,-0.0004791193217412726,AAPL,1193,474,55.27000045776367,48.45000076293945,-1.0
2015-07-24,27.773685455322266,28.050306424266896,27.639836709186422,27.95661247216972,168649200,-0.005273317045805692,AAPL,1192,473,54.619998931884766,48.13999938964844,-1.0
2015-07-27,27.387752532958984,27.575142134749033,27.242750720858233,27.4591386426935,177822000,-0.01389563235977831,AAPL,1189,470,53.470001220703125,47.38999938964844,-1.0
2015-07-28,27.523834228515625,27.64206902230404,27.338677612162314,27.523834228515625,134472400,0.004968706190581873,AAPL,1188,469,53.29999923706055,47.97999954223633,-1.0
2015-07-29,27.436830520629883,27.550602716905665,27.276211349882686,27.472524426119968,148046800,-0.003161031532285641,AAPL,1187,468,53.380001068115234,48.790000915527344,-1.0
2015-07-30,27.298524856567383,27.343140542930758,27.151290028005434,27.28737008398687,134513200,-0.00504087613029891,AAPL,1186,467,53.310001373291016,48.52000045776367,-1.0
2015-07-31,27.059823989868164,27.358752795623563,26.972822220910746,27.349829319066504,171540000,-0.008744093974066613,AAPL,1185,466,52.209999084472656,47.119998931884766,-1.0
2015-08-03,26.42181396484375,27.343141361464745,26.216577376282057,27.10444385811852,279904000,-0.023577759606392856,AAPL,1182,463,49.52000045776367,45.16999816894531,-1.0
2015-08-04,25.574100494384766,26.256730339924655,25.26401689121604,26.194267700722214,496554400,-0.032083848277295934,AAPL,1181,462,49.9900016784668,45.7400016784668,-1.0
2015-08-05,25.74364471435547,26.19873187286403,25.00747396047822,25.197093184361943,397250400,0.00662952818254281,AAPL,1180,461,49.59000015258789,45.150001525878906,-1.0
2015-08-06,25.799665451049805,26.10667156042228,25.57333416463095,25.98790328524178,211612000,0.002176099667157816,AAPL,1179,460,49.52000045776367,44.65999984741211,-1.0
2015-08-07,25.88705825805664,26.05064586175011,25.6584856014657,25.676413337974065,154681600,0.003387362025009555,AAPL,1178,459,48.61000061035156,43.869998931884766,-1.0
2015-08-10,26.8282413482666,26.888745316104472,26.113388737783943,26.113388737783943,219806400,0.036357282501075394,AAPL,1175,456,50.40999984741211,44.959999084472656,-1.0
2015-08-11,25.43214988708496,26.4831398184075,25.39629612761774,26.40022532826007,388331200,-0.05203812814483433,AAPL,1174,455,49.18000030517578,43.08000183105469,-1.0
2015-08-12,25.82431411743164,25.86465067165119,24.56716017221928,25.21702611923066,404870000,0.015420018837881688,AAPL,1173,454,49.65999984741211,43.29999923706055,-1.0
2015-08-13,25.80414390563965,26.08425836030425,25.66744791498869,26.00358526058621,194143200,-0.0007810550824417506,AAPL,1172,453,49.220001220703125,42.22999954223633,-1.0
2015-08-14,25.98566246032715,26.0640941805923,25.548684511933267,25.618152362784787,171718000,0.007034473042441425,AAPL,1171,452,49.029998779296875,42.5,-1.0
2015-08-17,26.25457191467285,26.36437631677474,25.88257904882109,26.003588714471064,163538800,0.010348377870152525,AAPL,1168,449,49.029998779296875,41.869998931884766,-1.0
2015-08-18,26.106664657592773,26.31731125428901,25.996860280662577,26.09097831803132,138242800,-0.005633580983943509,AAPL,1167,448,48.810001373291016,42.619998931884766,-1.0
2015-08-19,25.772775650024414,26.111152738404556,25.69882501096786,26.017034675796168,193146000,-0.012789416493740102,AAPL,1166,447,47.15999984741211,40.79999923706055,-1.0
2015-08-20,25.243915557861328,25.62487054080635,25.015341200347923,25.564366569513382,274006400,-0.020520106151724726,AAPL,1165,446,46.619998931884766,41.13999938964844,-1.0
2015-08-21,23.69993019104004,25.075852599969778,23.675279976084997,24.746437645282736,513102000,-0.06116267356711502,AAPL,1164,445,45.459999084472656,40.45000076293945,1.0
2015-08-24,23.10832405090332,24.38116427748664,20.616425097540755,21.25956853943907,648825200,-0.024962357921222034,AAPL,1161,442,42.689998626708984,38.2400016784668,1.0
2015-08-25,23.24726104736328,24.898816679691027,23.19347954452205,24.898816679691027,414406400,0.006012422023938591,AAPL,1160,441,43.209999084472656,39.310001373291016,1.0
2015-08-26,24.580608367919922,24.62542600444196,23.540823471522817,23.99796883503398,387098400,0.05735502852745178,AAPL,1159,440,43.13999938964844,38.599998474121094,1.0
2015-08-27,25.304414749145508,25.376123969201615,24.654548980690542,25.14979275852361,338464400,0.029446235438591595,AAPL,1158,439,47.560001373291016,42.560001373291016,1.0
2015-08-28,25.38734245300293,25.39182353360435,24.995182077561836,25.136359197234547,212657600,0.003277202997165718,AAPL,1157,438,50.04999923706055,45.220001220703125,1.0
2015-08-31,25.268571853637695,25.66521327354461,25.098261741679234,25.104984216810696,224917200,-0.0046783391993511225,AAPL,1154,435,54.150001525878906,49.20000076293945,1.0
2015-09-01,24.139150619506836,25.071370909817738,24.05847749605796,24.683693347945017,307383600,-0.04469667857260662,AAPL,1153,434,49.560001373291016,45.40999984741211,1.0
2015-09-02,25.1744441986084,25.1744441986084,24.455110519919423,24.701612595527404,247555200,0.04288856701796884,AAPL,1152,433,50.5,46.25,1.0
2015-09-03,24.732990264892578,25.273050126560126,24.65903962729395,25.208063358035563,212935600,-0.01753579662903637,AAPL,1151,432,50.68000030517578,46.75,1.0
2015-09-04,24.486488342285156,24.75091649826802,24.316179957517583,24.419261888197923,199985200,-0.009966523253652881,AAPL,1150,431,49.61000061035156,46.04999923706055,1.0
2015-09-08,25.167720794677734,25.223743680755945,24.721779100206344,25.042230076961033,219374400,0.027820749258527844,AAPL,1146,427,49.52000045776367,45.939998626708984,1.0
2015-09-09,24.683683395385742,25.55091655826411,24.59852751625631,25.492653989018752,340043200,-0.019232468575158035,AAPL,1145,426,47.58000183105469,44.150001525878906,1.0
2015-09-10,25.225988388061523,25.385093200258346,24.627664296486913,24.71057708457534,251571200,0.021970181029673963,AAPL,1144,425,48.88999938964844,45.91999816894531,1.0
2015-09-11,25.593496322631836,25.593496322631836,25.044472696084757,25.051195169193704,199662000,0.014568623790544466,AAPL,1143,424,48.13999938964844,44.630001068115234,1.0
2015-09-14,25.84000015258789,26.19406526766862,25.73915962308104,26.124597423327597,233453600,0.009631502739939402,AAPL,1140,421,46.369998931884766,44.0,-1.0
2015-09-15,26.057373046875,26.113395951330677,25.640562500950097,25.978941322573725,173364800,0.00841226366112613,AAPL,1139,420,46.630001068115234,44.59000015258789,-1.0
2015-09-16,26.086503982543945,26.11563527506457,25.8691348569455,26.050648505887892,148694000,0.0011179536638838972,AAPL,1138,419,46.61000061035156,47.150001525878906,-1.0
2015-09-17,25.52851676940918,26.104432160571655,25.483699129582153,25.918437416574463,256450400,-0.021389880894279623,AAPL,1137,418,49.08000183105469,46.900001525878906,1.0
2015-09-18,25.423192977905273,25.61367221795262,25.06912952639982,25.14531985467209,297141200,-0.004125730940628514,AAPL,1136,417,47.470001220703125,44.68000030517578,1.0
2015-09-21,25.81759262084961,25.853448096928165,25.470251672175387,25.472491357167897,200888000,0.015513379585605058,AAPL,1133,414,48.91999816894531,46.68000030517578,-1.0
2015-09-22,25.41197967529297,25.586770793983757,25.21477803600475,25.407496887300407,201384800,-0.015710719102023374,AAPL,1132,413,49.08000183105469,45.83000183105469,1.0
2015-09-23,25.618144989013672,25.707781947666117,25.38957236864858,25.46352127808027,143026800,0.008112918251746759,AAPL,1131,412,47.75,44.47999954223633,1.0
2015-09-24,25.77053451538086,25.882580317621645,25.181174211080297,25.37837420753811,200878000,0.0059484996447844996,AAPL,1130,411,48.16999816894531,44.90999984741211,-1.0
2015-09-25,25.705537796020508,26.14923975342723,25.550914101674095,26.093216873989558,224607600,-0.002522133148676442,AAPL,1129,410,48.599998474121094,45.70000076293945,-1.0
2015-09-28,25.196863174438477,25.67417772611923,25.196863174438477,25.512831480569837,208436000,-0.01978852283186927,AAPL,1126,407,47.34000015258789,44.43000030517578,1.0
2015-09-29,24.43942642211914,25.43663494850679,24.17051721819608,25.28425261036825,293461600,-0.03006075585979029,AAPL,1125,406,48.22999954223633,45.22999954223633,1.0
2015-09-30,24.717304229736328,24.99517733576546,24.365480485186172,24.688171227461435,265892000,0.011370062570932093,AAPL,1124,405,48.369998931884766,45.09000015258789,1.0
2015-10-01,24.555959701538086,24.564923571343716,24.04727077558962,24.441672498620512,255716400,-0.006527594057127661,AAPL,1123,404,47.689998626708984,44.7400016784668,1.0
2015-10-02,24.7352294921875,24.87640829038758,24.10105158150218,24.20413350942164,232079200,0.007300459555575234,AAPL,1122,403,48.130001068115234,45.540000915527344,1.0
2015-10-05,24.82486343383789,24.95707834695101,24.44166706073994,24.623180682290823,208258800,0.0036237360028821275,AAPL,1119,400,49.25,46.2599983215332,1.0
2015-10-06,24.943641662597656,25.040001142989038,24.598540307467665,24.791259268250435,192787200,0.004784647821984178,AAPL,1118,399,51.91999816894531,48.529998779296875,1.0
2015-10-07,24.82486343383789,25.04671360569818,24.5178590822946,25.03999113226044,187062400,-0.004761863979864223,AAPL,1117,398,51.33000183105469,47.810001373291016,1.0
2015-10-08,24.538026809692383,24.69265053942736,24.248948480471036,24.69265053942736,247918400,-0.011554408946094386,AAPL,1116,397,53.04999923706055,49.43000030517578,1.0
2015-10-09,25.125152587890625,25.161006357395998,24.53579054393031,24.650077746740173,211064400,0.023927179750505845,AAPL,1115,396,52.650001525878906,49.630001068115234,1.0
2015-10-12,25.008621215820312,25.266326887429173,24.972767450292462,25.261845807869374,121868800,-0.004638036392522249,AAPL,1112,393,49.86000061035156,47.099998474121094,1.0
2015-10-13,25.051198959350586,25.19909851917271,24.802457158588552,24.833829844298798,132197200,0.001702522628610037,AAPL,1111,392,49.2400016784668,46.65999984741211,1.0
2015-10-14,24.697134017944336,24.990693454806067,24.55147414198158,24.93915334634247,177849600,-0.014133652524207507,AAPL,1110,391,49.150001525878906,46.63999938964844,1.0
2015-10-15,25.066890716552734,25.12067223086072,24.759884557581096,24.858485425215335,150694000,0.014971644010991048,AAPL,1109,390,48.709999084472656,46.380001068115234,1.0
2015-10-16,24.883132934570312,25.09826067807755,24.76884573312845,25.04896024962485,156930400,-0.007330697056140201,AAPL,1108,389,48.72999954223633,47.2599983215332,1.0
2015-10-19,25.03775405883789,25.042235138369406,24.6747250681917,24.829348812117825,119036800,0.006213892948052413,AAPL,1105,386,48.61000061035156,45.88999938964844,1.0
2015-10-20,25.494897842407227,25.584534814719742,24.83382837725812,24.95035524448626,195871200,0.018258178528915314,AAPL,1104,385,48.709999084472656,45.54999923706055,1.0
2015-10-21,25.492660522460938,25.900507160118128,25.479213864072698,25.546442026964304,167180800,-8.77555956536602e-05,AAPL,1103,384,47.849998474121094,45.20000076293945,1.0
2015-10-22,25.8825740814209,25.8825740814209,25.56884556880044,25.620387377673246,166616400,0.015295130087203734,AAPL,1102,383,48.08000183105469,45.380001068115234,-1.0
2015-10-23,26.684825897216797,26.718439976330387,26.068574048972295,26.151486839811653,237467600,0.030995828052966745,AAPL,1101,382,47.9900016784668,44.599998474121094,-1.0
2015-10-26,25.833280563354492,26.471941310810404,25.75260744686708,26.460737756104727,265335200,-0.03191121940020303,AAPL,1098,379,47.540000915527344,43.97999954223633,-1.0
2015-10-27,25.66969871520996,26.11564061172649,25.544206230952945,25.86017627223995,279537600,-0.006332213508205342,AAPL,1097,378,46.810001373291016,43.20000076293945,1.0
2015-10-28,26.727401733398438,26.734125916866574,26.0080679737833,26.203028261965798,342205600,0.041204340959473784,AAPL,1096,377,49.04999923706055,45.939998626708984,-1.0
2015-10-29,27.009754180908203,27.045609649466968,26.503306800454087,26.599666235102223,204909200,0.010564156229108557,AAPL,1095,376,48.79999923706055,46.060001373291016,-1.0
2015-10-30,26.778945922851562,27.164383744411797,26.76774065909424,27.112841924684606,197461200,-0.008545366851942182,AAPL,1094,375,49.560001373291016,46.59000015258789,-1.0
2015-11-02,27.15542221069336,27.195758770132144,26.80359844046524,27.07026801173741,128813200,0.014058667168095562,AAPL,1091,372,48.790000915527344,46.13999938964844,-1.0
2015-11-03,27.466903686523438,27.67306752074972,27.04785183483226,27.068020965182114,182076000,0.0114703234371889,AAPL,1090,371,50.540000915527344,47.900001525878906,-1.0
2015-11-04,27.339176177978516,27.747022836180697,27.254021982418337,27.592399079550855,179544400,-0.004650233240799939,AAPL,1089,370,48.58000183105469,46.31999969482422,-1.0
2015-11-05,27.21314239501953,27.61148327358103,27.046605283344793,27.422439708246415,158210800,-0.004610006612434159,AAPL,1088,369,47.97999954223633,45.20000076293945,-1.0
2015-11-06,27.24465560913086,27.413443748226587,27.145634401755885,27.255908838537938,132169200,0.0011580145230525307,AAPL,1087,368,47.41999816894531,44.290000915527344,-1.0
2015-11-09,27.134376525878906,27.413439053970233,27.017350858292687,27.22214620581893,135485600,-0.004047732694223982,AAPL,1084,365,47.189998626708984,43.869998931884766,-1.0
2015-11-10,26.27918243408203,26.57174917506117,26.119396564378523,26.3084401383808,236511600,-0.03151699804052066,AAPL,1083,364,47.439998626708984,44.209999084472656,-1.0
2015-11-11,26.13064956665039,26.4254655769582,25.928103495178785,26.1891632577425,180872000,-0.005652111430947904,AAPL,1082,363,45.810001373291016,42.93000030517578,-1.0
2015-11-12,26.04288101196289,26.290436569106728,26.027127523335597,26.16440866008837,130102400,-0.0033588355491750432,AAPL,1081,362,44.060001373291016,41.75,-1.0
2015-11-13,25.28220558166504,26.00912040774217,25.26645209463557,25.925850995157077,183249600,-0.029208574502507356,AAPL,1080,361,43.61000061035156,40.7400016784668,-1.0
2015-11-16,25.69629669189453,25.70979918849896,24.980635182841198,25.06615385633774,152426800,0.016378757339502004,AAPL,1077,358,43.58000183105469,41.7400016784668,-1.0
2015-11-17,25.58602523803711,25.892094454265113,25.502755826401113,25.862836752257206,110467600,-0.004291336420169989,AAPL,1076,357,43.56999969482422,40.66999816894531,-1.0
2015-11-18,26.396211624145508,26.44122110260724,25.99337043900729,26.051884134608777,186698800,0.03166519139142987,AAPL,1075,356,44.13999938964844,40.75,-1.0
2015-11-19,26.731536865234375,26.94983644140062,26.276934951724414,26.474979060688888,173183200,0.012703536623495326,AAPL,1074,355,44.18000030517578,40.540000915527344,-1.0
2015-11-20,26.848560333251953,26.988090726247066,26.747286446044445,26.82605388031609,137148400,0.004377730641060618,AAPL,1073,354,44.65999984741211,40.38999938964844,-1.0
2015-11-23,26.499731063842773,26.94533239262618,26.407459413897218,26.841807516150237,129930000,-0.01299247576329654,AAPL,1070,351,44.83000183105469,41.75,-1.0
2015-11-24,26.754037857055664,26.859812005289776,26.35794969460624,26.405210155455276,171212800,0.0095965801539728,AAPL,1069,350,46.119998931884766,42.869998931884766,-1.0
2015-11-25,26.5627498626709,26.83281189570902,26.53799413338403,26.828309917474165,85553200,-0.0071498738024816655,AAPL,1068,349,46.16999816894531,43.040000915527344,-1.0
2015-11-27,26.51323699951172,26.64826886737804,26.465976532559118,26.62126215040447,52185600,-0.0018639961380189085,AAPL,1066,347,44.86000061035156,41.709999084472656,-1.0
2015-11-30,26.623510360717773,26.873316886396125,26.49973173375955,26.55374344506798,156721200,0.004159181363184272,AAPL,1063,344,44.61000061035156,41.650001525878906,-1.0
2015-12-01,26.407461166381836,26.738286131114823,26.299437739327033,26.72478363198333,139409600,-0.00811497775495118,AAPL,1062,343,44.439998626708984,41.849998474121094,-1.0
2015-12-02,26.16891098022461,26.580754422891076,26.12390149974809,26.407464317353075,133546400,-0.009033438869955224,AAPL,1061,342,42.4900016784668,39.939998626708984,-1.0
2015-12-03,25.92584991455078,26.283681557878825,25.70530110533081,26.229669849886356,166278000,-0.009288161278759532,AAPL,1060,341,43.84000015258789,41.08000183105469,-1.0
2015-12-04,26.78780174255371,26.8373132030574,25.90560284431139,25.946112064996072,231108000,0.03324681084106573,AAPL,1059,340,43.0,39.970001220703125,-1.0
2015-12-07,26.61901092529297,26.97459163578406,26.513236764336625,26.776547530739133,128336800,-0.00630103279406502,AAPL,1056,337,40.72999954223633,37.650001525878906,-1.0
2015-12-08,26.60776138305664,26.691029094394686,26.29944111628699,26.44797377680992,137238000,-0.0004226130816017415,AAPL,1055,336,40.2599983215332,37.5099983215332,-1.0
2015-12-09,26.020376205444336,26.486231330206245,25.89884855763669,26.474978102501257,185445600,-0.022075708255048565,AAPL,1054,335,40.11000061035156,37.15999984741211,-1.0
2015-12-10,26.144153594970703,26.317443689533036,25.995620945204504,26.114897606214114,116850800,0.004756940812426391,AAPL,1053,334,39.72999954223633,36.7599983215332,-1.0
2015-12-11,25.47125244140625,25.968614558600958,25.39698525707814,25.923605080402936,187544800,-0.025738112007339886,AAPL,1052,333,37.93000030517578,35.619998931884766,-1.0
2015-12-14,25.313716888427734,25.35872636544817,24.70832963559441,25.246200955895596,257274800,-0.006184837331454696,AAPL,1049,330,37.91999816894531,36.310001373291016,-1.0
2015-12-15,24.865869522094727,25.385738186321696,24.83436253844483,25.192194305614137,213292400,-0.017691884929697643,AAPL,1048,329,38.45000076293945,37.349998474121094,-1.0
2015-12-16,25.057157516479492,25.203440893124053,24.48552994368631,24.99639455045869,224954000,0.007692793297044975,AAPL,1047,328,37.189998626708984,35.52000045776367,-1.0
2015-12-17,24.52604103088379,25.26195651416769,24.52604103088379,25.21019406605215,179091200,-0.021196198541131417,AAPL,1046,327,37.18000030517578,34.95000076293945,-1.0
2015-12-18,23.86214256286621,24.64756958850179,23.81263109863098,24.510290142670215,385813200,-0.027069124902041053,AAPL,1045,326,36.880001068115234,34.72999954223633,-1.0
2015-12-21,24.154706954956055,24.163709194553643,23.758616997670288,24.143453726208655,190362400,0.012260608674140139,AAPL,1042,323,36.349998474121094,34.7400016784668,-1.0
2015-12-22,24.132205963134766,24.242480410582292,23.95666483921584,24.170464199616287,131157600,-0.0009315365267419384,AAPL,1041,322,36.11000061035156,36.13999938964844,-1.0
2015-12-23,24.44277000427246,24.49678172098979,24.12544751992992,24.14120100884754,130629600,0.012869276916172678,AAPL,1040,321,37.36000061035156,37.5,-1.0
2015-12-24,24.312238693237305,24.530538253331216,24.294234216383877,24.530538253331216,54281600,-0.005340283078077435,AAPL,1039,320,37.88999938964844,38.099998474121094,-1.0
2015-12-28,24.039934158325195,24.235729035737158,23.895901737126245,24.21322257486078,106816800,-0.011200306905009727,AAPL,1035,316,36.619998931884766,36.810001373291016,-1.0
2015-12-29,24.47201919555664,24.62730476961219,24.048924384290626,24.07142911692161,123724800,0.01797363646613026,AAPL,1034,315,37.790000915527344,37.869998931884766,-1.0
2015-12-30,24.152446746826172,24.463016167891418,24.120939778761624,24.436011176408083,100855200,-0.013058687400363533,AAPL,1033,314,36.459999084472656,36.599998474121094,-1.0
2015-12-31,23.688846588134766,24.087185730146636,23.589823691295113,24.082685469836317,163649200,-0.01919474923393949,AAPL,1032,313,37.279998779296875,37.040000915527344,-1.0
2016-01-04,23.709102630615234,23.71360460836271,22.9551827560473,23.09246388832103,270597600,0.0008550877479451824,AAPL,1028,309,37.220001220703125,36.7599983215332,-1.0
2016-01-05,23.114967346191406,23.821626717292084,23.04745313673035,23.799121980805065,223164000,-0.025059374607313445,AAPL,1027,308,36.41999816894531,35.970001220703125,-1.0
2016-01-06,22.662620544433594,23.038456779406197,22.475829638610904,22.6311135619092,273829600,-0.01956943286931978,AAPL,1026,307,34.22999954223633,33.970001220703125,-1.0
2016-01-07,21.706148147583008,22.534335128762088,21.70164788723477,22.208012167974665,324377600,-0.04220484541826364,AAPL,1025,306,33.75,33.27000045776367,1.0
2016-01-08,21.82093048095703,22.304790157866496,21.775920997198742,22.17876222974189,283192000,0.005288010226116802,AAPL,1024,305,33.54999923706055,33.15999984741211,1.0
2016-01-11,22.174257278442383,22.29353393971297,21.9064462500791,22.273280189837518,198957600,0.016192104997250212,AAPL,1021,302,31.549999237060547,31.40999984741211,1.0
2016-01-12,22.496082305908203,22.660370178573043,22.24402474087501,22.628863197569107,196616800,0.014513452397735715,AAPL,1020,301,30.860000610351562,30.440000534057617,1.0
2016-01-13,21.91769790649414,22.772891657948627,21.8974441580709,22.577096838183675,249758400,-0.02571045000409511,AAPL,1019,300,30.309999465942383,30.479999542236328,1.0
2016-01-14,22.397050857543945,22.613101097890944,21.546359260306392,22.045972221731883,252680400,0.021870588466673446,AAPL,1018,299,31.030000686645508,31.200000762939453,1.0
2016-01-15,21.85918617248535,21.989716064011326,21.460846964830314,21.649888835039064,319335600,-0.024014978064731518,AAPL,1017,298,31.010000228881836,29.420000076293945,1.0
2016-01-19,21.7534122467041,22.201262880477753,21.492352481407988,22.147251166520476,212350800,-0.004838877575158329,AAPL,1013,294,28.760000228881836,28.459999084472656,1.0
2016-01-20,21.78266716003418,22.097738623752576,21.024245345147918,21.402330758209725,289337600,0.0013448425009510157,AAPL,1012,293,27.8799991607666,26.549999237060547,1.0
2016-01-21,21.672391891479492,22.02797083685336,21.36632267791624,21.843429256646218,208646000,-0.005062523691176546,AAPL,1011,292,29.25,29.530000686645508,1.0
2016-01-22,22.824657440185547,22.833659680480253,22.138253358481553,22.196765344894477,263202000,0.053167437838694154,AAPL,1010,291,32.18000030517578,32.189998626708984,-1.0
2016-01-25,22.379058837890625,22.849414327314413,22.327296382828717,22.847163337876452,207178000,-0.0195226852128082,AAPL,1007,288,30.5,30.34000015258789,1.0
2016-01-26,22.502826690673828,22.70312174465863,22.07072961131343,22.48932419350668,300308000,0.005530520907056635,AAPL,1006,287,31.799999237060547,31.450000762939453,1.0
2016-01-27,21.02424430847168,21.74665713553977,21.006239833260953,21.6138779941135,533478800,-0.06570651778671599,AAPL,1005,286,33.099998474121094,32.29999923706055,1.0
2016-01-28,21.175029754638672,21.271801671005875,20.79244406686214,21.107515542267087,222715200,0.007171979356529468,AAPL,1004,285,33.88999938964844,33.220001220703125,1.0
2016-01-29,21.906444549560547,21.906444549560547,21.233543122909527,21.33256602661787,257666000,0.03454138215610536,AAPL,1003,284,34.7400016784668,33.619998931884766,1.0
2016-02-01,21.701650619506836,21.764664574323376,21.46984854985964,21.710652858337983,163774000,-0.009348569987721711,AAPL,1000,281,34.689998626708984,31.6200008392334,1.0
2016-02-02,21.262800216674805,21.61387891320668,21.217789026733964,21.47434679989208,149428800,-0.020221982674330063,AAPL,999,280,32.720001220703125,29.8799991607666,1.0
2016-02-03,21.68364143371582,21.79391583070109,21.172776939232083,21.379823236388418,183857200,0.01979237037231729,AAPL,998,279,35.040000915527344,32.279998779296875,1.0
2016-02-04,21.857868194580078,22.02304746382955,21.538825669478815,21.6904274489689,185886800,0.008034940136639301,AAPL,997,278,34.459999084472656,31.719999313354492,1.0
2016-02-05,21.274099349975586,21.93028870095849,21.19943087856853,21.83977952731966,185672400,-0.026707492213227102,AAPL,996,277,34.060001373291016,30.889999389648438,1.0
2016-02-08,21.498096466064453,21.65422292323938,21.052340489549316,21.072704134534725,216085600,0.010529099841264156,AAPL,993,274,32.880001068115234,29.690000534057617,1.0
2016-02-09,21.493576049804688,21.70853547812662,21.253728290560428,21.335186345835517,177324800,-0.00021027053566813336,AAPL,992,273,30.31999969482422,27.940000534057617,1.0
2016-02-10,21.330657958984375,21.8013040732542,21.292192138208378,21.70400705661494,169374400,-0.007579850390777243,AAPL,991,272,30.84000015258789,27.450000762939453,1.0
2016-02-11,21.20168113708496,21.432479494048906,20.95051913314548,21.22204651037848,200298800,-0.006046546812921383,AAPL,990,271,30.059999465942383,26.209999084472656,1.0
2016-02-12,21.267297744750977,21.382696909855685,21.04555222501636,21.312553165536052,161405600,0.0030948775826669106,AAPL,989,270,33.36000061035156,29.440000534057617,1.0
2016-02-16,21.86692237854004,21.914439283638654,21.407590569602025,21.500361176798915,196231600,0.028194679031898096,AAPL,985,266,32.18000030517578,29.040000915527344,1.0
2016-02-17,22.20180892944336,22.222172580506005,21.75605281989877,21.87371349855906,179452800,0.015314754637441474,AAPL,984,265,34.5,30.65999984741211,1.0
2016-02-18,21.780941009521484,22.37603568810699,21.74247346139411,22.36472139871926,156084000,-0.018956469775025075,AAPL,983,264,34.279998779296875,30.770000457763672,1.0
2016-02-19,21.731164932250977,21.89408106229437,21.67686013100935,21.722113844324287,141496800,-0.0022853042597539286,AAPL,982,263,33.0099983215332,29.639999389648438,1.0
2016-02-22,21.921226501464844,21.925752907328235,21.704005630608744,21.792251555446594,137123200,0.008746036846455363,AAPL,979,260,34.689998626708984,31.479999542236328,1.0
2016-02-23,21.425697326660156,21.835249115154625,21.394019383147793,21.812622259262714,127770400,-0.02260499314541431,AAPL,978,259,33.27000045776367,31.8700008392334,1.0
2016-02-24,21.744739532470703,21.808095418234426,21.115703629076013,21.265043982363427,145022800,0.014890633473738202,AAPL,977,258,34.40999984741211,32.150001525878906,1.0
2016-02-25,21.894081115722656,21.894081115722656,21.552409882510005,21.733428188848517,110330800,0.006867940773856773,AAPL,976,257,35.290000915527344,33.06999969482422,1.0
2016-02-26,21.92801284790039,22.17917309377521,21.85334269912578,21.993630186295057,115964400,0.0015498130293016832,AAPL,975,256,35.099998474121094,32.779998779296875,1.0
2016-02-29,21.878244400024414,22.226703553560853,21.869193311142062,21.916710233035392,140865200,-0.0022696287265602244,AAPL,972,253,35.970001220703125,33.75,1.0
2016-03-01,22.74712371826172,22.80142851449741,22.043417665277012,22.09546098447838,201628400,0.03971430716060276,AAPL,971,252,35.959999084472656,34.400001525878906,1.0
2016-03-02,22.79690170288086,22.828579641583378,22.545739670083616,22.742596911721996,132678400,0.0021883199491801175,AAPL,970,251,36.93000030517578,34.65999984741211,1.0
2016-03-03,22.96660614013672,23.01412304913054,22.729019868849395,22.758436331310968,147822800,0.007444188665094442,AAPL,969,250,37.06999969482422,34.56999969482422,1.0
2016-03-04,23.308277130126953,23.475717911864166,22.937191221240052,23.16346320111344,184220400,0.01487686025115953,AAPL,968,249,38.720001220703125,35.91999816894531,1.0
2016-03-07,23.050331115722656,23.267552046038453,22.844422750525865,23.16799180560761,143315600,-0.011066713037785614,AAPL,965,246,40.84000015258789,37.900001525878906,1.0
2016-03-08,22.860261917114258,23.02544125138635,22.717711165909574,22.80369391208277,126247600,-0.008245833764997546,AAPL,964,245,39.650001525878906,36.5,1.0
2016-03-09,22.88062858581543,22.98471351377979,22.68829597681662,22.923619098165062,108806800,0.000890920181711774,AAPL,963,244,41.06999969482422,38.290000915527344,1.0
2016-03-10,22.891937255859375,23.134048220780034,22.661140581184426,22.9462437774568,134054400,0.000494246475857496,AAPL,962,243,40.04999923706055,37.84000015258789,1.0
2016-03-11,23.138574600219727,23.143099280521703,22.966607401333224,23.134048193599433,109632800,0.010773983066777015,AAPL,961,242,40.38999938964844,38.5,1.0
2016-03-14,23.197397232055664,23.285644871933457,23.029956489187718,23.05937294458625,100304400,0.002542189086936153,AAPL,958,239,39.529998779296875,37.18000030517578,1.0
2016-03-15,23.663528442382812,23.799291310131537,23.498349106970874,23.523239167461966,160270800,0.02009411683837614,AAPL,957,238,38.7400016784668,36.34000015258789,1.0
2016-03-16,23.978046417236328,24.054978075986174,23.665789922427244,23.6703163295999,153214000,0.01329125432918099,AAPL,956,237,40.33000183105469,38.459999084472656,-1.0
2016-03-17,23.9395751953125,24.09117700139507,23.74950584220155,23.87621759339676,137682800,-0.0016044352093743663,AAPL,955,236,41.540000915527344,40.20000076293945,-1.0
2016-03-18,23.96673011779785,24.09796829371383,23.801552522522893,24.061763944639747,176820800,0.0011343109584780464,AAPL,954,235,41.20000076293945,39.439998626708984,-1.0
2016-03-21,23.96446418762207,24.35817691589159,23.790233811135852,23.96898886725636,142010800,-9.454481961634897e-05,AAPL,951,232,41.540000915527344,39.90999984741211,-1.0
2016-03-22,24.147747039794922,24.276722004992966,23.8060758516562,23.81512693841094,129777600,0.007648109748580101,AAPL,950,231,41.790000915527344,41.45000076293945,-1.0
2016-03-23,24.014249801635742,24.22694606118785,23.962208201735915,24.093446392792263,102814000,-0.0055283516900843654,AAPL,949,230,40.470001220703125,39.790000915527344,-1.0
2016-03-24,23.91015625,24.041394393712576,23.73366440736762,23.864902551080196,104532000,-0.004334657651002383,AAPL,948,229,40.439998626708984,39.459999084472656,-1.0
2016-03-28,23.801555633544922,24.02782766587806,23.772139164497705,23.98483542731281,77645600,-0.004542028722839375,AAPL,944,225,40.27000045776367,39.38999938964844,-1.0
2016-03-29,24.364973068237305,24.389863130469006,23.731410672679043,23.733673876423374,124760400,0.023671454226223965,AAPL,943,224,39.13999938964844,38.279998779296875,-1.0
2016-03-30,24.790361404418945,24.98495547537294,24.573140477234638,24.584454768509033,182404400,0.0174590111382551,AAPL,942,223,39.2599983215332,38.31999969482422,-1.0
2016-03-31,24.661376953125,24.867285236269062,24.63648690293577,24.826556220170115,103553600,-0.005203008104228468,AAPL,941,222,39.599998474121094,38.34000015258789,-1.0
2016-04-01,24.887653350830078,24.889916553885868,24.48262631974958,24.613864475895507,103496000,0.009175335105382487,AAPL,940,221,39.65999984741211,36.790000915527344,-1.0
2016-04-04,25.143342971801758,25.385453920701245,24.951010408261794,24.984951550434623,149424800,0.010273753711020461,AAPL,937,218,37.689998626708984,35.70000076293945,-1.0
2016-04-05,24.8469295501709,25.0551011171077,24.75868360194534,24.77904898109196,106314800,-0.011788942383806567,AAPL,936,217,37.869998931884766,35.88999938964844,-1.0
2016-04-06,25.107147216796875,25.111673624671656,24.708907913436978,24.94196958206201,105616400,0.010472829896367886,AAPL,935,216,39.84000015258789,37.75,-1.0
2016-04-07,24.559566497802734,24.98495729540314,24.46453265892157,24.87860916442339,127207600,-0.021809754579676266,AAPL,934,215,39.43000030517578,37.2599983215332,-1.0
2016-04-08,24.586715698242188,24.837876023385373,24.475841178225927,24.6432836967458,94326800,0.0011054429825494427,AAPL,933,214,41.939998626708984,39.720001220703125,-1.0
2016-04-11,24.668174743652344,25.02794815142914,24.625184233953128,24.656862178497185,117630000,0.0033131324415152097,AAPL,930,211,42.83000183105469,40.36000061035156,-1.0
2016-04-12,24.989482879638672,25.003058648654925,24.586718953183524,24.74058227221714,108929200,0.0130252091743841,AAPL,929,210,44.689998626708984,42.16999816894531,-1.0
2016-04-13,25.351518630981445,25.41939920467928,25.070941795129475,25.070941795129475,133029200,0.014487524735366186,AAPL,928,209,44.18000030517578,41.7599983215332,-1.0
2016-04-14,25.365093231201172,25.43071232450725,25.1908645344577,25.256483627763778,101895600,0.0005354551108878169,AAPL,927,208,43.84000015258789,41.5,-1.0
2016-04-15,24.855979919433594,25.410347378970744,24.828828383114317,25.367355144707314,187756000,-0.020071414960987632,AAPL,926,207,43.099998474121094,40.36000061035156,-1.0
2016-04-18,24.31971549987793,24.652333892236424,24.197528411813874,24.638758124557654,243286000,-0.021574865335982518,AAPL,923,204,42.90999984741211,39.779998779296875,-1.0
2016-04-19,24.190738677978516,24.437374312312617,24.036873659551965,24.41022105271326,129539600,-0.005303385308930153,AAPL,922,203,44.029998779296875,41.08000183105469,-1.0
2016-04-20,24.240514755249023,24.457735632396414,23.998403824086175,24.12964197683712,122444000,0.0020576501583153828,AAPL,921,202,45.79999923706055,42.630001068115234,-1.0
2016-04-21,23.978046417236328,24.19526735092348,23.876222971673943,24.19526735092348,126210000,-0.010827671799166771,AAPL,920,201,44.529998779296875,43.18000030517578,-1.0
2016-04-22,23.912424087524414,24.09344237092434,23.67257632939006,23.760822267809996,134732400,-0.002736767148166952,AAPL,919,200,45.11000061035156,43.72999954223633,-1.0
2016-04-25,23.77666473388672,23.90563971871821,23.64768974905523,23.758562557621605,112126400,-0.005677356387658095,AAPL,916,197,44.47999954223633,42.63999938964844,-1.0
2016-04-26,23.611480712890625,23.826440129182235,23.511922215818263,23.511922215818263,224064800,-0.006947316742901832,AAPL,915,196,45.7400016784668,44.040000915527344,-1.0
2016-04-27,22.133926391601562,22.33530832822501,21.649704462381326,21.722111431433373,458408400,-0.06257779167921462,AAPL,914,195,47.18000030517578,45.33000183105469,-1.0
2016-04-28,21.457368850708008,22.147497243695007,21.326130708952,22.086404578432276,328970800,-0.030566539750952915,AAPL,913,194,48.13999938964844,46.029998779296875,1.0
2016-04-29,21.21074104309082,21.43248840706545,20.932427394109794,21.26730905441592,274126000,-0.011493851335321104,AAPL,912,193,48.130001068115234,45.91999816894531,1.0
2016-05-02,21.188108444213867,21.287668669598332,20.907531667415565,21.262778613252216,192640400,-0.0010670348023661402,AAPL,909,190,48.099998474121094,44.779998779296875,1.0
2016-05-03,21.53656768798828,21.66327944767617,21.19715970912294,21.31482038221623,227325200,0.01644598170204148,AAPL,908,189,46.75,43.650001525878906,1.0
2016-05-04,21.31256103515625,21.699485962571515,21.228839770528293,21.54109452081471,164102000,-0.010401223448291974,AAPL,907,188,44.619998931884766,43.779998779296875,1.0
2016-05-05,21.22605323791504,21.41500286744286,21.098569987548814,21.39906746114708,143562000,-0.00405900525509395,AAPL,906,187,45.0099983215332,44.31999969482422,1.0
2016-05-06,21.107675552368164,21.273858822090435,20.90961973417624,21.255648170316455,174799600,-0.005576999370538793,AAPL,905,186,45.369998931884766,44.65999984741211,1.0
2016-05-09,21.123607635498047,21.34670328189043,21.07807667115257,21.17141384543927,131745600,0.0007548004558983745,AAPL,902,183,43.630001068115234,43.439998626708984,1.0
2016-05-10,21.26703453063965,21.30118233296294,20.96881397979695,21.2465468913433,134747200,0.006789886349743313,AAPL,901,182,45.52000045776367,44.65999984741211,1.0
2016-05-11,21.059865951538086,21.30117398285851,21.04848277628276,21.280686351593356,114876400,-0.009741300734857572,AAPL,900,181,47.599998474121094,46.22999954223633,1.0
2016-05-12,20.565868377685547,21.121334074889095,20.367814295389742,21.107675651787034,305258800,-0.02345682422619888,AAPL,899,180,48.08000183105469,46.70000076293945,1.0
2016-05-13,20.606842041015625,20.868639441253695,20.48846500739972,20.48846500739972,177571200,0.001992313797677392,AAPL,898,179,47.83000183105469,46.209999084472656,1.0
2016-05-16,21.371747970581055,21.487849775426163,20.864090236678617,21.032550487061453,245039200,0.03711902716791693,AAPL,895,176,48.970001220703125,47.720001220703125,1.0
2016-05-17,21.282960891723633,21.55841670285092,21.173690054940703,21.52427065187415,187667600,-0.0041544135266633475,AAPL,894,175,49.279998779296875,48.310001373291016,1.0
2016-05-18,21.526548385620117,21.674520991995124,21.3740235508649,21.435489923385195,168249600,0.011445188248746296,AAPL,893,174,48.93000030517578,48.189998626708984,1.0
2016-05-19,21.44459342956543,21.544759817778345,21.30117479475683,21.544759817778345,121768400,-0.003807157310432241,AAPL,892,173,48.810001373291016,48.15999984741211,1.0
2016-05-20,21.676794052124023,21.724600257195345,21.5174382983911,21.544756874215505,128104000,0.010827933078855212,AAPL,891,172,48.720001220703125,47.75,1.0
2016-05-23,21.952251434326172,22.12526562008119,21.779237248571153,21.824768211574394,152074400,0.012707477938840306,AAPL,888,169,48.349998474121094,48.08000183105469,1.0
2016-05-24,22.28689956665039,22.330151816165124,22.045589773017973,22.132097745705188,140560800,0.01524436494932524,AAPL,887,168,48.61000061035156,48.619998931884766,1.0
2016-05-25,22.678457260131836,22.705774104756745,22.33470582502775,22.462189064821,152675200,0.017568962085123818,AAPL,886,167,49.7400016784668,49.560001373291016,-1.0
2016-05-26,22.858299255371094,22.93114706454491,22.455358453980953,22.692114268003046,225324800,0.007930080656562755,AAPL,885,166,49.59000015258789,49.47999954223633,-1.0
2016-05-27,22.84463882446289,22.871957403887855,22.59422459196804,22.637478575183707,145364800,-0.0005976136175133151,AAPL,884,165,49.31999969482422,49.33000183105469,-1.0
2016-05-31,22.73309326171875,22.85602427612958,22.49633742694555,22.67390386881822,169228800,-0.004882789507037133,AAPL,880,161,49.689998626708984,49.099998474121094,-1.0
2016-06-01,22.414392471313477,22.660254599447647,22.38479863132366,22.541875765829136,116693200,-0.014019244400054753,AAPL,879,160,49.709999084472656,49.0099983215332,1.0
2016-06-02,22.245914459228516,22.27323129384919,21.99777554484516,22.218595887779593,160766400,-0.007516510309194535,AAPL,878,159,50.040000915527344,49.16999816894531,1.0
2016-06-03,22.29145050048828,22.37112752057621,22.18445490058645,22.26185667497813,114019600,0.0020469395107682864,AAPL,877,158,49.63999938964844,48.619998931884766,1.0
2016-06-06,22.453083038330078,23.195221340147576,22.20722275072929,22.307387409815206,93170000,0.007250875748900043,AAPL,874,155,50.54999923706055,49.689998626708984,1.0
2016-06-07,22.544151306152344,22.7353779725128,22.5282158953581,22.594234522028405,89638000,0.004055936000717741,AAPL,873,154,51.439998626708984,50.36000061035156,-1.0
2016-06-08,22.523658752441406,22.664800435311093,22.464469352331687,22.541869405927436,83392400,-0.0009089964591102451,AAPL,872,153,52.5099983215332,51.22999954223633,1.0
2016-06-09,22.68528938293457,22.76268943507791,22.41438572677468,22.423491921761386,106405600,0.007176037972767002,AAPL,871,152,51.95000076293945,50.560001373291016,-1.0
2016-06-10,22.498611450195312,22.616988483596124,22.418934433788163,22.43031587222993,126851600,-0.008229030257806191,AAPL,870,151,50.540000915527344,49.06999969482422,1.0
2016-06-13,22.159414291381836,22.56463209429389,22.104778866146614,22.46674268329849,152082000,-0.015076359692879238,AAPL,867,148,50.349998474121094,48.880001068115234,1.0
2016-06-14,22.186731338500977,22.418934919147425,22.02510031976761,22.15486053124813,127727600,0.0012327513155330205,AAPL,866,147,49.83000183105469,48.4900016784668,1.0
2016-06-15,22.113887786865234,22.40300382708042,22.088846185371665,22.268689624812268,117780800,-0.0032832033941536665,AAPL,865,146,48.970001220703125,48.0099983215332,1.0
2016-06-16,22.207223892211914,22.252753127152243,21.870301648434932,21.95680788955315,125307200,0.004220700866634397,AAPL,864,145,47.189998626708984,46.209999084472656,1.0
2016-06-17,21.70184326171875,22.002340753928593,21.69501404957316,21.995511541783003,244032800,-0.022757487966355017,AAPL,863,144,49.16999816894531,47.97999954223633,1.0
2016-06-20,21.649477005004883,21.9841222009625,21.633541602189215,21.854361996083895,137647600,-0.0024129865874683576,AAPL,860,141,50.650001525878906,49.369998931884766,1.0
2016-06-21,21.833879470825195,21.93404413901869,21.553869628070824,21.61305902529588,142185600,0.008517640669919224,AAPL,859,140,50.619998931884766,48.849998474121094,1.0
2016-06-22,21.751922607421875,22.05697227466508,21.70639163981398,21.911276651977456,116876400,-0.0037536555751730427,AAPL,858,139,49.880001068115234,49.130001068115234,1.0
2016-06-23,21.877124786376953,21.92037876334221,21.683622986357832,21.840701755902394,128960800,0.005755913222694087,AAPL,857,138,50.90999984741211,50.11000061035156,1.0
2016-06-24,21.26247215270996,21.549311123762145,21.09173495941223,21.15092433940077,301245600,-0.02809567709051697,AAPL,856,137,48.40999984741211,47.63999938964844,1.0
2016-06-27,20.952878952026367,21.182805639240847,20.829947903520488,21.171422459315906,181958400,-0.014560545850927142,AAPL,853,134,47.15999984741211,46.33000183105469,1.0
2016-06-28,21.30573081970215,21.321667963238593,20.975639507836906,21.14865373553775,161779600,0.016840257058882813,AAPL,852,133,48.58000183105469,47.849998474121094,1.0
2016-06-29,21.49012565612793,21.524273448369915,21.31483446647255,21.392236244676305,146124000,0.008654706003103474,AAPL,851,132,50.61000061035156,49.880001068115234,1.0
2016-06-30,21.763301849365234,21.802001865302973,21.467358405523612,21.499229211216885,143345600,0.012711707581821718,AAPL,850,131,49.68000030517578,48.33000183105469,1.0
2016-07-01,21.829328536987305,21.96136577343257,21.701845266945973,21.738268314030943,104106000,0.0030338543332750767,AAPL,849,130,49.84000015258789,48.9900016784668,1.0
2016-07-05,21.624439239501953,21.71777642740223,21.503785205838827,21.715499444645676,110820800,-0.009385964260796631,AAPL,845,126,47.959999084472656,46.599998474121094,1.0
2016-07-06,21.74736976623535,21.776965330917307,21.483297087776542,21.535655532195683,123796400,0.005684796048206264,AAPL,844,125,48.79999923706055,47.43000030517578,1.0
2016-07-07,21.840707778930664,21.968191025990517,21.767859961063753,21.786070612908745,100558400,0.004291921905895446,AAPL,843,124,46.400001525878906,45.13999938964844,1.0
2016-07-08,22.009164810180664,22.05697102082978,21.86574617823332,21.965910827619155,115648400,0.007712984073368956,AAPL,842,123,46.7599983215332,45.40999984741211,1.0
2016-07-11,22.077465057373047,22.229989914574308,22.02055264168639,22.02510487073652,95179600,0.003103263925798183,AAPL,839,120,46.25,44.7599983215332,1.0
2016-07-12,22.177623748779297,22.241365359270755,22.109329910465,22.120711348436405,96670000,0.0045366934630386435,AAPL,838,119,48.470001220703125,46.79999923706055,1.0
2016-07-13,22.05242347717285,22.234542165451483,22.04559252834731,22.1753545035962,103568800,-0.005645342035949019,AAPL,837,118,46.2599983215332,44.75,1.0
2016-07-14,22.489501953125,22.53503117386018,22.15485679655326,22.170792197493416,155676000,0.01981997472543462,AAPL,836,117,47.369998931884766,45.68000030517578,1.0
2016-07-15,22.487234115600586,22.605612916576966,22.423492485919063,22.519104930441348,120548000,-0.00010083982869613095,AAPL,835,116,47.61000061035156,45.95000076293945,1.0
2016-07-18,22.72626304626465,22.794556893367258,22.446253236340294,22.469017852041166,145975600,0.01062953893908336,AAPL,832,113,46.959999084472656,45.2400016784668,1.0
2016-07-19,22.73536491394043,22.764958735037713,22.614709173708775,22.66479236081842,95119600,0.000400499970331758,AAPL,831,112,46.65999984741211,44.650001525878906,1.0
2016-07-20,22.755861282348633,22.869686119737427,22.705778076004894,22.76496747775924,105104000,0.0009015192184418375,AAPL,830,111,47.16999816894531,44.939998626708984,1.0
2016-07-21,22.635202407836914,22.992612251581413,22.566906825229403,22.726262605703987,130808000,-0.00530232070826131,AAPL,829,110,46.20000076293945,44.75,1.0
2016-07-22,22.45991325378418,22.605608877546853,22.38023449408964,22.596502683958082,113254800,-0.007744094834868598,AAPL,828,109,45.689998626708984,44.189998626708984,1.0
2016-07-25,22.159414291381836,22.500888738552472,22.063801863012984,22.366576289676537,161531600,-0.013379346527605751,AAPL,825,106,44.720001220703125,43.130001068115234,1.0
2016-07-26,22.00689125061035,22.30283649036816,21.94997883810531,22.041039045479174,224959200,-0.006882990622671947,AAPL,824,105,44.869998931884766,42.91999816894531,1.0
2016-07-27,23.43653106689453,23.755240928260108,23.391001831054744,23.737028539192586,369379200,0.06496327900218657,AAPL,823,104,43.470001220703125,41.91999816894531,1.0
2016-07-28,23.75296974182129,23.778011348692747,23.406942949243042,23.409219932639388,159479200,0.013501941649280313,AAPL,822,103,42.70000076293945,41.13999938964844,1.0
2016-07-29,23.723373413085938,23.80077520896637,23.602719358194836,23.718821183600856,110934800,-0.0012460054071993243,AAPL,821,102,42.459999084472656,41.599998474121094,1.0
2016-08-01,24.142244338989258,24.165008954984405,23.76889907881645,23.76889907881645,152671600,0.01765646557130318,AAPL,818,99,42.45000076293945,40.060001373291016,1.0
2016-08-02,23.78484344482422,24.146805664957153,23.675570815317762,24.142253434774585,135266400,-0.014803963092521744,AAPL,817,98,41.79999923706055,39.5099983215332,1.0
2016-08-03,24.083065032958984,24.094446477308214,23.850861336815832,23.859967534392975,120810400,0.01253830359769137,AAPL,816,97,43.099998474121094,40.83000183105469,1.0
2016-08-04,24.231830596923828,24.261584742018446,24.09678879267462,24.16545435364713,109634800,0.006177185659767659,AAPL,815,96,44.290000915527344,41.93000030517578,1.0
2016-08-05,24.600332260131836,24.639241929922044,24.302783823087015,24.323382443715563,162213600,0.015207339030126166,AAPL,814,95,44.27000045776367,41.79999923706055,1.0
2016-08-08,24.804033279418945,24.804033279418945,24.52708526060686,24.60948147407652,112148800,0.008280417399777695,AAPL,811,92,45.38999938964844,43.02000045776367,1.0
2016-08-09,24.904743194580078,24.93449908368157,24.7216379561109,24.771992464217153,105260800,0.004060223352655212,AAPL,810,91,44.97999954223633,42.77000045776367,1.0
2016-08-10,24.719356536865234,24.92535152392008,24.66442512239667,24.881863208253453,96034000,-0.007443829324656037,AAPL,809,90,44.04999923706055,41.709999084472656,1.0
2016-08-11,24.70332908630371,24.932211964247323,24.685018036971154,24.83836914609631,109938000,-0.0006483765278283427,AAPL,808,89,46.040000915527344,43.4900016784668,1.0
2016-08-12,24.760549545288086,24.820059581873906,24.6689960458263,24.6689960458263,74641600,0.002316305579076694,AAPL,807,88,46.970001220703125,44.4900016784668,1.0
2016-08-15,25.0580997467041,25.07183216140726,24.737663349139908,24.751395763843067,103472800,0.012017108136949117,AAPL,804,85,48.349998474121094,45.7400016784668,1.0
2016-08-16,25.035205841064453,25.22975766317112,24.996296175138156,25.092426554334043,135177600,-0.0009136329518626418,AAPL,803,84,49.22999954223633,46.58000183105469,1.0
2016-08-17,24.998580932617188,25.032913703563807,24.797162941056897,24.971114366612436,101424000,-0.0014629361819422648,AAPL,802,83,49.849998474121094,46.790000915527344,1.0
2016-08-18,24.966543197631836,25.085561518440528,24.952809038364844,25.000875976442813,87938800,-0.0012815821454709164,AAPL,801,82,50.88999938964844,48.220001220703125,1.0
2016-08-19,25.030635833740234,25.106167615118217,24.801752917737662,24.89559400525492,101472400,0.00256714097746924,AAPL,800,81,50.880001068115234,48.52000045776367,1.0
2016-08-22,24.836078643798828,24.971118687655874,24.68501512398833,24.916187292378225,103280800,-0.007772762595153582,AAPL,797,78,49.15999984741211,47.04999923706055,1.0
2016-08-23,24.913902282714844,25.021477520652386,24.84065982760131,24.85439224223576,85030800,0.003133491403058075,AAPL,796,77,49.959999084472656,48.099998474121094,1.0
2016-08-24,24.726219177246094,24.89101514310888,24.646110512239996,24.849816151643186,94700400,-0.007533268106255875,AAPL,795,76,49.04999923706055,46.77000045776367,1.0
2016-08-25,24.62092399597168,24.69187710883518,24.417218433164564,24.57972501999736,100344800,-0.004258442446037569,AAPL,794,75,49.66999816894531,47.33000183105469,1.0
2016-08-26,24.476734161376953,24.707904597919814,24.332536838720074,24.584309387410602,111065200,-0.0058563941230767025,AAPL,793,74,49.91999816894531,47.63999938964844,1.0
2016-08-29,24.449268341064453,24.591176350488606,24.327960698184036,24.403492465114848,99881200,-0.0011221194842178095,AAPL,790,71,49.2599983215332,46.97999954223633,1.0
2016-08-30,24.261579513549805,24.376020926349568,24.14713810075004,24.21580364692485,99455600,-0.007676664385060983,AAPL,789,70,48.369998931884766,46.349998474121094,1.0
2016-08-31,24.284469604492188,24.392044821479804,24.179183704910436,24.18376233972216,118649600,0.000943470763294707,AAPL,788,69,47.040000915527344,44.70000076293945,1.0
2016-09-01,24.428665161132812,24.444686889348482,24.174605080686185,24.29362338368296,106806000,0.005937768416978351,AAPL,787,68,47.04999923706055,43.15999984741211,1.0
2016-09-02,24.65755271911621,24.719350326588074,24.44926846613325,24.650684766074676,107210000,0.00936963016495751,AAPL,786,67,46.83000183105469,44.439998626708984,1.0
2016-09-06,24.650686264038086,24.788017393410165,24.607199702892252,24.696463889241397,107521600,-0.0002784726917688385,AAPL,782,63,47.2599983215332,44.83000183105469,1.0
2016-09-07,24.80174446105957,24.89329794549112,24.506485390542494,24.680436836338693,169457200,0.006127950978868091,AAPL,781,62,47.97999954223633,45.5,1.0
2016-09-08,24.15172004699707,24.552265075682133,24.0876331218055,24.547688186556055,212008000,-0.026208818298369407,AAPL,780,61,49.9900016784668,47.619998931884766,1.0
2016-09-09,23.604690551757812,24.19749811312488,23.604690551757812,23.950304186078277,186228000,-0.022649711663384142,AAPL,779,60,48.0099983215332,45.880001068115234,1.0
2016-09-12,24.1334171295166,24.197504071664408,23.46736695311289,23.49483353384975,181171200,0.022399216655666576,AAPL,776,57,48.31999969482422,46.290000915527344,1.0
2016-09-13,24.707904815673828,24.900167332164877,24.54539818951082,24.60719754154775,248704800,0.02380465572173751,AAPL,775,56,47.099998474121094,44.900001525878906,1.0
2016-09-14,25.58223533630371,25.870628215800973,24.856677122030995,24.886433010076683,443554800,0.03538667188305,AAPL,774,55,45.849998474121094,43.58000183105469,1.0
2016-09-15,26.451993942260742,26.488616040660265,25.97591714049353,26.0606044333641,359934400,0.03399853822479537,AAPL,773,54,46.59000015258789,43.90999984741211,-1.0
2016-09-16,26.303218841552734,26.58016690302219,26.101802545821595,26.348996463017336,319547600,-0.005624343519537778,AAPL,772,53,45.77000045776367,43.029998779296875,-1.0
2016-09-19,25.99651527404785,26.5916103520135,25.920983512266076,26.365016812905786,188092000,-0.011660305506806079,AAPL,769,50,45.95000076293945,43.29999923706055,1.0
2016-09-20,25.994226455688477,26.1201127277421,25.751611181808023,25.87520813630495,138057200,-8.804327561773295e-05,AAPL,768,49,45.880001068115234,43.439998626708984,1.0
2016-09-21,25.989646911621094,26.090354172737744,25.735586822150456,26.058310715168247,144012800,-0.0001761754316940145,AAPL,767,48,46.83000183105469,45.34000015258789,1.0
2016-09-22,26.234548568725586,26.307790998796055,26.092640596485246,26.172749231525245,124296000,0.00942304672076899,AAPL,766,47,47.650001525878906,46.31999969482422,-1.0
2016-09-23,25.797388076782227,26.273464865638555,25.531884855537015,26.188777575064645,209924800,-0.016663541619485023,AAPL,765,46,45.88999938964844,44.47999954223633,1.0
2016-09-26,25.836299896240234,25.953030658642643,25.53188698083939,25.552485602666827,119477600,0.0015083627591363502,AAPL,762,43,47.349998474121094,45.93000030517578,1.0
2016-09-27,25.884361267089844,25.904961632109924,25.712699125618776,25.863762648307365,98429600,0.0018602265433760312,AAPL,761,42,45.970001220703125,44.66999816894531,1.0
2016-09-28,26.081199645996094,26.239129368791218,25.96218133422534,26.021691363229483,118564400,0.00760452911606202,AAPL,760,41,48.689998626708984,47.04999923706055,1.0
2016-09-29,25.676082611083984,26.04687352067809,25.589107741729357,25.900388611113527,143548000,-0.015532914145469645,AAPL,759,40,49.2400016784668,47.83000183105469,1.0
2016-09-30,25.875207901000977,25.9484503460104,25.58910432733329,25.74016610618626,145516400,0.007755283114373235,AAPL,758,39,49.060001373291016,48.2400016784668,1.0
2016-10-03,25.753902435302734,25.875211835824874,25.698971029751696,25.7973907439095,86807200,-0.004688096272012943,AAPL,755,36,49.099998474121094,48.810001373291016,1.0
2016-10-04,25.8637638092041,26.163599804302354,25.77907652029831,25.877496222342135,118947200,0.00426581463439768,AAPL,754,35,50.869998931884766,48.689998626708984,1.0
2016-10-05,25.875207901000977,26.01482658464982,25.79280993208567,25.955316552380403,85812400,0.00044247588561741047,AAPL,753,34,51.86000061035156,49.83000183105469,1.0
2016-10-06,26.067474365234375,26.170470975784916,25.893522865454916,26.023986053730006,115117200,0.007430528286729743,AAPL,752,33,52.5099983215332,50.439998626708984,1.0
2016-10-07,26.106374740600586,26.220816154327558,25.980490233243355,26.163595447464072,97433600,0.0014922955258791504,AAPL,751,32,51.93000030517578,49.810001373291016,1.0
2016-10-10,26.561853408813477,26.722070693060626,26.25743882250647,26.326102624510632,144944000,0.017447028656358388,AAPL,748,29,51.93000030517578,49.810001373291016,-1.0
2016-10-11,26.61907958984375,27.166109532262723,26.59618990489879,26.93951422421971,256164000,0.002154449847663331,AAPL,747,28,52.40999984741211,50.790000915527344,-1.0
2016-10-12,26.857114791870117,27.003601433377614,26.72207473845233,26.85940410948806,150347200,0.008942277708098745,AAPL,746,27,51.810001373291016,50.18000030517578,-1.0
2016-10-13,26.774723052978516,26.880008979956983,26.486330103110024,26.731234742138586,140769600,-0.0030677807177017513,AAPL,745,26,52.029998779296875,50.439998626708984,-1.0
2016-10-14,26.923486709594727,27.047083647551357,26.809045294402,26.980707417191088,142608800,0.005556123076300601,AAPL,744,25,51.95000076293945,50.349998474121094,-1.0
2016-10-17,26.905179977416992,26.97155446787286,26.72893920331153,26.85482547052972,94499600,-0.0006799539886938044,AAPL,741,22,51.52000045776367,49.939998626708984,-1.0
2016-10-18,26.886865615844727,27.056238416665614,26.882286981471605,27.049372211343297,98214000,-0.0006807002067125145,AAPL,740,21,51.68000030517578,50.290000915527344,-1.0
2016-10-19,26.806758880615234,26.95324375868656,26.046867920781168,26.836513021204336,80138400,-0.0029794002906119443,AAPL,739,20,52.66999816894531,51.599998474121094,-1.0
2016-10-20,26.793031692504883,26.866274150593316,26.625948153539685,26.747255811038844,96503200,-0.000512079366680851,AAPL,738,19,51.380001068115234,50.43000030517578,-1.0
2016-10-21,26.6877384185791,26.75869328542046,26.61449598066098,26.73580360475311,92770800,-0.003929875317366105,AAPL,737,18,51.779998779296875,50.849998474121094,-1.0
2016-10-24,26.928070068359375,26.94866868851393,26.779295853260383,26.80218379106691,94154800,0.009005320945927764,AAPL,734,15,51.459999084472656,50.52000045776367,-1.0
2016-10-25,27.06539535522461,27.090572606881956,26.850244930602738,26.99672980593413,192516000,0.005099707721965219,AAPL,733,14,50.790000915527344,49.959999084472656,-1.0
2016-10-26,26.45656967163086,26.48174692661736,25.93471701597914,26.16359988222903,264536800,-0.02249461630259264,AAPL,732,13,49.97999954223633,49.18000030517578,-1.0
2016-10-27,26.2025089263916,26.51836662459886,26.115532327492296,26.410791407794477,138248000,-0.009602935996335327,AAPL,731,12,50.470001220703125,49.720001220703125,-1.0
2016-10-28,26.028560638427734,26.369595630794517,25.96676128472614,26.062893418679984,151446800,-0.00663861191508508,AAPL,730,11,49.709999084472656,48.70000076293945,1.0
2016-10-31,25.987363815307617,26.145293569875925,25.90954272383994,26.012541073173228,105677600,-0.0015827545630509032,AAPL,727,8,48.29999923706055,46.86000061035156,1.0
2016-11-01,25.51814842224121,26.040001040121055,25.29842109609378,25.96904791551526,175303200,-0.018055520998633168,AAPL,726,7,48.33000183105469,46.66999816894531,1.0
2016-11-02,25.541034698486328,25.714986141889998,25.458638484492432,25.4975481473135,113326800,0.0008968627294749787,AAPL,725,6,46.86000061035156,45.34000015258789,1.0
2016-11-03,25.267271041870117,25.642264957129893,25.20285508147735,25.531838097943226,107730400,-0.010718581288816642,AAPL,724,5,46.349998474121094,44.65999984741211,1.0
2016-11-04,25.039518356323242,25.363901062752824,24.871576955783258,24.968200919535334,123348000,-0.00901374292338375,AAPL,723,4,45.58000183105469,44.06999969482422,1.0
2016-11-07,25.400707244873047,25.423712696207485,25.182151069187302,25.32478767578631,130240000,0.01442475383950792,AAPL,720,1,46.150001525878906,44.88999938964844,1.0
2016-11-08,25.55023956298828,25.70207867743133,25.237360559169108,25.377696072141084,97016800,0.0058869352208850145,AAPL,719,0,46.040000915527344,44.97999954223633,1.0
2016-11-09,25.508827209472656,25.610053278444553,24.857764485066493,25.27876923832055,236705600,-0.0016208205568301048,AAPL,718,1455,46.36000061035156,45.27000045776367,1.0
2016-11-10,24.797950744628906,25.557141052136153,24.34703729863719,25.557141052136153,228538000,-0.02786786154479759,AAPL,717,1454,45.84000015258789,44.65999984741211,1.0
2016-11-11,24.9451904296875,25.0464165171127,24.51268199694924,24.643814994203094,136575600,0.0059375747042518245,AAPL,716,1453,45.84000015258789,44.65999984741211,1.0
2016-11-14,24.319425582885742,24.80254692483894,23.94443175781599,24.779541480975045,204702000,-0.025085591090819204,AAPL,713,1450,44.43000030517578,43.31999969482422,1.0
2016-11-15,24.641515731811523,24.77264873869325,24.422961305409807,24.517284184996708,129058000,0.013244151175693997,AAPL,712,1449,46.95000076293945,45.810001373291016,1.0
2016-11-16,25.3040771484375,25.359292328299528,24.524180723718356,24.547186171059305,235362000,0.026888013863961557,AAPL,711,1448,46.630001068115234,45.56999969482422,1.0
2016-11-17,25.294878005981445,25.38690156287228,25.037214152931146,25.262670024350157,110528000,-0.00036354388275416927,AAPL,710,1447,46.4900016784668,45.41999816894531,1.0
2016-11-18,25.3201847076416,25.43061332773471,25.22816290530128,25.24196582461165,113715600,0.0010004674327415142,AAPL,709,1446,46.86000061035156,45.689998626708984,1.0
2016-11-21,25.704378128051758,25.76419193736113,25.308678133159383,25.333984650637593,117058400,0.015173405125050499,AAPL,706,1443,48.900001525878906,47.4900016784668,1.0
2016-11-22,25.720487594604492,25.863122445096884,25.628464034646015,25.75499489378593,103862000,0.0006267207272037112,AAPL,705,1442,49.119998931884766,48.029998779296875,1.0
2016-11-23,25.589344024658203,25.653759963466726,25.382291539057455,25.61925092333282,109705600,-0.005098797970447433,AAPL,704,1441,48.95000076293945,47.959999084472656,1.0
2016-11-25,25.718189239501953,25.736594304478434,25.524939567656112,25.566350086251393,45903600,0.00503511206538132,AAPL,702,1439,47.2400016784668,46.060001373291016,1.0
2016-11-28,25.667570114135742,25.874622658112738,25.626159605340344,25.635362135650787,108776000,-0.0019682227584072454,AAPL,699,1436,48.2400016784668,47.08000183105469,1.0
2016-11-29,25.64226531982422,25.77339831396523,25.32248482963467,25.48582580442763,114115200,-0.0009858663753132824,AAPL,698,1435,46.380001068115234,45.22999954223633,1.0
2016-11-30,25.426006317138672,25.81250378067143,25.36849182408441,25.67446934838181,144649200,-0.008433693356973193,AAPL,697,1434,50.470001220703125,49.439998626708984,1.0
2016-12-01,25.18905258178711,25.522637770046657,25.083226101264454,25.39150476644213,148347600,-0.009319345413354996,AAPL,696,1433,50.459999084472656,51.060001373291016,1.0
2016-12-02,25.283376693725586,25.327086523891644,25.041815071172717,25.115433567203517,106112000,0.003744647069682916,AAPL,695,1432,54.459999084472656,51.68000030517578,1.0
2016-12-05,25.101625442504883,25.313278355303645,24.903775446348597,25.306376896982407,137298000,-0.0071885671531289885,AAPL,692,1429,54.939998626708984,51.790000915527344,1.0
2016-12-06,25.294878005981445,25.389202634475474,25.12003517861256,25.19135260148136,104782000,0.007698806753339893,AAPL,691,1428,53.93000030517578,50.93000030517578,1.0
2016-12-07,25.543333053588867,25.580143166855443,25.11312582480331,25.136131267993516,119994800,0.00982234615042099,AAPL,690,1427,53.0,49.77000045776367,1.0
2016-12-08,25.79410171508789,25.86541912823378,25.44441259761754,25.504228164722253,108273200,0.00981738213149086,AAPL,689,1426,53.88999938964844,50.84000015258789,1.0
2016-12-09,26.215106964111328,26.387650454674247,25.837812005163336,25.837812005163336,137610400,0.016321764319366716,AAPL,688,1425,54.33000183105469,51.5,1.0
2016-12-12,26.065568923950195,26.45666677418299,25.879220773133106,26.06326785277385,105497600,-0.005704269693266983,AAPL,685,1422,55.689998626708984,52.83000183105469,1.0
2016-12-13,26.500383377075195,26.66832474553946,26.169099272965543,26.18980365187071,174935200,0.016681563881978834,AAPL,684,1421,55.720001220703125,52.97999954223633,1.0
2016-12-14,26.500383377075195,26.732740709071145,26.45207140442643,26.465874323696543,136127200,0.0,AAPL,683,1420,53.900001525878906,51.040000915527344,1.0
2016-12-15,26.645315170288086,26.854668774561183,26.509581804601382,26.544089097434888,186098000,0.005469045151183183,AAPL,682,1419,54.02000045776367,50.900001525878906,1.0
2016-12-16,26.679826736450195,26.801757196511677,26.606208246118552,26.79485573729359,177404400,0.0012952207899041834,AAPL,681,1418,55.209999084472656,51.900001525878906,1.0
2016-12-19,26.83396339416504,27.004205812649772,26.629211926678533,26.64071552808017,111117600,0.005777273564683938,AAPL,678,1415,54.91999816894531,52.119998931884766,1.0
2016-12-20,26.90528106689453,27.031813662716168,26.84316618225683,26.856969099908948,85700000,0.0026577390630635467,AAPL,677,1414,55.349998474121094,52.22999954223633,1.0
2016-12-21,26.930593490600586,27.008814136586548,26.86617752049659,26.87077966419176,95132800,0.0009407975944619729,AAPL,676,1413,54.459999084472656,52.4900016784668,1.0
2016-12-22,26.753448486328125,26.804061533698256,26.60391041597186,26.767251406445986,104343600,-0.006577835142559607,AAPL,675,1412,55.04999923706055,52.95000076293945,1.0
2016-12-23,26.806350708007812,26.806350708007812,26.592396751113498,26.592396751113498,56998000,0.0019773982298663118,AAPL,674,1411,55.15999984741211,53.02000045776367,1.0
2016-12-27,26.976604461669922,27.1008360056042,26.799458799777113,26.806360259684002,73187600,0.0063512469681763495,AAPL,670,1407,56.09000015258789,53.900001525878906,1.0
2016-12-28,26.861576080322266,27.151447934441215,26.73274238995481,27.036418919415244,83623600,-0.004264005186831232,AAPL,669,1406,56.220001220703125,54.060001373291016,1.0
2016-12-29,26.854677200317383,26.942098628262887,26.77875762185743,26.79025947134298,60158000,-0.0002568307974279982,AAPL,668,1405,56.13999938964844,53.77000045776367,1.0
2016-12-30,26.645315170288086,26.96279455077799,26.555592698514783,26.836263714914587,122345200,-0.0077961104677446436,AAPL,667,1404,56.130001068115234,53.720001220703125,1.0
2017-01-03,26.721233367919922,26.762643872420238,26.401452932413115,26.640713430059037,115127600,0.002849213722811994,AAPL,663,1400,55.470001220703125,52.33000183105469,1.0
2017-01-04,26.691328048706055,26.80405773102062,26.6292131617844,26.65221861045156,84472400,-0.0011191593891684004,AAPL,662,1399,56.459999084472656,53.2599983215332,1.0
2017-01-05,26.827064514160156,26.884579016290644,26.64301740526128,26.668323926614956,88774400,0.005085414453953385,AAPL,661,1398,56.88999938964844,53.7599983215332,1.0
2017-01-06,27.126140594482422,27.183655096543283,26.794856500946796,26.866173921837206,127007600,0.011148296906074329,AAPL,660,1397,57.099998474121094,53.9900016784668,1.0
2017-01-09,27.374605178833008,27.475831276214816,27.13304529444941,27.135344611060074,134247600,0.009159599519333206,AAPL,657,1394,54.939998626708984,51.959999084472656,1.0
2017-01-10,27.402204513549805,27.464319392177675,27.2158581224632,27.323983892281866,97848400,0.0010082094165924094,AAPL,656,1393,53.63999938964844,50.81999969482422,1.0
2017-01-11,27.549448013305664,27.59085852729163,27.284880938128854,27.317088920650892,110354400,0.005373418028576937,AAPL,655,1392,55.099998474121094,52.25,1.0
2017-01-12,27.434415817260742,27.44591941905576,27.195155292590645,27.35389587030523,108344800,-0.004175480974768164,AAPL,654,1391,56.0099983215332,53.0099983215332,1.0
2017-01-13,27.3861083984375,27.51954247853153,27.333194278674867,27.402212390503777,104447600,-0.001760832785542621,AAPL,653,1390,55.45000076293945,52.369998931884766,1.0
2017-01-17,27.606962203979492,27.662175636930506,27.19745921211967,27.225065050993486,137759200,0.008064446482457965,AAPL,649,1386,55.470001220703125,52.47999954223633,1.0
2017-01-18,27.60465431213379,27.72198436396924,27.540238363738784,27.606955383205886,94852000,-8.359818181558065e-05,AAPL,648,1385,53.91999816894531,51.08000183105469,1.0
2017-01-19,27.556352615356445,27.62767004832995,27.462029728701513,27.46893118928558,102389200,-0.001749766406461073,AAPL,647,1384,54.15999984741211,51.369998931884766,1.0
2017-01-20,27.606962203979492,27.710487610163064,27.54484731131003,27.710487610163064,130391600,0.0018365851725545834,AAPL,646,1383,55.4900016784668,52.41999816894531,1.0
2017-01-23,27.625362396240234,27.793303737125175,27.55404322958216,27.606957336766985,88200800,0.0006665055041112922,AAPL,643,1380,55.22999954223633,52.75,1.0
2017-01-24,27.600059509277344,27.629966418453563,27.49193196465079,27.503435567135732,92844000,-0.000915929593971021,AAPL,642,1379,55.439998626708984,53.18000030517578,1.0
2017-01-25,28.039470672607422,28.090083717527474,27.671378193920752,27.703586176105624,129510400,0.015920659996489395,AAPL,641,1378,55.08000183105469,52.75,1.0
2017-01-26,28.05327606201172,28.168305074232265,27.97505542099596,27.9911594124987,105350400,0.000492355564250424,AAPL,640,1377,56.2400016784668,53.779998779296875,1.0
2017-01-27,28.055570602416992,28.147594147568313,27.97505065861076,28.099282181284575,82251600,8.179224416426933e-05,AAPL,639,1376,55.52000045776367,53.16999816894531,1.0
2017-01-30,27.981956481933594,27.981956481933594,27.758801675778333,27.82091656920229,121510000,-0.0026238682337494934,AAPL,636,1373,55.22999954223633,52.630001068115234,1.0
2017-01-31,27.917539596557617,27.92674212772511,27.749598229560107,27.87152869592351,196804000,-0.002302086539858861,AAPL,635,1372,55.70000076293945,52.810001373291016,1.0
2017-02-01,29.61996841430664,30.020270610409472,29.21966797340711,29.224268361259686,447940000,0.060980618003992904,AAPL,634,1371,55.65999984741211,53.880001068115234,1.0
2017-02-02,29.569353103637695,29.76720311498404,29.396809611547503,29.44282226256012,134841600,-0.0017088239244880121,AAPL,633,1370,56.560001373291016,53.540000915527344,1.0
2017-02-03,29.695884704589844,29.72119122299778,29.48423178263535,29.518739075734263,98029200,0.004279146740500783,AAPL,632,1369,56.810001373291016,53.83000183105469,1.0
2017-02-06,29.974246978759766,30.022560689965726,29.654466587688997,29.707382440534936,107383600,0.00937376599279749,AAPL,629,1366,55.720001220703125,53.0099983215332,1.0
2017-02-07,30.259538650512695,30.388370612237974,30.01107550558208,30.031779890057713,152735200,0.009517892875010148,AAPL,628,1365,55.04999923706055,52.16999816894531,1.0
2017-02-08,30.376855850219727,30.41826811436979,30.18821012137677,30.218118783795905,92016400,0.0038770320017764703,AAPL,627,1364,55.119998931884766,52.34000015258789,1.0
2017-02-09,30.596359252929688,30.603290633697004,30.295986492383804,30.418445586774457,113399600,0.007226007977661597,AAPL,626,1363,55.630001068115234,53.0,1.0
2017-02-10,30.52704429626465,30.716511453658075,30.510872248423865,30.60560582712058,80262000,-0.002265464204156964,AAPL,625,1362,56.70000076293945,53.86000061035156,1.0
2017-02-13,30.797372817993164,30.91983542397936,30.672604452850063,30.74885315818081,92141600,0.008855378172383244,AAPL,622,1359,55.59000015258789,52.93000030517578,1.0
2017-02-14,31.19709587097168,31.213267912938225,30.78812689428164,30.838959355819387,132904800,0.012979128295806497,AAPL,621,1358,55.970001220703125,53.20000076293945,1.0
2017-02-15,31.310319900512695,31.48592428287456,31.104680709820027,31.31263271120233,142492400,0.00362931312610959,AAPL,620,1357,55.75,53.11000061035156,1.0
2017-02-16,31.273344039916992,31.400421666009684,31.155503551222,31.347279920973197,90338400,-0.0011809480296973707,AAPL,619,1356,55.650001525878906,53.36000061035156,1.0
2017-02-17,31.35886001586914,31.38427626778963,31.21560670084162,31.21560670084162,88792800,0.0027344685570880323,AAPL,618,1355,55.810001373291016,53.400001525878906,1.0
2017-02-21,31.585277557373047,31.59683103435728,31.418917360553394,31.476681219848377,98028800,0.007220209579982484,AAPL,614,1351,56.65999984741211,54.060001373291016,1.0
2017-02-22,31.680011749267578,31.682321034458894,31.448956307591242,31.522892215602024,83347600,0.0029993148460529806,AAPL,613,1350,55.84000015258789,53.59000015258789,1.0
2017-02-23,31.546003341674805,31.7655053351691,31.49286157023711,31.742401903322005,83152800,-0.004230061802166785,AAPL,612,1349,56.58000183105469,54.45000076293945,1.0
2017-02-24,31.576030731201172,31.57603073120117,31.257173161896297,31.40273918712252,87106400,0.0009518603418994243,AAPL,611,1348,55.9900016784668,53.9900016784668,1.0
2017-02-27,31.63840675354004,31.75624723609471,31.488222189278915,31.686929927349276,81029600,0.001975423157833278,AAPL,608,1345,55.93000030517578,54.04999923706055,1.0
2017-02-28,31.65227699279785,31.756251206101947,31.585268959904507,31.67307113033363,93931600,0.00043839879061735587,AAPL,607,1344,55.59000015258789,54.0099983215332,1.0
2017-03-01,32.29922866821289,32.38240874255942,31.793220368698762,31.860224874821586,145658400,0.020439340764086156,AAPL,606,1343,55.599998474121094,53.83000183105469,1.0
2017-03-02,32.10746383666992,32.41245516840426,32.061249930553956,32.347759930593156,104844000,-0.005937133468815414,AAPL,605,1342,55.08000183105469,52.61000061035156,1.0
2017-03-03,32.29693603515625,32.30848951475482,32.02197943859438,32.065880545692764,84432400,0.005901188566314941,AAPL,604,1341,55.900001525878906,53.33000183105469,1.0
2017-03-06,32.19526672363281,32.29462240405926,32.024287940837276,32.2021981053339,87000000,-0.0031479553172711894,AAPL,601,1338,56.0099983215332,53.20000076293945,1.0
2017-03-07,32.23686218261719,32.34314573112953,32.06818914049128,32.13057510847794,69785200,0.0012919743557782137,AAPL,600,1337,55.91999816894531,53.13999938964844,1.0
2017-03-08,32.1167106628418,32.30155574588277,32.0751223701116,32.105157184096726,74828800,-0.0037271468635734495,AAPL,599,1336,53.11000061035156,50.279998779296875,1.0
2017-03-09,32.04277038574219,32.06818662806942,31.66615237296343,32.05663667525155,88623600,-0.002302236921950973,AAPL,598,1335,52.189998626708984,49.279998779296875,1.0
2017-03-10,32.149051666259766,32.199884141766816,32.03352395385757,32.17446790401329,78451200,0.003316856789788325,AAPL,597,1334,51.369998931884766,48.4900016784668,1.0
2017-03-13,32.16291809082031,32.21605985740259,32.07511941682055,32.082050798304046,69686800,0.00043131675249696855,AAPL,594,1331,51.349998474121094,48.400001525878906,1.0
2017-03-14,32.11439514160156,32.26688904429549,32.07973471209646,32.18602176003566,61236400,-0.001508661281346857,AAPL,593,1330,50.91999816894531,47.720001220703125,1.0
2017-03-15,32.454071044921875,32.52107561747523,32.123659704433415,32.21146196041178,102767200,0.010577060593001564,AAPL,592,1329,51.810001373291016,48.86000061035156,1.0
2017-03-16,32.5071907043457,32.58343942329321,32.40783503094396,32.51412208555673,76928000,0.001636764132003643,AAPL,591,1328,51.7400016784668,48.75,1.0
2017-03-17,32.34545135498047,32.57881607322998,32.32234440141568,32.57881607322998,175540000,-0.004975494524773305,AAPL,590,1327,51.7599983215332,48.779998779296875,1.0
2017-03-20,32.68510818481445,32.694348852295555,32.40090741959065,32.44018642623199,86168000,0.010500914830538832,AAPL,587,1324,51.619998931884766,48.220001220703125,1.0
2017-03-21,32.310791015625,32.99471665093121,32.2853747768826,32.83528783751306,158119600,-0.011452223657113736,AAPL,586,1323,50.959999084472656,47.34000015258789,1.0
2017-03-22,32.675872802734375,32.717464631681196,32.292319774750595,32.313117452037815,103440800,0.01129906683289894,AAPL,585,1322,50.63999938964844,48.040000915527344,1.0
2017-03-23,32.560325622558594,32.712823028388804,32.488699014687725,32.638883610183065,81385200,-0.0035361620138915084,AAPL,584,1321,50.560001373291016,47.70000076293945,1.0
2017-03-24,32.49564743041992,32.74980990671602,32.42864288246588,32.694355313989405,89582400,-0.001986411097002705,AAPL,583,1320,50.79999923706055,47.970001220703125,1.0
2017-03-27,32.55109786987305,32.62965588865848,32.028910217133244,32.20682392784006,94300400,0.0017063958972307613,AAPL,580,1317,50.75,47.72999954223633,1.0
2017-03-28,33.22577667236328,33.281227727729544,32.49101845812078,32.55802651752383,133499200,0.020726760282782086,AAPL,579,1316,51.33000183105469,48.369998931884766,1.0
2017-03-29,33.29970169067383,33.38519458243014,33.08482187019614,33.19803675493689,116760000,0.0022249297296950132,AAPL,578,1315,52.41999816894531,49.5099983215332,1.0
2017-03-30,33.25580978393555,33.38751308494501,33.15645763106996,33.315886458343975,84829200,-0.0013180870851636772,AAPL,577,1314,52.959999084472656,50.349998474121094,1.0
2017-03-31,33.19342041015625,33.33436434857821,33.043232281161146,33.20728317039026,78646800,-0.0018760443418651684,AAPL,576,1313,52.83000183105469,50.599998474121094,1.0
2017-04-03,33.202674865722656,33.29971775329288,33.05249019997456,33.20498767713941,79942800,0.0002788039151149224,AAPL,573,1310,53.119998931884766,50.2400016784668,1.0
2017-04-04,33.44988250732422,33.47760801988151,33.08019255364519,33.09867740389161,79565600,0.007445413437360493,AAPL,572,1309,54.16999816894531,51.029998779296875,1.0
2017-04-05,33.27660369873047,33.609324078860624,33.22808050761731,33.322814079164985,110871600,-0.005180251636334066,AAPL,571,1308,54.36000061035156,51.150001525878906,1.0
2017-04-06,33.19342041015625,33.3921281999704,33.14489722371151,33.33898291823909,84596000,-0.0024997529593860923,AAPL,570,1307,54.88999938964844,51.70000076293945,1.0
2017-04-07,33.11949157714844,33.31357733372976,33.1033195269134,33.20960307310597,66688800,-0.0022272134686425193,AAPL,569,1306,55.2400016784668,52.2400016784668,1.0
2017-04-10,33.080204010009766,33.24425490924556,33.017818059525624,33.17955967379013,75733600,-0.0011862370244167808,AAPL,566,1303,55.97999954223633,53.08000183105469,1.0
2017-04-11,32.72438430786133,33.121799961435954,32.36162556132028,33.02706638137571,121517600,-0.01075627290692549,AAPL,565,1302,56.22999954223633,53.400001525878906,1.0
2017-04-12,32.763668060302734,32.84453536364532,32.581132255129475,32.71745766901742,81400000,0.0012004428279486223,AAPL,564,1301,55.86000061035156,53.11000061035156,1.0
2017-04-13,32.59036636352539,32.89767048263503,32.59036636352539,32.789074157625386,71291600,-0.00528944733716552,AAPL,563,1300,55.88999938964844,53.18000030517578,1.0
2017-04-17,32.77058410644531,32.78213758026646,32.54876939620501,32.68971331532249,66328400,0.005529785732068859,AAPL,559,1296,55.36000061035156,52.650001525878906,1.0
2017-04-18,32.625038146972656,32.81912393421984,32.60424399668776,32.67356135659814,58790000,-0.004441359940362766,AAPL,558,1295,54.88999938964844,52.40999984741211,1.0
2017-04-19,32.5048828125,32.809877734444996,32.45174103996478,32.78215220540519,69313600,-0.0036829178231567727,AAPL,557,1294,52.93000030517578,50.439998626708984,1.0
2017-04-20,32.91153335571289,33.022438965982026,32.61578271124467,32.62964547182509,93278400,0.012510444832507073,AAPL,556,1293,52.9900016784668,50.27000045776367,1.0
2017-04-21,32.87226486206055,32.96699493150307,32.775221981365114,32.91154387146392,69283600,-0.001193152966406097,AAPL,555,1292,51.959999084472656,49.619998931884766,1.0
2017-04-24,33.188804626464844,33.260431251712454,33.08251756841505,33.156457004558625,68537200,0.009629387136316003,AAPL,552,1289,51.599998474121094,49.22999954223633,1.0
2017-04-25,33.39443588256836,33.47992525032688,33.241938476059495,33.25118266618911,75486000,0.006195801819856683,AAPL,551,1288,52.099998474121094,49.560001373291016,1.0
2017-04-26,33.19803237915039,33.41060641255878,33.128718591761775,33.38056808760705,80164800,-0.0058813241855206755,AAPL,550,1287,51.81999969482422,49.619998931884766,1.0
2017-04-27,33.223445892333984,33.30893876582899,33.11254031595836,33.25348421482882,56985200,0.000765512633199128,AAPL,549,1286,51.439998626708984,48.970001220703125,1.0
2017-04-28,33.191104888916016,33.34129300564496,33.103306239396055,33.2927698231632,83441600,-0.0009734391647023832,AAPL,548,1285,51.72999954223633,49.33000183105469,1.0
2017-05-01,33.86810302734375,34.01135625590871,33.49379438464133,33.526142001595545,134411600,0.02039697505381377,AAPL,545,1282,51.52000045776367,48.84000015258789,1.0
2017-05-02,34.082977294921875,34.216989836275026,33.928170615848046,34.0899086741621,181408800,0.006344443543373046,AAPL,544,1281,50.459999084472656,47.65999984741211,1.0
2017-05-03,33.97901153564453,34.07836720551908,33.33436842652095,33.63935976585729,182788000,-0.003050371990032552,AAPL,543,1280,50.790000915527344,47.81999969482422,1.0
2017-05-04,33.856536865234375,33.997480756070615,33.690176747341624,33.8542275811836,93487600,-0.00360442122578164,AAPL,542,1279,48.380001068115234,45.52000045776367,1.0
2017-05-05,34.41801834106445,34.42263691120523,33.90969357549422,33.90969357549422,109310800,0.01658413788938451,AAPL,541,1278,49.099998474121094,46.220001220703125,1.0
2017-05-08,35.353782653808594,35.51321143114237,34.434183222621,34.434183222621,195009600,0.027188210066925178,AAPL,538,1275,49.34000015258789,46.43000030517578,1.0
2017-05-09,35.58022689819336,35.78586608965602,35.455454991771575,35.55249784919626,156521600,0.006405092394275114,AAPL,537,1274,48.72999954223633,45.880001068115234,-1.0
2017-05-10,35.41156005859375,35.56867961150019,35.145847678377294,35.49705297990931,103222800,-0.00474046554234242,AAPL,536,1273,50.220001220703125,47.33000183105469,1.0
2017-05-11,35.71781539916992,35.745658910310475,35.337320455257014,35.369801601438134,109020400,0.008648456607656563,AAPL,535,1272,50.77000045776367,47.83000183105469,-1.0
2017-05-12,36.21663284301758,36.2908739365039,35.88485788911661,35.89181788100036,130108000,0.013965508200124876,AAPL,534,1271,50.84000015258789,47.84000015258789,-1.0
2017-05-15,36.123836517333984,36.34424457849583,35.973031933428494,36.19575881243291,104038800,-0.0025622571288121954,AAPL,531,1268,51.81999969482422,48.849998474121094,-1.0
2017-05-16,36.07045364379883,36.207338157780946,35.896446825631735,36.1794981997311,80194000,-0.0014777741979188352,AAPL,530,1267,51.650001525878906,48.65999984741211,-1.0
2017-05-17,34.85936737060547,35.86164838463973,34.73408401394015,35.63659927380828,203070800,-0.03357557643031106,AAPL,529,1266,52.209999084472656,49.06999969482422,1.0
2017-05-18,35.39067459106445,35.57628262123861,35.063544376331315,35.09602551609839,134272800,0.01524144758022783,AAPL,528,1265,52.5099983215332,49.349998474121094,1.0
2017-05-19,35.511322021484375,35.72477002721877,35.411559780401745,35.5855666531375,107843200,0.003409017539619974,AAPL,527,1264,53.61000061035156,50.33000183105469,-1.0
2017-05-22,35.72708511352539,35.86396964257635,35.476514842959574,35.72940393022555,91865600,0.006075895792065467,AAPL,524,1261,53.869998931884766,50.72999954223633,-1.0
2017-05-23,35.68300247192383,35.93821037343643,35.56931673150193,35.93821037343643,79675600,-0.0012338717659581278,AAPL,523,1260,54.150001525878906,51.470001220703125,-1.0
2017-05-24,35.57627868652344,35.768846686765585,35.420832996246155,35.69228325002992,76712000,-0.0029908858001611582,AAPL,522,1259,53.959999084472656,51.36000061035156,-1.0
2017-05-25,35.69925308227539,35.810620042871896,35.50436621150047,35.66677193714624,76942400,0.003456640219049678,AAPL,521,1258,51.459999084472656,48.900001525878906,-1.0
2017-05-26,35.63893127441406,35.78509819474404,35.56932781043888,35.72941471552804,87710400,-0.0016897218471856323,AAPL,520,1257,52.150001525878906,49.79999923706055,-1.0
2017-05-30,35.652854919433594,35.829180644784344,35.573972637580326,35.59485261686273,80507600,0.0003906863792384474,AAPL,516,1253,51.84000015258789,49.65999984741211,-1.0
2017-05-31,35.441715240478516,35.768848980184664,35.353554173882166,35.7224478598426,97804800,-0.005922097386932945,AAPL,515,1252,50.310001373291016,48.31999969482422,1.0
2017-06-01,35.53915786743164,35.57396136205059,35.31643107865565,35.536839050528435,65616400,0.0027493767243476075,AAPL,514,1251,50.33000183105469,48.36000061035156,-1.0
2017-06-02,36.06583023071289,36.06583023071289,35.471887231987566,35.631974149961714,111082800,0.014819494745650585,AAPL,513,1250,49.95000076293945,47.65999984741211,-1.0
2017-06-05,35.71316146850586,35.83380719987951,35.60412044112713,35.80828605555389,101326800,-0.009778473417941913,AAPL,510,1247,49.470001220703125,47.400001525878906,-1.0
2017-06-06,35.83380889892578,36.149341452740536,35.6783632089096,35.706203171247324,106499600,0.003378234394799229,AAPL,509,1246,50.119998931884766,48.189998626708984,-1.0
2017-06-07,36.04725646972656,36.188782177000014,35.8407684909353,35.96605540041843,84278400,0.005956597340875502,AAPL,508,1245,48.060001373291016,45.720001220703125,-1.0
2017-06-08,35.959083557128906,36.08668570114997,35.822195528528795,36.01940463503299,85003200,-0.002446036709387478,AAPL,507,1244,47.86000061035156,45.63999938964844,-1.0
2017-06-09,34.564727783203125,36.00550639611998,33.87798257029216,36.00550639611998,259530800,-0.03877617658721866,AAPL,506,1243,48.150001525878906,45.83000183105469,1.0
2017-06-12,33.738773345947266,33.89421906626686,33.06362580621396,33.81301798022594,289229200,-0.023895875657879095,AAPL,503,1240,48.290000915527344,46.08000183105469,1.0
2017-06-13,34.010231018066406,34.20975909068001,33.67613717181295,34.14247797394997,136661600,0.0080458666749883,AAPL,502,1239,48.720001220703125,46.459999084472656,1.0
2017-06-14,33.67843246459961,34.221332758378196,33.37217883825665,34.221332758378196,126124800,-0.009755845330499002,AAPL,501,1238,47.0,44.72999954223633,1.0
2017-06-15,33.47660446166992,33.520686774191034,32.9940284619106,33.25155880437353,128661600,-0.005992796818611867,AAPL,500,1237,46.91999816894531,44.459999084472656,1.0
2017-06-16,33.007938385009766,33.525317729657,32.99169604737768,33.35827088059254,201444400,-0.013999809245790473,AAPL,499,1236,47.369998931884766,44.7400016784668,1.0
2017-06-19,33.95222091674805,34.04502670838691,33.330438043573054,33.330438043573054,130165600,0.028607740378209012,AAPL,496,1233,46.90999984741211,44.20000076293945,1.0
2017-06-20,33.64364242553711,34.075179545849174,33.62740362744633,34.075179545849174,99600400,-0.009088609901766964,AAPL,495,1232,46.02000045776367,43.22999954223633,1.0
2017-06-21,33.84317398071289,33.88957864340851,33.55084372269558,33.761972901353,85063200,0.005930735817841315,AAPL,494,1231,44.81999969482422,42.529998779296875,1.0
2017-06-22,33.78749084472656,34.03573877374179,33.66916392232728,33.81997198142515,76425200,-0.001645328420379899,AAPL,493,1230,45.220001220703125,42.7400016784668,1.0
2017-06-23,33.93828582763672,34.1424549381907,33.666835645746936,33.6714768183079,141757600,0.004463041769013021,AAPL,492,1229,45.540000915527344,43.0099983215332,1.0
2017-06-26,33.831565856933594,34.40230621312439,33.72948129496707,34.144775991864364,102769600,-0.003144530376257837,AAPL,489,1226,45.83000183105469,43.380001068115234,1.0
2017-06-27,33.34667205810547,33.91045609832989,33.321150911590316,33.643643468366285,99047600,-0.01433258516258562,AAPL,488,1225,46.650001525878906,44.2400016784668,1.0
2017-06-28,33.83390426635742,33.89886656337777,33.21444008679785,33.52301276773436,88329600,0.014611119436535258,AAPL,487,1224,47.310001373291016,44.7400016784668,1.0
2017-06-29,33.33506774902344,33.67148379594912,33.01025640599368,33.5740403930402,125997600,-0.014743687675146666,AAPL,486,1223,47.41999816894531,44.93000030517578,1.0
2017-06-30,33.41395568847656,33.63204483576465,33.3582722231546,33.51371791447777,92096400,0.002366515047968809,AAPL,485,1222,47.91999816894531,46.040000915527344,1.0
2017-07-03,33.29331970214844,33.71093696393949,33.200517439607935,33.61349352621814,57111200,-0.003610347348659726,AAPL,482,1219,49.68000030517578,47.06999969482422,1.0
2017-07-05,33.43019485473633,33.592600538490956,33.11234347794667,33.337392618356084,86278400,0.004111189686472061,AAPL,480,1217,47.790000915527344,45.130001068115234,1.0
2017-07-06,33.11465835571289,33.293306356681505,33.040417283475556,33.18194297823651,96515200,-0.00943866765941792,AAPL,479,1216,48.11000061035156,45.52000045776367,1.0
2017-07-07,33.45107650756836,33.58332341824197,33.15410508801684,33.15410508801684,76806800,0.010159191384121025,AAPL,478,1215,46.709999084472656,44.22999954223633,1.0
2017-07-10,33.655250549316406,33.86173857462647,33.26315447492133,33.434842539856305,84362400,0.006103661318697773,AAPL,475,1212,46.880001068115234,44.400001525878906,1.0
2017-07-11,33.76428985595703,33.83853448003167,33.49748076106818,33.57868183594897,79127200,0.003239889909030458,AAPL,474,1211,47.52000045776367,45.040000915527344,1.0
2017-07-12,33.813011169433594,33.91509221073657,33.59956319914471,33.843169948377934,99538000,0.001442983509631457,AAPL,473,1210,47.7400016784668,45.4900016784668,1.0
2017-07-13,34.28398895263672,34.451035803707775,33.74340727350098,33.75732725439386,100797600,0.013928892071844778,AAPL,472,1209,48.41999816894531,46.08000183105469,1.0
2017-07-14,34.578643798828125,34.645928438020356,34.18191011600604,34.33039583744347,80528400,0.008594532176476655,AAPL,471,1208,48.90999984741211,46.540000915527344,1.0
2017-07-17,34.69929122924805,35.01018267036603,34.46960441447506,34.527606707527475,95174000,0.00348907351953498,AAPL,468,1205,48.41999816894531,46.02000045776367,1.0
2017-07-18,34.81993865966797,34.83153982687053,34.492804861523275,34.61576944547624,71475200,0.0034769422125322524,AAPL,467,1204,48.84000015258789,46.400001525878906,1.0
2017-07-19,35.038021087646484,35.13082332697542,34.7897696101649,34.91273417035607,83692000,0.006263147965597016,AAPL,466,1203,49.70000076293945,47.119998931884766,1.0
2017-07-20,34.880252838134766,35.205067754332376,34.845452883625036,35.149384286938314,68974800,-0.0045027728340326645,AAPL,465,1202,49.29999923706055,46.790000915527344,1.0
2017-07-21,34.86402130126953,34.90346243798861,34.54152867498606,34.79905901253468,105010400,-0.0004653503212994625,AAPL,464,1201,48.060001373291016,45.77000045776367,1.0
2017-07-24,35.2862663269043,35.36747093524196,34.7781657860091,34.93593382901929,85972800,0.012111196869289076,AAPL,461,1198,48.599998474121094,46.34000015258789,1.0
2017-07-25,35.437076568603516,35.692284493098995,35.218987415187335,35.218987415187335,75415600,0.00427390759628854,AAPL,460,1197,50.20000076293945,47.88999938964844,1.0
2017-07-26,35.604122161865234,35.71316319451389,35.51131638702401,35.57860101630619,63124000,0.004713864952667013,AAPL,459,1196,50.970001220703125,48.75,1.0
2017-07-27,34.931297302246094,35.72709053321311,34.17494874241261,35.671407062358746,129905200,-0.018897386559913243,AAPL,458,1195,51.4900016784668,49.040000915527344,1.0
2017-07-28,34.68537139892578,34.854737104138636,34.613449121650966,34.77585483488103,68854800,-0.007040273975295497,AAPL,457,1194,52.52000045776367,49.709999084472656,1.0
2017-07-31,34.5067253112793,34.87794142569058,34.36752192350949,34.77817563461861,79383600,-0.005150473540900813,AAPL,454,1191,52.650001525878906,50.16999816894531,1.0
2017-08-01,34.812965393066406,34.852406514372724,34.432470619089045,34.59255746097682,141474400,0.008874794087951443,AAPL,453,1190,52.630001068115234,49.15999984741211,1.0
2017-08-02,36.45790481567383,37.063448624956266,36.23053692021016,36.954404079746894,279747200,0.047250770051753266,AAPL,452,1189,52.36000061035156,49.59000015258789,1.0
2017-08-03,36.093666076660156,36.474160950665876,35.966060332900575,36.43703863608513,108389200,-0.009990665696649637,AAPL,451,1188,52.0099983215332,49.029998779296875,1.0
2017-08-04,36.283912658691406,36.51824063755716,36.12150695352806,36.209671567836246,82239600,0.005270913229683538,AAPL,450,1187,52.41999816894531,49.58000183105469,1.0
2017-08-07,36.84535598754883,36.87087712418732,36.34885677127221,36.43934015750374,87481200,0.015473615928323303,AAPL,447,1184,52.369998931884766,49.38999938964844,1.0
2017-08-08,37.140018463134766,37.546034402459156,36.72008254374774,36.79664597427028,144823600,0.007997275848970364,AAPL,446,1183,52.13999938964844,49.16999816894531,1.0
2017-08-09,37.36738204956055,37.416105514287985,36.91496504928129,36.9497649953883,104526000,0.0061217951911214374,AAPL,445,1182,52.70000076293945,49.560001373291016,1.0
2017-08-10,36.17717361450195,37.267238638725885,36.01645807921951,37.243945192944345,163217200,-0.03185153387197459,AAPL,444,1181,51.900001525878906,48.59000015258789,1.0
2017-08-11,36.68027877807617,36.93416454339408,36.35186393739302,36.47531138153877,105028400,0.013906701748876982,AAPL,443,1180,52.099998474121094,48.81999969482422,1.0
2017-08-14,37.232295989990234,37.31614740550101,36.97608234424056,37.10884856633273,88490800,0.015049427929757275,AAPL,440,1177,50.72999954223633,47.59000015258789,1.0
2017-08-15,37.639915466308594,37.77966548996639,37.299850322653825,37.42096985308881,117862000,0.010948008052684921,AAPL,439,1176,50.79999923706055,47.54999923706055,1.0
2017-08-16,37.48851776123047,37.85187282362059,37.302180829366435,37.71911011424637,110686400,-0.004022264747476356,AAPL,438,1175,50.27000045776367,46.779998779296875,1.0
2017-08-17,36.768795013427734,37.43261922350006,36.76413561275204,37.38836380228439,111762400,-0.01919848505045596,AAPL,437,1174,51.029998779296875,47.09000015258789,1.0
2017-08-18,36.68494415283203,37.150784713502915,36.5032666184969,36.768795595916046,109712400,-0.002280489762176874,AAPL,436,1173,52.720001220703125,48.5099983215332,1.0
2017-08-21,36.61740493774414,36.7757890488084,36.1282708458913,36.68495026650225,105474000,-0.0018410608670008655,AAPL,433,1170,51.65999984741211,47.369998931884766,1.0
2017-08-22,37.21599578857422,37.26723852587376,36.806057444258705,36.85496870453865,86418400,0.016347167469889845,AAPL,432,1169,51.869998931884766,47.63999938964844,1.0
2017-08-23,37.2625732421875,37.37670542162071,37.006363150225965,37.05061855764048,77596400,0.001251543929601917,AAPL,431,1168,52.56999969482422,48.40999984741211,1.0
2017-08-24,37.09721374511719,37.43960683877667,36.92951086030106,37.36739856702638,79275600,-0.004437683248431634,AAPL,430,1167,52.040000915527344,47.43000030517578,1.0
2017-08-25,37.234622955322266,37.39766638293493,37.09720089162589,37.18570814999838,101920400,0.003704030473802522,AAPL,429,1166,52.40999984741211,47.869998931884766,1.0
2017-08-28,37.6096305847168,37.73307802479244,37.25093143296134,37.29984624604826,103864000,0.010071476481566588,AAPL,426,1163,51.88999938964844,46.56999969482422,1.0
2017-08-29,37.94504928588867,37.99396056164483,37.267250317754836,37.29054377083621,118067600,0.00891842583819935,AAPL,425,1162,52.0,46.439998626708984,-1.0
2017-08-30,38.04753112792969,38.173306521840544,37.875168832343626,38.15234454853567,109078400,0.002700796124123883,AAPL,424,1161,50.86000061035156,45.959999084472656,-1.0
2017-08-31,38.198917388916016,38.32003690260881,38.07779787522322,38.11506596467956,107140400,0.003978872123852506,AAPL,423,1160,52.380001068115234,47.22999954223633,-1.0
2017-09-01,38.210567474365234,38.41786635335139,38.11274139649231,38.385257660727085,66364400,0.0003049847023308683,AAPL,422,1159,52.31999969482422,47.290000915527344,-1.0
2017-09-05,37.751712799072266,38.257149291687355,37.39767304031707,38.14068917207796,117874000,-0.012008580495456056,AAPL,418,1155,53.380001068115234,48.65999984741211,-1.0
2017-09-06,37.71211624145508,37.963670522676125,37.38835725576962,37.898453140961124,86606800,-0.001048867844167356,AAPL,417,1154,54.20000076293945,49.15999984741211,-1.0
2017-09-07,37.56071853637695,37.788982942143555,37.351091731330314,37.75404277191512,87714000,-0.004014564022575384,AAPL,416,1153,54.4900016784668,49.09000015258789,1.0
2017-09-08,36.94813537597656,37.535091767309375,36.92484193250823,37.467546467779975,114446000,-0.016309143814890348,AAPL,415,1152,53.779998779296875,47.47999954223633,1.0
2017-09-11,37.61662673950195,37.74473360949304,37.24162493139071,37.38370645009327,126323200,0.018092695523683755,AAPL,412,1149,53.84000015258789,48.06999969482422,1.0
2017-09-12,37.46754837036133,38.18960250557941,36.98074594224573,37.87515877319203,286856000,-0.003963097759217105,AAPL,411,1148,54.27000045776367,48.22999954223633,1.0
2017-09-13,37.18571090698242,37.257919159067484,36.78043200745177,37.23695363861418,179629600,-0.007522175205940451,AAPL,410,1147,55.15999984741211,49.29999923706055,1.0
2017-09-14,36.86661911010742,37.12748866854169,36.82236369128421,37.03199406138133,95042800,-0.008581032581928771,AAPL,409,1146,55.470001220703125,49.88999938964844,1.0
2017-09-15,37.23928451538086,37.493166692687424,36.80139338088487,36.91086616450887,196458400,0.010108477920376169,AAPL,408,1145,55.619998931884766,49.88999938964844,1.0
2017-09-18,36.95745849609375,37.38370301301224,36.801402343027625,37.292864250657885,113077600,-0.0075679762099271075,AAPL,405,1142,55.47999954223633,49.90999984741211,1.0
2017-09-19,36.971439361572266,37.21367847131241,36.903894036289664,37.15311691683646,83242400,0.00037829618289353384,AAPL,404,1141,55.13999938964844,49.47999954223633,1.0
2017-09-20,36.35185623168945,36.86194846899141,35.830113719840035,36.778097057338464,211805600,-0.016758425979130243,AAPL,403,1140,56.290000915527344,50.40999984741211,1.0
2017-09-21,35.727638244628906,36.28897691957961,35.57856942162137,36.28897691957961,150046800,-0.017171557432502982,AAPL,402,1139,56.43000030517578,50.54999923706055,1.0
2017-09-22,35.37825393676758,35.4667647623346,35.068469601363695,35.296730433842086,186581600,-0.009779104498010116,AAPL,401,1138,56.86000061035156,50.65999984741211,1.0
2017-09-25,35.06614303588867,35.364280660403736,34.7423840426693,34.935708269423436,177549200,-0.008822111499248941,AAPL,398,1135,59.02000045776367,52.220001220703125,1.0
2017-09-26,35.66940689086914,35.85108440127797,35.331673239677386,35.35263520916742,146640000,0.017203598763715133,AAPL,397,1134,58.439998626708984,51.880001068115234,1.0
2017-09-27,35.92328643798828,36.03741863130181,35.76257090902376,35.82313244404268,102016800,0.007117571309662951,AAPL,396,1133,57.900001525878906,52.13999938964844,1.0
2017-09-28,35.7020149230957,35.93493516844684,35.56692075430234,35.84409641492313,88022000,-0.006159556567146063,AAPL,395,1132,57.40999984741211,51.560001373291016,1.0
2017-09-29,35.897682189941406,35.9000136679883,35.40389219920621,35.68572737853562,105199200,0.005480566496518069,AAPL,394,1131,57.540000915527344,51.66999816894531,1.0
2017-10-02,35.82545852661133,35.974527325485546,35.571576339386255,35.93027191496218,74795200,-0.0020119311031817633,AAPL,391,1128,56.119998931884766,50.58000183105469,1.0
2017-10-03,35.98152160644531,36.12360311051281,35.84875890327996,35.87204879737292,64921200,0.004356206068320434,AAPL,390,1127,56.0,50.41999816894531,1.0
2017-10-04,35.74859619140625,35.83710701682054,35.51102011384265,35.78353635863432,80655200,-0.0064734731784478194,AAPL,389,1126,55.79999923706055,49.97999954223633,1.0
2017-10-05,36.193477630615234,36.20512435397174,35.88136534751433,35.91164256334408,85135200,0.012444724733440937,AAPL,388,1125,57.0,50.790000915527344,1.0
2017-10-06,36.17251205444336,36.21676746633701,36.00014980656297,36.09564795285132,69630400,-0.000579263932188212,AAPL,387,1124,55.619998931884766,49.290000915527344,1.0
2017-10-09,36.29828643798828,36.50558529280248,36.21676649297357,36.29129911567504,65051600,0.0034770707479652163,AAPL,384,1121,55.790000915527344,49.58000183105469,1.0
2017-10-10,36.31226348876953,36.801397407591345,36.12593014262862,36.349531579630025,62468000,0.0003850608982638448,AAPL,383,1120,56.61000061035156,50.91999816894531,1.0
2017-10-11,36.463661193847656,36.563815182604465,36.277324306816766,36.32856703960228,67622400,0.004169327123464628,AAPL,382,1119,56.939998626708984,51.29999923706055,1.0
2017-10-12,36.33555221557617,36.65465176118932,36.272662764675964,36.41707570948683,64500400,-0.0035133328381490303,AAPL,381,1118,56.25,50.599998474121094,1.0
2017-10-13,36.56614685058594,36.6336921510215,36.431052695634285,36.50558531838799,65576800,0.006346253763852783,AAPL,380,1117,57.16999816894531,51.45000076293945,1.0
2017-10-16,37.23928451538086,37.267233803427715,36.719869885307716,36.77809993812558,96486000,0.018408766653633224,AAPL,377,1114,57.81999969482422,51.869998931884766,1.0
2017-10-17,37.376712799072266,37.46987947743301,37.0878904096244,37.21599725793115,75989200,0.0036904114963498547,AAPL,376,1113,57.880001068115234,51.880001068115234,1.0
2017-10-18,37.21133041381836,37.43260745030128,37.17406588237725,37.36505860103378,65496800,-0.004424743988133972,AAPL,375,1112,58.150001525878906,52.040000915527344,1.0
2017-10-19,36.330902099609375,36.587115813870575,36.10730063450979,36.51025169959222,170336800,-0.023660221347045374,AAPL,374,1111,57.22999954223633,51.290000915527344,1.0
2017-10-20,36.39378356933594,36.74316389160156,36.326238270826636,36.47763498884291,95896400,0.0017307984688670341,AAPL,373,1110,57.75,51.470001220703125,1.0
2017-10-23,36.375152587890625,36.72919233940038,36.219096457297425,36.542855441022574,87937200,-0.0005119275771319209,AAPL,370,1107,57.369998931884766,51.900001525878906,1.0
2017-10-24,36.59177017211914,36.666302798854936,36.38213982913323,36.403101797207604,71028800,0.005955097609697146,AAPL,369,1106,58.33000183105469,52.470001220703125,1.0
2017-10-25,36.43104934692383,36.69657823284768,36.16552046099998,36.54750944696201,84828400,-0.004392267016307794,AAPL,368,1105,58.439998626708984,52.18000030517578,1.0
2017-10-26,36.663970947265625,36.761797008544235,36.51723007830754,36.62204346152888,68002000,0.0063934913903727075,AAPL,367,1104,59.29999923706055,52.63999938964844,1.0
2017-10-27,37.97763442993164,38.10574123424967,36.96443026878332,37.10185231610641,177816800,0.03582982008564972,AAPL,366,1103,60.439998626708984,53.900001525878906,1.0
2017-10-30,38.83246994018555,39.146913744468144,38.13370908985219,38.17330511154797,178803200,0.022508919343859235,AAPL,363,1100,60.900001525878906,54.150001525878906,1.0
2017-10-31,39.37284469604492,39.514926216689624,38.88371421404958,39.107315704652706,144187200,0.013915539152975054,AAPL,362,1099,61.369998931884766,54.380001068115234,-1.0
2017-11-01,38.87205505371094,39.58246242968022,38.57391745889112,39.56615630845578,134551200,-0.012719163326908145,AAPL,361,1098,61.290000915527344,54.29999923706055,1.0
2017-11-02,39.15622329711914,39.2470620522876,38.497058564350645,38.80451499973989,165573600,0.007310347832538255,AAPL,360,1097,60.619998931884766,54.540000915527344,1.0
2017-11-03,40.178733825683594,40.58867209133476,39.85730281777248,40.528114119819975,237594400,0.026113614707056865,AAPL,359,1096,62.06999969482422,55.63999938964844,-1.0
2017-11-06,40.58635330200195,40.75871556536482,39.997065357610694,40.14846209750659,140105200,0.01014515484949885,AAPL,356,1093,64.2699966430664,57.349998474121094,-1.0
2017-11-07,40.71678161621094,40.81926707795538,40.43495015049409,40.50715484742848,97446000,0.0032136002276053066,AAPL,355,1092,63.689998626708984,57.20000076293945,-1.0
2017-11-08,41.04985809326172,41.04985809326172,40.60497964998318,40.68184374390672,97638000,0.008180324274897233,AAPL,354,1091,63.4900016784668,56.810001373291016,-1.0
2017-11-09,40.96601867675781,41.01726142104952,40.327815850449234,40.786669071736846,117930400,-0.0020423801785972584,AAPL,353,1090,63.93000030517578,57.16999816894531,-1.0
2017-11-10,40.83042907714844,40.99639849993857,40.736927487906414,40.93328296542886,100582000,-0.0033098066150690775,AAPL,352,1089,63.52000045776367,56.7400016784668,-1.0
2017-11-13,40.66680145263672,40.79069266937852,40.53355793641035,40.556935118264605,67928400,-0.0040074921623416415,AAPL,349,1086,63.15999984741211,56.7599983215332,-1.0
2017-11-14,40.05202102661133,40.55226208172439,40.01461895951602,40.449408180641015,99130000,-0.01511750135405665,AAPL,348,1085,62.209999084472656,55.70000076293945,-1.0
2017-11-15,39.52373504638672,39.81359575159804,39.36010544137141,39.73177916566144,116632400,-0.013189995577841285,AAPL,347,1084,61.869998931884766,55.33000183105469,-1.0
2017-11-16,39.99592971801758,40.17592051507128,39.808922910940396,40.01462718855294,94550000,0.011947116614274167,AAPL,346,1083,61.36000061035156,55.13999938964844,-1.0
2017-11-17,39.77384948730469,40.06371016093212,39.65463440953874,39.98189358391045,87598000,-0.005552570781042432,AAPL,345,1082,62.720001220703125,56.54999923706055,-1.0
2017-11-20,39.73411178588867,39.869691608046615,39.63593403195173,39.80657606378088,65049600,-0.0009990911598510843,AAPL,342,1079,62.220001220703125,56.09000015258789,-1.0
2017-11-21,40.47278594970703,40.60368961957662,39.921117936072704,39.921117936072704,100525200,0.018590428491236377,AAPL,341,1078,62.56999969482422,56.83000183105469,-1.0
2017-11-22,40.898231506347656,40.90758024098525,40.45175363167157,40.52421791740119,102355600,0.010511892044429594,AAPL,340,1077,63.31999969482422,58.02000045776367,-1.0
2017-11-24,40.90056610107422,41.02445733931441,40.825761959645845,40.930955729386724,56106800,5.708302390039499e-05,AAPL,338,1075,63.86000061035156,58.95000076293945,-1.0
2017-11-27,40.694847106933594,40.92626834322991,40.51952896130642,40.91925590275337,82867200,-0.005029734640646488,AAPL,335,1072,63.84000015258789,58.11000061035156,-1.0
2017-11-28,40.456417083740234,40.87717778066195,40.17356890543842,40.74393784446522,105715200,-0.00585897331342311,AAPL,334,1071,63.61000061035156,57.9900016784668,-1.0
2017-11-29,39.61722946166992,40.421356022358474,39.07491378830195,40.35356790075893,166665600,-0.020743004016724687,AAPL,333,1070,63.11000061035156,57.29999923706055,-1.0
2017-11-30,40.17123794555664,40.2390260682573,39.37412381322835,39.83929907290369,166108800,0.013984028954440841,AAPL,332,1069,63.56999969482422,57.400001525878906,-1.0
2017-12-01,39.98423767089844,40.12916623961013,39.38815508531585,39.727102887515244,159037200,-0.0046550787135721805,AAPL,331,1068,63.4900016784668,58.36000061035156,-1.0
2017-12-04,39.69203567504883,40.351230160635915,39.65229731659654,40.31850424386007,130169600,-0.007307929646043543,AAPL,328,1065,62.45000076293945,57.470001220703125,-1.0
2017-12-05,39.654640197753906,40.09410563907776,39.36477948181677,39.51906035805063,109400800,-0.0009421405745241307,AAPL,327,1064,62.86000061035156,57.619998931884766,-1.0
2017-12-06,39.507362365722656,39.785534421794935,38.9112834648331,39.15438974818077,114240000,-0.0037140125669224977,AAPL,326,1063,61.220001220703125,55.959999084472656,-1.0
2017-12-07,39.57982635498047,39.841633644959046,39.48398491245016,39.51203467441735,102693200,0.0018341895008582298,AAPL,325,1062,62.20000076293945,56.689998626708984,-1.0
2017-12-08,39.591514587402344,39.97254053034316,39.46295079005944,39.85332546546157,93420800,0.00029530782467435124,AAPL,324,1061,63.400001525878906,57.36000061035156,-1.0
2017-12-11,40.3629150390625,40.41434198453013,39.45593461920474,39.5517760691087,141095200,0.019483984376430286,AAPL,321,1058,64.69000244140625,57.9900016784668,-1.0
2017-12-12,40.136165618896484,40.29745887898939,40.08006609667753,40.24135578991373,77636800,-0.005617766208079189,AAPL,320,1057,63.34000015258789,57.13999938964844,-1.0
2017-12-13,40.269412994384766,40.566282506322544,40.206297458955966,40.32317623063898,95273600,0.0033198830389902234,AAPL,319,1056,62.439998626708984,56.599998474121094,-1.0
2017-12-14,40.257728576660156,40.470448819217914,40.124485051039116,40.299803226735804,81906000,-0.0002901561472038461,AAPL,318,1055,63.310001373291016,57.040000915527344,-1.0
2017-12-15,40.66680145263672,40.71355224948807,40.313828834523285,40.5873247413037,160677200,0.010161350141689951,AAPL,317,1054,63.22999954223633,57.29999923706055,-1.0
2017-12-18,41.2395133972168,41.421844031172604,40.87485212930518,40.879528279802386,117684400,0.014083033927492439,AAPL,314,1051,63.40999984741211,57.15999984741211,-1.0
2017-12-19,40.800045013427734,40.99874037620498,40.69485481948698,40.91458750768088,109745600,-0.010656488100529327,AAPL,313,1050,63.79999923706055,57.459999084472656,-1.0
2017-12-20,40.755638122558594,41.00575689448895,40.49850334126773,40.87718950384352,93902400,-0.0010884029871665035,AAPL,312,1049,64.55999755859375,58.09000015258789,-1.0
2017-12-21,40.909912109375,41.14600954402588,40.69719542593479,40.71355660149593,83799600,0.0037853409717811815,AAPL,311,1048,64.9000015258789,58.36000061035156,-1.0
2017-12-22,40.909912109375,41.005753571622236,40.790697029632184,40.83277168123875,65397600,0.0,AAPL,310,1047,65.25,58.470001220703125,-1.0
2017-12-26,39.87202072143555,40.08240105648227,39.66397311059487,39.92578395072854,132742000,-0.02537016909654044,AAPL,306,1043,67.0199966430664,59.970001220703125,-1.0
2017-12-27,39.87904357910156,39.921118230359454,39.67099948077001,39.76216479201962,85992800,0.00017613498234969605,AAPL,305,1042,66.44000244140625,59.63999938964844,-1.0
2017-12-28,39.991233825683594,40.17122810074311,39.850977897897096,39.97253279752164,65920800,0.002813263220806661,AAPL,304,1041,66.72000122070312,59.84000015258789,-1.0
2017-12-29,39.55879211425781,39.87670254845045,39.556455822653554,39.860341373505804,103999600,-0.010813412592137972,AAPL,303,1040,66.5999984741211,60.41999816894531,-1.0
2018-01-02,40.2670783996582,40.27643070005527,39.565805677893536,39.776189634537445,102223600,0.017904648942633106,AAPL,299,1036,66.56999969482422,60.369998931884766,-1.0
2018-01-03,40.260066986083984,40.80238628352514,40.19695500765061,40.33019497342311,118071600,-0.00017412272886130342,AAPL,298,1035,67.83999633789062,61.630001068115234,-1.0
2018-01-04,40.447078704833984,40.549932623249475,40.22500969017766,40.33253619262437,89738400,0.004645092091243752,AAPL,297,1034,68.06999969482422,62.0099983215332,-1.0
2018-01-05,40.907569885253906,40.9940590344742,40.451743391332485,40.54290869011677,94640000,0.011385029405470704,AAPL,296,1033,67.62000274658203,61.439998626708984,-1.0
2018-01-08,40.755638122558594,41.050171408244445,40.65745679380547,40.755638122558594,82271200,-0.00371402562218881,AAPL,293,1030,67.77999877929688,61.72999954223633,-1.0
2018-01-09,40.75096130371094,40.921603346574265,40.53590474782042,40.80238825912582,86336000,-0.00011475268363092539,AAPL,292,1029,68.81999969482422,62.959999084472656,-1.0
2018-01-10,40.74160385131836,40.74394370972359,40.44005816620148,40.47746023211193,95839600,-0.00022962531663583974,AAPL,291,1028,69.19999694824219,63.56999969482422,-1.0
2018-01-11,40.97301483154297,41.02210547657908,40.78834797363013,40.81172158381117,74670800,0.00567996736380616,AAPL,290,1027,69.26000213623047,63.79999923706055,-1.0
2018-01-12,41.396114349365234,41.45922987236905,41.05950298248666,41.18339417073276,101672400,0.010326296943532265,AAPL,289,1026,69.87000274658203,64.30000305175781,-1.0
2018-01-16,41.18574142456055,41.93376483703263,41.17405283422285,41.58546481936825,118263600,-0.005081948586508123,AAPL,285,1022,69.1500015258789,63.72999954223633,-1.0
2018-01-17,41.865970611572266,41.90103281061262,40.92392815088581,41.176383117689284,137547200,0.016516133095665797,AAPL,284,1021,69.37999725341797,63.970001220703125,-1.0
2018-01-18,41.903377532958984,42.099736587663685,41.66728368925117,41.9290910063812,124773600,0.0008934922764307629,AAPL,283,1020,69.30999755859375,63.95000076293945,-1.0
2018-01-19,41.71637725830078,41.97818459371661,41.470931097919724,41.75143946684489,129700400,-0.00446265398322887,AAPL,282,1019,68.61000061035156,63.369998931884766,-1.0
2018-01-22,41.375091552734375,41.55742217931307,41.28158994771982,41.44521953992409,108434400,-0.008181096442129276,AAPL,279,1016,69.02999877929688,63.4900016784668,-1.0
2018-01-23,41.384429931640625,41.94545012192714,41.33300655854965,41.44520916986427,130756400,0.00022570050133530195,AAPL,278,1015,69.95999908447266,64.47000122070312,-1.0
2018-01-24,40.72524642944336,41.44522021370444,40.486812695865126,41.433531621173195,204420400,-0.015928297267501668,AAPL,277,1014,70.52999877929688,65.61000061035156,-1.0
2018-01-25,39.998252868652344,40.89588096747637,39.86267306723772,40.79302707903376,166116000,-0.017851176469871888,AAPL,276,1013,70.41999816894531,65.51000213623047,-1.0
2018-01-26,40.09175491333008,40.206297393461384,39.75280718937289,40.206297393461384,156572000,0.0023376532216239365,AAPL,275,1012,70.5199966430664,66.13999938964844,-1.0
2018-01-29,39.26192092895508,39.7761868421077,39.05387684544463,39.7761868421077,202561600,-0.02069837018032572,AAPL,272,1009,69.45999908447266,65.55999755859375,-1.0
2018-01-30,39.030513763427734,39.124015393468355,38.499882917457896,38.69390218830781,184192800,-0.005893933869055457,AAPL,271,1008,69.0199966430664,64.5,-1.0
2018-01-31,39.13802719116211,39.374124613366014,38.92063436894064,39.007123526143936,129915600,0.002754599347219333,AAPL,270,1007,69.05000305175781,64.7300033569336,-1.0
2018-02-01,39.2198486328125,39.416204154709504,38.9814148894474,39.077256358536815,188923200,0.002090586764906366,AAPL,269,1006,69.08000183105469,65.80000305175781,-1.0
2018-02-02,37.518089294433594,38.990762671698725,37.42458769489759,38.80375590576933,346375200,-0.04339025768077964,AAPL,268,1005,68.58000183105469,65.44999694824219,1.0
2018-02-05,36.58071517944336,38.30818309023463,36.466172711856956,37.19082244248908,290954000,-0.024984590969810094,AAPL,265,1002,67.62000274658203,64.1500015258789,1.0
2018-02-06,38.109493255615234,38.27078653650845,35.99866285535439,36.19268205071455,272975200,0.04179191327103893,AAPL,264,1001,66.86000061035156,63.38999938964844,1.0
2018-02-07,37.29367446899414,38.19597867026354,37.183811712279685,38.12351440723926,206434400,-0.021407232606035387,AAPL,263,1000,65.51000213623047,61.790000915527344,1.0
2018-02-08,36.267486572265625,37.634969821723445,36.23943680447615,37.46900037296808,217562000,-0.027516406236175128,AAPL,262,999,64.80999755859375,61.150001525878906,1.0
2018-02-09,36.711082458496094,37.05845311203358,35.2629186182967,36.86599229990847,282690400,0.012231227696095637,AAPL,261,998,62.790000915527344,59.20000076293945,1.0
2018-02-12,38.189781188964844,38.46673810761284,36.969282632193874,37.201647524331676,243278000,0.04027935520943848,AAPL,258,995,62.59000015258789,59.290000915527344,1.0
2018-02-13,38.57233428955078,38.66856648297439,37.9409622819946,38.011376169411854,130196800,0.010017158744457078,AAPL,257,994,62.720001220703125,59.189998626708984,1.0
2018-02-14,39.28352355957031,39.32342394356788,38.22967494691538,38.267225932124475,162579600,0.018437807384973137,AAPL,256,993,64.36000061035156,60.599998474121094,1.0
2018-02-15,40.602596282958984,40.62606519891659,39.666099508224036,39.85151934431027,204588800,0.03357826905186867,AAPL,255,992,64.33000183105469,61.34000015258789,1.0
2018-02-16,40.47114562988281,41.032107382495894,40.31623936113969,40.45471775078253,160704400,-0.0032374937838972606,AAPL,254,991,64.83999633789062,61.68000030517578,1.0
2018-02-20,40.33502197265625,40.900671851907454,40.234094542494496,40.38196338095014,135722000,-0.0033634742755107583,AAPL,250,987,65.25,61.900001525878906,1.0
2018-02-21,40.15193557739258,40.86779989101839,40.13784993599311,40.56502485680735,149886400,-0.004539142073302638,AAPL,249,986,65.41999816894531,61.68000030517578,1.0
2018-02-22,40.48757553100586,40.827905159769244,40.30215574641867,40.3232788393338,123967600,0.008359247164220429,AAPL,248,985,66.38999938964844,62.77000045776367,1.0
2018-02-23,41.19169998168945,41.22690513031093,40.731665745109886,40.762179261514255,135249600,0.017391124102858813,AAPL,247,984,67.30999755859375,63.54999923706055,-1.0
2018-02-26,42.006160736083984,42.10473876856565,41.358360702033096,41.39122004619365,152648800,0.01977244820574464,AAPL,244,981,67.5,63.90999984741211,-1.0
2018-02-27,41.870025634765625,42.360569950834076,41.81604319718002,42.03667174392078,155712400,-0.0032408365566581887,AAPL,243,980,66.62999725341797,63.0099983215332,-1.0
2018-02-28,41.8066520690918,42.39342858513631,41.790224188970356,42.07422201715211,151128400,-0.0015135783824600235,AAPL,242,979,65.77999877929688,61.63999938964844,-1.0
2018-03-01,41.07435989379883,42.19627640895745,40.52513788389774,41.9052339409774,195208000,-0.017516164032526316,AAPL,241,978,65.70999908447266,60.9900016784668,-1.0
2018-03-02,41.358367919921875,41.37949102026867,40.475853526050166,40.55800369148841,153816000,0.006914484531405307,AAPL,240,977,64.37000274658203,61.25,-1.0
2018-03-05,41.501522064208984,41.71745534509335,40.96168707129865,41.123637927311634,113605600,0.0034613102858478406,AAPL,237,974,65.54000091552734,62.56999969482422,-1.0
2018-03-06,41.46632385253906,41.837167053383304,41.33958169646813,41.75736630395347,95154000,-0.0008481185729878327,AAPL,236,973,65.79000091552734,62.599998474121094,-1.0
2018-03-07,41.081398010253906,41.273862430596104,40.903019234965775,41.06027491477236,126814000,-0.009282854290484366,AAPL,235,972,64.33999633789062,61.150001525878906,-1.0
2018-03-08,41.529685974121094,41.57193215474558,41.0907783844388,41.18700698966086,95096400,0.010912188620146202,AAPL,234,971,63.61000061035156,60.119998931884766,-1.0
2018-03-09,42.24320983886719,42.24790505333158,41.6353102868023,41.76909703854284,128740800,0.017181056105040726,AAPL,233,970,65.48999786376953,62.040000915527344,-1.0
2018-03-12,42.65161895751953,42.808874660866046,42.29720717069979,42.315980870782745,128828400,0.009668041803882366,AAPL,230,967,64.94999694824219,61.36000061035156,-1.0
2018-03-13,42.24087142944336,43.069399648429766,42.069533676140765,42.855812120337546,126774000,-0.009630291607108044,AAPL,229,966,64.63999938964844,60.709999084472656,-1.0
2018-03-14,41.88176345825195,42.36996197589975,41.73389462212503,42.323020568345115,117473600,-0.008501433778212664,AAPL,228,965,64.88999938964844,60.959999084472656,-1.0
2018-03-15,41.9310417175293,42.30423424408691,41.79491273914619,41.8958365647404,90975200,0.0011766042116747588,AAPL,227,964,65.12000274658203,61.189998626708984,-1.0
2018-03-16,41.78318405151367,42.04136357525891,41.68929765809745,41.931049301369676,157618800,-0.003526210176500677,AAPL,226,963,66.20999908447266,62.34000015258789,-1.0
2018-03-19,41.144771575927734,41.65409318133053,40.759846310114575,41.61888802159753,133787200,-0.015279172472802749,AAPL,223,960,66.05000305175781,62.060001373291016,-1.0
2018-03-20,41.13069534301758,41.49684338174766,41.060281432169425,41.13069534301758,78597600,-0.00034211474194678626,AAPL,222,959,67.41999816894531,63.400001525878906,-1.0
2018-03-21,40.198890686035156,41.09548343216158,40.196541287634304,41.08374718435731,148219600,-0.022654726578567486,AAPL,221,958,69.47000122070312,65.16999816894531,1.0
2018-03-22,39.630882263183594,40.529820619288714,39.57220461907548,39.90079799352127,165963200,-0.014129952671775747,AAPL,220,957,68.91000366210938,64.30000305175781,1.0
2018-03-23,38.713157653808594,39.882015158730724,38.713157653808594,39.522908313354655,164115200,-0.02315680491997396,AAPL,219,956,70.44999694824219,65.87999725341797,1.0
2018-03-26,40.55094528198242,40.62840019813181,39.06522697707837,39.44780634373773,150164800,0.04747191238204329,AAPL,216,953,70.12000274658203,65.55000305175781,1.0
2018-03-27,39.51118850708008,41.10956740172063,39.177899826116274,40.76454247240878,163690400,-0.025640753074240408,AAPL,215,952,70.11000061035156,65.25,1.0
2018-03-28,39.074615478515625,39.90549291864882,38.77184041292756,39.25534362385068,166674000,-0.011049351969916632,AAPL,214,951,69.52999877929688,64.37999725341797,1.0
2018-03-29,39.37975311279297,40.31155469263699,39.17320659190049,39.38679414587791,153594000,0.0078091013958951905,AAPL,213,950,70.2699966430664,64.94000244140625,1.0
2018-04-02,39.1215705871582,39.65201896404017,38.60286204080597,39.11218373669499,150347200,-0.006556225096060686,AAPL,209,946,67.63999938964844,63.0099983215332,1.0
2018-04-03,39.52292251586914,39.60741848522696,38.69908950068041,39.34688954482369,121112000,0.010259095498652782,AAPL,208,945,68.12000274658203,63.5099983215332,1.0
2018-04-04,40.2786979675293,40.372580802376035,38.67327785440633,38.69909617119927,138422000,0.019122458653119567,AAPL,207,944,68.0199966430664,63.369998931884766,1.0
2018-04-05,40.55799102783203,40.893625455435775,40.388999115021946,40.50635441106232,107732800,0.006934014116540821,AAPL,206,943,68.33000183105469,63.540000915527344,1.0
2018-04-06,39.52058029174805,40.48289180544125,39.47833051252819,40.128480014153794,140021200,-0.025578454696439046,AAPL,205,942,67.11000061035156,62.060001373291016,1.0
2018-04-09,39.91254425048828,40.62606300601005,39.8656028397066,39.872643872253846,116070800,0.009917970734404369,AAPL,202,939,68.6500015258789,63.41999816894531,1.0
2018-04-10,40.66362380981445,40.83965681332014,40.259921168596016,40.60494614197922,113634400,0.0188181328309327,AAPL,201,938,71.04000091552734,65.51000213623047,1.0
2018-04-11,40.4734992980957,40.82087000785947,40.29981215251393,40.42420849279554,89726400,-0.004675542755558926,AAPL,200,937,72.05999755859375,66.81999969482422,1.0
2018-04-12,40.87250900268555,41.07436028792793,40.61432587688714,40.70117124541933,91557200,0.009858542293342376,AAPL,199,936,72.0199966430664,67.06999969482422,1.0
2018-04-13,41.010990142822266,41.27151910294791,40.80444720984534,41.02272639139374,100497200,0.0033881242800049005,AAPL,198,935,72.58000183105469,67.38999938964844,-1.0
2018-04-16,41.26682662963867,41.35366842078155,41.03446180568861,41.081403217619894,86313600,0.006238242137667216,AAPL,195,932,71.41999816894531,66.22000122070312,-1.0
2018-04-17,41.83481979370117,41.99911650197846,41.40529895401935,41.42407623230813,106421600,0.013763916696578615,AAPL,194,931,71.58000183105469,66.5199966430664,-1.0
2018-04-18,41.740936279296875,41.97095526813903,41.515616087100334,41.733895247128224,83018000,-0.0022441476948451555,AAPL,193,930,73.4800033569336,68.47000122070312,-1.0
2018-04-19,40.55799102783203,41.16589060178529,40.5251316881967,40.78331119064587,139235200,-0.028340170511497953,AAPL,192,929,73.77999877929688,68.29000091552734,1.0
2018-04-20,38.89624786376953,40.187156394272286,38.82817977203165,40.041636942336396,261964400,-0.04097202849426551,AAPL,191,928,74.05999755859375,68.37999725341797,1.0
2018-04-23,38.78358459472656,39.17789672189711,38.513665229708735,39.15677362538438,146062000,-0.0028965073813176367,AAPL,188,925,74.70999908447266,68.63999938964844,1.0
2018-04-24,38.243743896484375,39.039412648935595,37.84004139740122,38.88450280085499,134768000,-0.013919309003623925,AAPL,187,924,73.86000061035156,67.69999694824219,1.0
2018-04-25,38.41038513183594,38.82582386282192,38.11934630361461,38.16863352002018,113528400,0.004357346283946795,AAPL,186,923,74.0,68.05000305175781,1.0
2018-04-26,38.54418182373047,38.89859360300027,38.3446763459467,38.52070932702644,111852000,0.003483346793720088,AAPL,185,922,74.73999786376953,68.19000244140625,1.0
2018-04-27,38.09823226928711,38.56999935976334,37.70157072022894,38.49254441988215,142623200,-0.011569828008874739,AAPL,184,921,74.63999938964844,68.0999984741211,1.0
2018-04-30,38.78826904296875,39.25769020153432,37.985559291589546,38.05362736516511,169709600,0.01811204175575143,AAPL,181,918,75.16999816894531,68.56999969482422,1.0
2018-05-01,39.6895637512207,39.71303266229741,38.790621726653995,39.05819166644517,214277600,0.023236270410868842,AAPL,180,917,75.16999816894531,67.25,1.0
2018-05-02,41.44285583496094,41.719812647104675,40.792706415671205,41.12834088273352,266157600,0.04417514122176036,AAPL,179,916,73.36000061035156,67.93000030517578,1.0
2018-05-03,41.517967224121094,41.661140865562984,40.94292684113001,41.28091075413384,136272800,0.0018124086201798395,AAPL,178,915,73.62000274658203,68.43000030517578,1.0
2018-05-04,43.1468505859375,43.245428609444815,41.81838771321594,41.8371649912268,224805200,0.03923321565873916,AAPL,177,914,74.87000274658203,69.72000122070312,1.0
2018-05-07,43.45903015136719,44.04815266592173,43.36279791351144,43.46372178633522,169805600,0.007235280471002303,AAPL,174,911,76.16999816894531,70.7300033569336,1.0
2018-05-08,43.66791534423828,43.707815723321396,43.1093028742744,43.41912263854349,113611200,0.004806485375848268,AAPL,173,910,74.8499984741211,69.05999755859375,1.0
2018-05-09,43.975379943847656,43.98476679241279,43.473099382720285,43.78526492315641,92844800,0.00704097269552717,AAPL,172,909,77.20999908447266,71.13999938964844,1.0
2018-05-10,44.60441207885742,44.68186702612727,44.04345374687312,44.064580428056125,111957200,0.014304188748635704,AAPL,171,908,77.47000122070312,71.36000061035156,1.0
2018-05-11,44.43476104736328,44.78111639096404,44.16615931102086,44.646817320397844,104848800,-0.003803458527694703,AAPL,170,907,77.12000274658203,70.69999694824219,1.0
2018-05-14,44.33108139038086,44.65623212523947,44.26275443642257,44.53371098533184,83115200,-0.0023333006533310385,AAPL,167,904,78.2300033569336,70.95999908447266,1.0
2018-05-15,43.928192138671875,44.076631181678145,43.61246796024898,44.00830061465196,94780800,-0.00908818912313758,AAPL,166,903,78.43000030517578,71.30999755859375,1.0
2018-05-16,44.33816146850586,44.404137173242404,43.82452095930741,43.84101578429413,76732400,0.009332715731614982,AAPL,165,902,79.27999877929688,71.48999786376953,1.0
2018-05-17,44.05777359008789,44.510155226195536,43.9093345737116,44.295744112587485,69176000,-0.0063238499101306855,AAPL,164,901,79.30000305175781,71.48999786376953,1.0
2018-05-18,43.89755630493164,44.25097982122303,43.85514720867744,44.104899251623095,73190800,-0.0036365270439424613,AAPL,163,900,78.51000213623047,71.27999877929688,1.0
2018-05-21,44.20856475830078,44.594974273485356,44.038921205760296,44.2957413967529,73603200,0.007084869399306415,AAPL,160,897,79.22000122070312,72.23999786376953,1.0
2018-05-22,44.09783172607422,44.503090985077776,44.00829661681228,44.385283144558365,60962800,-0.0025047868627259273,AAPL,159,896,79.56999969482422,72.12999725341797,1.0
2018-05-23,44.38056564331055,44.41355169174006,43.76796349223717,43.90697946331335,80233600,0.00641151517363947,AAPL,158,895,79.80000305175781,71.83999633789062,1.0
2018-05-24,44.33108139038086,44.493656757810164,43.873990067081564,44.47716553245859,92936000,-0.001114998247823018,AAPL,157,894,78.79000091552734,70.70999908447266,1.0
2018-05-25,44.43240737915039,44.6845142986647,44.21328291731223,44.34994044932966,69844000,0.00228566472081404,AAPL,156,893,76.44000244140625,67.87999725341797,1.0
2018-05-29,44.27218246459961,44.472457219965484,44.02949861480413,44.201500640550265,90056400,-0.0036060372147642683,AAPL,152,889,75.38999938964844,66.7300033569336,1.0
2018-05-30,44.17795944213867,44.29576733398438,44.008315790263936,44.22979520216771,74762000,-0.0021282669436113455,AAPL,151,888,77.5,68.20999908447266,1.0
2018-05-31,44.02949905395508,44.349936508610654,43.857500621703196,44.111965976448204,109931200,-0.00336050804650756,AAPL,150,887,77.58999633789062,67.04000091552734,1.0
2018-06-01,44.82352828979492,44.82823801484715,44.23684395189632,44.293393009412675,93770000,0.018034028387804657,AAPL,149,886,77.58999633789062,65.80999755859375,1.0
2018-06-04,45.19815444946289,45.57278250226014,45.0850599344167,45.15338689688778,105064800,0.008357801671611487,AAPL,146,883,75.29000091552734,64.75,1.0
2018-06-05,45.546871185302734,45.69531022935619,45.32303698544506,45.49032571725215,86264000,0.007715287052920461,AAPL,145,882,75.37999725341797,65.5199966430664,1.0
2018-06-06,45.7047233581543,45.72828636153599,45.21935568825165,45.62226003673747,83734400,0.0034657083734546124,AAPL,144,881,75.36000061035156,64.7300033569336,1.0
2018-06-07,45.58222961425781,45.75658298759082,45.31833750035117,45.742446616262356,85388800,-0.0026801112641376967,AAPL,143,880,77.31999969482422,65.94999694824219,1.0
2018-06-08,45.167518615722656,45.23820402855917,44.71278214467778,45.04264261096891,106627200,-0.009098084978393373,AAPL,142,879,76.45999908447266,65.73999786376953,1.0
2018-06-11,45.05678176879883,45.23113865191412,44.816456383543546,45.08505809281272,73234000,-0.00245169206362561,AAPL,139,876,76.45999908447266,66.0999984741211,1.0
2018-06-12,45.3041877746582,45.38194138925669,45.03794087574918,45.09448993960545,67644400,0.00549098262563219,AAPL,138,875,75.87999725341797,66.36000061035156,1.0
2018-06-13,44.931915283203125,45.44555940171566,44.870656492735385,45.337174592969205,86553600,-0.008217176153929806,AAPL,137,874,76.73999786376953,66.63999938964844,1.0
2018-06-14,44.955467224121094,45.13689228323737,44.81880971422139,45.13217896352785,86440400,0.0005241695300439719,AAPL,136,873,75.94000244140625,66.88999938964844,1.0
2018-06-15,44.49365997314453,44.80467436726028,44.35700246014303,44.774043181267466,246876800,-0.010272549246886253,AAPL,135,872,73.44000244140625,65.05999755859375,1.0
2018-06-18,44.470096588134766,44.58319108715091,44.10724649411106,44.26746699665913,73939600,-0.0005295897218612344,AAPL,132,869,75.33999633789062,65.8499984741211,1.0
2018-06-19,43.751468658447266,43.902262523865325,43.22368833187938,43.621879337726426,134314000,-0.016159801413141994,AAPL,131,868,75.08000183105469,65.06999969482422,1.0
2018-06-20,43.94232177734375,44.10725202475832,43.76089670758285,43.90698086547268,82514800,0.004362210566836167,AAPL,130,867,74.73999786376953,66.22000122070312,1.0
2018-06-21,43.697288513183594,44.37821773005367,43.57476734474176,44.11903902665944,102847600,-0.005576247550180491,AAPL,129,866,73.05000305175781,65.54000091552734,1.0
2018-06-22,43.57004928588867,43.85985555346904,43.51821355084701,43.852787370982426,108801600,-0.00291183347123547,AAPL,128,865,75.55000305175781,68.58000183105469,1.0
2018-06-25,42.9221076965332,43.570050812040066,42.58282054445238,43.21191397426476,126652400,-0.014871261336060093,AAPL,125,862,74.7300033569336,68.08000183105469,1.0
2018-06-26,43.454593658447266,43.94938797353978,43.009280212947836,43.115310134188796,98276800,0.01240586705757396,AAPL,124,861,76.30999755859375,70.52999877929688,1.0
2018-06-27,43.39098358154297,44.12610333725696,43.36035239331826,43.643090484345954,101141200,-0.001463828597829564,AAPL,123,860,77.62000274658203,72.76000213623047,1.0
2018-06-28,43.70671081542969,43.87399953844859,43.30616485853516,43.37685028509541,69460800,0.007276332726898982,AAPL,122,859,77.8499984741211,73.44999694824219,1.0
2018-06-29,43.61480712890625,44.10488804506475,43.096453489095396,43.892831832045076,90950800,-0.002102736280282902,AAPL,121,858,79.44000244140625,74.1500015258789,1.0
2018-07-02,44.1025390625,44.130815387435966,43.21662544405176,43.31087386848866,70925200,0.011182714442648622,AAPL,118,855,77.30000305175781,73.94000244140625,1.0
2018-07-03,43.33443832397461,44.28396929007822,43.24490320913668,44.24626991591381,55819200,-0.01741624756427007,AAPL,117,854,77.76000213623047,74.13999938964844,1.0
2018-07-05,43.68314743041992,43.92112157794117,43.41925900843449,43.65016137767174,66416800,0.008046928030734257,AAPL,115,852,77.38999938964844,72.94000244140625,1.0
2018-07-06,44.28867721557617,44.39705840908352,43.636020811298415,43.6878565456575,69940800,0.013861862543690595,AAPL,114,851,77.11000061035156,73.80000305175781,1.0
2018-07-09,44.90364074707031,44.92720016005415,44.60205293727909,44.64917535845704,79026400,0.013885344294678026,AAPL,111,848,78.06999969482422,73.8499984741211,1.0
2018-07-10,44.849449157714844,45.0685700292257,44.80939132562234,44.934270952056835,63756400,-0.0012068417717110425,AAPL,110,847,78.86000061035156,74.11000061035156,1.0
2018-07-11,44.267478942871094,44.71514733555964,44.20386169710242,44.41355952665594,75326000,-0.012976083893410317,AAPL,109,846,73.4000015258789,70.37999725341797,1.0
2018-07-12,45.009666442871094,45.09920155846209,44.60440715522057,44.65624289633007,72164400,0.016765976236365887,AAPL,108,845,74.44999694824219,70.33000183105469,1.0
2018-07-13,45.08034896850586,45.20051167231687,44.97903235551187,45.02144504787517,50055600,0.0015703854576323284,AAPL,107,844,75.33000183105469,71.01000213623047,1.0
2018-07-16,44.98139572143555,45.3913647528247,44.865942730126086,45.12512144726553,60172400,-0.00219504172737095,AAPL,104,841,71.83999633789062,68.05999755859375,1.0
2018-07-17,45.108619689941406,45.207577840766284,44.57848442788754,44.708073766542675,62138000,0.002828368628082112,AAPL,103,840,72.16000366210938,68.08000183105469,1.0
2018-07-18,44.86121368408203,45.19107771710579,44.750474052413736,45.1863643979344,65573600,-0.005484672498514587,AAPL,102,839,72.9000015258789,68.76000213623047,1.0
2018-07-19,45.209938049316406,45.36780012426097,44.69393913236674,44.69393913236674,81147200,0.007773404609383361,AAPL,101,838,72.58000183105469,69.45999908447266,1.0
2018-07-20,45.10626220703125,45.33951940784949,44.80702931428614,45.1863706680151,82704800,-0.00229320912079245,AAPL,100,837,73.06999969482422,70.45999908447266,1.0
2018-07-23,45.146324157714844,45.22879109031837,44.66331125648758,44.92719968848247,63957600,0.000888168265854361,AAPL,97,834,73.05999755859375,67.88999938964844,1.0
2018-07-24,45.47380447387695,45.629311611093556,45.24997040405755,45.34421519286312,74791600,0.007253753705796395,AAPL,96,833,73.44000244140625,68.5199966430664,1.0
2018-07-25,45.902645111083984,45.90971329334485,45.33952022609749,45.487959243995,66839600,0.009430498331262083,AAPL,95,832,73.93000030517578,69.30000305175781,1.0
2018-07-26,45.7589225769043,46.17125001494184,45.617551731493165,45.85316741037176,76304000,-0.0031310294609794287,AAPL,94,831,74.54000091552734,69.61000061035156,1.0
2018-07-27,44.997886657714844,45.98983036478812,44.79054728056739,45.942707942491445,96096000,-0.016631421290796866,AAPL,93,830,74.29000091552734,68.69000244140625,1.0
2018-07-30,44.745784759521484,45.28534320671292,44.547868406463465,45.21465776770341,84118000,-0.005602527516703648,AAPL,90,827,74.97000122070312,70.12999725341797,1.0
2018-07-31,44.83531951904297,45.271210094952444,44.61148527541825,44.837677977479785,157492000,0.0020009652306396397,AAPL,89,826,74.25,68.76000213623047,1.0
2018-08-01,47.4765625,47.5378212863695,46.48933216360012,46.91815445381714,271742800,0.05890987304852846,AAPL,88,825,74.25,67.66000366210938,1.0
2018-08-02,48.86433029174805,49.097591083256724,47.2055976710928,47.259788264801436,249616000,0.02923058702381942,AAPL,87,824,73.44999694824219,68.95999908447266,1.0
2018-08-03,49.00571823120117,49.18243003322383,48.4143204328304,48.7795255427194,133789600,0.002893479530138965,AAPL,86,823,73.20999908447266,68.48999786376953,1.0
2018-08-06,49.260169982910156,49.302579077921635,48.78893864166359,49.008059489642534,101701600,0.005192286959422088,AAPL,83,820,73.75,69.01000213623047,1.0
2018-08-07,48.798362731933594,49.36148405297779,48.715895807364944,49.319074957057836,102349600,-0.009374861092374953,AAPL,82,819,74.6500015258789,69.16999816894531,1.0
2018-08-08,48.83134841918945,48.9632926213491,48.18811863605624,48.548610329531655,90102000,0.0006759588930691507,AAPL,81,818,72.27999877929688,66.94000244140625,1.0
2018-08-09,49.21539306640625,49.42744569153758,48.819556945562866,49.36854178508897,93970400,0.007864715180911919,AAPL,80,817,72.06999969482422,66.80999755859375,1.0
2018-08-10,49.06881332397461,49.44002903622106,48.86547303748079,49.02861861252826,98444800,-0.0029783312353892644,AAPL,79,816,72.80999755859375,67.62999725341797,1.0
2018-08-13,49.3856315612793,49.87743127630117,49.108994898045374,49.48966660204789,103563600,0.006456610947831676,AAPL,76,813,72.61000061035156,67.19999694824219,1.0
2018-08-14,49.59370803833008,49.78522547543453,49.241408169898676,49.69065012134938,82992000,0.004213299910776458,AAPL,75,812,72.45999908447266,67.04000091552734,1.0
2018-08-15,49.709564208984375,49.82778520144578,49.25795915190542,49.46839237417397,115230400,0.002336106236798363,AAPL,74,811,70.76000213623047,65.01000213623047,1.0
2018-08-16,50.43781661987305,50.55367090797726,50.00039741215219,50.066600893302926,114001600,0.014650146757010818,AAPL,73,810,71.43000030517578,65.45999908447266,1.0
2018-08-17,51.44506072998047,51.532543132376475,50.39998732105406,50.46619080521633,141708000,0.019970018085805785,AAPL,72,809,71.83000183105469,65.91000366210938,-1.0
2018-08-20,50.943809509277344,51.82337068218962,50.861053342429805,51.56801642387874,121150800,-0.009743427524248505,AAPL,69,806,72.20999908447266,66.43000030517578,1.0
2018-08-21,50.84449005126953,51.3528425555406,50.60568491149106,51.26063031267377,104639200,-0.0019495883594988772,AAPL,68,805,72.62999725341797,67.3499984741211,1.0
2018-08-22,50.84685516357422,51.15659362058982,50.5607587429564,50.622235974791955,76072400,4.6516590141765235e-05,AAPL,67,804,74.77999877929688,67.86000061035156,1.0
2018-08-23,50.950889587402344,51.31973854252035,50.74045634465841,50.75227555879988,75532800,0.0020460345776243116,AAPL,66,803,74.7300033569336,67.83000183105469,1.0
2018-08-24,51.109310150146484,51.284274943614335,50.861045296696645,51.2133452207593,73905600,0.003109279622534933,AAPL,65,802,75.81999969482422,68.72000122070312,1.0
2018-08-27,51.530174255371094,51.71932859234506,51.14950246004533,51.34338303977495,82100400,0.008234587866441823,AAPL,62,799,76.20999908447266,68.87000274658203,-1.0
2018-08-28,51.94631576538086,52.14492621424723,51.761891261745056,51.783170179590904,91107200,0.00807568606206277,AAPL,61,798,75.94999694824219,68.52999877929688,-1.0
2018-08-29,52.721839904785156,52.8424276423776,51.8777437807323,52.0527085641898,109019200,0.014929338644669388,AAPL,60,797,77.13999938964844,69.51000213623047,-1.0
2018-08-30,53.206546783447266,53.970253487975114,52.58470312439228,52.78568028191906,195175200,0.00919366394529253,AAPL,59,796,77.7699966430664,70.25,-1.0
2018-08-31,53.821292877197266,54.11447864417697,53.43589126797498,53.556475387508385,173360400,0.01155395587411534,AAPL,58,795,77.41999816894531,69.80000305175781,-1.0
2018-09-04,53.993896484375,54.18777705269031,53.584852825321335,54.005719306205876,109560400,0.0032069762346951247,AAPL,54,791,78.16999816894531,69.87000274658203,-1.0
2018-09-05,53.641605377197266,54.303643822077376,53.223105556873655,54.142864963882396,133332000,-0.006524646860403549,AAPL,53,790,77.2699966430664,68.72000122070312,-1.0
2018-09-06,52.75022888183594,53.755107710229076,52.32463242118783,53.490290130370376,137160000,-0.016617259850695065,AAPL,52,789,76.5,67.7699966430664,-1.0
2018-09-07,52.324623107910156,53.28694031504542,52.185123173027854,52.4546669488255,150479200,-0.008068320895425196,AAPL,51,788,76.83000183105469,67.75,-1.0
2018-09-10,51.622371673583984,52.45464835256369,51.18258949973983,52.24184843164807,158066000,-0.013421050981636373,AAPL,48,785,77.37000274658203,67.54000091552734,-1.0
2018-09-11,52.927547454833984,53.03394564193792,51.203883114038426,51.54672332040395,142996000,0.02528314253949482,AAPL,47,784,79.05999755859375,69.25,-1.0
2018-09-12,52.27023696899414,53.19945233807959,51.97941069858313,53.18526639470711,197114800,-0.012419061858113922,AAPL,46,783,79.73999786376953,70.37000274658203,-1.0
2018-09-13,53.532833099365234,53.991531148163254,52.62489670197329,52.84951587627025,166825600,0.02415516369516446,AAPL,45,782,78.18000030517578,68.58999633789062,-1.0
2018-09-14,52.925174713134766,53.63450069033738,52.61307315923123,53.37677978449687,127997200,-0.011351134454299472,AAPL,44,781,78.08999633789062,68.98999786376953,-1.0
2018-09-17,51.5160026550293,52.71476215039525,51.37177283880847,52.52560776075517,148780400,-0.026625742205736103,AAPL,41,778,78.05000305175781,68.91000366210938,-1.0
2018-09-18,51.60111618041992,52.45467215648945,51.33629862140528,51.49471436776805,126286800,0.0016521764307020348,AAPL,40,777,79.02999877929688,69.8499984741211,-1.0
2018-09-19,51.63184356689453,51.927396096554034,50.90596843011665,51.66258218448119,108495200,0.0005954791048932151,AAPL,39,776,79.4000015258789,71.12000274658203,-1.0
2018-09-20,52.02432632446289,52.55632075649238,51.81625623654511,52.07398072555896,106435200,0.0076015638887629855,AAPL,38,775,78.69999694824219,70.80000305175781,-1.0
2018-09-21,51.46397018432617,52.33880492393241,51.37648418489235,52.20166812140533,384986800,-0.01077104077507729,AAPL,37,774,78.80000305175781,70.77999877929688,-1.0
2018-09-24,52.20402908325195,52.31515711505072,51.220433077107394,51.265357635641195,110773600,0.014380136166625812,AAPL,34,771,81.19999694824219,72.08000183105469,-1.0
2018-09-25,52.53504943847656,52.68400905547717,51.946307549786276,51.958130371548314,98217600,0.006340896690113951,AAPL,33,770,81.87000274658203,72.27999877929688,-1.0
2018-09-26,52.11654281616211,52.90389507297976,51.960490237444716,52.25367960280906,95938800,-0.007966236384807535,AAPL,32,769,81.33999633789062,71.56999969482422,-1.0
2018-09-27,53.18763732910156,53.53993727515141,52.85425317959996,52.92046027142845,120724800,0.02055191029684522,AAPL,31,768,81.72000122070312,72.12000274658203,-1.0
2018-09-28,53.374420166015625,53.398062202116094,52.96773962377275,53.14979737223942,91717600,0.003511771650211326,AAPL,30,767,82.72000122070312,73.25,-1.0
2018-10-01,53.73381042480469,54.244526037328285,53.51865093552065,53.89695599056796,94403200,0.006733380103637998,AAPL,27,764,84.9800033569336,75.30000305175781,-1.0
2018-10-02,54.21142578125,54.381664323409666,53.584855874564354,53.73144877171672,99152800,0.008888544338646609,AAPL,26,763,84.80000305175781,75.2300033569336,-1.0
2018-10-03,54.87109375,55.202111089246685,54.329639578452706,54.39347992524257,114619200,0.012168430533663566,AAPL,25,762,86.29000091552734,76.41000366210938,-1.0
2018-10-04,53.90641403198242,54.937301318347934,53.60849479660541,54.56608563865395,128168000,-0.01758083632181251,AAPL,24,761,84.58000183105469,74.33000183105469,-1.0
2018-10-05,53.03157043457031,54.00571385150835,52.15437270372623,53.899315681414315,134322000,-0.01622893329341235,AAPL,23,760,84.16000366210938,74.33999633789062,-1.0
2018-10-08,52.90862274169922,53.15215769186115,52.06452314346974,52.53977383107797,118655600,-0.0023183867998550767,AAPL,20,757,83.91000366210938,74.29000091552734,-1.0
2018-10-09,53.641605377197266,53.73618435950544,52.54924428822762,52.877898585132556,107564000,0.013853746280194867,AAPL,19,756,85.0,74.95999908447266,-1.0
2018-10-10,51.156585693359375,53.51864231494605,51.08328925859234,53.30820910217498,167962400,-0.0463263481091537,AAPL,18,755,83.08999633789062,73.16999816894531,-1.0
2018-10-11,50.70499038696289,51.89902330763163,50.201371338479035,50.721543060089694,212497600,-0.008827706155047466,AAPL,17,754,80.26000213623047,70.97000122070312,-1.0
2018-10-12,52.5161247253418,52.69818604766174,51.27007456589326,52.11653722925817,161351600,0.03571905496001393,AAPL,16,753,80.43000030517578,71.33999633789062,-1.0
2018-10-15,51.393043518066406,52.44993975756,51.37176459969738,52.2915240188917,123164000,-0.02138545471793818,AAPL,13,750,80.77999877929688,71.77999877929688,-1.0
2018-10-16,52.52560043334961,52.72421449906567,51.25117791678364,51.76425673692637,116736000,0.02203716374347575,AAPL,12,749,81.41000366210938,71.91999816894531,-1.0
2018-10-17,52.29861831665039,52.64145857217466,51.86119907516877,52.56106913997548,91541600,-0.004321361675574509,AAPL,11,748,80.05000305175781,69.75,-1.0
2018-10-18,51.076202392578125,51.955766930543895,50.36214653480621,51.51125481132157,130325200,-0.023373770922033743,AAPL,10,747,79.29000091552734,68.6500015258789,-1.0
2018-10-19,51.85409164428711,52.31515279784084,51.409579553774584,51.55853916023749,132314800,0.015229974337755747,AAPL,9,746,79.77999877929688,69.12000274658203,-1.0
2018-10-22,52.170921325683594,52.811680677472054,51.76660756117778,51.96758107903151,115168400,0.006110022784120872,AAPL,6,743,79.83000183105469,69.16999816894531,-1.0
2018-10-23,52.66272735595703,52.785678210129554,50.76409832307149,51.03127894622945,155071200,0.009426822792782952,AAPL,5,742,76.44000244140625,66.43000030517578,-1.0
2018-10-24,50.85630798339844,53.01738767953561,50.726264164214655,52.63198967990546,163702000,-0.03430166767377374,AAPL,4,741,76.16999816894531,66.81999969482422,-1.0
2018-10-25,51.96995162963867,52.3435304176031,51.248802817676285,51.47578872209439,119423200,0.021897846902370066,AAPL,3,740,76.88999938964844,67.33000183105469,-1.0
2018-10-26,51.14241409301758,52.0621734864531,50.284128331310725,51.04783511210514,189033600,-0.015923384776620475,AAPL,2,739,77.62000274658203,67.58999633789062,-1.0
2018-10-29,50.18244552612305,51.94393749911957,48.72832523102341,51.825716512907476,183742000,-0.01877049771542938,AAPL,1462,736,77.33999633789062,67.04000091552734,-1.0
2018-10-30,50.43307876586914,50.87758726765469,49.48021780499368,49.924726306779235,146640000,0.004994440528324207,AAPL,1461,735,75.91000366210938,66.18000030517578,-1.0
2018-10-31,51.747703552246094,52.123645519315744,51.21807209884028,51.27954933650239,153435600,0.02606671689586859,AAPL,1460,734,75.47000122070312,65.30999755859375,-1.0
2018-11-01,52.54212951660156,52.5752312447212,51.262977723160944,51.79260898089293,233292800,0.01535190761756966,AAPL,1459,733,75.5,63.689998626708984,-1.0
2018-11-02,49.05698776245117,50.51583454720711,48.57228091507329,49.54642446027015,365314800,-0.06633042448439785,AAPL,1458,732,72.83000183105469,63.13999938964844,-1.0
2018-11-05,47.66432571411133,48.326363810663466,46.85569478188469,48.30508490377214,264654800,-0.02838865800492152,AAPL,1455,729,73.16999816894531,63.099998474121094,-1.0
2018-11-06,48.17979049682617,48.4044096899324,47.68799067176834,47.74237132513075,127531600,0.01081447759917098,AAPL,1454,728,72.12999725341797,62.209999084472656,-1.0
2018-11-07,49.64099884033203,49.66700760551551,48.264908230328544,48.699960659016895,133697600,0.03032824195452055,AAPL,1453,727,72.06999969482422,61.66999816894531,-1.0
2018-11-08,49.467803955078125,49.854546748716004,49.05495802314485,49.82132950962304,101450400,-0.003488948435767414,AAPL,1452,726,70.6500015258789,60.66999816894531,-1.0
2018-11-09,48.51399230957031,48.87938196083556,47.98725918732527,48.77024114907393,137463200,-0.01928146328011593,AAPL,1451,725,70.18000030517578,60.189998626708984,-1.0
2018-11-12,46.07012939453125,47.41780773297329,45.97996678297015,47.21612935039931,204542000,-0.05037439300902402,AAPL,1448,722,70.12000274658203,59.93000030517578,-1.0
2018-11-13,45.609840393066406,46.78431147340441,45.42477239836624,45.467482346593435,187531600,-0.009991050763566656,AAPL,1447,721,65.47000122070312,55.689998626708984,-1.0
2018-11-14,44.32148361206055,46.14369273389911,44.11505882624037,46.006077416821554,243204000,-0.028247342457302538,AAPL,1446,720,66.12000274658203,56.25,-1.0
2018-11-15,45.415279388427734,45.54814833515879,44.34520285307609,44.698732002376936,185915200,0.02467868147061636,AAPL,1445,719,66.62000274658203,56.459999084472656,-1.0
2018-11-16,45.918277740478516,46.259942766410056,44.952603027303574,45.19935909025038,147713200,0.01107553138116213,AAPL,1444,718,66.76000213623047,56.459999084472656,-1.0
2018-11-19,44.09844970703125,45.24682124683419,43.892028552427426,45.08073505230195,167701200,-0.03963188784502314,AAPL,1441,715,66.79000091552734,56.7599983215332,-1.0
2018-11-20,41.99150848388672,43.05683851163266,41.64272573882717,42.32130943637899,271300800,-0.04777812456315422,AAPL,1440,714,62.529998779296875,53.43000030517578,-1.0
2018-11-21,41.944053649902344,42.77211665846975,41.88948326183944,42.643990470348854,124496800,-0.0011301054831737156,AAPL,1439,713,63.47999954223633,54.630001068115234,-1.0
2018-11-23,40.87873077392578,41.90135460850539,40.83365308403461,41.507490510580666,94496000,-0.025398662820445894,AAPL,1437,711,58.79999923706055,50.41999816894531,1.0
2018-11-26,41.43156051635742,41.50985905728153,40.39707629811021,41.34140152229291,179994000,0.013523652323967461,AAPL,1434,708,60.47999954223633,51.630001068115234,-1.0
2018-11-27,41.341392517089844,41.46714370440458,40.54417546181573,40.6936511706504,165549600,-0.002176311926073371,AAPL,1433,707,60.209999084472656,51.560001373291016,-1.0
2018-11-28,42.93109130859375,43.014132585864616,41.505114329859374,41.932195651447095,184250000,0.03845295706589358,AAPL,1432,706,58.7599983215332,50.290000915527344,-1.0
2018-11-29,42.60129165649414,43.37240942608668,42.16234624717858,43.33919219005899,167080000,-0.0076820700813070575,AAPL,1431,705,59.5099983215332,51.45000076293945,-1.0
2018-11-30,42.37113571166992,42.78635290696132,42.003371186044795,42.776860200784085,158126000,-0.0054025579008267766,AAPL,1430,704,58.709999084472656,50.93000030517578,-1.0
2018-12-03,43.8516845703125,43.88015544911543,42.99515063572571,43.76626831349695,163210000,0.03494239259286136,AAPL,1427,701,61.689998626708984,52.95000076293945,-1.0
2018-12-04,41.92270278930664,43.27512383554187,41.82305109331107,42.93345880903892,165377200,-0.043988772607193694,AAPL,1426,700,62.08000183105469,53.25,-1.0
2018-12-06,41.45528793334961,41.46952337319293,40.435039173164846,40.75297606435523,172393600,-0.011149444688863364,AAPL,1424,698,60.060001373291016,51.4900016784668,-1.0
2018-12-07,39.977115631103516,41.40071754199759,39.9320343246601,41.163450556848574,169126400,-0.03565702654442171,AAPL,1423,697,61.66999816894531,52.61000061035156,-1.0
2018-12-10,40.240478515625,40.35673701084698,38.75281363862703,39.149049033793,248104000,0.006587841077673406,AAPL,1420,694,59.970001220703125,51.0,-1.0
2018-12-11,40.01034164428711,40.76010273038026,39.623595215094355,40.72926047741938,189126800,-0.005719039132413117,AAPL,1419,693,60.20000076293945,51.650001525878906,-1.0
2018-12-12,40.121849060058594,40.79094008262468,40.10286726659763,40.43029324768022,142510800,0.0027869648493092924,AAPL,1418,692,60.150001525878906,51.150001525878906,-1.0
2018-12-13,40.56079864501953,40.94517370109351,40.22862624634583,40.451657837058576,127594400,0.01094041264907486,AAPL,1417,691,61.45000076293945,52.58000183105469,-1.0
2018-12-14,39.26293182373047,40.11709424732682,39.21547916028759,40.09811245786843,162814800,-0.03199805883132989,AAPL,1416,690,60.279998779296875,51.20000076293945,-1.0
2018-12-17,38.89755630493164,39.943904744588174,38.61046161430654,39.25582820608512,177151600,-0.009305864382190498,AAPL,1413,687,59.61000061035156,49.880001068115234,-1.0
2018-12-18,39.402931213378906,39.74933899527448,39.00432078305257,39.23921640915953,135366000,0.012992459075975127,AAPL,1412,686,56.2599983215332,46.2400016784668,-1.0
2018-12-19,38.17388153076172,39.73035222871584,37.746800273297104,39.38631585646059,196189200,-0.031191833824785964,AAPL,1411,685,57.2400016784668,47.20000076293945,-1.0
2018-12-20,37.21059036254883,38.46336004562786,36.847572080543415,38.057631813758896,259092000,-0.02523429972497404,AAPL,1410,684,54.349998474121094,45.880001068115234,-1.0
2018-12-21,35.76325225830078,37.52614787017046,35.50226074249866,37.217700060216195,382978400,-0.03889586513265164,AAPL,1409,683,53.81999969482422,45.59000015258789,1.0
2018-12-24,34.83790969848633,35.95781008841347,34.7809643222436,35.151100216804714,148676800,-0.02587411662482897,AAPL,1406,680,50.470001220703125,42.529998779296875,1.0
2018-12-26,37.291255950927734,37.30549139242431,34.811816392339566,35.18669870684758,234330000,0.07042174096191545,AAPL,1404,678,54.470001220703125,46.220001220703125,-1.0
2018-12-27,37.04924392700195,37.196351942081705,35.60666362348881,36.97569172966579,212468400,-0.0064897793800308134,AAPL,1403,677,52.15999984741211,44.61000061035156,-1.0
2018-12-28,37.06822204589844,37.61156549819046,36.669615227461684,37.3695521467641,169165600,0.000512240382931406,AAPL,1402,676,52.20000076293945,45.33000183105469,-1.0
2018-12-31,37.42649459838867,37.81086594612177,37.12753588756801,37.61393391895783,140014000,0.009665220847296485,AAPL,1399,673,53.79999923706055,45.40999984741211,-1.0
2019-01-02,37.469207763671875,37.689867977237725,36.59369187126671,36.750288975035055,148158800,0.0011412547646136861,AAPL,1397,671,54.90999984741211,46.540000915527344,-1.0
2019-01-03,33.73699951171875,34.57455183641599,33.69191819683805,34.16170590164323,365248800,-0.09960734359512324,AAPL,1396,670,55.95000076293945,47.09000015258789,1.0
2019-01-04,35.177188873291016,35.245998300901746,34.11898053927335,34.2921843605048,234428400,0.042688721060448964,AAPL,1395,669,57.060001373291016,47.959999084472656,1.0
2019-01-07,35.098899841308594,35.312442278685964,34.61724819958452,35.281596415192155,219111200,-0.0022255624877934865,AAPL,1392,666,57.33000183105469,48.52000045776367,1.0
2019-01-08,35.76799011230469,36.021867468143824,35.238885865982304,35.4856418830653,164101200,0.01906299838516956,AAPL,1391,665,58.720001220703125,49.779998779296875,1.0
2019-01-09,36.37541580200195,36.664881931991715,35.50227467708149,35.896135282122586,180396400,0.016982382509894034,AAPL,1390,664,61.439998626708984,52.36000061035156,1.0
2019-01-10,36.49165344238281,36.53198838480088,35.79408811024526,36.18320571873211,143122800,0.003195499977610261,AAPL,1389,663,61.68000030517578,52.59000015258789,1.0
2019-01-11,36.133392333984375,36.467939696000656,35.948324350827995,36.27338262516767,108092800,-0.009817617855110372,AAPL,1388,662,60.47999954223633,51.59000015258789,1.0
2019-01-14,35.59005355834961,35.891383692191056,35.40498556947879,35.79173197667657,129756800,-0.015037026432852874,AAPL,1385,659,58.9900016784668,50.5099983215332,1.0
2019-01-15,36.31846618652344,36.39438975385984,35.601918738921825,35.65411777539392,114843600,0.0204667471764155,AAPL,1384,658,60.63999938964844,52.11000061035156,1.0
2019-01-16,36.76214599609375,36.98517753374155,36.30184748144305,36.320829274052095,122278800,0.012216369691706586,AAPL,1383,657,61.31999969482422,52.310001373291016,1.0
2019-01-17,36.98044204711914,37.40752345530275,36.36354627747528,36.586577880660485,119284800,0.005938066048934765,AAPL,1382,656,61.18000030517578,52.06999969482422,1.0
2019-01-18,37.208213806152344,37.45971625451414,37.00890676859886,37.369553633249645,135004000,0.006159249225387464,AAPL,1381,655,62.70000076293945,53.79999923706055,1.0
2019-01-22,36.3730354309082,37.18685958381331,36.21169197229735,37.11093601889627,121576000,-0.02244607547127253,AAPL,1377,651,61.5,52.56999969482422,1.0
2019-01-23,36.52013397216797,36.80959998409829,35.99340097474768,36.57470436511674,92522400,0.004044164571834763,AAPL,1376,650,61.13999938964844,52.619998931884766,1.0
2019-01-24,36.23067092895508,36.65300590810053,36.00289663164888,36.565218274806185,101766000,-0.0079261221613669,AAPL,1375,649,61.09000015258789,53.130001068115234,1.0
2019-01-25,37.431243896484375,37.519035156053725,36.615048386108995,36.890275378715764,134142000,0.03313692340623531,AAPL,1374,648,61.63999938964844,53.689998626708984,1.0
2019-01-28,37.0848388671875,37.09195658871479,36.45845402993215,36.96383036040819,104768400,-0.00925443541910742,AAPL,1371,645,59.93000030517578,51.9900016784668,1.0
2019-01-29,36.70045852661133,37.51903258864824,36.5652182166273,37.07296946155649,166348800,-0.01036489175408739,AAPL,1370,644,61.31999969482422,53.310001373291016,1.0
2019-01-30,39.20836639404297,39.42190521671021,38.01728520303353,38.73383245886544,244439200,0.06833451046975791,AAPL,1369,643,61.650001525878906,54.22999954223633,1.0
2019-01-31,39.49073028564453,40.098133383670344,39.044667051603305,39.41243172091976,162958400,0.007201623468925389,AAPL,1368,642,61.88999938964844,53.790000915527344,1.0
2019-02-01,39.509708404541016,40.09338329388807,39.36971809982081,39.61410648111566,130672400,0.00048057148498426017,AAPL,1367,641,61.869998931884766,55.2599983215332,1.0
2019-02-04,40.63197708129883,40.72925742817227,39.69002672443846,39.7208725954977,125982000,0.0284048838140456,AAPL,1364,638,62.5099983215332,54.560001373291016,1.0
2019-02-05,41.32716751098633,41.54070999970741,40.89297205344229,41.01397692943241,144406400,0.017109441371669476,AAPL,1363,637,61.97999954223633,53.65999984741211,1.0
2019-02-06,41.341392517089844,41.656957978594825,41.01159161859167,41.43866921001204,112958400,0.0003442047195645337,AAPL,1362,636,62.689998626708984,54.0099983215332,1.0
2019-02-07,40.558414459228516,41.27021533462275,40.41605283598708,40.90482219115942,126966800,-0.018939324734590368,AAPL,1361,635,61.630001068115234,52.63999938964844,1.0
2019-02-08,40.6060676574707,40.665638790011116,40.131880133513,40.267704060953164,95280000,0.001174927542842985,AAPL,1360,634,62.099998474121094,52.720001220703125,1.0
2019-02-11,40.37255859375,40.79670853270349,40.32966911040256,40.75858212354943,83973600,-0.005750595346745935,AAPL,1357,631,61.5099983215332,52.40999984741211,1.0
2019-02-12,40.7204475402832,40.746658986823185,40.43688833751438,40.532204341266045,89134000,0.008616965549145483,AAPL,1356,630,62.41999816894531,53.099998474121094,1.0
2019-02-13,40.55126953125,41.099324812062115,40.48931684716783,40.83959548318567,89960800,-0.004154620571540701,AAPL,1355,629,63.61000061035156,53.900001525878906,1.0
2019-02-14,40.69900894165039,40.80861781758018,40.36064525814671,40.43927960962729,87342800,0.0036432746029453345,AAPL,1354,628,64.56999969482422,54.40999984741211,1.0
2019-02-15,40.60846710205078,40.913471144288906,40.44881683274918,40.80624378561589,98507200,-0.002224669395007095,AAPL,1353,627,66.25,55.59000015258789,1.0
2019-02-19,40.729984283447266,40.85151175450796,40.38685751910222,40.43928042114127,75891200,0.002992409959506892,AAPL,1349,623,66.44999694824219,56.09000015258789,1.0
2019-02-20,40.992095947265625,41.29948509114437,40.7442815842349,40.791937772979175,104457600,0.0064353490046613615,AAPL,1348,622,67.08000183105469,56.91999816894531,1.0
2019-02-21,40.76095962524414,41.07311184292857,40.57986465359283,40.93729152317362,68998800,-0.005638558280084749,AAPL,1347,621,67.06999969482422,56.959999084472656,1.0
2019-02-22,41.216087341308594,41.223235588397145,40.837215701877646,40.884871894446135,75652800,0.011165775296972713,AAPL,1346,620,67.12000274658203,57.2599983215332,1.0
2019-02-25,41.516334533691406,41.90712122349979,41.44961512098768,41.49965649848313,87493600,0.007284708756958969,AAPL,1343,617,64.76000213623047,55.47999954223633,1.0
2019-02-26,41.5401496887207,41.771286013409664,41.26373871380323,41.39241441823523,68280800,0.0005736333733887822,AAPL,1342,616,65.20999908447266,55.5,1.0
2019-02-27,41.668819427490234,41.699797583479636,41.15889061962103,41.27326982515091,111341600,0.0030974789386584156,AAPL,1341,615,66.38999938964844,56.939998626708984,1.0
2019-02-28,41.258975982666016,41.67835919496109,41.20417154412631,41.537772157173244,112861600,-0.009835734500167614,AAPL,1340,614,66.02999877929688,57.220001220703125,1.0
2019-03-01,41.692657470703125,41.735546954193026,41.19702505785762,41.52824051212283,103544800,0.01051120338564182,AAPL,1339,613,65.06999969482422,55.79999923706055,1.0
2019-03-04,41.90235137939453,42.35509069759693,41.45437513566205,41.86422496802693,109744800,0.005029516500327569,AAPL,1336,610,65.66999816894531,56.59000015258789,1.0
2019-03-05,41.826087951660156,41.938081984197204,41.59018493156289,41.92378549254291,78949600,-0.0018200274023733032,AAPL,1335,609,65.86000061035156,56.560001373291016,1.0
2019-03-06,41.58543014526367,41.81656650222476,41.44722463850816,41.621171381521776,83241600,-0.00575377278110778,AAPL,1334,608,65.98999786376953,56.220001220703125,1.0
2019-03-07,41.104103088378906,41.56637590196308,40.989727471760084,41.430551903030796,99185600,-0.011574415731746002,AAPL,1333,607,66.30000305175781,56.65999984741211,1.0
2019-03-08,41.201786041259766,41.239912445241174,40.389234781584264,40.58462987503848,95997600,0.0023764769339651437,AAPL,1332,606,65.73999786376953,56.06999969482422,1.0
2019-03-11,42.629119873046875,42.68154278377652,41.78321232504616,41.8165720286073,128044000,0.03464252327211659,AAPL,1329,603,66.58000183105469,56.790000915527344,1.0
2019-03-12,43.10807418823242,43.52745383687402,42.741113814227916,42.8912342977693,129870400,0.011235378929049356,AAPL,1328,602,66.66999816894531,56.869998931884766,1.0
2019-03-13,43.29868698120117,43.67755854133484,43.11044015144397,43.42735903779865,124130000,0.0044217422503365356,AAPL,1327,601,67.55000305175781,58.2599983215332,1.0
2019-03-14,43.78003692626953,43.868204717594026,43.501244327177254,43.82054487971694,94318000,0.011116964015036812,AAPL,1326,600,67.2300033569336,58.61000061035156,1.0
2019-03-15,44.349525451660156,44.63785139707803,43.7824106162076,44.04690664893718,156171600,0.013007949864220159,AAPL,1325,599,67.16000366210938,58.52000045776367,1.0
2019-03-18,44.802268981933594,44.890433115459594,44.27089173604565,44.273276908909104,104879200,0.010208531560657041,AAPL,1322,596,67.54000091552734,59.09000015258789,1.0
2019-03-19,44.44722366333008,45.03340534638429,44.30186992001534,44.88090335634377,126585600,-0.007924717356317057,AAPL,1321,595,67.61000061035156,59.029998779296875,1.0
2019-03-20,44.835636138916016,45.15255512807773,44.01831798035479,44.37574491965877,124140800,0.00873873424644045,AAPL,1320,594,68.5,59.83000183105469,1.0
2019-03-21,46.4869384765625,46.782412668747526,45.228796167797555,45.278837530094265,204136800,0.03683013066950114,AAPL,1319,593,67.86000061035156,59.97999954223633,1.0
2019-03-22,45.52427291870117,47.10648249507304,45.45993505954188,46.546512238552936,169630800,-0.02070830193187878,AAPL,1318,592,67.02999877929688,59.040000915527344,1.0
2019-03-25,44.97383117675781,45.7458708587234,44.4639023409663,45.633876819634864,175381200,-0.012091170416414054,AAPL,1315,589,67.20999908447266,58.81999969482422,1.0
2019-03-26,44.50917434692383,45.96033017793337,43.98256747013785,45.66962270436676,199202000,-0.010331715526030516,AAPL,1314,588,67.97000122070312,59.939998626708984,1.0
2019-03-27,44.90949630737305,45.216881824139065,44.45199033761694,44.97621570071659,119393600,0.008994144832454865,AAPL,1313,587,67.83000183105469,59.40999984741211,1.0
2019-03-28,44.96906661987305,45.169224796190974,44.685507385455566,45.02387105568849,83121600,0.001326452474378348,AAPL,1312,586,67.81999969482422,59.29999923706055,1.0
2019-03-29,45.26215744018555,45.2931356005877,44.926175293457625,45.23356445269698,94256000,0.006517609600172891,AAPL,1311,585,68.38999938964844,60.13999938964844,1.0
2019-04-01,45.569549560546875,45.67439173346239,44.88805543895594,45.66486194899173,111448000,0.006791371373924271,AAPL,1308,582,69.01000213623047,61.59000015258789,1.0
2019-04-02,46.23196792602539,46.33681370641152,45.524262544352574,45.53379232623605,91062800,0.01453642557072854,AAPL,1307,581,69.37000274658203,62.58000183105469,1.0
2019-04-03,46.54890060424805,46.822926454826096,46.02467154689668,46.0485014625707,93087200,0.0068552711995684135,AAPL,1306,580,69.30999755859375,62.459999084472656,1.0
2019-04-04,46.629913330078125,46.791945110655476,46.02228688104425,46.41545501139502,76457200,0.0017403789300811656,AAPL,1305,579,69.4000015258789,62.099998474121094,1.0
2019-04-05,46.94206237792969,46.965892290363215,46.68709613144077,46.811005131413616,74106400,0.006694180313867593,AAPL,1304,578,70.33999633789062,63.08000183105469,1.0
2019-04-08,47.68075180053711,47.71172632732698,46.78479934209682,46.80386254716306,103526800,0.015736194474376575,AAPL,1301,575,71.0999984741211,64.4000015258789,-1.0
2019-04-09,47.53776931762695,48.33602404124384,47.47343146891006,47.733164400421316,143072800,-0.0029987464020763133,AAPL,1300,574,70.61000061035156,63.97999954223633,-1.0
2019-04-10,47.80465316772461,47.833249790891394,47.22323818776864,47.34238048248308,86781200,0.005614143320744613,AAPL,1299,573,71.7300033569336,64.61000061035156,-1.0
2019-04-11,47.40671157836914,47.895195644215804,47.285187764028926,47.85945441527274,83603200,-0.008324327507602147,AAPL,1298,572,70.83000183105469,63.58000183105469,-1.0
2019-04-12,47.38765335083008,47.69027578606465,46.75381913013985,47.46628769869107,111042800,-0.00040201538779072177,AAPL,1297,571,71.55000305175781,63.88999938964844,-1.0
2019-04-15,47.47343826293945,47.62117718246721,47.18273076972158,47.31855473245824,70146400,0.0018102798101073958,AAPL,1294,568,71.18000030517578,63.400001525878906,-1.0
2019-04-16,47.47821044921875,47.98337267920693,47.31379347996625,47.528251819139626,102785600,0.00010052329163245943,AAPL,1293,567,71.72000122070312,64.05000305175781,-1.0
2019-04-17,48.402748107910156,48.462319253167394,47.325700783597725,47.54730369870625,115627200,0.01947288345419551,AAPL,1292,566,71.62000274658203,63.7599983215332,-1.0
2019-04-18,48.57669448852539,48.64579541672132,48.25739402484164,48.400362590881734,96783200,0.0035937294351022775,AAPL,1291,565,71.97000122070312,64.0,-1.0
2019-04-22,48.736351013183594,48.83404857594951,48.214507135311784,48.331267903197975,77758000,0.003286689766342832,AAPL,1287,561,74.04000091552734,65.69999694824219,-1.0
2019-04-23,49.43928146362305,49.503619315451935,48.58622226846949,48.71251279943443,93292000,0.014423124337915816,AAPL,1286,560,74.51000213623047,66.30000305175781,-1.0
2019-04-24,49.363040924072266,49.677574720140036,49.3368294714054,49.41069711912076,70162400,-0.0015421045228353192,AAPL,1285,559,74.56999969482422,65.88999938964844,-1.0
2019-04-25,48.91505432128906,49.50599901366292,48.87692791895943,49.28439611749792,74172800,-0.009075344516807138,AAPL,1284,558,74.3499984741211,65.20999908447266,-1.0
2019-04-26,48.681549072265625,48.84834758072015,48.16208670486749,48.82451766411174,74596400,-0.00477368884208329,AAPL,1283,557,72.1500015258789,63.29999923706055,-1.0
2019-04-29,48.755393981933594,49.079461062602014,48.57668059853409,48.705352634771174,88818800,0.0015168972860404306,AAPL,1280,554,72.04000091552734,63.5,-1.0
2019-04-30,47.81656265258789,48.467078489226644,47.44483931736575,48.386062610715946,186139600,-0.01925594796123664,AAPL,1279,553,72.80000305175781,63.90999984741211,-1.0
2019-05-01,50.163673400878906,51.30505499845377,49.85628424061624,50.01117140720834,259309200,0.04908572716412074,AAPL,1278,552,72.18000030517578,63.599998474121094,-1.0
2019-05-02,49.83721923828125,50.671215281428715,49.594171580722325,50.00163618282265,127985200,-0.006507780241467254,AAPL,1277,551,70.75,61.810001373291016,-1.0
2019-05-03,50.456756591796875,50.47820133000278,50.09456303527242,50.251831720650216,83569600,0.012431218334102878,AAPL,1276,550,70.8499984741211,61.939998626708984,-1.0
2019-05-06,49.677574157714844,49.7633567622048,48.490917825549325,48.679161066436805,129772400,-0.01544257868942589,AAPL,1273,547,71.23999786376953,62.25,-1.0
2019-05-07,48.33842468261719,49.425002114717195,47.854707129607185,49.05804535020229,155054800,-0.02695682101638386,AAPL,1272,546,69.87999725341797,61.400001525878906,-1.0
2019-05-08,48.34793472290039,48.929349618462254,48.07390893920655,48.10965016805922,105358000,0.0001967387300194634,AAPL,1271,545,70.37000274658203,62.119998931884766,-1.0
2019-05-09,47.8284912109375,48.057242419549205,46.861056195160906,47.75223838411033,139634400,-0.010743861448064163,AAPL,1270,544,70.38999938964844,61.70000076293945,-1.0
2019-05-10,47.165897369384766,47.56536833430933,46.11101823277178,47.22330722271242,164834800,-0.013853538440727786,AAPL,1269,543,70.62000274658203,61.65999984741211,-1.0
2019-05-13,44.424644470214844,45.324043662968705,43.73813514502486,44.900658286424814,229722400,-0.058119383962982996,AAPL,1266,540,70.2300033569336,61.040000915527344,1.0
2019-05-14,45.12788772583008,45.3766564067439,44.350480579312546,44.58968277824102,146118800,0.01583002551853241,AAPL,1265,539,71.23999786376953,61.779998779296875,-1.0
2019-05-15,45.66848373413086,45.86702199876712,44.49639441030362,44.55619496049758,106178800,0.011979200346914576,AAPL,1264,538,71.7699966430664,62.02000045776367,-1.0
2019-05-16,45.467559814453125,46.039252991844464,45.17094773855048,45.4268958737944,132125600,-0.004399618801610661,AAPL,1263,537,72.62000274658203,62.869998931884766,-1.0
2019-05-17,45.20922088623047,45.66370365738736,44.673406583972145,44.7140705245547,131516400,-0.005681829622634305,AAPL,1262,536,72.20999908447266,62.7599983215332,-1.0
2019-05-20,43.7955322265625,44.09692935038118,43.12337459318291,43.89839107594167,154449200,-0.03126991865720341,AAPL,1259,533,71.97000122070312,63.099998474121094,1.0
2019-05-21,44.6351432800293,44.97002498483525,44.180656795007685,44.30504299247997,113459200,0.01917115766794053,AAPL,1258,532,72.18000030517578,62.9900016784668,-1.0
2019-05-22,43.721378326416016,44.422242678436454,43.666362841765874,44.17107963556311,118994400,-0.02047187230654901,AAPL,1257,531,70.98999786376953,61.41999816894531,1.0
2019-05-23,42.975074768066406,43.18557025463366,42.53254916971738,43.008562935243226,146118800,-0.01706953410246681,AAPL,1256,530,67.76000213623047,57.90999984741211,1.0
2019-05-24,42.81001663208008,43.568287143398116,42.72629440483175,43.10423430651815,94858800,-0.003840787639745491,AAPL,1255,529,68.69000244140625,58.630001068115234,1.0
2019-05-28,42.63301086425781,43.19752825231062,42.55646805143749,42.79806098088244,111792800,-0.004134681127164641,AAPL,1251,525,70.11000061035156,59.13999938964844,1.0
2019-05-29,42.42970275878906,42.900931555316085,42.09960243535015,42.20006695771477,113924800,-0.004768795385249214,AAPL,1250,524,69.44999694824219,58.810001373291016,1.0
2019-05-30,42.64976119995117,42.87221753680418,42.259860370916826,42.5660389538605,84873600,0.0051864242936872085,AAPL,1249,523,66.87000274658203,56.59000015258789,1.0
2019-05-31,41.87713623046875,42.575606305283934,41.8579996140433,42.15460804379681,108174400,-0.01811557550956011,AAPL,1248,522,64.48999786376953,53.5,1.0
2019-06-03,41.4537467956543,42.558859919788816,40.72896433762629,42.00391264942133,161584400,-0.010110276702885113,AAPL,1245,519,61.279998779296875,53.25,1.0
2019-06-04,42.97028732299805,43.01573632949458,41.74557310553312,41.96563871336283,123872000,0.036583919297319856,AAPL,1244,518,61.970001220703125,53.47999954223633,1.0
2019-06-05,43.66397476196289,44.25002316291043,43.32909308993842,44.08018796856743,119093600,0.01614342100509014,AAPL,1243,517,60.630001068115234,51.68000030517578,1.0
2019-06-06,44.3050422668457,44.36484283100569,43.57068958699141,43.79314958363369,90105200,0.014681840312926964,AAPL,1242,516,61.66999816894531,52.59000015258789,1.0
2019-06-07,45.48429489135742,45.90768378892111,44.43659178289126,44.613599067232066,122737600,0.02661666853648792,AAPL,1241,515,63.290000915527344,53.9900016784668,1.0
2019-06-10,46.06556701660156,46.732939648630975,45.83593126422042,45.88138027302039,104883600,0.01277962265068755,AAPL,1238,512,62.290000915527344,53.2599983215332,1.0
2019-06-11,46.5989875793457,46.88363882764626,46.30955491422111,46.610948421278835,107731600,0.011579593985066916,AAPL,1237,511,62.290000915527344,53.27000045776367,1.0
2019-06-12,46.45068359375,46.87646328917654,46.259321071663166,46.393273742142995,73012800,-0.0031825581047910667,AAPL,1236,510,59.970001220703125,51.13999938964844,1.0
2019-06-13,46.44111251831055,47.072606273434246,46.30955420885947,46.57267447769808,86698400,-0.00020604810734670131,AAPL,1235,509,61.310001373291016,52.279998779296875,1.0
2019-06-14,46.103851318359375,46.30717107767437,45.520197138796654,45.819200005381056,75046000,-0.007262125768804473,AAPL,1234,508,62.0099983215332,52.5099983215332,1.0
2019-06-17,46.37892532348633,46.63487348967202,45.96749715069551,46.14211377579519,58676400,0.005966399709809389,AAPL,1231,505,60.939998626708984,51.93000030517578,1.0
2019-06-18,47.46968460083008,47.90981585388891,46.69467166608227,46.89560067509566,106204000,0.023518425011702204,AAPL,1230,504,62.13999938964844,53.900001525878906,1.0
2019-06-19,47.33094787597656,47.811746732774715,47.19699520042928,47.76390336299069,84496800,-0.002922638437987235,AAPL,1229,503,61.81999969482422,53.7599983215332,1.0
2019-06-20,47.711280822753906,47.98636194123762,47.36921971853001,47.928952089147415,86056000,0.008035608071360612,AAPL,1228,502,64.44999694824219,56.650001525878906,1.0
2019-06-21,47.54862594604492,48.04377638657859,47.397927351110866,47.55341101332739,191202400,-0.0034091492390079248,AAPL,1227,501,65.19999694824219,57.43000030517578,1.0
2019-06-24,47.50077438354492,47.87871430604713,47.402700603352024,47.491204251365325,72881600,-0.0010063710895515943,AAPL,1224,498,64.86000061035156,57.900001525878906,1.0
2019-06-25,46.78078079223633,47.66343393459677,46.71380081144238,47.464895650291474,84281200,-0.015157512706950982,AAPL,1223,497,65.05000305175781,57.83000183105469,1.0
2019-06-26,47.79261016845703,48.07726142928263,47.206565387311976,47.30702989408513,104270000,0.021629168198676663,AAPL,1222,496,66.48999786376953,59.380001068115234,1.0
2019-06-27,47.778263092041016,48.21600368750745,47.73759914382003,47.90982142160545,83598800,-0.0003001944519339661,AAPL,1221,495,66.55000305175781,59.43000030517578,1.0
2019-06-28,47.342899322509766,47.72083923918838,47.1347945750101,47.52469168182497,124442400,-0.009112172384595829,AAPL,1220,494,66.55000305175781,58.470001220703125,1.0
2019-07-01,48.21120834350586,48.91446345681218,47.99592415477376,48.59871477331292,109012000,0.018340850125823316,AAPL,1217,491,65.05999755859375,59.09000015258789,1.0
2019-07-02,48.49346160888672,48.589144680081205,48.16575575864351,48.17771659878482,67740800,0.005854515476355626,AAPL,1216,490,62.400001525878906,56.25,1.0
2019-07-03,48.89532470703125,48.90250048134883,48.48389661312159,48.625025041282115,45448000,0.008286954257579415,AAPL,1215,489,63.81999969482422,57.34000015258789,1.0
2019-07-05,48.852264404296875,49.05558773477184,48.53412503952128,48.64176894973504,69062000,-0.0008806629875633964,AAPL,1213,487,64.2300033569336,57.5099983215332,1.0
2019-07-08,47.845218658447266,48.17531516828361,47.46010302202534,48.03418676516845,101354400,-0.020614105776456726,AAPL,1210,484,64.11000061035156,57.65999984741211,1.0
2019-07-09,48.13705825805664,48.20164023244244,47.555794939029724,47.64908366307894,82312000,0.006099660693218434,AAPL,1209,483,64.16000366210938,57.83000183105469,1.0
2019-07-10,48.613059997558594,48.73266109242535,48.21359277869593,48.28296345768267,71588400,0.009888467570040804,AAPL,1208,482,67.01000213623047,60.43000030517578,1.0
2019-07-11,48.25904846191406,48.890542184265826,48.24948197897164,48.63220334558516,80767200,-0.007282231064292377,AAPL,1207,481,66.5199966430664,60.20000076293945,1.0
2019-07-12,48.629817962646484,48.79725880699689,48.36669402871252,48.426494590976,70380800,0.007682901187432867,AAPL,1206,480,66.72000122070312,60.209999084472656,1.0
2019-07-15,49.08668518066406,49.244555859075206,48.797248912027776,48.81877623409258,67789600,0.009394795974118297,AAPL,1203,477,66.4800033569336,59.58000183105469,1.0
2019-07-16,48.916847229003906,49.301962895972956,48.677645042065016,48.938374549843836,67467200,-0.003459959682245106,AAPL,1202,476,64.3499984741211,57.619998931884766,1.0
2019-07-17,48.64177703857422,49.05798660085317,48.622640421352486,48.80921787684371,56430000,-0.005623219933654888,AAPL,1201,475,63.65999984741211,56.779998779296875,1.0
2019-07-18,49.19434356689453,49.24696836240016,48.725505475099986,48.79726689169287,74162400,0.01135991655654589,AAPL,1200,474,61.93000030517578,55.29999923706055,1.0
2019-07-19,48.45997619628906,49.39525773939744,48.40496070844038,49.2254225596,83717200,-0.014927882300266426,AAPL,1199,473,62.470001220703125,55.630001068115234,1.0
2019-07-22,49.56748580932617,49.56987651762095,48.7039656231899,48.71353210630533,89111600,0.022854109720382487,AAPL,1196,470,63.2599983215332,56.220001220703125,1.0
2019-07-23,49.954994201660156,49.971740110187,49.58423000504602,49.864099833734244,73420800,0.007817793983431631,AAPL,1195,469,63.83000183105469,56.77000045776367,-1.0
2019-07-24,49.91432571411133,50.02914175520972,49.55552239198474,49.67512349936027,59966400,-0.0008141025376693367,AAPL,1194,468,63.18000030517578,55.880001068115234,-1.0
2019-07-25,49.51963424682617,50.050663356129256,49.4502635735743,49.96694113666954,55638400,-0.0079073785258722,AAPL,1193,467,63.38999938964844,56.02000045776367,1.0
2019-07-26,49.69186782836914,50.16787788464866,49.548345044101694,49.62967291854977,70475600,0.003478086705658745,AAPL,1192,466,63.459999084472656,56.20000076293945,1.0
2019-07-29,50.15591812133789,50.385553851109734,49.859309714055385,49.864094780283324,86693600,0.009338556050489721,AAPL,1189,463,63.709999084472656,56.869998931884766,-1.0
2019-07-30,49.94063949584961,50.27073972938734,49.589011938368884,49.93585442943909,135742800,-0.004292187912251499,AAPL,1188,462,64.72000122070312,58.04999923706055,-1.0
2019-07-31,50.95964431762695,52.95219944273716,50.54343475015479,51.768149068134655,277125600,0.020404320650760477,AAPL,1187,461,65.16999816894531,58.58000183105469,-1.0
2019-08-01,49.85691833496094,52.15326117014312,49.452669637980264,51.165354806371035,216071600,-0.021639200929127855,AAPL,1186,460,60.5,53.95000076293945,-1.0
2019-08-02,48.802040100097656,49.37851470178692,48.23034691506533,49.163234154260714,163448400,-0.021158111453582817,AAPL,1185,459,61.88999938964844,55.65999984741211,1.0
2019-08-05,46.24735641479492,47.51751962109188,46.0655640412733,47.35964892958403,209572000,-0.052347887097810575,AAPL,1182,456,59.810001373291016,54.689998626708984,1.0
2019-08-06,47.122825622558594,47.37877368628459,46.41478562144608,46.95777554780973,143299200,0.018930145972270163,AAPL,1181,455,58.939998626708984,53.630001068115234,1.0
2019-08-07,47.61081314086914,47.73519932999547,46.36218078247986,46.74251147526255,133457600,0.010355650618644852,AAPL,1180,454,56.22999954223633,51.09000015258789,1.0
2019-08-08,48.6609001159668,48.68482179511622,47.6945248672639,47.88827805859261,108038000,0.022055640427536938,AAPL,1179,453,57.380001068115234,52.540000915527344,1.0
2019-08-09,48.25992965698242,48.684923651503915,47.85173786990309,48.33436350922728,98478800,-0.008240095395457114,AAPL,1178,452,58.529998779296875,54.5,1.0
2019-08-12,48.1374626159668,48.514438725738295,47.818114477569125,47.93096696496544,89927600,-0.0025376547766663426,AAPL,1175,449,58.56999969482422,54.93000030517578,1.0
2019-08-13,50.17600631713867,50.9371579045492,48.13746218750722,48.26712420599327,188874000,0.04234838295144594,AAPL,1174,448,61.29999923706055,57.099998474121094,1.0
2019-08-14,48.68252182006836,49.568532297848215,48.64410316767906,48.78096824288931,146189600,-0.029764913684654504,AAPL,1173,447,59.47999954223633,55.22999954223633,1.0
2019-08-15,48.439998626708984,49.2563746314281,47.942967055319286,48.85298987534668,108909600,-0.004981730286194863,AAPL,1172,446,58.22999954223633,54.470001220703125,1.0
2019-08-16,49.58293914794922,49.74141334366734,48.94424278130665,49.04989224511873,110481600,0.02359497427008672,AAPL,1171,445,58.63999938964844,54.869998931884766,1.0
2019-08-19,50.50737380981445,51.078835764252794,50.43053649544689,50.57220117203168,97654400,0.018644208628028958,AAPL,1168,442,59.7400016784668,56.209999084472656,1.0
2019-08-20,50.509765625,51.22769905454453,50.50016279412302,50.634624409226056,107537200,4.7355762240908206e-05,AAPL,1167,441,60.029998779296875,56.34000015258789,1.0
2019-08-21,51.057220458984375,51.299731333447795,50.80750654514709,51.14126080341854,86141600,0.010838593828544907,AAPL,1166,440,60.29999923706055,55.68000030517578,1.0
2019-08-22,51.014007568359375,51.48942653587371,50.60341596200284,51.18928765116433,89014800,-0.0008463619883051221,AAPL,1165,439,59.91999816894531,55.349998474121094,1.0
2019-08-23,48.656105041503906,50.91555099493653,48.262323049739784,50.28645752648354,187272000,-0.04622068798840895,AAPL,1164,438,59.34000015258789,54.16999816894531,1.0
2019-08-26,49.580535888671875,49.74861290398016,49.23717515529538,49.429264742992345,104174400,0.01899927761129727,AAPL,1161,435,58.70000076293945,53.63999938964844,1.0
2019-08-27,49.02106857299805,50.07515584403641,48.86979745227065,49.90947864777375,103493200,-0.011284011066964972,AAPL,1160,434,59.5099983215332,54.93000030517578,1.0
2019-08-28,49.350032806396484,49.39565450041869,48.81938934092808,49.00667570095276,63755200,0.006710670390804863,AAPL,1159,433,60.4900016784668,55.779998779296875,1.0
2019-08-29,50.18562316894531,50.26006069269831,49.62136424313561,50.06316781843114,83962000,0.01693191098427249,AAPL,1158,432,61.08000183105469,56.709999084472656,1.0
2019-08-30,50.12077713012695,50.53136493485516,49.75100409655746,50.461734349049834,84573600,-0.0012921238140265467,AAPL,1157,431,60.43000030517578,55.099998474121094,1.0
2019-09-03,49.390838623046875,49.69818045135938,49.03547532102372,49.56611865080238,80092000,-0.01456359116669248,AAPL,1153,427,58.2599983215332,53.939998626708984,1.0
2019-09-04,50.22883224487305,50.29846283883695,49.77982574387522,50.036742667870506,76752400,0.016966580142964816,AAPL,1152,426,60.70000076293945,56.2599983215332,1.0
2019-09-05,51.21089553833008,51.37657278490871,50.785897861950716,50.903553620893206,95654800,0.019551784295309238,AAPL,1151,425,60.95000076293945,56.29999923706055,1.0
2019-09-06,51.206077575683594,51.484607253260535,51.025994300943886,51.39576734347277,77449200,-9.408081221462528e-05,AAPL,1150,424,61.540000915527344,56.52000045776367,1.0
2019-09-09,51.424583435058594,51.96963654756328,50.68024137405337,51.58545739982879,109237600,0.004267186039626614,AAPL,1147,421,62.59000015258789,57.849998474121094,1.0
2019-09-10,52.032081604003906,52.05129093423247,50.833929399413904,51.35016686801297,127111600,0.011813380456693334,AAPL,1146,420,62.380001068115234,57.400001525878906,1.0
2019-09-11,53.686439514160156,53.7152553373028,52.27938833354673,52.36102889134553,177158400,0.03179495917051578,AAPL,1145,419,60.810001373291016,55.75,1.0
2019-09-12,53.566375732421875,54.36594600540606,53.51115121424335,53.976967258907166,128906800,-0.002236389353155288,AAPL,1144,418,60.380001068115234,55.09000015258789,1.0
2019-09-13,52.524295806884766,53.014120770564304,52.10890468762575,52.82443464006696,159053200,-0.01945399350410737,AAPL,1143,417,60.220001220703125,54.849998474121094,1.0
2019-09-16,52.800411224365234,52.85563939626761,52.2385523233491,52.279370756622576,84632400,0.005256908507553559,AAPL,1140,414,69.0199966430664,62.900001525878906,1.0
2019-09-17,52.99250793457031,53.02132375192014,52.61313203639829,52.81482810263167,73274800,0.003638166933753517,AAPL,1139,413,64.55000305175781,59.34000015258789,1.0
2019-09-18,53.489540100097656,53.50874942392138,52.68996985697935,53.07894858894895,101360000,0.009379291241339738,AAPL,1138,412,63.599998474121094,58.11000061035156,1.0
2019-09-19,53.0549430847168,53.72725114264616,52.91327477040642,53.307056774538246,88242400,-0.008124897214812021,AAPL,1137,411,64.4000015258789,58.130001068115234,1.0
2019-09-20,52.27937316894531,53.439109875358426,52.21694562055294,53.15578062057358,221652400,-0.01461824046315674,AAPL,1136,410,64.27999877929688,58.09000015258789,1.0
2019-09-23,52.5171012878418,52.78602455358315,52.26018064633163,52.57232581624124,76662000,0.0045472641404527,AAPL,1133,407,64.7699966430664,58.63999938964844,1.0
2019-09-24,52.26736831665039,53.42230547207564,52.14971625438767,53.07174174905982,124763200,-0.004755269523019523,AAPL,1132,406,63.099998474121094,57.290000915527344,1.0
2019-09-25,53.07175064086914,53.184603139280306,52.137718705200996,52.47627620043449,87613600,0.015389761339150931,AAPL,1131,405,62.38999938964844,56.4900016784668,1.0
2019-09-26,52.798030853271484,53.050148246862,52.54351366759515,52.82444322143439,75334000,-0.005157542087689704,AAPL,1130,404,62.7400016784668,56.40999984741211,1.0
2019-09-27,52.54111099243164,53.05494858356497,52.17133785844145,52.95409870061891,101408000,-0.004866087933351859,AAPL,1129,403,61.90999984741211,55.90999984741211,1.0
2019-09-30,53.777671813964844,53.92413970007018,53.01411677472275,53.040529136604164,103909600,0.023535109901108298,AAPL,1126,400,60.779998779296875,54.06999969482422,1.0
2019-10-01,53.926544189453125,54.79814854366671,53.832901018952796,54.04180014068749,139223200,0.002768293428605073,AAPL,1125,399,58.88999938964844,53.619998931884766,1.0
2019-10-02,52.5747184753418,53.68403038252034,52.3274007167669,53.55917160743665,138449200,-0.02506790921669544,AAPL,1124,398,57.689998626708984,52.63999938964844,1.0
2019-10-03,53.02133560180664,53.05495100972436,51.655102837499456,52.44746654753214,114426000,0.008494902862376863,AAPL,1123,397,57.709999084472656,52.45000076293945,1.0
2019-10-04,54.507606506347656,54.622862444828854,53.75846122523863,54.17865555013315,138478800,0.028031562910881824,AAPL,1122,396,58.369998931884766,52.810001373291016,1.0
2019-10-07,54.51961898803711,55.20873658677315,54.22668318942507,54.3299328547412,122306000,0.0002203817496198024,AAPL,1119,393,58.349998474121094,52.75,1.0
2019-10-08,53.88092041015625,54.75972776925968,53.8641145411307,54.221881339577685,111820000,-0.011715022770445338,AAPL,1118,392,58.2400016784668,52.630001068115234,1.0
2019-10-09,54.51240921020508,54.69489228194408,54.17865501059328,54.51240921020508,74770400,0.011720081899896373,AAPL,1117,391,58.31999969482422,52.59000015258789,1.0
2019-10-10,55.24715042114258,55.331190753868945,54.577242206069194,54.72850967565127,113013600,0.01347842118120779,AAPL,1116,390,59.099998474121094,53.54999923706055,1.0
2019-10-11,56.71664047241211,57.05999756214249,55.780205051339095,55.93387599775765,166795600,0.026598476845733687,AAPL,1115,389,60.5099983215332,54.70000076293945,1.0
2019-10-14,56.63499069213867,57.17764399561088,56.34685817252537,56.402082686698684,96427600,-0.0014396088977299826,AAPL,1112,386,59.349998474121094,53.59000015258789,1.0
2019-10-15,56.502933502197266,57.06238901917909,56.397284055002885,56.75985041805286,87360000,-0.0023317244044278596,AAPL,1111,385,58.7400016784668,52.810001373291016,1.0
2019-10-16,56.27482986450195,56.48372898515924,55.99390035444989,56.03471879637498,73903200,-0.004037022921764666,AAPL,1110,384,59.41999816894531,53.36000061035156,1.0
2019-10-17,56.49333190917969,56.70222736637808,56.070737747547255,56.447710219951496,67585200,0.0038827668640464275,AAPL,1109,383,59.90999984741211,53.93000030517578,1.0
2019-10-18,56.7646598815918,57.045589398505086,56.255621913343404,56.327655968301634,97433600,0.004802831825325926,AAPL,1108,382,59.41999816894531,53.779998779296875,1.0
2019-10-21,57.74911117553711,57.864367125177715,56.9831599524487,57.0311814328969,87247200,0.017342679336030953,AAPL,1105,379,58.959999084472656,53.310001373291016,1.0
2019-10-22,57.6170654296875,58.154911988634055,57.53542486515749,57.90519803823814,82293600,-0.0022865416135711136,AAPL,1104,378,59.70000076293945,54.15999984741211,1.0
2019-10-23,58.39021301269531,58.40462275566765,57.91959732879052,58.13089626006461,75828800,0.013418725463401504,AAPL,1103,377,61.16999816894531,55.970001220703125,1.0
2019-10-24,58.48625564575195,58.77919144814045,58.06125802035155,58.7095571851868,69275200,0.0016448412859146888,AAPL,1102,376,61.66999816894531,56.22999954223633,1.0
2019-10-25,59.20657730102539,59.24259248944674,58.31816723653138,58.38539803078692,73477200,0.012316084305967312,AAPL,1101,375,62.02000045776367,56.65999984741211,1.0
2019-10-28,59.79965591430664,59.84767739008357,59.24019674518622,59.408273742307344,96572800,0.01001710688773394,AAPL,1098,372,61.56999969482422,55.810001373291016,1.0
2019-10-29,58.416622161865234,59.96774132739238,58.24374555756727,59.78045498091568,142839600,-0.023127787799035238,AAPL,1097,371,61.59000015258789,55.540000915527344,1.0
2019-10-30,58.40941619873047,58.89924482176762,57.91719144782321,58.76958279527963,124522000,-0.00012335466975132992,AAPL,1096,370,60.61000061035156,55.060001373291016,1.0
2019-10-31,59.73003005981445,59.82847648047376,56.96875268058943,59.365063861542914,139162000,0.022609605557274648,AAPL,1095,369,60.22999954223633,54.18000030517578,1.0
2019-11-01,61.42521286010742,61.45162155934046,59.82607232816422,59.917312039179826,151125200,0.028380745809024166,AAPL,1094,368,61.689998626708984,56.20000076293945,1.0
2019-11-04,61.82858657836914,61.91262689943389,61.31955239720896,61.787764481529685,103272000,0.006566907943491795,AAPL,1091,365,62.130001068115234,56.540000915527344,1.0
2019-11-05,61.73976135253906,61.99427850362642,61.5452719696819,61.72054836324468,79897600,-0.001436636849485362,AAPL,1090,364,62.959999084472656,57.22999954223633,1.0
2019-11-06,61.76615905761719,61.82618681516117,61.31715260360538,61.65330658033023,75864400,0.0004275640932169811,AAPL,1089,363,61.7400016784668,56.349998474121094,1.0
2019-11-07,62.47901916503906,62.70058775080912,62.161119287475856,62.31284456311313,94940400,0.011541273057903645,AAPL,1088,362,62.290000915527344,57.150001525878906,1.0
2019-11-08,62.65003204345703,62.722278694428965,61.85769280629216,62.30082274800635,69986400,0.0027371248893366396,AAPL,1087,361,62.5099983215332,57.2400016784668,1.0
2019-11-11,63.14613342285156,63.211155396483534,62.202069046791834,62.20688303941407,81821200,0.007918613338464331,AAPL,1084,358,62.18000030517578,56.86000061035156,1.0
2019-11-12,63.08833694458008,63.28823158323448,62.83787700281728,62.989594960966514,87388800,-0.0009152813503948698,AAPL,1083,357,62.060001373291016,56.79999923706055,1.0
2019-11-13,63.69282150268555,63.767478813815906,62.87399440184441,62.88844372983046,102734400,0.009581557976975574,AAPL,1082,356,62.369998931884766,57.119998931884766,1.0
2019-11-14,63.25209045410156,63.79155153017044,63.12203917697569,63.519410321387355,89182800,-0.006919634555134335,AAPL,1081,355,62.279998779296875,56.77000045776367,1.0
2019-11-15,64.00348663330078,64.0083006253325,63.34119892343502,63.50255217696832,100206400,0.011879388867700236,AAPL,1080,354,63.29999923706055,57.720001220703125,1.0
2019-11-18,64.32621765136719,64.40568896392628,63.635031105699284,64.01313169523063,86703200,0.005042397454305014,AAPL,1077,351,62.439998626708984,57.04999923706055,1.0
2019-11-19,64.13113403320312,64.54295455850364,63.914386775129536,64.51886989658281,76167200,-0.003032723285882777,AAPL,1076,350,60.90999984741211,55.209999084472656,1.0
2019-11-20,63.38456726074219,64.08056783760952,62.71264400137363,63.95052386452542,106234400,-0.01164125324954357,AAPL,1075,349,62.400001525878906,57.11000061035156,1.0
2019-11-21,63.10036849975586,63.582032299976326,62.90047390688483,63.504964328035534,121395200,-0.004483721720734191,AAPL,1074,348,63.970001220703125,58.58000183105469,1.0
2019-11-22,63.044986724853516,63.3821499803746,62.81860410694484,63.24006001374813,65325200,-0.0008776775194674347,AAPL,1073,347,63.38999938964844,57.77000045776367,1.0
2019-11-25,64.15042114257812,64.16728114713578,63.22321643683277,63.26897510656946,84020400,0.017534057427104344,AAPL,1070,344,63.650001525878906,58.0099983215332,1.0
2019-11-26,63.64949417114258,64.3406808659721,63.218402814062635,64.28769752962927,105207600,-0.0078086310660721026,AAPL,1069,343,64.2699966430664,58.40999984741211,1.0
2019-11-27,64.5044174194336,64.53813741439751,63.89511298558591,63.96013495495072,65235600,0.013431736723504395,AAPL,1068,342,64.05999755859375,58.11000061035156,1.0
2019-11-29,64.36234283447266,64.54296680875088,64.0372182108502,64.20580352668654,46617600,-0.0022025558968638004,AAPL,1066,340,62.43000030517578,55.16999816894531,1.0
2019-12-02,63.6181755065918,64.60317740407082,63.44718686194022,64.36715942230869,94487200,-0.01156215412783701,AAPL,1063,337,60.91999816894531,55.959999084472656,1.0
2019-12-03,62.48384094238281,62.50310426103313,61.722811237581595,62.20928904177194,114430400,-0.01783035359276297,AAPL,1062,336,60.81999969482422,56.099998474121094,1.0
2019-12-04,63.035343170166016,63.41345104116114,62.780061927870314,62.87398990266559,67181600,0.008826317644136994,AAPL,1061,335,63.0,58.43000030517578,1.0
2019-12-05,63.96015548706055,64.03482016421954,63.273790207946085,63.52907152465446,74424400,0.014671329929908827,AAPL,1060,334,63.38999938964844,58.43000030517578,1.0
2019-12-06,65.19560241699219,65.26544572676671,64.37436474563619,64.41772007388622,106075600,0.019315883779888132,AAPL,1059,333,64.38999938964844,59.20000076293945,1.0
2019-12-09,64.28287506103516,65.2172969657752,63.798800431426635,65.02463432244109,128042400,-0.013999830082391362,AAPL,1056,330,64.25,59.02000045776367,1.0
2019-12-10,64.65856170654297,65.04148360806178,64.02757585193183,64.68746036332061,90420400,0.005844272602168354,AAPL,1055,329,64.33999633789062,59.2400016784668,1.0
2019-12-11,65.21006774902344,65.28954641231785,64.66338184077233,64.73803916107421,78756800,0.008529512997575095,AAPL,1054,328,63.720001220703125,58.7599983215332,1.0
2019-12-12,65.3762435913086,65.64116022447391,64.3792030714425,64.48998371818132,137310400,0.0025483157435861603,AAPL,1053,327,64.19999694824219,59.18000030517578,1.0
2019-12-13,66.264892578125,66.30101589143915,65.2485817157862,65.37622232256687,133587600,0.013592842567885732,AAPL,1052,326,65.22000122070312,60.06999969482422,1.0
2019-12-16,67.39922332763672,67.62320261796066,66.70563351279964,66.71044750574998,128186000,0.017118125531922823,AAPL,1049,323,65.33999633789062,60.209999084472656,1.0
2019-12-17,67.53169250488281,67.85922045100963,67.14394921761478,67.32939453528536,114158400,0.0019654407084506165,AAPL,1048,322,66.0999984741211,60.939998626708984,1.0
2019-12-18,67.37033081054688,67.89052873128885,67.22101616979477,67.38478014032236,116028400,-0.0023894217418625185,AAPL,1047,321,66.16999816894531,60.93000030517578,1.0
2019-12-19,67.43777465820312,67.71714066290718,67.18009000136882,67.31254466282935,98369200,0.0010010912347440115,AAPL,1046,320,66.54000091552734,61.220001220703125,1.0
2019-12-20,67.29808044433594,68.07114894305518,67.08614715319112,67.97000364021376,275978000,-0.002071453492871078,AAPL,1045,319,66.13999938964844,60.439998626708984,1.0
2019-12-23,68.3962631225586,68.45647110065944,67.52204210459728,67.56057609253462,98572000,0.01631818724950107,AAPL,1042,316,66.38999938964844,60.52000045776367,1.0
2019-12-24,68.4612808227539,68.61060277279962,68.136163640974,68.56243345348084,48478800,0.000950603106470993,AAPL,1041,315,67.19999694824219,61.11000061035156,1.0
2019-12-26,69.81959533691406,69.83645533824492,68.5648628664668,68.59376152611499,93121200,0.019840623748726305,AAPL,1039,313,67.91999816894531,61.68000030517578,1.0
2019-12-27,69.7930908203125,70.79736320865955,69.38849493923185,70.11099073385043,146266000,-0.0003796142970131644,AAPL,1038,312,68.16000366210938,61.720001220703125,1.0
2019-12-30,70.20732116699219,70.4890977572307,68.69008295692782,69.71120798213394,144114400,0.0059351196774786175,AAPL,1035,309,68.44000244140625,61.68000030517578,1.0
2019-12-31,70.72029113769531,70.72751580123949,69.72565414200866,69.8243961101836,100805600,0.007306502543844351,AAPL,1034,308,66.0,61.060001373291016,1.0
2020-01-02,72.33386993408203,72.39407791515757,71.09117632272992,71.34404690340438,135480400,0.022816348327031166,AAPL,1032,306,66.25,61.18000030517578,1.0
2020-01-03,71.63064575195312,72.38926493117573,71.40667380039741,71.56321309934685,146322800,-0.009721921179797977,AAPL,1031,305,68.5999984741211,63.04999923706055,1.0
2020-01-06,72.20140838623047,72.23994237629597,70.50354624985978,70.75401351048198,118387200,0.007968134703878249,AAPL,1028,302,68.91000366210938,63.27000045776367,1.0
2020-01-07,71.86184692382812,72.46633010238772,71.64268897397623,72.21104883104543,108872000,-0.004702975606596382,AAPL,1027,301,68.2699966430664,62.70000076293945,1.0
2020-01-08,73.0178451538086,73.31888511458335,71.56562867701548,71.56562867701548,132079200,0.01608639743431306,AAPL,1026,300,65.44000244140625,59.61000061035156,1.0
2020-01-09,74.56878662109375,74.76144921222713,73.7427349209394,73.99319481949146,170108400,0.021240581175987483,AAPL,1025,299,65.37000274658203,59.560001373291016,-1.0
2020-01-10,74.73737335205078,75.30092656417412,74.23644614635045,74.8024026801614,140644800,0.0022608217002868525,AAPL,1024,298,64.9800033569336,59.040000915527344,-1.0
2020-01-13,76.33409118652344,76.36058652225458,74.93485817482635,75.05287082554342,121532000,0.0213643825419354,AAPL,1021,295,64.19999694824219,58.08000183105469,-1.0
2020-01-14,75.30333709716797,76.48100893453174,75.18051779267843,76.27148630079421,161954400,-0.01350319461899152,AAPL,1020,294,64.48999786376953,58.22999954223633,-1.0
2020-01-15,74.98062896728516,75.98249090201921,74.54953765831824,75.10345563091921,121923600,-0.004285442615463486,AAPL,1019,293,64.0,57.810001373291016,-1.0
2020-01-16,75.91986083984375,76.03064882750155,75.1612416745226,75.52248959606675,108829200,0.012526326939300336,AAPL,1018,292,64.62000274658203,58.52000045776367,-1.0
2020-01-17,76.76036834716797,76.76277166888072,75.86206254796348,76.16791647174253,137816400,0.011070983245047072,AAPL,1017,291,64.8499984741211,58.540000915527344,-1.0
2020-01-21,76.24015808105469,76.83019183971173,76.1028821310267,76.38947268651397,110843200,-0.006777068392383123,AAPL,1013,287,64.58999633789062,58.34000015258789,-1.0
2020-01-22,76.51229858398438,77.06379835057774,76.41837061392836,76.72422448512405,101832400,0.003569516509138948,AAPL,1012,286,63.209999084472656,56.7400016784668,-1.0
2020-01-23,76.88077545166016,76.96024675038308,76.01859307367198,76.56528622859716,104472000,0.004815916845986701,AAPL,1011,285,62.040000915527344,55.59000015258789,-1.0
2020-01-24,76.65919494628906,77.86816833505755,76.4689357036674,77.1264093803084,146537600,-0.0028821315090716837,AAPL,1010,284,60.689998626708984,54.189998626708984,-1.0
2020-01-27,74.40503692626953,75.08417746726008,73.42484908589569,74.67235687385795,161940000,-0.029404926853183078,AAPL,1007,281,59.31999969482422,53.13999938964844,-1.0
2020-01-28,76.50990295410156,76.68089158109271,75.18532722614749,75.28406920782065,162234000,0.02828929484865128,AAPL,1006,280,59.5099983215332,53.47999954223633,-1.0
2020-01-29,78.1114273071289,78.95674973344263,77.39856685210137,78.13792264122904,216229200,0.020932249175483975,AAPL,1005,279,59.810001373291016,53.33000183105469,-1.0
2020-01-30,77.99824523925781,78.05122856412287,76.76518678742532,77.19627805111793,126743200,-0.0014489822011070075,AAPL,1004,278,58.290000915527344,52.13999938964844,-1.0
2020-01-31,74.53990936279297,77.71166246110458,74.24609404973549,77.29020649112265,199588400,-0.04433863692518314,AAPL,1003,277,58.15999984741211,51.560001373291016,-1.0
2020-02-03,74.33516693115234,75.49838164593486,72.78420907837199,73.285136141255,173788400,-0.0027467491360114726,AAPL,1000,274,54.45000076293945,50.11000061035156,-1.0
2020-02-04,76.78926086425781,76.9795201431656,75.53211792000401,75.93671379066781,136616400,0.03301390222717071,AAPL,999,273,53.959999084472656,49.61000061035156,-1.0
2020-02-05,77.41543579101562,78.21258898353346,76.81335589638837,77.91395235806485,118826800,0.00815445961727268,AAPL,998,272,55.279998779296875,50.75,-1.0
2020-02-06,78.32096099853516,78.32337167005116,77.12884718583062,77.6851684350144,105425600,0.011696959375957272,AAPL,997,271,54.93000030517578,50.95000076293945,-1.0
2020-02-07,77.25636291503906,78.06989154294402,76.76631409771366,77.82124622907054,117684000,-0.013592760736375609,AAPL,996,270,54.470001220703125,50.31999969482422,-1.0
2020-02-10,77.62328338623047,77.62328338623047,75.76448107418051,75.84414097834794,109348800,0.0047493883655242985,AAPL,993,267,53.27000045776367,49.56999969482422,-1.0
2020-02-11,77.15496826171875,78.19059132825674,76.93770658748598,78.11817322586252,94323200,-0.0060331785011144,AAPL,992,266,54.0099983215332,49.939998626708984,-1.0
2020-02-12,78.98722839355469,78.9920538114317,77.60398368209574,77.60398368209574,113730400,0.02374779191951304,AAPL,991,265,55.790000915527344,51.16999816894531,-1.0
2020-02-13,78.42474365234375,78.75063980830953,78.05781303227035,78.2605910618148,94747600,-0.00712121127238885,AAPL,990,264,56.34000015258789,51.41999816894531,-1.0
2020-02-14,78.444091796875,78.69273717542127,77.9371428343582,78.39339174368679,80113600,0.0002467096942901925,AAPL,989,263,57.31999969482422,52.04999923706055,-1.0
2020-02-18,77.00772094726562,77.18877358272158,75.94795598487916,76.12900862033511,152531200,-0.018310758869243382,AAPL,985,259,57.75,52.04999923706055,-1.0
2020-02-19,78.12298583984375,78.35232207158896,77.24910650127589,77.24910650127589,93984000,0.014482507453270177,AAPL,984,258,59.119998931884766,53.290000915527344,-1.0
2020-02-20,77.32154083251953,78.37164756799683,76.81700838375629,77.88401513292217,100566000,-0.010258760577421144,AAPL,983,257,59.310001373291016,53.779998779296875,-1.0
2020-02-21,75.57136535644531,77.35775721221363,74.95578935685651,76.91598466630131,129554000,-0.022635031030552644,AAPL,982,256,58.5,53.380001068115234,-1.0
2020-02-24,71.981689453125,73.43011036441114,69.82113268068633,71.75960237227564,222195200,-0.047500477017835885,AAPL,979,253,56.29999923706055,51.43000030517578,-1.0
2020-02-25,69.54351806640625,73.03180163978591,69.07278565467855,72.65038734565039,230673600,-0.03387210560411347,AAPL,978,252,54.95000076293945,49.900001525878906,-1.0
2020-02-26,70.6467514038086,71.9092946933909,69.16212096129591,69.16936277352076,198054800,0.015863927625129337,AAPL,977,251,53.43000030517578,48.72999954223633,-1.0
2020-02-27,66.0286865234375,69.04140503149553,65.89350114490772,67.85852928583456,320605600,-0.0653683968279698,AAPL,976,250,52.18000030517578,47.09000015258789,1.0
2020-02-28,65.99005889892578,67.20915102510166,61.88861568726967,62.103468343907636,426510000,-0.0005850127655955273,AAPL,975,249,50.52000045776367,44.7599983215332,1.0
2020-03-02,72.13378143310547,72.76867383608672,67.04258234775999,68.14338175177791,341397200,0.09310072815042902,AAPL,972,246,51.900001525878906,46.75,-1.0
2020-03-03,69.84286499023438,73.3866667341741,68.99311992366323,73.30700681770827,319475600,-0.031759272803348226,AAPL,971,245,51.86000061035156,47.18000030517578,-1.0
2020-03-04,73.08250427246094,73.2418314905751,70.76261982320094,71.56166493954149,219178400,0.046384684859069436,AAPL,970,244,51.130001068115234,46.779998779296875,-1.0
2020-03-05,70.71192169189453,72.31242082695749,70.34740002247567,71.33956494467967,187572800,-0.03243707374515481,AAPL,969,243,49.9900016784668,45.900001525878906,-1.0
2020-03-06,69.77284240722656,70.20495666747604,67.88989834828591,68.07577636210152,226176800,-0.013280353046544513,AAPL,968,242,45.27000045776367,41.279998779296875,-1.0
2020-03-09,64.2543716430664,67.13189718407227,63.489119320777824,63.670171942415024,286744800,-0.07909195861552853,AAPL,965,239,34.36000061035156,31.1299991607666,1.0
2020-03-10,68.882080078125,69.14762542571471,65.0268655374001,66.90257561810807,285290000,0.07202168999123604,AAPL,964,238,37.220001220703125,34.36000061035156,-1.0
2020-03-11,66.48975372314453,67.88748182990133,65.62794159632746,66.96290981260235,255598800,-0.03473075075937204,AAPL,963,237,35.790000915527344,32.97999954223633,-1.0
2020-03-12,59.92359924316406,65.17895530003963,59.868077460777144,61.78482214303871,418474000,-0.09875438112346091,AAPL,962,236,33.220001220703125,31.5,1.0
2020-03-13,67.1029281616211,67.57366791219874,61.06301183278901,63.94537376560975,370732000,0.11980803905526471,AAPL,961,235,33.849998474121094,31.729999542236328,-1.0
2020-03-16,58.47035217285156,62.54282496971143,57.9368487366503,58.40758489593045,322423600,-0.12864678524873752,AAPL,958,232,30.049999237060547,28.700000762939453,-1.0
2020-03-17,61.041297912597656,62.187961018540406,57.55060118117008,59.749787528944104,324056000,0.043970074477160725,AAPL,957,231,28.729999542236328,26.950000762939453,-1.0
2020-03-18,59.54701614379883,60.35089044657026,57.241611392034635,57.881333040883895,300233600,-0.024479849215172766,AAPL,956,230,24.8799991607666,20.3700008392334,-1.0
2020-03-19,59.09075164794922,61.03646337436918,58.56690646649194,59.72081496454535,271857200,-0.007662256237118359,AAPL,955,229,28.469999313354492,25.219999313354492,-1.0
2020-03-20,55.339332580566406,60.79263606329375,55.03999095282429,59.67010772190427,401693200,-0.0634857226006027,AAPL,954,228,26.979999542236328,22.43000030517578,1.0
2020-03-23,54.1637077331543,55.16070547027294,51.32480360482342,55.05931643178171,336752800,-0.021243928912596854,AAPL,951,225,27.030000686645508,23.360000610351562,1.0
2020-03-24,59.59770202636719,59.793238287645494,56.56084531140466,57.05813597182242,287531200,0.10032537506450412,AAPL,950,224,27.149999618530273,24.010000228881836,1.0
2020-03-25,59.26938247680664,62.3424476958278,58.97486994131572,60.53192162528101,303602000,-0.005508929680129171,AAPL,949,223,27.389999389648438,24.489999771118164,1.0
2020-03-26,62.38832092285156,62.446255405203736,59.472166210481355,59.51079165439952,252087200,0.052623096710437745,AAPL,948,222,26.34000015258789,22.600000381469727,1.0
2020-03-27,59.80530548095703,61.767913466106,59.638736473627105,61.01473571142301,204216800,-0.041402227270848524,AAPL,947,221,24.93000030517578,21.510000228881836,1.0
2020-03-30,61.512027740478516,61.68342585318123,60.206033868463194,60.529517371062305,167976400,0.028537974111091824,AAPL,944,218,22.760000228881836,20.09000015258789,1.0
2020-03-31,61.386497497558594,63.366005560924876,60.833685075362965,61.70273919270683,197002000,-0.0020407430470271715,AAPL,943,217,22.739999771118164,20.479999542236328,1.0
2020-04-01,58.15650939941406,60.04186986399155,57.726811528152915,59.50595387920076,176218400,-0.05261724043260474,AAPL,942,216,24.739999771118164,20.309999465942383,1.0
2020-04-02,59.12696075439453,59.18006982201146,57.188490836952404,58.01891951220774,165934000,0.01668689137299295,AAPL,941,215,29.940000534057617,25.31999969482422,1.0
2020-04-03,58.277217864990234,59.31283722451452,57.68819275537644,58.6127685713981,129880000,-0.014371496159493402,AAPL,940,214,34.11000061035156,28.34000015258789,1.0
2020-04-06,63.361175537109375,63.51566994282337,60.201204676104986,60.568135335844495,201820400,0.08723748075786752,AAPL,937,211,33.04999923706055,26.079999923706055,1.0
2020-04-07,62.62730407714844,65.58932954032026,62.52350234713508,65.37206051111131,202887200,-0.01158235234337035,AAPL,936,210,31.8700008392334,23.6299991607666,1.0
2020-04-08,64.230224609375,64.54404618126709,63.06183266990903,63.42634690897305,168895200,0.02559459577330636,AAPL,935,209,32.84000015258789,25.09000015258789,1.0
2020-04-09,64.69371795654297,65.19584133375365,63.899505790640596,64.86511973614601,161834800,0.0072161252741489434,AAPL,934,208,31.479999542236328,22.760000228881836,1.0
2020-04-13,65.9635009765625,66.07213548949194,64.17228391165321,64.77096719479518,131022800,0.01962760929697205,AAPL,930,204,31.739999771118164,22.40999984741211,1.0
2020-04-14,69.29484558105469,69.58453261856673,67.12221490085659,67.5929544950518,194994800,0.05050284710746089,AAPL,929,203,29.600000381469727,20.110000610351562,1.0
2020-04-15,68.66240692138672,69.12107217268907,67.74507641878203,68.17235803124424,131154400,-0.009126777819689402,AAPL,928,202,27.690000534057617,19.8700008392334,1.0
2020-04-16,69.20796203613281,69.57248363661981,68.16027185080422,69.37453102131897,157125200,0.00794547029746151,AAPL,927,201,27.81999969482422,19.8700008392334,1.0
2020-04-17,68.26890563964844,69.27073604048029,66.83496828577375,68.72516178272222,215250000,-0.01356861795748443,AAPL,926,200,28.079999923706055,18.270000457763672,1.0
2020-04-20,66.85187530517578,67.99854202997274,66.83256626499734,67.09811161151838,130015200,-0.020756599526471575,AAPL,923,197,25.56999969482422,-37.630001068115234,1.0
2020-04-21,64.78544616699219,66.92911009651182,64.07571939662287,66.69494844279068,180991600,-0.03091056352197208,AAPL,922,196,19.329999923706055,10.010000228881836,1.0
2020-04-22,66.6514892578125,67.08601248995713,65.71001734346707,66.05038970065308,116862400,0.028803430418775866,AAPL,921,195,20.3700008392334,13.779999732971191,1.0
2020-04-23,66.3932113647461,68.0154433517939,66.35458591659604,66.59598944224571,124814400,-0.0038750505944040725,AAPL,920,194,21.329999923706055,16.5,1.0
2020-04-24,68.30996704101562,68.31962524638433,66.86878746416366,66.91707112395504,126161200,0.02886975395329805,AAPL,919,193,21.440000534057617,16.940000534057617,1.0
2020-04-27,68.35823822021484,68.68895986495261,67.58091858862758,68.02750920842628,117087600,0.0007066491361389371,AAPL,916,190,19.989999771118164,12.779999732971191,1.0
2020-04-28,67.25018310546875,69.00035846269303,67.15845596472252,68.81930583953189,112004800,-0.016209532948706418,AAPL,915,189,20.459999084472656,12.34000015258789,1.0
2020-04-29,69.45903778076172,69.92736120107678,68.53204914375017,68.73482721743544,137280800,0.03284533325104566,AAPL,914,188,22.540000915527344,15.0600004196167,1.0
2020-04-30,70.92434692382812,71.10057413486881,69.60870223992275,69.99735834734561,183064000,0.02109601845754705,AAPL,913,187,25.270000457763672,18.84000015258789,1.0
2020-05-01,69.78251647949219,72.17965163700352,69.00519685948858,69.1017567929507,240616800,-0.016099273294151728,AAPL,912,186,26.440000534057617,19.780000686645508,1.0
2020-05-04,70.76985931396484,70.89780288941466,69.11866006272429,69.80666159250394,133568000,0.014148856823797962,AAPL,909,183,27.200000762939453,20.389999389648438,1.0
2020-05-05,71.83203887939453,72.66246767070962,71.08368641004002,71.2285300116976,147751200,0.015008925773293047,AAPL,908,182,30.969999313354492,24.559999465942383,1.0
2020-05-06,72.57313537597656,73.20319497472518,72.14826285856589,72.53209353947886,142333600,0.010317074499671675,AAPL,907,181,29.719999313354492,23.989999771118164,1.0
2020-05-07,73.32388305664062,73.6690955962119,72.8966015934725,73.1983559121912,115215200,0.010344705058899395,AAPL,906,180,29.459999084472656,23.549999237060547,1.0
2020-05-08,75.06913757324219,75.12239040799929,73.65552559886389,73.98230402182824,133838400,0.023801992527501703,AAPL,905,179,30.969999313354492,24.739999771118164,1.0
2020-05-11,76.2503662109375,76.74415709638575,74.36957888241814,74.57775171164975,145946400,0.015735209912899784,AAPL,902,176,29.6299991607666,24.139999389648438,1.0
2020-05-12,75.37898254394531,77.38321450858611,75.25795402582209,76.93298457993056,162301200,-0.011427927632263524,AAPL,901,175,29.979999542236328,25.780000686645508,1.0
2020-05-13,74.46883392333984,76.47791143801962,73.39410026175051,75.55809041384309,200622400,-0.012074302277493065,AAPL,900,174,29.190000534057617,25.290000915527344,1.0
2020-05-14,74.92633819580078,74.98685245577319,72.98745894244641,73.70879158063562,158929200,0.006143567024722074,AAPL,899,173,31.1299991607666,27.559999465942383,1.0
2020-05-15,74.48334503173828,74.52933644505968,72.66791783323735,72.70180935336562,166348400,-0.005912382410906747,AAPL,898,172,32.5,29.43000030517578,1.0
2020-05-18,76.23825073242188,76.61102048338427,75.11511038710799,75.80497413426188,135178400,0.02356104844560636,AAPL,895,169,34.810001373291016,31.81999969482422,1.0
2020-05-19,75.7977294921875,77.0999898949941,75.76626090152799,76.25521336264156,101729600,-0.005778218099212418,AAPL,894,168,34.650001525878906,32.5,1.0
2020-05-20,77.2718276977539,77.34201888089427,76.61584817289278,76.65457816375839,111504800,0.019447788415856815,AAPL,893,167,35.75,33.4900016784668,1.0
2020-05-21,76.69575500488281,77.67366726497515,76.4585365069764,77.13387754437865,102688800,-0.007455145167840294,AAPL,892,166,36.060001373291016,33.91999816894531,1.0
2020-05-22,77.1895523071289,77.27185079219365,76.33266854723075,76.43432834001963,81803200,0.006438391566973456,AAPL,891,165,35.130001068115234,33.25,1.0
2020-05-26,76.66670989990234,78.48455279572174,76.61103413521022,78.30543299444078,125522000,-0.0067734867167803525,AAPL,887,161,36.16999816894531,34.349998474121094,1.0
2020-05-27,77.0007553100586,77.14599099987917,75.78563172544763,76.52391007078806,112945200,0.004357111588489726,AAPL,886,160,34.7400016784668,32.810001373291016,1.0
2020-05-28,77.03466033935547,78.29093708793098,76.40047201588867,76.67641322661296,133560800,0.00044032073659994175,AAPL,885,159,35.290000915527344,33.709999084472656,1.0
2020-05-29,76.9595947265625,77.73659554294788,76.60377068012559,77.27668877080987,153532400,-0.0009744394596183925,AAPL,884,158,35.33000183105469,35.4900016784668,1.0
2020-06-01,77.90603637695312,78.02706486056282,76.78288850329889,76.91360133395523,80791200,0.012297903253692288,AAPL,881,155,38.31999969482422,35.439998626708984,1.0
2020-06-02,78.26668548583984,78.29089265581315,77.19921355683967,77.63975893458408,87642800,0.004629283245032534,AAPL,880,154,39.56999969482422,36.810001373291016,1.0
2020-06-03,78.69754791259766,78.95897353375568,78.01494559700772,78.58620379313693,104491200,0.005505055236250778,AAPL,879,153,39.790000915527344,37.290000915527344,1.0
2020-06-04,78.01981353759766,78.81859867793425,77.64704369151033,78.52087329742372,87560400,-0.008611886811933478,AAPL,878,152,39.9900016784668,37.40999984741211,1.0
2020-06-05,80.24188995361328,80.30240419943048,78.2400813612976,78.26912701737099,137250400,0.028480924463435198,AAPL,877,151,42.29999923706055,39.54999923706055,1.0
2020-06-08,80.71629333496094,80.75018484735844,79.23006778203666,79.93929273959654,95654400,0.005912166097058469,AAPL,874,148,40.79999923706055,38.189998626708984,1.0
2020-06-09,83.26517486572266,83.65730597576551,80.36533708864444,80.3968056767083,147712400,0.03157827776090061,AAPL,873,147,41.18000030517578,38.939998626708984,1.0
2020-06-10,85.40737915039062,85.87454732273147,83.77349462695621,84.21161714524366,166651600,0.025727493974793125,AAPL,872,146,41.72999954223633,39.599998474121094,1.0
2020-06-11,81.30694580078125,84.97653085136815,81.20528599627451,84.55293109627195,201662400,-0.04801029361162201,AAPL,871,145,38.54999923706055,36.34000015258789,1.0
2020-06-12,82.00890350341797,84.18741636682982,80.90028576320306,83.44188410385023,200146000,0.008633428494001727,AAPL,870,144,38.72999954223633,36.2599983215332,1.0
2020-06-15,83.02310943603516,83.67424321088224,80.5032957450343,80.66547714891838,138808800,0.012367022229176738,AAPL,867,141,39.720001220703125,37.119998931884766,1.0
2020-06-16,85.22342681884766,85.4945368687229,83.4418908130573,85.07335265810912,165428800,0.026502468984346272,AAPL,866,140,40.959999084472656,38.380001068115234,1.0
2020-06-17,85.10480499267578,86.02704141186865,84.98377651365317,85.96652717235735,114406400,-0.0013918922366735753,AAPL,865,139,40.709999084472656,37.959999084472656,1.0
2020-06-18,85.1386947631836,85.55503301794639,84.53112944713651,85.06123476532262,96820400,0.0003982121868528754,AAPL,864,138,41.5099983215332,38.84000015258789,1.0
2020-06-19,84.65218353271484,86.3078527061597,83.54598114965047,85.84310735238266,264476000,-0.005714337432844108,AAPL,863,137,42.189998626708984,39.75,1.0
2020-06-22,86.86698913574219,87.00980187063504,84.99830891368086,85.0443003318489,135445200,0.026163596857148974,AAPL,860,134,43.08000183105469,40.459999084472656,1.0
2020-06-23,88.72113037109375,90.13716495464834,87.68996543764521,88.10872660527849,212155600,0.021344601140189212,AAPL,859,133,42.630001068115234,40.369998931884766,1.0
2020-06-24,87.15503692626953,89.26819705246864,86.78226710315806,88.35079901624333,192623200,-0.01765186532535956,AAPL,858,132,40.310001373291016,38.0099983215332,1.0
2020-06-25,88.31207275390625,88.35080275936323,86.55232106785238,87.30996064055707,137522400,0.013275604812324593,AAPL,857,131,41.04999923706055,38.720001220703125,1.0
2020-06-26,85.59862518310547,88.4282723384794,85.45096655963653,88.2079995637923,205256800,-0.030725669618945295,AAPL,856,130,41.02000045776367,38.4900016784668,1.0
2020-06-29,87.57135772705078,87.665763477541,85.0297599072803,85.50661236513594,130646000,0.023046311079475856,AAPL,853,127,41.709999084472656,39.70000076293945,1.0
2020-06-30,88.3023910522461,88.58802392767775,87.14052040168764,87.15988171149978,140223200,0.008347858753930293,AAPL,852,126,41.150001525878906,39.27000045776367,1.0
2020-07-01,88.13536071777344,88.92204587845694,88.08695375546539,88.37984062385425,110737200,-0.001891572045583989,AAPL,851,125,42.029998779296875,39.81999969482422,1.0
2020-07-02,88.13536071777344,89.67484690422407,88.02160103220285,89.04065881814572,114041600,0.0,AAPL,850,124,43.13999938964844,40.650001525878906,1.0
2020-07-06,90.49301147460938,90.96017971455592,89.52962194946613,89.56109054157537,118655600,0.026750338770219484,AAPL,846,120,43.099998474121094,40.630001068115234,1.0
2020-07-07,90.21221923828125,91.6476154008952,90.10087509241899,90.87061453958542,112424400,-0.0031029162556592826,AAPL,845,119,43.08000183105469,40.619998931884766,1.0
2020-07-08,92.31328582763672,92.34475442259624,91.10057777662374,91.18772214628044,117092000,0.023290266075883137,AAPL,844,118,43.290000915527344,40.900001525878906,1.0
2020-07-09,92.71026611328125,93.25730998199144,91.6645779630297,93.20405713951583,125642800,0.0043003591745802705,AAPL,843,117,42.349998474121094,39.619998931884766,1.0
2020-07-10,92.87242126464844,92.93051996359854,91.69602787555728,92.30600881208682,90257200,0.0017490528089849633,AAPL,842,116,43.2400016784668,40.54999923706055,1.0
2020-07-13,92.4439926147461,96.7792345052281,92.23098126624099,94.1746987408597,191649200,-0.004613087976693242,AAPL,839,113,42.720001220703125,40.099998474121094,1.0
2020-07-14,93.97377014160156,94.16498980895781,90.89480551473416,91.82671884066302,170989200,0.016548155089219474,AAPL,838,112,42.900001525878906,40.290000915527344,1.0
2020-07-15,94.62006378173828,96.09418977539168,93.42430181349536,95.84487140313816,153198000,0.006877383329016995,AAPL,837,111,43.790000915527344,41.20000076293945,1.0
2020-07-16,93.45577239990234,94.31023318785083,92.85789140298706,93.49450240060445,110577600,-0.012304910135355951,AAPL,836,110,43.369998931884766,40.75,1.0
2020-07-17,93.26696014404297,94.06090662183887,92.79494615025625,93.90599401950857,92186800,-0.0020203380808991867,AAPL,835,109,43.13999938964844,40.59000015258789,1.0
2020-07-20,95.23248291015625,95.37045717183655,93.01040144233045,93.35412562962276,90318000,0.021074159199331755,AAPL,832,106,43.279998779296875,40.810001373291016,1.0
2020-07-21,93.91808319091797,96.09659542988256,93.66876486349388,96.02155837705527,103433200,-0.013802010396791853,AAPL,831,105,44.31999969482422,41.959999084472656,1.0
2020-07-22,94.18194580078125,94.86212529718233,93.53323489247579,93.62037185613211,89001600,0.0028094973928172173,AAPL,830,104,44.290000915527344,41.900001525878906,1.0
2020-07-23,89.89509582519531,93.99311751160637,89.08662663756304,93.91565752803918,197004400,-0.04551668516865981,AAPL,829,103,43.310001373291016,41.06999969482422,1.0
2020-07-24,89.67245483398438,90.01617910353914,86.31270171716119,88.09666842369546,185438800,-0.0024766756091330056,AAPL,828,102,43.34000015258789,41.290000915527344,1.0
2020-07-27,91.79768371582031,91.88966654711753,90.50994623863684,90.7326345162056,121214000,0.02369990746623918,AAPL,825,99,43.40999984741211,41.599998474121094,1.0
2020-07-28,90.28968811035156,91.5459645894224,90.28484224245163,91.36926031193099,103625600,-0.016427381873131752,AAPL,824,98,43.220001220703125,41.040000915527344,1.0
2020-07-29,92.0203857421875,92.20435141750036,90.73506372270917,90.77137079362801,90329200,0.019168275669760648,AAPL,823,97,43.75,41.27000045776367,1.0
2020-07-30,93.13384246826172,93.23792519284922,90.78830982976133,91.19496376791191,158130000,0.012100109308319729,AAPL,822,96,42.939998626708984,39.91999816894531,1.0
2020-07-31,102.88391876220703,103.03399293401982,97.62159407755033,99.61614896320704,374336800,0.10468886535276312,AAPL,821,95,43.29999923706055,40.27000045776367,1.0
2020-08-03,105.47632598876953,108.09053834247213,104.4645296144692,104.7622549635953,308151200,0.02519739972730095,AAPL,818,92,44.150001525878906,41.0099983215332,1.0
2020-08-04,106.18070983886719,107.26996618839969,104.94379489849536,105.6651273181697,173071600,0.006678122730333413,AAPL,817,91,44.43000030517578,41.70000076293945,1.0
2020-08-05,106.56558990478516,106.88510690463526,105.43760344433963,105.90235611566642,121776800,0.003624764484076559,AAPL,816,90,45.16999816894531,42.189998626708984,1.0
2020-08-06,110.28358459472656,110.77738293578851,106.30901285016994,106.8972095786005,202428800,0.03488926109509993,AAPL,815,89,45.09000015258789,41.95000076293945,1.0
2020-08-07,107.77619934082031,110.26175680038186,106.98082124977309,109.80586800423681,198045600,-0.022735797563349647,AAPL,814,88,44.400001525878906,41.220001220703125,1.0
2020-08-10,109.34271240234375,110.35876045671141,106.69710821737102,109.21903838608283,212403600,0.014534870139274902,AAPL,811,85,44.9900016784668,41.939998626708984,1.0
2020-08-11,106.09085845947266,109.10504953060087,105.83138875527999,108.60794103965802,187902400,-0.0297400153281856,AAPL,810,84,44.5,41.61000061035156,1.0
2020-08-12,109.61672973632812,109.87377217439806,106.98567459916234,107.17966637873178,165598000,0.03323444949031473,AAPL,809,83,45.43000030517578,42.66999816894531,1.0
2020-08-13,111.5566635131836,112.55816241863091,110.5066629686095,110.9940770606822,210082000,0.01769742430304011,AAPL,808,82,44.959999084472656,42.2400016784668,1.0
2020-08-14,111.45723724365234,111.5469586132698,109.65065854076958,111.38206488530741,165565200,-0.0008912624884975795,AAPL,807,81,44.79999923706055,42.0099983215332,1.0
2020-08-17,111.16626739501953,112.60183183496459,110.5406375676734,112.577581010581,119561600,-0.00261059627735738,AAPL,804,78,45.369998931884766,42.88999938964844,1.0
2020-08-18,112.09259033203125,112.51695384329368,110.58428087027461,110.91892299463439,105633600,0.008332769991459044,AAPL,803,77,45.459999084472656,42.88999938964844,1.0
2020-08-19,112.23323822021484,113.64455185030188,112.1386696245519,112.49998249055456,145538000,0.0012547474169968265,AAPL,802,76,45.369998931884766,42.93000030517578,1.0
2020-08-20,114.72361755371094,114.83758973633215,112.25745666606086,112.27443297843882,126907200,0.02218932085528591,AAPL,801,75,44.900001525878906,42.58000183105469,1.0
2020-08-21,120.63562774658203,121.1181872782855,115.66935990258521,115.68148161330981,338054800,0.05153263398535368,AAPL,800,74,44.349998474121094,42.34000015258789,1.0
2020-08-24,122.07845306396484,124.91805616382935,120.21610549023623,124.83317459173283,345937600,0.01196019239369095,AAPL,797,71,45.130001068115234,42.619998931884766,-1.0
2020-08-25,121.07694244384766,121.42128630177416,119.35766525675145,120.95327585147248,211495600,-0.008203827907226402,AAPL,796,70,45.86000061035156,43.349998474121094,1.0
2020-08-26,122.7234878540039,123.17937664467517,121.32672345710665,122.39127306939878,163022400,0.013599165761225551,AAPL,795,69,45.63999938964844,43.38999938964844,-1.0
2020-08-27,121.25639343261719,123.657076446734,120.11424426928406,123.32486169573068,155552400,-0.011954471365188235,AAPL,794,68,45.09000015258789,43.040000915527344,1.0
2020-08-28,121.05998992919922,122.64589153107447,120.83689273182479,122.22880256231407,187630000,-0.0016197373009210203,AAPL,793,67,45.04999923706055,42.970001220703125,1.0
2020-08-31,125.16539001464844,127.06654483126823,122.21667670793738,123.74923681098468,225702700,0.03391211322461052,AAPL,790,64,45.279998779296875,42.61000061035156,-1.0
2020-09-01,130.1510772705078,130.75247109042868,126.61067882372832,128.77371625173845,151948100,0.039832794475181066,AAPL,789,63,45.58000183105469,42.7599983215332,-1.0
2020-09-02,127.45452880859375,133.83695705739137,123.18665076532004,133.45866793446768,200119000,-0.020718602707448297,AAPL,788,62,44.43000030517578,41.5099983215332,-1.0
2020-09-03,117.25040435791016,124.97139321089942,116.88181705951085,123.09935129507485,257599600,-0.08006090129608301,AAPL,787,61,44.06999969482422,41.369998931884766,-1.0
2020-09-04,117.32801818847656,119.98574406174012,107.56038329847304,116.46474218511382,332607200,0.0006619493637691765,AAPL,786,60,42.65999984741211,39.77000045776367,-1.0
2020-09-08,109.43241882324219,115.41715402612338,109.29662311428591,110.52848630276392,231366600,-0.0672950884804926,AAPL,782,56,39.779998779296875,36.7599983215332,1.0
2020-09-09,113.79729461669922,115.56264615107492,111.79915150644727,113.73909857280785,176940500,0.03988649652812004,AAPL,781,55,40.790000915527344,38.04999923706055,-1.0
2020-09-10,110.0822982788086,116.88181506989982,109.12202651754133,116.74601936225844,182274400,-0.03264573512405333,AAPL,780,54,40.060001373291016,37.29999923706055,1.0
2020-09-11,108.63704681396484,111.77006490232608,106.69709954942977,111.12987875287997,180860300,-0.013128827136069776,AAPL,779,53,39.83000183105469,37.33000183105469,1.0
2020-09-14,111.89616394042969,112.44904864015743,109.41303369608222,111.27538137934282,140150100,0.030000052671220967,AAPL,776,50,39.61000061035156,37.2599983215332,-1.0
2020-09-15,112.07075500488281,115.26196916143692,110.1987055878256,114.7769823425134,184642000,0.0015602953515552187,AAPL,775,49,40.529998779296875,38.279998779296875,-1.0
2020-09-16,108.76315307617188,112.51695412354394,108.67585899150183,111.77007759799923,154679000,-0.029513515176790128,AAPL,774,48,42.220001220703125,40.15999984741211,1.0
2020-09-17,107.02689361572266,108.83104527474275,105.4458391619844,106.42551466292394,178011000,-0.015963673462401684,AAPL,773,47,43.29999923706055,40.970001220703125,1.0
2020-09-18,103.63197326660156,107.55066740012516,102.90449308489,107.08508422800398,287104900,-0.0317202549231268,AAPL,772,46,43.150001525878906,41.11000061035156,1.0
2020-09-21,106.77471160888672,106.88140931284494,100.00429161371379,101.40105617439414,195713800,0.030325952919956656,AAPL,769,43,41.439998626708984,39.310001373291016,1.0
2020-09-22,108.4527359008789,109.47121104759135,105.88231201688097,109.29661551959238,183055400,0.01571555911233702,AAPL,768,42,41.720001220703125,39.599998474121094,1.0
2020-09-23,103.90357208251953,108.74373815268274,103.56407541081022,108.26845317272523,150718700,-0.04194604940641711,AAPL,767,41,41.77000045776367,39.93000030517578,1.0
2020-09-24,104.97055053710938,106.93959588038079,101.84723417179123,102.01212791770884,167743300,0.0102689294814855,AAPL,766,40,41.939998626708984,40.310001373291016,1.0
2020-09-25,108.90863800048828,109.0638373334494,104.43705897382922,105.17424100477153,149981400,0.037516117075014455,AAPL,765,39,41.91999816894531,40.25,1.0
2020-09-28,111.50816345214844,111.85735453793174,109.39362072171006,111.5566650919616,137672400,0.0238688638420812,AAPL,762,36,42.43000030517578,40.599998474121094,1.0
2020-09-29,110.6642837524414,111.84765272079834,110.15990073985728,111.1104781178147,99382200,-0.007567873719570017,AAPL,761,35,41.029998779296875,39.290000915527344,1.0
2020-09-30,112.33263397216797,113.73910005377913,110.20839693905525,110.37329066576835,142675200,0.015075778409759488,AAPL,760,34,40.95000076293945,40.220001220703125,1.0
2020-10-01,113.2832260131836,114.18530182393523,112.35205217632898,114.10770215411938,116120400,0.00846229637285223,AAPL,759,33,40.93000030517578,38.720001220703125,1.0
2020-10-02,109.62641906738281,111.90586307346008,108.85044458473479,109.50032515653433,144712000,-0.03228021547846116,AAPL,758,32,39.27000045776367,37.04999923706055,1.0
2020-10-05,113.0019302368164,113.14742776439395,110.14051092914185,110.4897020352033,106243800,0.030791037399103605,AAPL,755,29,41.290000915527344,39.220001220703125,1.0
2020-10-06,109.76220703125,112.6333277612592,108.87952757625551,112.22593325878677,161498200,-0.028669627136253095,AAPL,754,28,42.650001525878906,40.66999816894531,1.0
2020-10-07,111.62454986572266,112.08043858541826,110.70307061944358,111.17836295291494,96849000,0.016967068035926403,AAPL,753,27,41.9900016784668,39.95000076293945,1.0
2020-10-08,111.51786041259766,112.90492288741173,111.14926572678705,112.75942537460811,83477200,-0.000955788428740334,AAPL,752,26,43.34000015258789,41.189998626708984,1.0
2020-10-09,113.45783233642578,113.48693036528995,111.46938316049868,111.8185743074938,100506900,0.01739606477967337,AAPL,751,25,42.849998474121094,40.599998474121094,-1.0
2020-10-12,120.66473388671875,121.42131221454332,115.69846570876324,116.45504403658781,240226800,0.06352052918588313,AAPL,748,22,41.720001220703125,39.43000030517578,-1.0
2020-10-13,117.46381378173828,121.62500184957032,116.05735487456657,121.50860234126793,262330500,-0.026527387098748578,AAPL,747,21,42.45000076293945,40.20000076293945,-1.0
2020-10-14,117.55111694335938,119.33586502763562,116.028258506117,117.36681956932418,150712000,0.0007432345231299653,AAPL,746,20,43.31999969482422,41.040000915527344,-1.0
2020-10-15,117.08553314208984,117.56081821833106,114.60240265361523,115.15528740769942,112559200,-0.003960692279035283,AAPL,745,19,43.15999984741211,40.959999084472656,-1.0
2020-10-16,115.44625091552734,117.90029026113083,115.24255735409358,117.63839325335097,115393800,-0.014000723937201864,AAPL,744,18,42.93000030517578,40.880001068115234,-1.0
2020-10-19,112.49754333496094,116.80422116143153,112.18715207359088,116.35803418573154,120639300,-0.02554182190571086,AAPL,741,15,42.619998931884766,40.83000183105469,1.0
2020-10-20,113.98161315917969,115.4074757022461,112.15805784138063,112.71094256212962,124423700,0.01319201984526841,AAPL,740,14,43.15999984741211,41.459999084472656,-1.0
2020-10-21,113.36083221435547,115.14558032107824,112.95343762450592,113.16683302863848,89946000,-0.0054463253117612576,AAPL,739,13,41.72999954223633,40.029998779296875,1.0
2020-10-22,112.27445220947266,114.49569279996962,111.14927920105526,113.92340448698165,101988000,-0.009583380640930339,AAPL,738,12,42.459999084472656,40.63999938964844,1.0
2020-10-23,111.58577728271484,113.05043966735408,110.84859518576691,112.89524032049677,82572600,-0.006133852476723156,AAPL,737,11,41.77000045776367,39.849998474121094,1.0
2020-10-26,111.59546661376953,113.05042702646372,109.49061825916863,110.58669317293085,111850700,8.68330291783348e-05,AAPL,734,8,40.459999084472656,38.560001373291016,1.0
2020-10-27,113.09891510009766,113.75849741390176,111.10077194371063,112.02224386138344,92276800,0.013472307898774627,AAPL,733,7,41.20000076293945,39.56999969482422,1.0
2020-10-28,107.86105346679688,111.9640447506843,107.76405759395712,111.5954574737689,143937800,-0.046312218191173926,AAPL,732,6,39.119998931884766,37.38999938964844,1.0
2020-10-29,111.85736083984375,113.41901900582575,108.83104039265947,108.99594153712782,146129200,0.03705051308697871,AAPL,731,5,37.650001525878906,36.16999816894531,1.0
2020-10-30,105.5913314819336,108.6273463236584,104.48556211975591,107.72527053869118,190272600,-0.056018033242191345,AAPL,730,4,37.459999084472656,35.790000915527344,1.0
2020-11-02,105.50403594970703,107.356689266343,104.09757704674024,105.83383085542181,122866900,-0.0008267301018123341,AAPL,727,1,38.970001220703125,36.810001373291016,1.0
2020-11-03,107.1239013671875,108.14236934595198,105.46524717293197,106.3673230400161,107624400,0.015353587214925524,AAPL,726,0,39.709999084472656,37.65999984741211,1.0
2020-11-04,111.49847412109375,112.119256698551,108.97654397513469,110.71279779031768,138235500,0.0408365705325795,AAPL,725,1462,41.22999954223633,39.150001525878906,1.0
2020-11-05,115.4559555053711,116.02824377297978,113.3608163942021,114.40838224963099,126387100,0.03549359231570559,AAPL,724,1461,40.93000030517578,38.790000915527344,1.0
2020-11-06,115.3248062133789,115.82034093796346,112.83738439067113,114.96529408792372,114457900,-0.0011359248764442054,AAPL,723,1460,39.45000076293945,37.13999938964844,1.0
2020-11-09,113.02198028564453,118.53121707167843,112.75963885381937,117.083465097586,154515300,-0.0199681751337486,AAPL,720,1457,42.400001525878906,40.290000915527344,1.0
2020-11-10,112.68192291259766,114.25598657554706,110.8940882741732,112.27383288243148,138023400,-0.00300877202989569,AAPL,719,1456,43.61000061035156,41.36000061035156,1.0
2020-11-11,116.10211181640625,116.23814181960135,113.13859256042241,113.86732789743012,112295000,0.03035259618760211,AAPL,718,1455,43.79999923706055,41.45000076293945,1.0
2020-11-12,115.8300552368164,117.11262917137141,115.2082016572188,116.22843412444456,103162300,-0.0023432526362660022,AAPL,717,1454,43.529998779296875,41.119998931884766,1.0
2020-11-13,115.8786392211914,116.27701069114,114.52805029862242,116.0535360017511,81581900,0.00041944195119025807,AAPL,716,1453,42.779998779296875,40.130001068115234,1.0
2020-11-16,116.8891372680664,117.55956865833653,114.80009473182567,115.54825966136949,91183000,0.008720313369801946,AAPL,713,1450,43.81999969482422,41.34000015258789,1.0
2020-11-17,116.00494384765625,117.24865091924097,115.5871353083196,116.16041093814378,74271000,-0.007564376306263609,AAPL,712,1449,43.75,41.43000030517578,1.0
2020-11-18,114.68350982666016,116.42275908285534,114.65436159878705,115.24706694247119,76322100,-0.011391187109503487,AAPL,711,1448,44.34000015258789,41.81999969482422,1.0
2020-11-19,115.27619934082031,115.68428930116418,113.4980835539356,114.25596702688232,74113000,0.00516804477867816,AAPL,710,1447,44.20000076293945,41.7400016784668,1.0
2020-11-20,114.0130615234375,115.40251710432108,113.96448361868471,115.27620565626937,73604300,-0.010957490137650017,AAPL,709,1446,44.959999084472656,42.150001525878906,1.0
2020-11-23,110.62201690673828,114.2851304944073,110.5248536828197,113.85760341347095,127959300,-0.02974259765844567,AAPL,706,1443,46.060001373291016,43.060001373291016,1.0
2020-11-24,111.90458679199219,112.56530706965945,109.39773567263003,110.68031687022992,113874200,0.011594164716190347,AAPL,705,1442,47.86000061035156,44.90999984741211,1.0
2020-11-25,112.74020385742188,113.43979090606146,111.90458681744444,112.27381743371453,76499200,0.007467228014370164,AAPL,704,1441,48.61000061035156,45.709999084472656,1.0
2020-11-27,113.28433227539062,114.158816151439,112.92482759135008,113.26490259506915,46691300,0.004826391999937174,AAPL,702,1439,48.18000030517578,45.529998779296875,1.0
2020-11-30,115.67459869384766,117.5401594833683,113.49810369299398,113.6535707986605,169410200,0.02109970876331224,AAPL,699,1436,47.59000015258789,45.34000015258789,1.0
2020-12-01,119.24053192138672,119.96926723797301,116.60736920035771,117.57901628913943,127728200,0.03082727986787237,AAPL,698,1435,47.41999816894531,44.54999923706055,1.0
2020-12-02,119.59033203125,119.87211059203429,117.46242241782213,118.56038101970898,89004200,0.0029335671707158006,AAPL,697,1434,48.25,45.279998779296875,1.0
2020-12-03,119.45427703857422,120.27045690895935,118.74497151143471,120.01782662918774,78967600,-0.0011376755157785912,AAPL,696,1433,48.709999084472656,45.63999938964844,1.0
2020-12-04,118.78385925292969,119.3765645833526,118.07455360054387,119.12393425897255,78260400,-0.005612338061600219,AAPL,695,1432,49.25,46.2599983215332,1.0
2020-12-07,120.2413330078125,121.038083362331,118.7838623046875,118.84215876062711,86712000,0.01226996465722996,AAPL,692,1429,48.790000915527344,45.7599983215332,1.0
2020-12-08,120.85346221923828,121.43645640289948,119.6000365852931,120.84375108576852,82225500,0.005090838533751141,AAPL,691,1428,48.84000015258789,45.599998474121094,1.0
2020-12-09,118.32717895507812,122.37894545635208,117.5692954268489,120.99920839659741,115089200,-0.02090368962353162,AAPL,690,1427,48.86000061035156,45.52000045776367,1.0
2020-12-10,119.74578857421875,120.35793100204793,116.74340254220034,117.08347755039478,81312200,0.011988873829901658,AAPL,689,1426,50.25,46.779998779296875,1.0
2020-12-11,118.9393081665039,119.27938312055916,117.13204422429256,118.95873784398792,86939800,-0.00673493754826282,AAPL,688,1425,49.970001220703125,46.56999969482422,1.0
2020-12-14,118.32717895507812,119.85266455789507,118.09398573402578,119.12392925566253,79184500,-0.005146567782022604,AAPL,685,1422,50.290000915527344,46.9900016784668,1.0
2020-12-15,124.25421905517578,124.27365614702585,120.610542706532,120.81458769248664,157243700,0.050090267953973644,AAPL,684,1421,50.7599983215332,47.619998931884766,1.0
2020-12-16,124.18621826171875,124.73033828648967,122.97165933994127,123.79756533721344,98208600,-0.0005472715049364973,AAPL,683,1420,51.08000183105469,47.81999969482422,1.0
2020-12-17,125.05097961425781,125.90603381216341,124.40968896582861,125.24530607028412,94359800,0.006963424481745584,AAPL,682,1419,51.5,48.36000061035156,1.0
2020-12-18,123.06881713867188,125.43963827870924,122.54412684965975,125.30360828671483,192541500,-0.015850835248954254,AAPL,681,1418,52.2599983215332,49.099998474121094,1.0
2020-12-21,124.59429931640625,124.67203286094654,119.94982751976666,121.47531311924551,121251600,0.012395359061714961,AAPL,678,1415,50.90999984741211,47.7400016784668,1.0
2020-12-22,128.14085388183594,130.59912042639044,125.97406967366213,127.87850495293172,168904800,0.02846482210573087,AAPL,677,1414,50.08000183105469,47.02000045776367,1.0
2020-12-23,127.24687957763672,128.67518682478877,127.07197543286729,128.41285284686637,88223700,-0.006976497167902385,AAPL,676,1413,51.20000076293945,48.119998931884766,1.0
2020-12-24,128.228271484375,129.67603102914552,127.3829432351903,127.59670678746939,54930100,0.007712502734807725,AAPL,675,1412,51.290000915527344,48.22999954223633,1.0
2020-12-28,132.81442260742188,133.44598718799116,129.7245776284665,130.19097883452193,124486200,0.03576552245427189,AAPL,671,1408,50.86000061035156,47.619998931884766,-1.0
2020-12-29,131.04600524902344,134.8548591025245,130.53103360723338,134.135849925918,121047300,-0.013314949714652524,AAPL,670,1407,51.09000015258789,48.0,-1.0
2020-12-30,129.92861938476562,132.13426190963798,129.6176852728213,131.73588313851724,96452100,-0.008526668646895996,AAPL,669,1406,51.34000015258789,48.400001525878906,1.0
2020-12-31,128.92784118652344,130.9197204767935,127.98534242224186,130.27842990655225,99116600,-0.007702523146794316,AAPL,668,1405,51.79999923706055,48.52000045776367,1.0
2021-01-04,125.7408447265625,129.8217592553949,123.16597863459702,129.73431458165692,143301900,-0.02471922612393873,AAPL,664,1401,51.09000015258789,47.619998931884766,1.0
2021-01-05,127.29550170898438,128.0048148809108,124.78865000861988,125.23561427002338,97664900,0.012363977558784933,AAPL,663,1400,53.599998474121094,49.93000030517578,1.0
2021-01-06,123.01052856445312,127.33436285992687,122.79676500387103,124.09877604874403,155088000,-0.03366162265754924,AAPL,662,1399,54.29999923706055,50.630001068115234,1.0
2021-01-07,127.20804595947266,127.89792197499627,124.2348079857969,124.72063157172194,109578200,0.03412323679936202,AAPL,661,1398,54.380001068115234,50.83000183105469,1.0
2021-01-08,128.3059844970703,128.86954151504634,126.53757990692247,128.67520026141898,105158200,0.008631046325068503,AAPL,660,1397,55.9900016784668,52.2400016784668,1.0
2021-01-11,125.32302856445312,126.47929089114106,124.85664214589357,125.5270809622862,100384500,-0.023248766955880407,AAPL,657,1394,55.65999984741211,52.25,1.0
2021-01-12,125.1481704711914,126.01293594243306,123.26317240831035,124.85667332698577,91951100,-0.0013952590777982499,AAPL,656,1393,56.58000183105469,53.209999084472656,1.0
2021-01-13,127.17888641357422,127.72300640920702,124.84693933910279,125.10927337732423,88636800,0.01622649324186698,AAPL,655,1392,56.060001373291016,52.90999984741211,1.0
2021-01-14,125.25503540039062,127.28577434890036,125.1092794348303,127.09144788764522,90221800,-0.015127125794508145,AAPL,654,1391,56.41999816894531,53.56999969482422,1.0
2021-01-15,123.53521728515625,126.52789226757409,123.39918727805356,125.12871800814145,111598500,-0.013730530750614478,AAPL,653,1390,55.099998474121094,52.36000061035156,1.0
2021-01-19,124.2056655883789,125.06071988412404,123.34090015787666,124.15708026227341,90757300,0.0054271835834072135,AAPL,649,1386,55.900001525878906,52.97999954223633,1.0
2021-01-20,128.2865447998047,128.7335089174472,124.90521758681017,125.01209934367105,104319500,0.03285582177023971,AAPL,648,1385,56.08000183105469,53.2400016784668,1.0
2021-01-21,132.9893341064453,135.7099489572785,129.80233279797613,130.00638521290585,120150900,0.03665847664678701,AAPL,647,1384,56.099998474121094,53.130001068115234,-1.0
2021-01-22,135.12701416015625,135.8848979635937,131.1918391338999,132.41610954879968,114459400,0.016074071413876956,AAPL,646,1383,55.40999984741211,52.27000045776367,-1.0
2021-01-25,138.86781311035156,140.97628571065687,132.6686993609781,139.0135690829673,157611700,0.027683575881885636,AAPL,643,1380,55.880001068115234,52.77000045776367,-1.0
2021-01-26,139.1009979248047,140.20867499016745,137.36174136904043,139.52852500725305,98390600,0.0016791854730788813,AAPL,642,1379,55.90999984741211,52.61000061035156,-1.0
2021-01-27,138.03221130371094,140.20870656534407,136.42899920964183,139.363363343346,140843800,-0.007683529500424724,AAPL,641,1378,55.810001373291016,52.849998474121094,-1.0
2021-01-28,133.20309448242188,137.96417406452278,132.82415271471342,135.5642045936499,142621100,-0.03498543402064036,AAPL,640,1377,55.529998779296875,52.34000015258789,-1.0
2021-01-29,128.21853637695312,132.86300755142042,126.51815423658083,131.97880528014946,177523800,-0.03742073804544033,AAPL,639,1376,55.880001068115234,52.20000076293945,-1.0
2021-02-01,130.33676147460938,131.54160940158948,127.21776727973175,129.95781964029345,106239800,0.016520427993568898,AAPL,636,1373,56.349998474121094,53.54999923706055,-1.0
2021-02-02,131.1626434326172,132.4452098565485,130.79341280132044,131.8816527763116,83305400,0.006336523546111694,AAPL,635,1372,57.459999084472656,54.7599983215332,-1.0
2021-02-03,130.14242553710938,131.92054165395052,129.82178018887643,131.91081569341782,89880900,-0.007778265737926615,AAPL,634,1371,58.459999084472656,55.689998626708984,-1.0
2021-02-04,133.4945831298828,133.5042942626405,130.7739685158837,132.43549143917588,84183100,0.02575760808928207,AAPL,633,1370,58.84000015258789,56.22999954223633,-1.0
2021-02-05,133.08103942871094,133.7232884555335,132.20525610000038,133.6551792335879,75693800,-0.0030978313237588484,AAPL,632,1369,59.34000015258789,56.849998474121094,-1.0
2021-02-08,133.22698974609375,133.27564766652046,131.29051736028654,132.37065786118401,71297200,0.0010967025656647422,AAPL,629,1366,60.560001373291016,57.970001220703125,-1.0
2021-02-09,132.35116577148438,134.17087067010365,132.1954812442837,132.94475664834664,76774200,-0.006573923018740713,AAPL,628,1365,61.09000015258789,58.36000061035156,-1.0
2021-02-10,131.7478790283203,133.3048434386966,130.78450562896475,132.80855342312873,73046600,-0.004558227648751467,AAPL,627,1364,61.470001220703125,58.68000030517578,-1.0
2021-02-11,131.49488830566406,132.72098784651604,130.17147291387968,132.24416393424985,64280000,-0.0019202641023303713,AAPL,626,1363,61.13999938964844,58.2400016784668,-1.0
2021-02-12,131.7284393310547,131.88413877300763,130.09363973549668,130.73588879731562,60145100,0.0017761224668120246,AAPL,625,1362,62.43000030517578,59.470001220703125,-1.0
2021-02-16,129.6070098876953,132.35114032397303,129.21776152376123,131.845139723319,80576300,-0.016104566744527204,AAPL,621,1358,63.349998474121094,60.04999923706055,-1.0
2021-02-17,127.32028198242188,128.6631634845205,125.98714097419074,127.71925617483,97918500,-0.01764355112624616,AAPL,620,1357,64.33999633789062,61.13999938964844,-1.0
2021-02-18,126.22066497802734,126.50285712605177,123.98253453613503,125.72437503561389,96856700,-0.00863662086882866,AAPL,619,1356,63.93000030517578,60.52000045776367,-1.0
2021-02-19,126.37635040283203,127.1937647700894,125.3351422926217,126.73640709556466,87668800,0.0012334384772239027,AAPL,618,1355,62.90999984741211,59.2400016784668,-1.0
2021-02-22,122.61048126220703,126.23041094448011,122.22124015432108,124.56640502266376,103916400,-0.029798843918352413,AAPL,615,1352,65.23999786376953,61.4900016784668,-1.0
2021-02-23,122.47422790527344,123.30136048380355,115.20517794881079,120.43072170415333,158273000,-0.0011112700605278025,AAPL,614,1351,65.37000274658203,61.66999816894531,-1.0
2021-02-24,121.97795867919922,122.18230857916163,118.94189453786483,121.57899194807914,111039900,-0.004052029839763938,AAPL,613,1350,67.04000091552734,63.220001220703125,-1.0
2021-02-25,117.73526000976562,123.05811336412599,117.29736837706596,121.32599812486836,148199500,-0.034782502637151436,AAPL,612,1349,66.87999725341797,63.529998779296875,1.0
2021-02-26,117.99797821044922,121.49139980199843,117.93958722628282,119.2921941436735,164560400,0.0022314317789062788,AAPL,611,1348,66.12999725341797,61.5,1.0
2021-03-01,124.3523178100586,124.4885510714253,119.48682297794498,120.42099709481208,116307900,0.053851258267124,AAPL,608,1345,63.689998626708984,60.63999938964844,-1.0
2021-03-02,121.754150390625,125.25730532990295,121.64710890595583,124.95564701355688,102260900,-0.020893598649300182,AAPL,607,1344,62.70000076293945,59.75,-1.0
2021-03-03,118.77645874023438,122.32827149061751,118.56237577745944,121.45248092660913,112966300,-0.02445659257476862,AAPL,606,1343,64.06999969482422,61.279998779296875,1.0
2021-03-04,116.89840698242188,120.27506247398532,115.42903250113422,118.47483039632651,178155000,-0.01581164969667792,AAPL,605,1342,66.73999786376953,63.83000183105469,1.0
2021-03-05,118.15367126464844,118.65968686991202,114.40724183835442,117.7255127803743,153766600,0.010738078598584444,AAPL,604,1341,69.36000061035156,66.08999633789062,1.0
2021-03-08,113.22979736328125,117.74497601487798,113.08383103215061,117.67685938357114,154376600,-0.041673473609959766,AAPL,601,1338,68.23999786376953,65.05000305175781,1.0
2021-03-09,117.83256530761719,118.77647261328785,115.59444185391254,115.8279835568737,129525800,0.04064979406055658,AAPL,600,1337,67.5199966430664,64.01000213623047,1.0
2021-03-10,116.75243377685547,118.88351576641335,116.23668501538924,118.41643235397203,111943300,-0.009166663968843358,AAPL,599,1336,67.9000015258789,64.44000244140625,1.0
2021-03-11,118.67915344238281,119.89552719538874,117.99798711036199,119.24355264557505,103026500,0.01650260815298976,AAPL,598,1335,69.62999725341797,66.0199966430664,1.0
2021-03-12,117.77418518066406,117.91041846338683,115.95449457965704,117.16113540841165,88105100,-0.007625334656251148,AAPL,597,1334,69.22000122070312,65.61000061035156,1.0
2021-03-15,120.65455627441406,120.66428934425417,117.18059275719496,118.14396621912681,92403800,0.02445672699268986,AAPL,594,1331,68.87999725341797,65.38999938964844,1.0
2021-03-16,122.19205474853516,123.79766976227535,121.36492199120141,122.31855495993447,115227900,0.012742978977306363,AAPL,593,1330,68.38999938964844,64.80000305175781,1.0
2021-03-17,121.4038314819336,122.47423888090718,119.04892629520441,120.71293209328559,111932600,-0.006450691644589224,AAPL,592,1329,68.0,64.5999984741211,1.0
2021-03-18,117.28762817382812,119.86634216018179,117.08327826271949,119.57440947336566,121229700,-0.033905052730712315,AAPL,591,1328,63.279998779296875,60.0,1.0
2021-03-19,116.76213836669922,118.16340319964601,116.46048007455593,116.67456302671786,185549500,-0.004480351553789563,AAPL,590,1327,64.52999877929688,61.41999816894531,1.0
2021-03-22,120.07069396972656,120.5377847911862,117.024896545298,117.0930131834112,111912300,0.028335859974031985,AAPL,587,1324,64.62000274658203,61.54999923706055,1.0
2021-03-23,119.24354553222656,120.89781076796868,118.8543044696532,120.01229458916613,95467100,-0.0068888453139827055,AAPL,586,1323,60.790000915527344,57.7599983215332,1.0
2021-03-24,116.8594741821289,119.59388786129526,116.84001546562122,119.51603814694975,88530500,-0.019993294726827315,AAPL,585,1322,64.41000366210938,61.18000030517578,1.0
2021-03-25,117.34600067138672,118.3872236915313,115.7987768800299,116.32425121223295,98844700,0.0041633465550217075,AAPL,584,1321,61.95000076293945,58.560001373291016,1.0
2021-03-26,117.94933319091797,118.21207408800578,115.72093550893463,117.11246742653448,94071200,0.0051414834428045175,AAPL,583,1320,64.56999969482422,60.970001220703125,1.0
2021-03-29,118.1244888305664,119.28247903408416,117.48224734126221,118.37749665321657,80819200,0.001485007459643084,AAPL,580,1317,64.9800033569336,61.560001373291016,1.0
2021-03-30,116.67455291748047,117.16110233963497,115.6625292285005,116.87890278388676,85671900,-0.012274642857212026,AAPL,579,1316,64.13999938964844,60.54999923706055,1.0
2021-03-31,118.86404418945312,120.19718506636265,117.89094519064328,118.3774946900482,118323800,0.01876579954432045,AAPL,578,1315,63.540000915527344,59.15999984741211,1.0
2021-04-01,119.69117736816406,120.83943448866229,119.19489479787379,120.33342627373456,75089100,0.006958649138612438,AAPL,577,1314,64.86000061035156,61.45000076293945,1.0
2021-04-05,122.51318359375,122.76619144970482,119.75931123714496,120.53779352124103,88651200,0.023577395490943953,AAPL,573,1310,62.150001525878906,58.650001525878906,1.0
2021-04-06,122.8148193359375,123.71006860087718,122.26988629191437,123.09701892635115,80171300,0.0024620676186795087,AAPL,572,1309,62.7400016784668,59.33000183105469,1.0
2021-04-07,124.45935821533203,124.4788169278638,121.77360301243874,122.44504366920103,83466700,0.01339039448404189,AAPL,571,1308,63.15999984741211,59.77000045776367,1.0
2021-04-08,126.85318756103516,126.88237934347556,125.06268894589843,125.48111439308595,88844600,0.0192338236355154,AAPL,570,1307,63.20000076293945,59.599998474121094,1.0
2021-04-09,129.42214965820312,129.46106707973098,125.98711183634272,126.30823624511144,106686700,0.02025145876552692,AAPL,569,1306,62.95000076293945,59.31999969482422,-1.0
2021-04-12,127.70954132080078,129.27623158953074,127.1159502289636,128.95510707935833,91420000,-0.013232729806491816,AAPL,566,1303,63.279998779296875,59.70000076293945,1.0
2021-04-13,130.8136749267578,131.0374983592836,128.3809277339075,128.8772176641677,91266500,0.02430619962967051,AAPL,565,1302,63.66999816894531,60.18000030517578,-1.0
2021-04-14,128.47828674316406,131.36839256751463,128.11824478906962,131.31000899099288,87222800,-0.01785278324228201,AAPL,564,1301,66.58000183105469,63.150001525878906,1.0
2021-04-15,130.88177490234375,131.36832425142308,130.04490942799495,130.22007491478357,89347100,0.018707349079026825,AAPL,563,1300,66.94000244140625,63.459999084472656,-1.0
2021-04-16,130.5509490966797,131.0472241792983,129.6946173321828,130.68718234573052,84922400,-0.002527669004419475,AAPL,562,1299,66.7699966430664,63.130001068115234,-1.0
2021-04-19,131.2126922607422,131.82574950678435,129.75304346412022,129.91846854593953,94264200,0.005068849890722982,AAPL,559,1296,67.05000305175781,63.380001068115234,-1.0
2021-04-20,129.5292205810547,131.88411859918818,128.2641887932471,131.38784340823202,94812300,-0.012830097841008747,AAPL,558,1295,66.56999969482422,62.439998626708984,-1.0
2021-04-21,129.9087371826172,130.15201197134868,127.76792201144299,128.79940473993418,68847100,0.0029299690051405314,AAPL,557,1294,65.31999969482422,61.349998474121094,-1.0
2021-04-22,128.3907012939453,130.54124205126504,127.87495994409139,129.46110142550572,84566500,-0.011685402549467594,AAPL,556,1293,65.4000015258789,61.43000030517578,1.0
2021-04-23,130.70663452148438,131.48510166245782,128.60473760491465,128.60473760491465,78657500,0.018038169463977294,AAPL,555,1292,66.11000061035156,62.13999938964844,-1.0
2021-04-26,131.09588623046875,131.42673629598994,129.96708793224363,131.20292770440926,66905100,0.002978056243353011,AAPL,552,1289,65.6500015258789,61.90999984741211,-1.0
2021-04-27,130.7747802734375,131.76734545845767,130.5023137282654,131.37809693084532,66015800,-0.0024493976604783585,AAPL,551,1288,66.41999816894531,62.939998626708984,-1.0
2021-04-28,129.98654174804688,131.3878064201636,129.4999923395791,130.69689972688315,107760100,-0.006027450581392646,AAPL,550,1287,67.2699966430664,63.86000061035156,-1.0
2021-04-29,129.88926696777344,133.38270410909877,128.88697605750357,132.7988386951313,151101000,-0.0007483450129935898,AAPL,549,1286,68.55999755859375,65.01000213623047,-1.0
2021-04-30,127.92359161376953,129.96709045367274,127.54408362576527,128.23497554962137,109839500,-0.015133470223460455,AAPL,548,1285,67.25,63.58000183105469,1.0
2021-05-03,128.9745635986328,130.4634190600625,128.2836714700979,128.48801399046965,75135100,0.008215622869911288,AAPL,545,1282,67.55999755859375,64.48999786376953,-1.0
2021-05-04,124.41070556640625,127.95279275381809,123.29164023246338,127.66086008438737,137564700,-0.035385721842248086,AAPL,544,1281,68.87999725341797,65.69000244140625,1.0
2021-05-05,124.65399169921875,126.94076551104096,124.5274840738415,125.72439172337612,84000900,0.0019555080224398225,AAPL,543,1280,68.95999908447266,65.62999725341797,1.0
2021-05-06,126.24988555908203,126.25961120491856,123.71008883004946,124.44964624226809,78128300,0.012802589296250222,AAPL,542,1279,68.08999633789062,64.70999908447266,1.0
2021-05-07,126.92243957519531,127.9459170756659,126.21086004578889,127.54628013792039,78973300,0.0053271653525464036,AAPL,541,1278,68.27999877929688,64.9000015258789,1.0
2021-05-10,123.64729309082031,126.26937098545628,123.60830211734293,126.1426633359984,88071200,-0.025804313999453488,AAPL,538,1275,68.31999969482422,64.91999816894531,1.0
2021-05-11,122.73102569580078,123.08192956770212,119.67029762868589,120.38186984814409,126142800,-0.007410331209972587,AAPL,537,1274,68.55000305175781,65.27999877929688,1.0
2021-05-12,119.67028045654297,121.49306907963458,119.1634127705143,120.28437887697672,112172300,-0.024938643035902985,AAPL,536,1273,69.31999969482422,66.08000183105469,1.0
2021-05-13,121.81474304199219,122.96495055227784,121.12267010296466,121.43459040557941,105861300,0.017919759001717717,AAPL,535,1272,67.05000305175781,63.81999969482422,1.0
2021-05-14,124.23212432861328,124.66101753625983,122.67252280548946,123.06242504546209,81918000,0.019844734933174513,AAPL,534,1271,68.70999908447266,65.37000274658203,1.0
2021-05-17,123.08192443847656,123.72526428981506,122.00969878967952,123.61804098125864,74244600,-0.009258473976459292,AAPL,531,1268,69.45999908447266,66.2699966430664,1.0
2021-05-18,121.69778442382812,123.78375308679564,121.62955208202142,123.3646094337638,63342900,-0.011245680638835909,AAPL,530,1267,68.70999908447266,65.48999786376953,1.0
2021-05-19,121.54181671142578,121.76600548369002,119.75801895076617,120.050447495282,92612000,-0.0012815986185842343,AAPL,529,1266,66.66000366210938,63.36000061035156,1.0
2021-05-20,124.09566497802734,124.49531683623646,121.94146411990351,122.06818662946591,76857100,0.021012095554447052,AAPL,528,1265,65.11000061035156,62.04999923706055,1.0
2021-05-21,122.26312255859375,124.76823446881733,122.04867596571786,124.5927788416249,79295400,-0.014767175144740685,AAPL,527,1264,66.44000244140625,63.58000183105469,1.0
2021-05-24,123.89097595214844,124.70977148763245,122.76026751533502,122.82849985689472,63092900,0.013314344992084948,AAPL,524,1261,68.45999908447266,66.05000305175781,1.0
2021-05-25,123.69601440429688,125.08016771850949,123.13065653206684,124.59278434432386,72009500,-0.0015736541451321084,AAPL,523,1260,68.6500015258789,66.06999969482422,1.0
2021-05-26,123.64729309082031,124.17366007761332,123.22814942189817,123.75451640869117,56575900,-0.00039387941245483393,AAPL,522,1259,68.87000274658203,66.20999908447266,1.0
2021-05-27,122.1169204711914,124.41733561849655,121.92197306010468,123.24763627844212,94625600,-0.01237691971553978,AAPL,521,1258,69.45999908447266,66.8499984741211,1.0
2021-05-28,121.46382141113281,122.62377842352186,121.40533868337067,122.39958223915701,71311100,-0.005348145511192004,AAPL,520,1257,69.62999725341797,66.31999969482422,1.0
2021-06-01,121.14218139648438,122.18516577367905,120.81076927511776,121.92198599710954,67637100,-0.002648031413071905,AAPL,516,1253,70.25,67.72000122070312,1.0
2021-06-02,121.90247344970703,122.07792909380578,120.91797935921073,121.14216813753484,59278900,0.0062760307306528595,AAPL,515,1252,71.3499984741211,68.83000183105469,1.0
2021-06-03,120.42083740234375,121.69775987143738,120.02118559755706,121.5320538514475,76229200,-0.012154273866924914,AAPL,514,1251,71.30999755859375,68.80999755859375,1.0
2021-06-04,122.71150970458984,122.97469686847107,120.72301503974921,120.93746163646239,75169300,0.01902222531963149,AAPL,513,1250,71.88999938964844,69.62000274658203,1.0
2021-06-07,122.72127532958984,123.13066937489863,121.67829101219802,122.9844550910691,71057600,7.958198072466338e-05,AAPL,510,1247,71.48999786376953,69.2300033569336,1.0
2021-06-08,123.54007720947266,125.21665942285128,123.02345979414304,123.40361251247118,74403800,0.006672045068662813,AAPL,509,1246,72.22000122070312,70.05000305175781,1.0
2021-06-09,123.92019653320312,124.52454534046706,123.32559732645998,123.99817846383709,56877900,0.0030768907735581053,AAPL,508,1245,72.22000122070312,69.95999908447266,1.0
2021-06-10,122.92596435546875,124.95345011953233,122.76025831506651,123.81298472926724,71186400,-0.008023164952518314,AAPL,507,1244,72.5199966430664,70.29000091552734,1.0
2021-06-11,124.13463592529297,124.22236745136004,122.91619621766982,123.33533977456281,53522400,0.009832516475763109,AAPL,506,1243,72.69000244140625,70.91000366210938,1.0
2021-06-14,127.18563842773438,127.24412116871932,123.86173793219395,124.59280194157657,96906500,0.024578172559974076,AAPL,503,1240,72.86000061035156,70.87999725341797,1.0
2021-06-15,126.36685180664062,127.30262029411195,126.1231638006209,126.65928038857137,62746300,-0.006437728592752823,AAPL,502,1239,73.98999786376953,72.12000274658203,1.0
2021-06-16,126.86396026611328,127.58528206314801,125.21664196538165,127.07840688486591,91815000,0.003933851736951599,AAPL,501,1238,74.38999938964844,72.1500015258789,1.0
2021-06-17,128.46255493164062,129.20337594415264,126.37658632134162,126.52280804022224,96721700,0.012600857344939431,AAPL,500,1237,73.08000183105469,71.04000091552734,1.0
2021-06-18,127.1661376953125,128.18961527761795,126.95169109033546,127.40982566701065,108953300,-0.010091790849232285,AAPL,499,1236,73.51000213623047,71.63999938964844,1.0
2021-06-21,128.95968627929688,129.06690958900398,125.9477063159808,127.01018237446559,79663300,0.014103979380750475,AAPL,496,1233,74.9000015258789,73.66000366210938,1.0
2021-06-22,130.59727478027344,130.69475593415476,128.2968593599112,128.79399242175575,74783600,0.012698452890385736,AAPL,495,1232,74.80999755859375,73.05999755859375,1.0
2021-06-23,130.3243408203125,130.92869718078555,129.86620618552573,130.3925806003398,60214200,-0.0020898901636358103,AAPL,494,1231,75.19000244140625,73.08000183105469,1.0
2021-06-24,130.04165649414062,131.240597184488,129.5737648661965,131.05539194095186,68711000,-0.0021690831075188433,AAPL,493,1230,75.55999755859375,73.30000305175781,1.0
2021-06-25,129.74920654296875,130.50951172104854,129.45677804212312,130.09037560621056,70783700,-0.0022488943855083487,AAPL,492,1229,76.18000030517578,74.05000305175781,1.0
2021-06-28,131.3770751953125,131.8352098315601,129.98318695524438,130.04166969629122,62111300,0.012546270576264673,AAPL,489,1226,74.68000030517578,72.91000366210938,1.0
2021-06-29,132.887939453125,133.04390333984907,130.95793469390316,131.39657011097157,64556100,0.011500212313041436,AAPL,488,1225,74.76000213623047,72.9800033569336,1.0
2021-06-30,133.50204467773438,133.94068011687085,132.439553660315,132.7319822442512,63261400,0.004621226178512572,AAPL,487,1224,75.12999725341797,73.47000122070312,1.0
2021-07-01,133.80419921875,133.86268195374564,132.3323143115352,133.15111722207564,52485800,0.002263295230758411,AAPL,486,1223,75.83999633789062,75.2300033569336,1.0
2021-07-02,136.42626953125,136.46525305919846,134.27206149217562,134.41826831389758,78852600,0.019596323043743258,AAPL,485,1222,76.16999816894531,75.16000366210938,1.0
2021-07-06,138.43429565429688,139.5357553993497,136.53353205806397,136.53353205806397,108181800,0.014718764428187425,AAPL,481,1218,74.52999877929688,73.37000274658203,1.0
2021-07-07,140.91989135742188,141.23180423568894,139.0581116318865,139.91588320227135,104911600,0.017955057244861683,AAPL,480,1217,73.43000030517578,72.19999694824219,1.0
2021-07-08,139.62347412109375,140.42276298269945,137.11835448019005,138.0053823208354,105575500,-0.009199675246980954,AAPL,479,1216,74.12000274658203,72.94000244140625,1.0
2021-07-09,141.4462432861328,141.97260274724476,139.04834716131978,139.1458282969305,99890800,0.013054890493973792,AAPL,478,1215,75.55000305175781,74.55999755859375,1.0
2021-07-12,140.8516387939453,142.62569425576672,140.36426288116348,142.51847096001342,76299700,-0.004203748918129024,AAPL,475,1212,75.16000366210938,74.0999984741211,1.0
2021-07-13,141.96286010742188,143.7369156295679,140.00361422588887,140.39350901995923,100827100,0.007889303404571502,AAPL,474,1211,76.48999786376953,75.25,1.0
2021-07-14,145.38426208496094,145.79367103404422,143.95137538377713,144.36078433286042,127050800,0.024100683622111596,AAPL,473,1210,74.76000213623047,73.12999725341797,1.0
2021-07-15,144.7311553955078,146.21278242197315,143.37625087333885,145.47197634550716,106820300,-0.004492279151036671,AAPL,472,1209,73.47000122070312,71.6500015258789,1.0
2021-07-16,142.69393920898438,145.97884856339024,142.1968210625346,144.7116829108476,93251400,-0.014075864874817934,AAPL,471,1208,73.58999633789062,71.80999755859375,1.0
2021-07-19,138.85340881347656,140.43251704679776,138.0931035014654,140.12058929133983,121434600,-0.026914460535588103,AAPL,468,1205,68.62000274658203,66.41999816894531,1.0
2021-07-20,142.4600067138672,143.38603306380864,139.35056015600642,139.83793618290784,96350000,0.025974140146860947,AAPL,467,1204,69.3499984741211,67.41999816894531,1.0
2021-07-21,141.7289581298828,142.44053791570667,140.97840967554887,141.8556806702285,74993500,-0.005131605710595677,AAPL,466,1203,72.2300033569336,70.30000305175781,1.0
2021-07-22,143.0935821533203,144.4582288663732,142.12857241610413,142.25529492286392,77338200,0.00962840651228758,AAPL,465,1202,73.79000091552734,71.91000366210938,1.0
2021-07-23,144.80909729003906,144.96506111781187,143.2105052391908,143.8246035150905,71447400,0.011988763653149936,AAPL,464,1201,74.0999984741211,72.06999969482422,1.0
2021-07-26,145.22828674316406,146.04707474588002,143.97084849928373,144.5264642055409,72434100,0.002894772918067501,AAPL,461,1198,74.5,71.91000366210938,1.0
2021-07-27,143.0643310546875,145.44272791296905,141.87513262554674,145.35498894389306,104818600,-0.0149003733157268,AAPL,460,1197,74.4800033569336,71.6500015258789,1.0
2021-07-28,141.31951904296875,143.25928057886588,138.94112214929507,141.15381301329907,118931200,-0.01219599601700705,AAPL,459,1196,74.73999786376953,72.38999938964844,1.0
2021-07-29,141.96286010742188,142.8498878684949,140.92962551695572,141.03684881635502,56699500,0.004552386455953794,AAPL,458,1195,76.05000305175781,73.62000274658203,1.0
2021-07-30,142.17735290527344,142.63548761761535,140.4715365982456,140.7347238502062,70440600,0.0015109078366641882,AAPL,457,1194,76.33000183105469,73.94999694824219,1.0
2021-08-02,141.8459014892578,143.2397895751834,141.582714310116,142.6646895204393,62880000,-0.002331253249850951,AAPL,454,1191,72.88999938964844,71.26000213623047,1.0
2021-08-03,143.63941955566406,144.30224361135603,141.51445299043982,142.12855135709023,64786600,0.012644130338457904,AAPL,453,1190,72.41000366210938,70.55999755859375,1.0
2021-08-04,143.23976135253906,144.05854922239413,142.58667948918819,143.55168904021573,56368300,-0.0027823713320570542,AAPL,452,1189,70.37999725341797,68.1500015258789,1.0
2021-08-05,143.34701538085938,144.107320690727,142.47948676454712,143.26903344221475,46397700,0.0007487727381529918,AAPL,451,1188,71.29000091552734,69.08999633789062,1.0
2021-08-06,142.66368103027344,143.61060825982952,142.16581806356817,142.86869219057516,54126800,-0.004766993918711049,AAPL,450,1187,70.69999694824219,68.27999877929688,1.0
2021-08-09,142.6148681640625,143.21035833317768,142.05843483321482,142.72225212556916,48908700,-0.0003421534188549069,AAPL,447,1184,69.04000091552734,66.4800033569336,1.0
2021-08-10,142.13653564453125,144.196344465899,141.84366893661831,142.9565505100319,69023100,-0.003354015788739395,AAPL,446,1183,70.62999725341797,68.29000091552734,1.0
2021-08-11,142.39036560058594,143.22990900393347,142.06821366601775,142.57584837162412,48493500,0.0017858178047163165,AAPL,445,1182,71.44000244140625,69.25,1.0
2021-08-12,145.34823608398438,145.5044336133679,142.37078584930737,142.71246608285676,72282600,0.020772967826316657,AAPL,444,1181,71.30999755859375,69.08999633789062,1.0
2021-08-13,145.5532684326172,145.88517705910473,144.7430103885552,145.42635605950554,59375000,0.0014106283925892082,AAPL,443,1180,70.58999633789062,68.44000244140625,1.0
2021-08-16,147.52523803710938,147.59358006664493,142.9858555687735,145.00660783223563,103296000,0.013548095660971704,AAPL,440,1177,69.51000213623047,67.29000091552734,-1.0
2021-08-17,146.61732482910156,148.07187159409528,145.5434853619502,146.65636676617194,92229700,-0.006154290751114955,AAPL,439,1176,69.02999877929688,66.58999633789062,-1.0
2021-08-18,142.87841796875,147.13470375005627,142.6734068529053,146.2365903149313,86326000,-0.025501125905207034,AAPL,438,1175,68.2300033569336,65.45999908447266,1.0
2021-08-19,143.21035766601562,144.4794367790495,141.06269334170713,141.5800847276963,86960300,0.0023232318917347783,AAPL,437,1174,66.44999694824219,63.689998626708984,1.0
2021-08-20,144.66493225097656,144.96755574158394,143.288469055807,143.9327728785443,60549600,0.01015690909978173,AAPL,436,1173,65.18000030517578,62.31999969482422,1.0
2021-08-23,146.1487579345703,146.61733569322215,144.37204430196212,144.7820517027598,60131800,0.010256982535473691,AAPL,433,1170,68.75,65.63999938964844,-1.0
2021-08-24,146.06088256835938,147.27139120779157,145.60206158624175,145.89492826143862,48606400,-0.0006012734384666096,AAPL,432,1169,71.05000305175781,67.54000091552734,-1.0
2021-08-25,144.83087158203125,146.74425443123712,144.28419502392072,146.24637657624294,58991300,-0.00842122110108745,AAPL,431,1168,72.25,68.36000061035156,1.0
2021-08-26,144.0303497314453,145.57276688380205,144.00106455542348,144.82109417148567,48597200,-0.00552728739281616,AAPL,430,1167,71.06999969482422,67.41999816894531,1.0
2021-08-27,145.065185546875,145.2116114656549,143.33728522616812,143.97181740197544,55802400,0.007184845536786,AAPL,429,1166,72.69999694824219,68.73999786376953,1.0
2021-08-30,149.4776153564453,149.83882401907485,145.07490345956626,145.45562564226032,90956700,0.030416876336910814,AAPL,426,1163,73.41000366210938,69.20999908447266,-1.0
2021-08-31,148.2183380126953,149.16526528048843,147.69117494824357,149.02859613337498,86453100,-0.008424521228460269,AAPL,425,1162,72.98999786376953,68.5,-1.0
2021-09-01,148.8821258544922,151.293371319359,148.71617155840954,149.1945209265185,80313700,0.004478446126821467,AAPL,424,1161,71.58999633789062,68.58999633789062,-1.0
2021-09-02,149.9950408935547,151.03959539227287,148.7747752992504,150.20980882981786,71115500,0.007475142047274286,AAPL,423,1160,73.02999877929688,69.98999786376953,-1.0
2021-09-03,150.62953186035156,150.95168364480844,149.44830865067632,150.1023689782168,57808700,0.004230079628080086,AAPL,422,1159,72.61000061035156,69.29000091552734,-1.0
2021-09-07,152.96273803710938,153.5191714127496,150.7174463222015,151.2836513561049,82278300,0.01548969944964651,AAPL,418,1155,71.69000244140625,68.3499984741211,-1.0
2021-09-08,151.4202880859375,153.30437064554417,150.31716343749,153.24580029178898,74420200,-0.010083828067968259,AAPL,417,1154,72.5999984741211,69.30000305175781,-1.0
2021-09-09,150.40501403808594,152.39648028234163,150.28785845020124,151.79123351222952,57305700,-0.006705006711355321,AAPL,416,1153,71.44999694824219,68.13999938964844,-1.0
2021-09-10,145.42636108398438,151.7814983871202,145.1627795675759,151.31292061025323,140893200,-0.03310164216228095,AAPL,415,1152,72.91999816894531,69.72000122070312,1.0
2021-09-13,145.99256896972656,147.818081410703,145.21159606216116,147.04688016056696,102404300,0.0038934336355649357,AAPL,412,1149,73.51000213623047,70.44999694824219,1.0
2021-09-14,144.5965576171875,147.4763957492906,143.4153491043727,146.7735217186003,109296300,-0.009562208284919937,AAPL,411,1148,73.5999984741211,70.45999908447266,1.0
2021-09-15,145.48492431640625,145.8851749521173,142.88819590848047,145.02610332343372,83281300,0.006143761053915675,AAPL,410,1147,75.45999908447266,72.61000061035156,1.0
2021-09-16,145.25062561035156,145.42635157507343,143.71798000246844,144.90896023332135,68034100,-0.0016104672505112827,AAPL,409,1146,75.66999816894531,72.61000061035156,1.0
2021-09-17,142.5855712890625,145.27992686740734,142.29270460935308,145.27992686740734,129868800,-0.018347971377681516,AAPL,408,1145,75.33999633789062,71.97000122070312,1.0
2021-09-20,139.53977966308594,141.39457695669392,137.90950701335717,140.37932278347847,123478900,-0.021361148946844377,AAPL,405,1142,73.91999816894531,70.29000091552734,1.0
2021-09-21,140.0181427001953,141.16032435989862,139.38361057442205,140.50624891873463,75834000,0.003428148147176069,AAPL,404,1141,74.36000061035156,70.55999755859375,1.0
2021-09-22,142.38058471679688,142.94677480134484,140.28171911608493,141.01387841720836,76404300,0.016872399326564258,AAPL,403,1140,76.19000244140625,72.2300033569336,1.0
2021-09-23,143.33726501464844,143.581318108749,142.1755699033987,143.16153904107028,64838200,0.006719176633207757,AAPL,402,1139,77.25,73.30000305175781,1.0
2021-09-24,143.42507934570312,143.96199897762438,142.09743029941347,142.19505746733168,53477900,0.0006126413186808843,AAPL,401,1138,78.08999633789062,73.9800033569336,1.0
2021-09-27,141.9119873046875,142.48796392317834,140.39887004950094,142.00961449990794,74150700,-0.010549703356750872,AAPL,398,1135,79.52999877929688,75.44999694824219,1.0
2021-09-28,138.53427124023438,141.30671020043195,138.3195033733077,139.84239196001295,108972300,-0.023801485192375682,AAPL,397,1134,79.08999633789062,75.29000091552734,1.0
2021-09-29,139.4324188232422,141.013878143942,138.65144592439347,139.08098176355122,74602000,0.006483215849530266,AAPL,396,1133,78.63999938964844,74.83000183105469,1.0
2021-09-30,138.13401794433594,140.94551367693097,137.91925008166186,140.2426397437822,89056700,-0.009312044428865796,AAPL,395,1132,78.5199966430664,75.02999877929688,1.0
2021-10-01,139.2566680908203,139.5202495626883,135.80088336468526,138.52450892126643,94639600,0.008127253251525524,AAPL,394,1131,79.27999877929688,75.87999725341797,1.0
2021-10-04,135.83018493652344,138.82716398233575,134.98088496397907,138.38785651091933,98322000,-0.02460552303364172,AAPL,391,1128,81.26000213623047,77.62000274658203,1.0
2021-10-05,137.7533416748047,138.85646652806082,136.04496985928344,136.17188224652747,80861100,0.014158537288158524,AAPL,390,1127,82.55999755859375,78.93000030517578,1.0
2021-10-06,138.62216186523438,138.76858776803195,135.07850605934124,136.15234566592073,83221100,0.0063070716097815005,AAPL,389,1126,81.08000183105469,77.43000030517578,1.0
2021-10-07,139.88148498535156,140.7893703718494,139.32505159657362,139.65696027730579,61732700,0.009084572792490864,AAPL,388,1125,81.94999694824219,78.30000305175781,1.0
2021-10-08,139.50070190429688,140.75025218963773,139.16879336821262,140.60382633425183,58773200,-0.002722183576293613,AAPL,387,1124,82.38999938964844,79.3499984741211,1.0
2021-10-11,139.4128875732422,141.36531233280488,138.43667519346084,138.88573944232053,64452200,-0.0006294902452529394,AAPL,384,1121,83.6500015258789,80.5199966430664,1.0
2021-10-12,138.143798828125,139.84241361250955,137.68497785008697,139.82288519545196,73035900,-0.009103094894655661,AAPL,383,1120,83.41999816894531,80.63999938964844,1.0
2021-10-13,137.55809020996094,138.03642474342516,135.88876048394778,137.88024208325538,78762700,-0.004239847341195424,AAPL,382,1119,83.18000030517578,80.44000244140625,1.0
2021-10-14,140.3402862548828,140.45744186952987,138.1438084019397,138.72954178771872,69907100,0.02022560825521258,AAPL,381,1118,84.0,81.30999755859375,1.0
2021-10-15,141.3946075439453,141.45317790755652,140.09624319922384,140.35006796929892,67940300,0.007512606089085994,AAPL,380,1117,84.86000061035156,82.27999877929688,1.0
2021-10-18,143.06393432617188,143.347029376178,139.75457479053856,140.03766984054468,85589200,0.011806155915159211,AAPL,377,1114,84.33000183105469,82.44000244140625,1.0
2021-10-19,145.22132873535156,145.62157933226285,143.06390800766076,143.51295730034732,76378900,0.015079932055140022,AAPL,376,1113,85.08000183105469,82.95999908447266,1.0
2021-10-20,145.70945739746094,146.18780683574556,144.59657585778285,145.16278083703227,58418800,0.0033612739007431447,AAPL,375,1112,85.81999969482422,83.87000274658203,1.0
2021-10-21,145.92420959472656,146.0804071368253,144.35250720492448,145.27014914498275,61421000,0.001473838425462226,AAPL,374,1111,84.61000061035156,82.5,1.0
2021-10-22,145.15298461914062,146.60753116579318,145.10417103326708,146.12919675335147,58883400,-0.005285106410566454,AAPL,373,1110,85.52999877929688,83.76000213623047,1.0
2021-10-25,145.1042022705078,145.8168331110648,144.10846150842693,145.14324421012236,50720600,-0.00033607540872004904,AAPL,370,1107,85.98999786376953,83.76000213623047,1.0
2021-10-26,145.76800537109375,147.25183711393476,145.465367092144,145.77776213009912,60893400,0.004574664897357472,AAPL,369,1106,86.4000015258789,84.6500015258789,1.0
2021-10-27,145.30923461914062,146.1682914783705,144.95779752805828,145.80709762491546,56094900,-0.0031472664442735443,AAPL,368,1105,84.58000183105469,82.66000366210938,1.0
2021-10-28,148.94068908691406,149.52640741666096,146.15847860921852,146.25610577875034,100077900,0.024991215990446625,AAPL,367,1104,84.31999969482422,82.80999755859375,1.0
2021-10-29,146.23660278320312,146.37327190681347,142.92724374395107,143.7179733088264,124953200,-0.018155457184255264,AAPL,366,1103,84.37999725341797,83.56999969482422,1.0
2021-11-01,145.41656494140625,146.13895238181297,144.28415529948526,145.44585011354084,74588300,-0.005607610038730115,AAPL,363,1100,84.70999908447266,84.05000305175781,1.0
2021-11-02,146.45135498046875,147.96448683414823,145.11393416867705,145.12370582377017,69122000,0.007116039630556958,AAPL,362,1099,84.72000122070312,83.91000366210938,1.0
2021-11-03,147.88641357421875,148.35499132920407,146.25614074482093,146.81257403590004,54511500,0.009798875496518145,AAPL,361,1098,81.98999786376953,80.86000061035156,1.0
2021-11-04,147.3690185546875,148.80403696262286,147.0566234619275,147.97426542713765,60394600,-0.0034985973831300754,AAPL,360,1097,80.54000091552734,78.80999755859375,1.0
2021-11-05,147.89694213867188,148.79636649786093,146.70422366033108,148.49330137784227,65463900,0.003582324081153221,AAPL,359,1096,82.73999786376953,81.2699966430664,1.0
2021-11-08,147.07574462890625,148.18047945260236,146.80200740282297,148.02405391839477,55020900,-0.005552498232151759,AAPL,356,1093,83.43000030517578,81.93000030517578,1.0
2021-11-09,147.4374237060547,148.04355383183062,146.7041960051751,146.84106457930375,56787900,0.0024591347680136266,AAPL,355,1092,84.77999877929688,84.1500015258789,1.0
2021-11-10,144.612060546875,146.7726448402154,144.54363371528353,146.66510417552323,65187100,-0.01916313435327388,AAPL,354,1091,82.63999938964844,81.33999633789062,1.0
2021-11-11,144.56320190429688,146.0883134852804,144.37744845730748,145.62883774477925,41000000,-0.0003378600816097421,AAPL,353,1090,82.87000274658203,81.58999633789062,1.0
2021-11-12,146.6357879638672,147.03660782102534,144.18190939663026,145.11066161989166,63804000,0.01433688540561251,AAPL,352,1089,82.16999816894531,80.79000091552734,1.0
2021-11-15,146.64556884765625,148.483531417499,146.08830852560698,147.00728981052836,59222800,6.670188720558912e-05,AAPL,349,1086,82.05000305175781,80.87999725341797,1.0
2021-11-16,147.62319946289062,148.102247003654,146.00031832566742,146.58690654221206,59256200,0.006666622271075839,AAPL,348,1085,82.43000030517578,80.76000213623047,1.0
2021-11-17,150.05752563476562,151.53375230300938,147.61343285568483,147.6232038564801,88807000,0.01649013285670553,AAPL,347,1084,80.27999877929688,78.36000061035156,1.0
2021-11-18,154.3395538330078,155.12166644396783,149.62735108476016,150.27259510761894,137827700,0.02853591101231734,AAPL,346,1083,81.23999786376953,79.01000213623047,1.0
2021-11-19,156.9596405029297,157.41913113659675,153.02953515610952,154.12448394226502,117305600,0.016976119243915733,AAPL,345,1082,78.88999938964844,76.0999984741211,1.0
2021-11-22,157.41912841796875,161.99446283900974,157.39957149925132,158.0643575600625,117467900,0.002927427162592755,AAPL,342,1079,79.69999694824219,76.75,1.0
2021-11-23,157.80038452148438,158.18166233731603,155.50293170970644,157.5168614506406,96041900,0.002421917255845507,AAPL,341,1078,82.30999755859375,78.5,1.0
2021-11-24,158.31854248046875,158.5140669022848,156.0699743356913,157.1551520319611,69463600,0.0032836292544891066,AAPL,340,1077,82.25,78.38999938964844,1.0
2021-11-26,153.3032989501953,156.8618980401627,152.86336515925657,156.00158738073347,76959800,-0.031678181542709405,AAPL,338,1075,72.72000122070312,68.1500015258789,1.0
2021-11-29,156.6565704345703,157.58532267329434,155.2389847402696,155.8060160344783,88748200,0.021873446346803105,AAPL,335,1072,73.44000244140625,69.94999694824219,1.0
2021-11-30,161.6033935546875,161.81847488073362,156.3437019010155,156.41214364910118,174048100,0.031577501705766675,AAPL,334,1071,70.56999969482422,66.18000030517578,1.0
2021-12-01,161.0852508544922,166.49158221025922,160.85061260681175,163.73463874085127,152052500,-0.0032062612597301143,AAPL,333,1070,68.87000274658203,65.56999969482422,1.0
2021-12-02,160.09783935546875,160.52800204808736,154.27113083970096,155.19011206164845,136739200,-0.006129744925656544,AAPL,332,1069,69.66999816894531,66.5,1.0
2021-12-03,158.22079467773438,161.271032766341,156.14820866843903,160.3520514474846,118023100,-0.01172435983702902,AAPL,331,1068,69.87999725341797,66.26000213623047,1.0
2021-12-06,161.6229705810547,164.12571914002814,160.6062196554979,160.61599065605895,107497000,0.02150271024899042,AAPL,328,1065,73.08000183105469,69.48999786376953,1.0
2021-12-07,167.3518829345703,167.74294665807957,164.57539762665544,165.29885432698077,120405400,0.035446151824332084,AAPL,327,1064,75.44000244140625,72.05000305175781,-1.0
2021-12-08,171.16470336914062,172.02502878126478,166.88264814477856,168.2806769394803,116998900,0.022783253870295672,AAPL,326,1063,75.81999969482422,72.36000061035156,-1.0
2021-12-09,170.65635681152344,172.79738478635073,170.03066956515224,170.9985358177286,108923700,-0.002969926320153027,AAPL,325,1062,74.41999816894531,70.94000244140625,-1.0
2021-12-10,175.43699645996094,175.61297891700764,170.78344865474102,171.29182418696914,115402700,0.028013252701259317,AAPL,324,1061,75.1500015258789,71.66999816894531,-1.0
2021-12-13,171.80995178222656,178.05705234389498,171.60464142456377,177.06962931153166,153237000,-0.020674343216780744,AAPL,321,1058,74.38999938964844,71.29000091552734,-1.0
2021-12-14,170.43148803710938,173.76523433574428,168.3589020297747,171.33091243496327,139380400,-0.008023189173956724,AAPL,320,1057,73.69999694824219,70.7300033569336,-1.0
2021-12-15,175.2903289794922,175.48585340924998,168.4566405154073,171.19402728468987,131063300,0.02850905662059855,AAPL,319,1056,73.87999725341797,70.87000274658203,-1.0
2021-12-16,168.40774536132812,177.08916675225177,166.9315188519041,175.27076132354634,150185800,-0.0392639095278855,AAPL,318,1055,75.0199966430664,72.37999725341797,-1.0
2021-12-17,167.3128204345703,169.59071677301714,165.89524955752734,166.12987292514003,195432700,-0.006501630458911389,AAPL,317,1054,73.5199966430664,70.86000061035156,-1.0
2021-12-20,165.95391845703125,166.76535914150864,163.71513578207376,164.51679054709132,107499100,-0.00812192379525678,AAPL,314,1051,71.5199966430664,68.2300033569336,1.0
2021-12-21,169.1214599609375,169.3267554134747,165.33799395674112,167.72343104614094,91185900,0.019086873834355256,AAPL,313,1050,73.9800033569336,71.12000274658203,-1.0
2021-12-22,171.7122039794922,171.92728536537462,168.30024464668514,169.1703411922784,92135300,0.015318836646473377,AAPL,312,1049,75.29000091552734,72.76000213623047,-1.0
2021-12-23,172.33786010742188,172.89512039322665,171.35045204505695,171.9174833311616,68356600,0.0036436322720800884,AAPL,311,1048,76.8499984741211,73.79000091552734,-1.0
2021-12-27,176.29725646972656,176.38524020677164,173.11016568158362,173.1297076781128,74919600,0.022974617184156276,AAPL,307,1044,78.5999984741211,75.56999969482422,-1.0
2021-12-28,175.28054809570312,177.2749361221624,174.5375492742612,176.1311025117923,79144300,-0.005767011888798357,AAPL,306,1043,78.94000244140625,75.9800033569336,-1.0
2021-12-29,175.3685760498047,176.59062262185972,174.15630048000423,175.31969120341034,62348900,0.0005022117688353589,AAPL,305,1042,79.2300033569336,76.55999755859375,-1.0
2021-12-30,174.21490478515625,176.53191454419968,174.10736412193012,175.4565079119385,59773000,-0.00657855181717848,AAPL,304,1041,79.31999969482422,76.98999786376953,-1.0
2021-12-31,173.59901428222656,175.22188041192248,173.29593427269404,174.1073747963206,64062300,-0.003535234276821564,AAPL,303,1040,77.77999877929688,75.20999908447266,-1.0
2022-01-03,177.939697265625,178.7902515625947,173.73587028238754,173.85318194367048,104487900,0.0250040762117556,AAPL,300,1037,78.9800033569336,76.08000183105469,-1.0
2022-01-04,175.6813507080078,178.84889968411812,175.1143195069881,178.5458346271631,99310400,-0.012691639877559058,AAPL,299,1036,80.0,76.98999786376953,-1.0
2022-01-05,171.00830078125,176.1408961877194,170.73456355297643,175.59342173117227,94537600,-0.02659957877102548,AAPL,298,1035,80.80000305175781,77.8499984741211,-1.0
2022-01-06,168.15357971191406,171.3797850968752,167.80162976232634,168.83792269234627,96904000,-0.01669346491541157,AAPL,297,1034,81.98999786376953,79.45999908447266,-1.0
2022-01-07,168.31976318359375,170.2457092977057,167.2052575825263,169.0236630282213,86709100,0.0009882838769439406,AAPL,296,1033,81.75,78.9000015258789,-1.0
2022-01-10,168.33934020996094,168.64240533418686,164.40923476090865,165.29888813158135,106765600,0.00011630854272204338,AAPL,293,1030,80.87000274658203,78.2300033569336,-1.0
2022-01-11,171.16470336914062,171.26245812752686,166.99997473942338,168.46643037323963,76138300,0.016783736681251993,AAPL,292,1029,83.72000122070312,81.22000122070312,-1.0
2022-01-12,171.60464477539062,173.21774007794218,170.91053076473975,172.18144710369126,74805200,0.002570281124498086,AAPL,291,1028,84.66999816894531,82.63999938964844,-1.0
2022-01-13,168.33934020996094,172.6702655459411,167.94827640647682,171.84905393496265,84505800,-0.019028066342280936,AAPL,290,1027,84.47000122070312,82.12000274658203,-1.0
2022-01-14,169.19964599609375,169.89375992557677,167.26391395832079,167.50832321300913,80440800,0.005110545075558637,AAPL,289,1026,86.05999755859375,83.81999969482422,-1.0
2022-01-18,166.00274658203125,168.68146210817613,165.62146879237642,167.67449730684277,90956700,-0.01889424410578444,AAPL,285,1022,87.51000213623047,85.43000030517578,-1.0
2022-01-19,162.5126190185547,167.25416515581253,162.22911080921511,166.19831524532339,94815000,-0.021024516975397756,AAPL,284,1021,88.44000244140625,86.95999908447266,-1.0
2022-01-20,160.8311004638672,165.8854833139809,160.50847837757559,163.24586569234862,91420500,-0.0103470029887065,AAPL,283,1020,88.37999725341797,86.9000015258789,1.0
2022-01-21,158.77804565429688,162.61038131219433,158.67050497614542,160.74309086318223,122848900,-0.012765284846332103,AAPL,282,1019,87.88999938964844,85.13999938964844,1.0
2022-01-24,158.00570678710938,158.67050778679211,151.24045969712583,156.44149634340394,162294600,-0.004864267374024012,AAPL,279,1016,86.2699966430664,83.30999755859375,1.0
2022-01-25,156.2068634033203,159.1202179477596,153.50859022634555,155.42475069595457,115798400,-0.01138467350557626,AAPL,278,1015,88.19999694824219,85.5999984741211,1.0
2022-01-26,156.1188507080078,160.713741500623,154.2906743409117,159.84364519078215,108275300,-0.0005634368003745172,AAPL,277,1014,89.95999908447266,87.3499984741211,1.0
2022-01-27,155.65939331054688,160.17607231774176,154.74041197266266,158.81715723147198,121954600,-0.0029429975648506135,AAPL,276,1013,89.33999633789062,86.61000061035156,1.0
2022-01-28,166.52093505859375,166.54049197821774,159.15932862262193,162.00425626677838,179935700,0.06977761840801766,AAPL,275,1012,90.02999877929688,86.81999969482422,-1.0
2022-01-31,170.8714141845703,171.0864955438015,165.71926239899202,166.35473547583268,115541600,0.026125718813948318,AAPL,272,1009,91.20999908447266,88.1500015258789,-1.0
2022-02-01,170.70523071289062,170.93008309016165,168.45666218750117,170.11864243059435,86213900,-0.0009725645010474349,AAPL,271,1008,89.16000366210938,88.19999694824219,-1.0
2022-02-02,171.90771484375,171.94682868403083,169.45385093947993,170.84209391826516,84914300,0.007044213735206695,AAPL,270,1007,89.47000122070312,88.26000213623047,-1.0
2022-02-03,169.03346252441406,172.29878204430065,168.27090671710556,170.57813105955574,89418100,-0.016719740134690242,AAPL,269,1006,91.11000061035156,90.2699966430664,-1.0
2022-02-04,168.7495880126953,170.4234840013588,167.07569202403184,168.05457472378333,82465400,-0.001679398312495417,AAPL,268,1005,93.2699966430664,92.30999755859375,-1.0
2022-02-07,168.03500366210938,170.2766384169295,167.33999039041194,169.20965988540354,77251200,-0.004234584267738595,AAPL,265,1002,92.69000244140625,91.31999969482422,-1.0
2022-02-08,171.13807678222656,171.6471000057892,167.80986639624405,168.1035342150904,74829200,0.01846682567613689,AAPL,264,1001,90.77999877929688,89.36000061035156,-1.0
2022-02-09,172.55743408203125,172.91961588647231,171.20657123174874,172.3322952525055,71285000,0.008293638251006152,AAPL,263,1000,91.55000305175781,89.66000366210938,-1.0
2022-02-10,168.4852752685547,171.7743215374217,167.92731993059743,170.4626223841964,90865900,-0.023598860490361195,AAPL,262,999,91.41000366210938,89.87999725341797,-1.0
2022-02-11,165.07876586914062,169.42500712943504,164.49143031742815,168.6908451580762,98670700,-0.020218439824989498,AAPL,261,998,94.44000244140625,93.0999984741211,-1.0
2022-02-14,165.31370544433594,165.99892030677,163.04269054419584,163.83558309476697,86185500,0.0014231968233973102,AAPL,258,995,96.4800033569336,95.45999908447266,-1.0
2022-02-15,169.14112854003906,169.29775335068365,166.65477315145358,167.35956986279012,62527400,0.023152485061148642,AAPL,257,994,93.27999877929688,92.06999969482422,-1.0
2022-02-16,168.90625,169.6795609308949,166.4590427120735,168.22103494669418,61177400,-0.0013886542088635823,AAPL,256,993,94.80999755859375,93.66000366210938,-1.0
2022-02-17,165.31370544433594,168.27971865617212,164.91235997613748,167.4182971510757,69589300,-0.021269458978954714,AAPL,255,992,92.97000122070312,91.76000213623047,-1.0
2022-02-18,163.76707458496094,166.93864489391834,162.68051421778296,166.23386310925557,82772700,-0.009355732818509543,AAPL,254,991,93.54000091552734,91.06999969482422,-1.0
2022-02-22,160.85000610351562,163.16995323151656,158.72581758393332,161.49605730830203,91162800,-0.017812301336139202,AAPL,250,987,96.83999633789062,92.3499984741211,-1.0
2022-02-23,156.6897735595703,162.64136771002168,156.3765239008277,162.04424861753867,90009200,-0.025864049649261256,AAPL,249,986,96.83999633789062,92.0999984741211,1.0
2022-02-24,159.30337524414062,159.4110529381091,148.7901697172211,149.3579234730035,141147500,0.016680103782118705,AAPL,248,985,99.08000183105469,92.80999755859375,-1.0
2022-02-25,161.3688201904297,161.6331077669388,157.47285626304333,160.38013909716133,91974200,0.012965481384959121,AAPL,247,984,97.93000030517578,91.58999633789062,-1.0
2022-02-28,161.63308715820312,161.92675492011216,158.99989062280463,159.61659142915732,95056600,0.0016376581762298503,AAPL,244,981,100.98999786376953,95.72000122070312,-1.0
2022-03-01,159.75363159179688,163.08184127413253,158.54961021930214,161.22195543903135,83474400,-0.011627913563060699,AAPL,243,980,104.97000122070312,103.41000366210938,-1.0
2022-03-02,163.0426788330078,163.82578787806702,159.50891214996344,160.91850544375748,79724800,0.02058824709296836,AAPL,242,979,112.93000030517578,110.5999984741211,-1.0
2022-03-03,162.71963500976562,165.34304789639853,162.05400207433684,164.91233720332733,76678400,-0.0019813451640662283,AAPL,241,978,110.45999908447266,107.66999816894531,-1.0
2022-03-04,159.72427368164062,162.05401907314567,158.67687705595137,161.01640589639365,83737200,-0.018408112382658826,AAPL,240,977,118.11000061035156,115.68000030517578,-1.0
2022-03-07,155.9359893798828,161.53519862355543,155.6814703637219,159.91025004561254,96418800,-0.023717649261680518,AAPL,237,974,123.20999908447266,119.4000015258789,1.0
2022-03-08,154.11532592773438,159.4404512853576,152.50995857167746,155.4661891073489,131148300,-0.011675710394943084,AAPL,236,973,127.9800033569336,123.69999694824219,1.0
2022-03-09,159.50889587402344,159.9591883833685,156.04365849416726,158.0699374448171,91454900,0.03499697329789342,AAPL,235,972,111.13999938964844,108.69999694824219,-1.0
2022-03-10,155.17247009277344,157.00297572975708,152.68609998585092,156.81698565051138,105342000,-0.027186106188552772,AAPL,234,971,109.33000183105469,106.0199966430664,1.0
2022-03-11,151.46250915527344,155.91642822664025,151.23737032666907,155.57381332247203,96970100,-0.02390862847824693,AAPL,233,970,112.66999816894531,109.33000183105469,1.0
2022-03-14,147.43930053710938,150.86538982544317,146.9302923114544,148.25177493215907,108732100,-0.02656240571083912,AAPL,230,967,106.9000015258789,103.01000213623047,1.0
2022-03-15,151.81484985351562,152.28472410419698,147.2043226599617,147.7133306933624,92964300,0.029676953841116127,AAPL,229,966,99.91000366210938,96.44000244140625,1.0
2022-03-16,156.21987915039062,156.6212246232631,151.19822129277074,153.73352378158447,102300200,0.02901579984517566,AAPL,228,965,98.0199966430664,95.04000091552734,1.0
2022-03-17,157.22813415527344,157.60011436017203,154.30128444798586,155.26058530967927,75615400,0.00645407620570615,AAPL,227,964,106.63999938964844,102.9800033569336,1.0
2022-03-18,160.51715087890625,161.00659213717293,156.38626546421042,157.12042735161046,123511700,0.02091875440297919,AAPL,226,963,107.93000030517578,104.69999694824219,1.0
2022-03-21,161.88763427734375,162.8371517415441,159.5676719986422,160.0571133745572,95811400,0.008537925018812453,AAPL,223,960,115.62000274658203,112.12000274658203,1.0
2022-03-22,165.25497436523438,165.84229498697943,161.42753966012307,162.01486028186812,81532000,0.02080047746032121,AAPL,222,959,115.4800033569336,111.76000213623047,-1.0
2022-03-23,166.61563110351562,168.99430889731204,164.1096788423283,164.44251031244588,98062700,0.008233680973947832,AAPL,221,958,121.5999984741211,114.93000030517578,-1.0
2022-03-24,170.39410400390625,170.46261801995993,166.61561651162776,167.44765777264146,90131400,0.022677781642486572,AAPL,220,957,119.02999877929688,112.33999633789062,-1.0
2022-03-25,171.03036499023438,171.578536843318,169.10196511927478,170.20810721060892,80546200,0.0037340551778337616,AAPL,219,956,120.6500015258789,113.9000015258789,-1.0
2022-03-28,171.8917999267578,172.0190445148475,168.36781639958284,168.53422465828777,90371900,0.00503673681905914,AAPL,216,953,112.4800033569336,105.95999908447266,-1.0
2022-03-29,175.1808624267578,175.22979461470234,172.61617948078282,172.95879441578631,100589400,0.01913449333476902,AAPL,215,952,110.2300033569336,104.23999786376953,-1.0
2022-03-30,174.0159454345703,175.8170856417981,172.96853399467147,174.77947258625517,92633200,-0.006649795965438576,AAPL,214,951,113.44999694824219,107.81999969482422,-1.0
2022-03-31,170.92269897460938,174.27047582290578,170.7171270473916,174.08448573079536,103049300,-0.017775649537380978,AAPL,213,950,107.91000366210938,100.27999877929688,-1.0
2022-04-01,170.6290283203125,171.18699858724577,168.30908127405286,170.35494237968112,78751300,-0.0017181489413556905,AAPL,212,949,104.38999938964844,99.2699966430664,-1.0
2022-04-04,174.6718292236328,174.72077634534207,170.75629847192283,170.88355800105404,76468400,0.02369351184331303,AAPL,209,946,107.52999877929688,103.27999877929688,-1.0
2022-04-05,171.3631591796875,174.5347436924903,170.7366750096159,173.75163474576064,73401800,-0.018942207559464075,AAPL,208,945,106.63999938964844,101.95999908447266,-1.0
2022-04-06,168.20143127441406,169.96342328033663,166.53733352192953,168.72023795719042,89058800,-0.018450452946879414,AAPL,207,944,101.06999969482422,96.2300033569336,-1.0
2022-04-07,168.50486755371094,169.69910564386342,166.26323274049562,167.54556668896316,77594700,0.0018040053345433904,AAPL,206,943,100.58000183105469,96.02999877929688,-1.0
2022-04-08,166.4981231689453,168.15243700693318,165.6269183292227,168.15243700693318,76575500,-0.011909118198772384,AAPL,205,942,102.77999877929688,98.26000213623047,-1.0
2022-04-11,162.2498016357422,165.4605355802755,162.00508096962494,165.14730089465874,72246700,-0.025515732263794666,AAPL,202,939,98.4800033569336,94.29000091552734,-1.0
2022-04-12,164.11947631835938,166.28279871101802,163.12101178667447,164.47187468621496,79265200,0.011523432779379839,AAPL,201,938,104.63999938964844,100.5999984741211,-1.0
2022-04-13,166.80160522460938,167.42808955183875,163.24827119923606,163.85517369033073,70618900,0.016342538779780202,AAPL,200,937,108.77999877929688,104.25,-1.0
2022-04-14,161.79949951171875,167.65322825491936,161.55477886000992,167.01694559853848,75329400,-0.029988354765261183,AAPL,199,936,111.69999694824219,106.94999694824219,-1.0
2022-04-18,161.5841827392578,163.08187215208477,160.1158586140106,160.45845861462905,69023900,-0.0013307629078626038,AAPL,195,932,113.16000366210938,108.20999908447266,-1.0
2022-04-19,163.8649444580078,164.2760883021938,160.44865367684753,161.53521398147984,67723800,0.014115006061146351,AAPL,194,931,107.25,102.55999755859375,-1.0
2022-04-20,163.6985321044922,165.31369734743882,162.59240492951264,165.19622127922986,67929800,-0.0010155457841580784,AAPL,193,930,106.80000305175781,102.75,-1.0
2022-04-21,162.90565490722656,167.90774603308134,162.4064301142371,165.34307817395856,87227800,-0.004843520507315957,AAPL,192,929,108.33000183105469,103.79000091552734,-1.0
2022-04-22,158.3734130859375,164.32502122927878,158.08954369720692,162.94480808191494,84882400,-0.02782126761572601,AAPL,191,928,106.6500015258789,102.06999969482422,-1.0
2022-04-25,159.44041442871094,159.7242838315626,155.11375480994548,157.71757136622622,96046400,0.0067372504133282884,AAPL,188,925,102.31999969482422,98.54000091552734,-1.0
2022-04-26,153.48880004882812,158.91180327087787,153.41048764569481,158.82370741856425,95623200,-0.03732814168357479,AAPL,187,924,104.98999786376953,101.69999694824219,-1.0
2022-04-27,153.26370239257812,156.4156915800931,152.0988293549953,152.6176360956144,88063200,-0.0014665412471684958,AAPL,186,923,105.31999969482422,102.0199966430664,-1.0
2022-04-28,160.18438720703125,161.04580888521681,155.57384246237302,155.88709214046477,130216800,0.04515540670370921,AAPL,185,922,107.58999633789062,105.36000061035156,-1.0
2022-04-29,154.32083129882812,162.69028026576657,153.9292842451666,158.42235165998022,131747600,-0.036605040044412895,AAPL,184,921,109.33999633789062,104.69000244140625,-1.0
2022-05-02,154.62429809570312,154.88858563658798,150.0333364297974,153.40069487713816,123055300,0.001966466836141878,AAPL,181,918,107.58000183105469,105.16999816894531,-1.0
2022-05-03,156.11219787597656,157.31623426694395,153.0189401124905,154.81028218380573,88966500,0.009622677668373436,AAPL,180,917,104.97000122070312,102.41000366210938,-1.0
2022-05-04,162.5141143798828,162.96439206944154,155.89685759161674,156.29820309411934,108256500,0.04100843233910689,AAPL,179,916,110.13999938964844,107.80999755859375,-1.0
2022-05-05,153.45941162109375,160.61504020896953,151.6778383257631,160.38990141926735,130525300,-0.05571640834606739,AAPL,178,915,110.9000015258789,108.26000213623047,-1.0
2022-05-06,154.18484497070312,156.30234136161945,151.14584468974874,152.9398334410661,116124600,0.004727200123773034,AAPL,177,914,112.38999938964844,109.7699966430664,-1.0
2022-05-09,149.06759643554688,152.76341048572758,148.50882129057032,151.8811126841976,131577900,-0.03318905004009043,AAPL,174,911,105.94000244140625,103.08999633789062,-1.0
2022-05-10,151.46937561035156,153.65550196924158,149.92046680625165,152.45950928453797,115366700,0.01611201382617833,AAPL,173,910,102.45999908447266,99.76000213623047,-1.0
2022-05-11,143.6169891357422,152.39085681137783,142.94056542836282,150.4792343504193,142689800,-0.05184141311052404,AAPL,172,909,107.51000213623047,105.70999908447266,-1.0
2022-05-12,139.75454711914062,143.32291464808353,136.06854586723028,139.9604210928437,182602000,-0.026894046726957277,AAPL,171,908,107.44999694824219,106.12999725341797,-1.0
2022-05-13,144.21502685546875,145.1855500570958,140.2937427481442,141.744613679471,113990900,0.03191652671254808,AAPL,170,907,111.55000305175781,110.48999786376953,-1.0
2022-05-16,142.67588806152344,144.61693408926746,141.34265112461745,142.68570084334092,86643800,-0.010672527180456859,AAPL,167,904,114.23999786376953,114.19999694824219,-1.0
2022-05-17,146.30308532714844,146.82265416778552,143.79345144967377,145.93055862687706,78336300,0.02542263668308764,AAPL,166,903,111.93000030517578,112.4000015258789,-1.0
2022-05-18,138.04881286621094,144.46010573899827,137.1469043666091,143.960147405131,109742900,-0.056418991045063205,AAPL,165,902,109.11000061035156,109.58999633789062,1.0
2022-05-19,134.64707946777344,138.87226008655338,133.91183880440775,137.12729010884627,136095600,-0.024641525905291672,AAPL,164,901,112.04000091552734,112.20999908447266,1.0
2022-05-20,134.88233947753906,137.93113785871375,130.00034593006458,136.3528207232791,137426100,0.0017472344049016542,AAPL,163,900,112.55000305175781,113.2300033569336,1.0
2022-05-23,140.29373168945312,140.44077384848245,134.94117272312687,135.07841705772444,117726300,0.0401193531553119,AAPL,160,897,113.41999816894531,110.29000091552734,-1.0
2022-05-24,137.59783935546875,139.17615657107172,134.62746828487894,138.03898075989613,104132700,-0.01921605692228545,AAPL,159,896,113.55999755859375,109.7699966430664,1.0
2022-05-25,137.75469970703125,138.99969650386015,135.61759232548434,135.7058176181396,92482700,0.001139991385745942,AAPL,158,895,114.02999877929688,110.33000183105469,1.0
2022-05-26,140.95054626464844,141.49952360823445,134.44121569632296,134.68629593603174,90601500,0.023199546472199684,AAPL,157,894,117.4000015258789,114.08999633789062,-1.0
2022-05-27,146.69522094726562,146.73442720207444,142.40141055796454,142.5288570634857,90978500,0.040756668454700495,AAPL,156,893,119.43000030517578,115.06999969482422,-1.0
2022-05-31,145.91094970703125,147.69514080945274,143.9503080341332,146.1364342695409,103718400,-0.005346263055947209,AAPL,152,889,122.83999633789062,114.66999816894531,-1.0
2022-06-01,145.7835235595703,148.75389460714223,144.7737792988703,146.95009283292427,74286600,-0.0008733144957029371,AAPL,151,888,116.29000091552734,115.26000213623047,-1.0
2022-06-02,148.2343292236328,148.2931460840145,143.96992734384497,144.9208398093746,72348100,0.016811266487608556,AAPL,150,887,117.61000061035156,116.87000274658203,-1.0
2022-06-03,142.51905822753906,145.05808578629097,141.6171647882395,144.0091352358549,88570300,-0.03855565054348131,AAPL,149,886,119.72000122070312,118.87000274658203,-1.0
2022-06-06,143.26409912109375,145.64628674294468,142.04849579123675,144.13658414441952,71598400,0.005227657990590995,AAPL,146,883,119.51000213623047,118.5,-1.0
2022-06-07,145.7835235595703,146.06781003090646,141.26424373812605,141.50932395629872,67808200,0.017585874297419313,AAPL,145,882,120.56999969482422,119.41000366210938,-1.0
2022-06-08,145.04827880859375,146.9206802540853,144.55811838609154,145.6560729457736,53950200,-0.005043400879771731,AAPL,144,881,123.58000183105469,122.11000061035156,-1.0
2022-06-09,139.83297729492188,145.0384790561678,139.72514139394366,144.18560463111925,69473000,-0.03595562495818383,AAPL,143,880,123.06999969482422,121.51000213623047,-1.0
2022-06-10,134.43142700195312,137.98998215242344,134.36279735008839,137.5194322486073,91437900,-0.038628586742999405,AAPL,142,879,122.01000213623047,120.66999816894531,1.0
2022-06-13,129.28469848632812,132.53935542645704,128.853354985689,130.25520640425938,122207100,-0.03828515868949467,AAPL,139,876,122.2699966430664,120.93000030517578,1.0
2022-06-14,130.14739990234375,131.25516732822615,128.89259032192393,130.5101288143863,84784300,0.006672881061070557,AAPL,138,875,121.16999816894531,118.93000030517578,1.0
2022-06-15,132.7648162841797,134.63723228518424,129.55917858108418,131.6472513597461,91533000,0.020111169211216806,AAPL,137,874,118.51000213623047,115.30999755859375,1.0
2022-06-16,127.50054931640625,129.78469908531477,126.50061768881059,129.48080196283757,108123900,-0.039651069576335685,AAPL,136,873,119.80999755859375,117.58999633789062,1.0
2022-06-17,128.97100830078125,130.4611001773296,127.25544681769559,127.51033981148552,134520300,0.011532961953959031,AAPL,135,872,113.12000274658203,109.55999755859375,1.0
2022-06-21,133.19619750976562,134.36278178825876,130.69639115129178,130.79441426737327,81000500,0.032760767436434524,AAPL,131,868,114.6500015258789,110.6500015258789,1.0
2022-06-22,132.68641662597656,135.04897821391006,131.2747523831488,132.1374244527046,73409200,-0.003827293070822746,AAPL,130,867,111.73999786376953,106.19000244140625,1.0
2022-06-23,135.54898071289062,135.86267563561398,132.96093402675356,134.1275183400123,72433800,0.02157390454656105,AAPL,129,866,110.05000305175781,104.2699966430664,1.0
2022-06-24,138.8722686767578,139.1173489130396,137.01946268880786,137.14689423988725,89116800,0.024517247908387496,AAPL,128,865,113.12000274658203,107.62000274658203,1.0
2022-06-27,138.8722686767578,140.6662578013618,138.19584483125837,139.89179587794544,70207900,0.0,AAPL,125,862,115.08999633789062,109.56999969482422,1.0
2022-06-28,134.73533630371094,140.5976523771425,134.61770255675322,139.33304472180774,67083400,-0.0297894778595148,AAPL,124,861,117.9800033569336,111.76000213623047,1.0
2022-06-29,136.4900665283203,137.90173093297278,133.98044756827542,134.75490940956817,66242400,0.01302353393510658,AAPL,123,860,116.26000213623047,109.77999877929688,1.0
2022-06-30,134.02951049804688,135.64703443233628,131.1375660611435,134.54907951735262,98964500,-0.01802736340349642,AAPL,122,859,114.80999755859375,105.76000213623047,1.0
2022-07-01,136.19595336914062,136.3037892489926,132.99031531614665,133.36282702594735,71051600,0.01616392437041192,AAPL,121,858,111.62999725341797,108.43000030517578,1.0
2022-07-05,138.7742462158203,138.82326526029516,134.23535494237336,135.05883599741875,73353800,0.01893075956296264,AAPL,117,854,102.7699966430664,99.5,1.0
2022-07-06,140.10743713378906,141.28381901974345,138.30365057809186,138.56834136394644,74064300,0.009606904410025763,AAPL,116,853,100.69000244140625,98.52999877929688,1.0
2022-07-07,143.469970703125,143.66603189279604,140.4603783389641,140.47017616296918,66253700,0.02399967937551417,AAPL,115,852,104.6500015258789,102.7300033569336,1.0
2022-07-08,144.14634704589844,144.64632016905765,142.14649942878123,142.40137742200497,64547800,0.0047144105449985485,AAPL,114,851,107.0199966430664,104.79000091552734,1.0
2022-07-11,142.0190887451172,143.7542609845207,140.95054251842944,142.80334848304327,63141600,-0.014757628926273747,AAPL,111,848,107.0999984741211,104.08999633789062,1.0
2022-07-12,142.98960876464844,145.52863633565593,142.19555121961218,142.89157069008422,77588800,0.00683372938178084,AAPL,110,847,99.48999786376953,95.83999633789062,1.0
2022-07-13,142.62686157226562,143.56796105129766,139.32317069836506,140.17605986446435,71185600,-0.0025368779977562594,AAPL,109,846,99.56999969482422,96.30000305175781,1.0
2022-07-14,145.54823303222656,146.0187828364424,140.43095716603992,141.24462523992875,78140700,0.02048261756415881,AAPL,108,845,99.0999984741211,95.77999877929688,1.0
2022-07-15,147.21478271484375,147.8912065060331,145.2835494113212,146.83245817528143,76259900,0.011450153999795987,AAPL,107,844,101.16000366210938,97.58999633789062,1.0
2022-07-18,144.1758270263672,148.58727184385728,143.813098058474,147.77360356027648,81420900,-0.02064300630978777,AAPL,104,841,106.2699966430664,102.5999984741211,1.0
2022-07-19,148.0284423828125,148.25391198084102,144.01893385798232,145.0090524915063,82982400,0.026721645617754808,AAPL,103,840,107.3499984741211,104.22000122070312,1.0
2022-07-20,150.02830505371094,150.6949310490213,147.41085002655058,148.14609070693865,64823400,0.013509989287914248,AAPL,102,839,106.91999816894531,102.26000213623047,1.0
2022-07-21,152.2928924560547,152.5085642998164,148.94999383626106,151.45961351801952,65086600,0.015094401030079085,AAPL,101,838,103.86000061035156,96.3499984741211,1.0
2022-07-22,151.05763244628906,153.2045374479934,150.3910214648786,152.3320525114364,66675400,-0.008111081153193478,AAPL,100,837,103.19999694824219,94.69999694824219,1.0
2022-07-25,149.94009399414062,151.98896129458768,149.28328071900498,150.97923186102722,53623900,-0.00739809325785501,AAPL,97,834,105.1500015258789,96.69999694824219,1.0
2022-07-26,148.6166534423828,150.07732200029463,147.83239373585778,149.2636538636445,55138700,-0.008826462065640195,AAPL,96,833,104.4000015258789,94.9800033569336,1.0
2022-07-27,153.7045440673828,154.23392585668,149.16566738729702,149.5774004686874,78620700,0.03423499659795892,AAPL,95,832,106.62000274658203,97.26000213623047,1.0
2022-07-28,154.25350952148438,154.53779601902812,151.37136349671525,153.89078059336344,81378700,0.00357156294521066,AAPL,94,831,107.13999938964844,96.41999816894531,1.0
2022-07-29,159.3119354248047,160.409904944982,156.36117506106663,158.0669387195233,101786900,0.03279293883822976,AAPL,93,830,110.01000213623047,98.62000274658203,1.0
2022-08-01,158.33163452148438,160.37070393464464,157.72384030664722,157.84147403635484,67829400,-0.006153342501968528,AAPL,90,827,100.02999877929688,93.88999938964844,1.0
2022-08-02,156.86114501953125,159.21392420256825,156.48863324172908,156.94938527079637,59907000,-0.00928740176527132,AAPL,89,826,100.54000091552734,94.41999816894531,1.0
2022-08-03,162.86070251464844,163.3116417148104,157.58657171952117,157.67479700322565,82507500,0.03824756917572003,AAPL,88,825,96.77999877929688,90.66000366210938,-1.0
2022-08-04,162.54701232910156,163.89986001020398,161.19416464799912,162.74307352499065,55474100,-0.0019261257056082393,AAPL,87,824,94.12000274658203,88.54000091552734,-1.0
2022-08-05,162.32122802734375,162.81206933981917,160.01426786699392,160.22042780912037,56697000,-0.0013890399984755053,AAPL,86,823,94.91999816894531,89.01000213623047,-1.0
2022-08-08,161.85003662109375,164.73618641729826,161.19231095001098,163.32256080452132,60276900,-0.0029028329318123713,AAPL,83,820,96.6500015258789,90.76000213623047,-1.0
2022-08-09,161.89906311035156,162.78258627702198,160.2596552644257,161.01555492296612,63135500,0.00030291305631635623,AAPL,82,819,96.30999755859375,90.5,-1.0
2022-08-10,166.13995361328125,166.23811287684435,163.8428051524665,164.60851631297595,70170500,0.02619465747024785,AAPL,81,818,97.4000015258789,91.93000030517578,-1.0
2022-08-11,165.40370178222656,167.85790820975464,165.10919401506573,166.9449356294848,57149200,-0.004431515809667497,AAPL,80,817,99.5999984741211,94.33999633789062,-1.0
2022-08-12,168.94757080078125,169.01628078921996,166.29701596444957,166.70933581222894,68039400,0.02142557258616029,AAPL,79,816,98.1500015258789,92.08999633789062,-1.0
2022-08-15,170.0176239013672,170.21395743937939,168.21133138479297,168.37821564106778,54091700,0.006333640048886702,AAPL,76,813,95.0999984741211,89.41000366210938,-1.0
2022-08-16,169.8605194091797,170.52807128910433,168.5156191962962,169.61509878760032,56377100,-0.0009240482755989987,AAPL,75,812,92.33999633789062,86.52999877929688,-1.0
2022-08-17,171.35269165039062,172.92337473871223,169.40896440067246,169.6052979143018,79542000,0.008784691383266097,AAPL,74,811,93.6500015258789,88.11000061035156,-1.0
2022-08-18,170.9600372314453,171.69629926083016,169.9489052427666,170.56737014082248,62290100,-0.0022914984011248585,AAPL,73,810,96.58999633789062,90.5,-1.0
2022-08-19,168.378173828125,170.55751001123525,168.1720139278697,169.8605088981945,70346300,-0.015102145771207276,AAPL,72,809,96.72000122070312,90.7699966430664,-1.0
2022-08-22,164.5005340576172,166.74858025975374,164.0784028181707,166.58169604206546,69026800,-0.023029349246096342,AAPL,69,806,96.4800033569336,90.2300033569336,-1.0
2022-08-23,164.1667938232422,165.61969500518398,163.597416059393,164.0195474098714,54147100,-0.002028809427804701,AAPL,68,805,100.22000122070312,93.73999786376953,-1.0
2022-08-24,164.46127319335938,165.03065085876125,163.20472075222654,164.2551282502834,53841500,0.0017937815757933517,AAPL,67,804,101.22000122070312,94.88999938964844,-1.0
2022-08-25,166.9154815673828,167.02346724627097,165.2662620854037,165.688378388784,51218200,0.014922712966827012,AAPL,66,803,99.33999633789062,92.5199966430664,-1.0
2022-08-26,160.6228790283203,167.91678748247466,160.56398047750997,167.44558409670634,78961000,-0.03769933429765304,AAPL,65,802,100.98999786376953,93.05999755859375,-1.0
2022-08-29,158.42393493652344,159.91608162954805,156.89251255304256,158.19813716461735,73314000,-0.01369010507780255,AAPL,62,799,105.08999633789062,97.01000213623047,-1.0
2022-08-30,155.99917602539062,159.58231130465205,154.8309714061125,159.16019500251252,77906200,-0.015305508679003266,AAPL,61,798,99.30999755859375,91.63999938964844,-1.0
2022-08-31,154.3401641845703,157.63861884578063,154.26162776653078,157.37356030730842,87991100,-0.010634747458860283,AAPL,60,797,96.48999786376953,89.55000305175781,-1.0
2022-09-01,155.0665740966797,155.51813965771387,151.83683028732437,153.77074600824523,74229900,0.004706551375963874,AAPL,59,796,92.36000061035156,86.61000061035156,-1.0
2022-09-02,152.95594787597656,157.42260624530542,152.1313381712874,156.8237793213389,76957800,-0.013611097252894777,AAPL,58,795,93.0199966430664,86.87000274658203,-1.0
2022-09-06,151.69940185546875,154.21250676362826,150.8747921160952,153.60386838160778,73714800,-0.008215084394931016,AAPL,54,791,92.83000183105469,86.87999725341797,-1.0
2022-09-07,153.10325622558594,153.80024262585093,150.79629565165916,151.98413843168527,87449600,0.009254185269990112,AAPL,53,790,88.0,81.94000244140625,-1.0
2022-09-08,151.63070678710938,153.49589780674214,149.88329791132227,151.8074024718103,84923800,-0.009618015153817994,AAPL,52,789,89.1500015258789,83.54000091552734,-1.0
2022-09-09,154.48741149902344,154.92918072545984,151.91540745534934,152.62222024249937,68028800,0.018839882583445933,AAPL,51,788,92.83999633789062,86.79000091552734,-1.0
2022-09-12,160.43638610839844,161.25118449428555,156.38204700518378,156.66672837890903,104956000,0.0385078276064752,AAPL,48,785,94.0,87.77999877929688,-1.0
2022-09-13,151.02203369140625,157.5993035102858,150.5606417135221,156.97102730327344,122656600,-0.058679658931181655,AAPL,47,784,93.16999816894531,87.30999755859375,-1.0
2022-09-14,152.4651336669922,154.22235404144755,150.79627611743592,151.95465448242936,87965400,0.009555559147976567,AAPL,46,783,94.0999984741211,88.4800033569336,-1.0
2022-09-15,149.57896423339844,152.39640331677907,148.6071081028978,151.81719923234522,90481100,-0.01893002920849829,AAPL,45,782,90.83999633789062,85.0999984741211,-1.0
2022-09-16,147.9395751953125,148.57767791761873,145.6522527794473,148.4402429431555,162278800,-0.010960024001288593,AAPL,44,781,91.3499984741211,85.11000061035156,-1.0
2022-09-19,151.65032958984375,151.72886599832884,146.36888718799335,146.5750321533895,81474200,0.02508290556892745,AAPL,41,778,92.0,85.7300033569336,-1.0
2022-09-20,154.0260009765625,155.18439428665013,150.27598106267698,150.59011171978128,107689800,0.015665454820599667,AAPL,40,777,90.62000274658203,84.44999694824219,-1.0
2022-09-21,150.90426635742188,155.8323177224437,150.78646922639234,154.45795295017905,101696800,-0.02026758209229651,AAPL,39,776,89.83000183105469,82.94000244140625,-1.0
2022-09-22,149.94223022460938,151.6405372059972,148.1457489754599,149.58882383167358,86652500,-0.006375142042265969,AAPL,38,775,90.45999908447266,83.48999786376953,-1.0
2022-09-23,147.67449951171875,148.6954577569954,145.83875792782328,148.42058784002563,96029900,-0.01512402949785141,AAPL,37,774,86.1500015258789,78.73999786376953,-1.0
2022-09-26,148.00831604003906,150.95336436223522,146.89900971197227,146.91864756165486,93339400,0.0022604886383503775,AAPL,34,771,84.05999755859375,76.70999908447266,-1.0
2022-09-27,148.9801483154297,151.88593544780034,147.20330517830297,149.9422080635759,84442700,0.006566065349515426,AAPL,33,770,86.2699966430664,78.5,-1.0
2022-09-28,147.0953369140625,147.88068609523327,142.18692325585735,144.93563790031018,146691400,-0.012651426533530796,AAPL,32,769,89.31999969482422,82.1500015258789,-1.0
2022-09-29,139.87013244628906,144.03247205665744,138.1031007730531,143.42383363893248,128138200,-0.049119194526163756,AAPL,31,768,88.48999786376953,81.2300033569336,1.0
2022-09-30,135.66854858398438,140.4788028880648,135.47221503631138,138.69213315187477,124925300,-0.03003917840657022,AAPL,30,767,87.95999908447266,79.48999786376953,1.0
2022-10-03,139.84068298339844,140.44933637961338,135.1678792129988,135.67835835777296,114311700,0.030752406825015566,AAPL,27,764,88.86000061035156,83.62999725341797,1.0
2022-10-04,143.42385864257812,143.54165578156733,141.61755096209856,142.37345088895668,87830100,0.02562327058718017,AAPL,26,763,91.80000305175781,86.5199966430664,-1.0
2022-10-05,143.7183074951172,144.6803670999918,140.39040452379436,141.43100052371705,79471000,0.0020529977043279857,AAPL,25,762,93.37000274658203,87.76000213623047,-1.0
2022-10-06,142.76609802246094,144.83744897574383,142.55995305808347,143.13914221609966,68402200,-0.006625526623938338,AAPL,24,761,94.41999816894531,88.44999694824219,1.0
2022-10-07,137.52391052246094,140.47878470691822,136.8956342636469,139.9290298735793,85925600,-0.036718713844622,AAPL,23,760,97.91999816894531,92.63999938964844,1.0
2022-10-10,137.84786987304688,139.29094450363405,136.03176603772727,137.84786987304688,74899000,0.002355658367735547,AAPL,20,757,96.19000244140625,91.12999725341797,1.0
2022-10-11,136.43423461914062,138.76083241469453,135.68816128454225,137.33738075448184,77033700,-0.010255038798990257,AAPL,19,756,94.29000091552734,89.3499984741211,1.0
2022-10-12,135.80599975585938,137.78900327613292,135.62930403567515,136.5815375836669,70433700,-0.0046046717309257135,AAPL,18,755,92.44999694824219,87.2699966430664,1.0
2022-10-13,140.37078857421875,140.95978909716513,131.90867508719168,132.51732843397534,113224000,0.03361257106877136,AAPL,17,754,94.56999969482422,89.11000061035156,1.0
2022-10-14,135.84523010253906,141.87276009592642,135.65870802953629,141.66660017858484,88598000,-0.032240030263040564,AAPL,16,753,91.62999725341797,85.61000061035156,1.0
2022-10-17,139.80140686035156,140.28242169324201,137.70060693296034,138.48595592005591,85250900,0.029122676996654828,AAPL,13,750,91.62000274658203,85.45999908447266,1.0
2022-10-18,141.11688232421875,144.0128431743189,138.03439937209953,142.825015544548,99136600,0.009409601043437466,AAPL,12,749,90.02999877929688,82.81999969482422,1.0
2022-10-19,141.224853515625,142.2948839097448,138.9080820775627,139.09460416043055,61758300,0.0007651188832118461,AAPL,11,748,92.41000366210938,85.55000305175781,1.0
2022-10-20,140.76348876953125,143.21769564184982,140.03703814278057,140.4002709458009,64522000,-0.0032668806843032527,AAPL,10,747,92.37999725341797,85.9800033569336,1.0
2022-10-21,144.57240295410156,145.1417806685085,140.03701908535325,140.25299045906925,86548600,0.02705896406707109,AAPL,9,746,93.5,85.05000305175781,-1.0
2022-10-24,146.71246337890625,147.47817461798252,143.3256613631015,144.49386606815804,75981900,0.01480268973245269,AAPL,6,743,93.26000213623047,84.58000183105469,-1.0
2022-10-25,149.54949951171875,149.69676086548404,146.62409003086213,147.34071401880695,74732300,0.01933739007220847,AAPL,5,742,93.5199966430664,85.31999969482422,-1.0
2022-10-26,146.6143035888672,149.20594507644813,145.32828678897533,148.19481318791426,88194300,-0.01962691906315317,AAPL,4,741,95.69000244140625,87.91000366210938,-1.0
2022-10-27,142.14764404296875,146.31979510961392,141.48991849585923,145.35775035197634,109180200,-0.030465373681573094,AAPL,3,740,96.95999908447266,89.08000183105469,1.0
2022-10-28,152.88723754882812,154.61499335183578,145.11231396636444,145.4853431294892,164762400,0.07555238483314564,AAPL,2,739,95.7699966430664,87.9000015258789,-1.0
2022-10-31,150.5312042236328,151.4147275390832,149.13721674827332,150.35450854811523,97943200,-0.015410268135970906,AAPL,1455,736,94.83000183105469,86.52999877929688,-1.0
2022-11-01,147.89047241210938,152.60255171953904,146.3983256985316,152.2393339638939,80379300,-0.017542753511758935,AAPL,1454,735,94.6500015258789,88.37000274658203,-1.0
2022-11-02,142.37344360351562,149.3826576212183,142.34399432027527,146.22163806624556,93604600,-0.0373048291658713,AAPL,1453,734,96.16000366210938,90.0,-1.0
2022-11-03,136.3361053466797,140.18429993575015,136.20848179558848,139.4578493069626,97918500,-0.04240494648460447,AAPL,1452,733,94.66999816894531,88.16999816894531,1.0
2022-11-04,136.07058715820312,140.28898493787645,132.1373429796548,139.71866273149064,140814800,-0.0019475265763342353,AAPL,1451,732,98.56999969482422,92.61000061035156,1.0
2022-11-07,136.60157775878906,136.8277351131925,133.40581664759068,134.82178704829124,83374600,0.0039023172580903154,AAPL,1448,729,97.91999816894531,91.79000091552734,1.0
2022-11-08,137.17189025878906,139.06967336647747,135.19544046730184,138.06670690734794,89908500,0.004175006682624494,AAPL,1447,728,95.36000061035156,88.91000366210938,1.0
2022-11-09,132.61915588378906,136.23774833279379,132.3438299914245,136.18857977969958,74917800,-0.033189995168913966,AAPL,1446,727,92.6500015258789,85.83000183105469,1.0
2022-11-10,144.41891479492188,144.41891479492188,137.17191586897493,138.88288280173376,118854000,0.08897477014159749,AAPL,1445,726,93.66999816894531,86.47000122070312,-1.0
2022-11-11,147.20164489746094,147.5064688885728,141.96059578034578,143.38640864839942,93979700,0.019268460135506427,AAPL,1444,725,95.98999786376953,88.95999908447266,-1.0
2022-11-14,145.8053741455078,147.77199641885335,144.96955367768106,146.48386123047396,73374100,-0.009485429004042367,AAPL,1441,722,93.13999938964844,85.87000274658203,-1.0
2022-11-15,147.53599548339844,151.02675299903876,146.0806992107757,149.67962155098414,89868300,0.011869393347350377,AAPL,1440,721,93.86000061035156,86.91999816894531,-1.0
2022-11-16,146.3068389892578,147.36881668355312,144.83187247009243,146.6411761367448,64218300,-0.008331231236914927,AAPL,1439,720,92.86000061035156,85.58999633789062,-1.0
2022-11-17,148.20465087890625,148.95196191687904,143.71091192910288,143.98623783804743,80389400,0.012971450294184672,AAPL,1438,719,89.77999877929688,81.63999938964844,-1.0
2022-11-18,148.76512145996094,150.15159363499748,147.4671586821555,149.76810292744864,74829600,0.0037817340935719646,AAPL,1437,718,87.62000274658203,80.08000183105469,-1.0
2022-11-21,145.53985595703125,147.86047052115927,145.25470236836378,147.65398361312236,58724100,-0.021680253215789813,AAPL,1434,715,87.44999694824219,79.7300033569336,-1.0
2022-11-22,147.6736297607422,147.90962978782017,144.47786920588229,145.65785433713793,51804100,0.014661096025413878,AAPL,1433,714,88.36000061035156,80.94999694824219,-1.0
2022-11-23,148.54885864257812,149.2961698962462,146.8477191377218,146.9558839906078,58301400,0.005926778418421597,AAPL,1432,713,85.41000366210938,77.94000244140625,-1.0
2022-11-25,145.6382293701172,146.39538323134536,144.6647458342524,145.83488861865806,35195900,-0.019593750494335205,AAPL,1430,711,83.62999725341797,76.27999877929688,-1.0
2022-11-28,141.81314086914062,144.19275214587688,140.98716307142482,142.7177853624681,69246000,-0.026264316158744916,AAPL,1427,708,83.19000244140625,77.23999786376953,-1.0
2022-11-29,138.8140106201172,142.39326202258005,138.00770341068628,141.8819361067611,83763800,-0.021148465019831364,AAPL,1426,707,83.02999877929688,78.19999694824219,-1.0
2022-11-30,145.55955505371094,146.23804217919428,138.20439151332914,139.04019702693043,111380900,0.04859411815464232,AAPL,1425,706,85.43000030517578,80.55000305175781,-1.0
2022-12-01,145.8348846435547,146.64120704597443,144.16325857031342,145.73656252403373,71250400,0.0018915253604763205,AAPL,1424,705,86.87999725341797,81.22000122070312,-1.0
2022-12-02,145.3431854248047,145.5300169012177,143.21923022579475,143.52406921601985,65447400,-0.0033716159199618234,AAPL,1423,704,85.56999969482422,79.9800033569336,-1.0
2022-12-05,144.18289184570312,148.40128929094377,143.3372438141924,145.30386574755366,68826400,-0.007983130242469216,AAPL,1420,701,82.68000030517578,76.93000030517578,-1.0
2022-12-06,140.52499389648438,144.8417290558683,139.55151049910586,144.61557170242608,64727200,-0.025369847298757464,AAPL,1419,700,79.3499984741211,74.25,-1.0
2022-12-07,138.58786010742188,140.97729872796708,137.6635453309665,139.81699890501977,69721100,-0.01378497685962865,AAPL,1418,699,77.16999816894531,72.01000213623047,-1.0
2022-12-08,140.2693328857422,141.12482380942538,138.7452125702619,139.98417924727298,62128300,0.0121329009410851,AAPL,1417,698,76.1500015258789,71.45999908447266,-1.0
2022-12-09,139.7874755859375,143.14056922258405,138.54849429856367,139.9644643389149,76097000,-0.003435229140194118,AAPL,1416,697,76.0999984741211,71.0199966430664,-1.0
2022-12-12,142.07862854003906,142.08845624970894,138.70586361029962,140.31849324023466,70462700,0.016390259173777233,AAPL,1413,694,77.98999786376953,73.16999816894531,-1.0
2022-12-13,143.0422821044922,147.46718252429508,141.8328135242381,147.00502505789572,93886200,0.006782537066660543,AAPL,1412,693,80.68000030517578,75.38999938964844,-1.0
2022-12-14,140.8199920654297,144.21241242784126,138.80420126905452,142.92427726159215,82291200,-0.015535896144603711,AAPL,1411,692,82.69999694824219,77.27999877929688,-1.0
2022-12-15,134.22193908691406,139.43348990576752,133.7597817593244,138.7550029778536,98931900,-0.046854518891394026,AAPL,1410,691,81.20999908447266,76.11000061035156,-1.0
2022-12-16,132.26516723632812,135.35276341025192,131.49818579850947,134.40879318099954,160156900,-0.014578628977479191,AAPL,1409,690,79.04000091552734,74.29000091552734,-1.0
2022-12-19,130.160888671875,132.94366095306307,129.12842399506934,132.85516655290323,79592600,-0.015909544503831863,AAPL,1406,687,79.80000305175781,75.19000244140625,1.0
2022-12-20,130.09205627441406,131.0261987808424,127.72227301817315,129.19723960857664,77432800,-0.0005288255032928069,AAPL,1405,686,79.98999786376953,76.08999633789062,1.0
2022-12-21,133.18946838378906,134.52677190815584,130.53453175568677,130.76068907847488,85928000,0.02380938696857382,AAPL,1404,685,82.19999694824219,78.29000091552734,-1.0
2022-12-22,130.02322387695312,132.31434056379908,128.12544063659777,132.10785363301125,77852100,-0.023772484005359362,AAPL,1403,684,80.9800033569336,77.48999786376953,1.0
2022-12-23,129.65939331054688,130.21004508793624,127.47644161865645,128.73507853958517,63814900,-0.0027981967802195307,AAPL,1402,683,83.91999816894531,79.55999755859375,1.0
2022-12-27,127.85993957519531,129.21691367798962,126.57180445054807,129.18741554567987,69007800,-0.013878313706448542,AAPL,1398,679,84.33000183105469,79.52999877929688,1.0
2022-12-28,123.93653106689453,128.84325132058044,123.76936998157427,127.50594763388183,85438400,-0.030685205400033833,AAPL,1397,678,83.26000213623047,78.95999908447266,1.0
2022-12-29,127.4469223022461,128.30239795675877,125.59830056969084,125.85395599408471,75703700,0.028324104322855703,AAPL,1396,677,82.26000213623047,78.4000015258789,1.0
2022-12-30,127.76161193847656,127.78128236285382,125.30334153820444,126.26698977683235,77034200,0.002469181919388941,AAPL,1395,676,85.91000366210938,80.26000213623047,1.0
2023-01-03,122.98271942138672,128.7154174535332,122.09773792777466,128.10576937065363,112117500,-0.037404760667790526,AAPL,1391,672,82.0999984741211,76.93000030517578,1.0
2023-01-04,124.25119018554688,126.51280869797894,122.99255318811515,124.77234386397704,89113600,0.010314219510904499,AAPL,1390,671,77.83999633789062,72.83999633789062,1.0
2023-01-05,122.93355560302734,125.63766124201173,122.67790010774006,125.00834271164995,80962700,-0.010604603308442151,AAPL,1389,670,78.69000244140625,73.66999816894531,1.0
2023-01-06,127.4567642211914,128.11558077623516,122.80570749443298,123.90701849100518,87754700,0.036793929826371086,AAPL,1388,669,78.56999969482422,73.7699966430664,1.0
2023-01-09,127.9779281616211,131.18353181246084,127.72227268810083,128.2925949020793,70790800,0.0040889468959470765,AAPL,1385,666,79.6500015258789,74.62999725341797,1.0
2023-01-10,128.54823303222656,129.06938662217883,125.9817909176488,128.0860756971166,63896200,0.004456275224937523,AAPL,1384,665,80.0999984741211,75.12000274658203,1.0
2023-01-11,131.26219177246094,131.28184718963053,128.28276062052532,129.05956971451124,69458900,0.021112376858217763,AAPL,1383,664,82.66999816894531,77.41000366210938,1.0
2023-01-12,131.1835174560547,132.0193227611732,129.24639368399414,131.64567480294028,71379600,-0.0005993676880134968,AAPL,1382,663,84.02999877929688,78.38999938964844,1.0
2023-01-13,132.51101684570312,132.66835024455597,129.46276101465787,129.82658137088367,57809700,0.010119406884276705,AAPL,1381,662,85.27999877929688,79.86000061035156,1.0
2023-01-17,133.67129516601562,134.99875596810472,131.8915047175872,132.5798193932039,63646600,0.008756089477930162,AAPL,1377,658,85.91999816894531,80.18000030517578,1.0
2023-01-18,132.95350646972656,136.2967583598761,132.77650266153844,134.53663801277594,69672800,-0.005369804305386472,AAPL,1376,657,84.9800033569336,79.4800033569336,1.0
2023-01-19,133.0124969482422,133.9761376268957,131.53753029546903,131.84235433638028,58280400,0.0004436925364510458,AAPL,1375,656,86.16000366210938,80.33000183105469,1.0
2023-01-20,135.56910705566406,135.71661273457056,131.98002726434026,133.02233471040634,80223600,0.019220826359020338,AAPL,1374,655,87.62999725341797,81.30999755859375,1.0
2023-01-23,138.75502014160156,140.92814412125819,135.59858513124948,135.81491475833332,81760300,0.0235002881934554,AAPL,1371,652,88.19000244140625,81.62000274658203,1.0
2023-01-24,140.15130615234375,140.77079684177573,137.9585269717819,137.9683546796287,66435100,0.010062958510021813,AAPL,1370,651,86.12999725341797,80.12999725341797,1.0
2023-01-25,139.49252319335938,140.05300275817604,136.49342112366645,138.53871015801215,65799300,-0.004700512446657368,AAPL,1369,650,86.12000274658203,80.1500015258789,1.0
2023-01-26,141.5574493408203,141.8426029112318,139.53181620357194,140.78062529691158,54105100,0.01480313138073086,AAPL,1368,649,87.47000122070312,81.01000213623047,1.0
2023-01-27,143.49459838867188,144.77290596887224,140.69217042868402,140.7708371263728,70555800,0.01368454332055391,AAPL,1367,648,86.66000366210938,79.68000030517578,1.0
2023-01-30,140.61351013183594,143.12095684480488,140.4660194445421,142.540806802597,64015300,-0.02007802585733698,AAPL,1364,645,84.9000015258789,77.9000015258789,1.0
2023-01-31,141.88197326660156,141.93114182979278,139.90552306108117,140.31851198443744,65874500,0.009020919352460188,AAPL,1363,644,84.48999786376953,78.87000274658203,1.0
2023-02-01,143.00294494628906,144.16325999959267,138.96155019582764,141.56731895311415,77663600,0.007900733644161662,AAPL,1362,643,82.83999633789062,76.41000366210938,1.0
2023-02-02,148.30294799804688,148.65692549625814,145.69716527119672,146.4149779827907,118339000,0.03706219514394227,AAPL,1361,642,82.16999816894531,75.87999725341797,1.0
2023-02-03,151.92153930664062,154.7534795979514,145.36285717719954,145.55951636317744,154357300,0.024399995802115937,AAPL,1360,641,79.94000244140625,73.38999938964844,1.0
2023-02-06,149.19778442382812,150.54493079230497,148.26364190831887,150.02377712562708,69858300,-0.017928694609359086,AAPL,1357,638,80.98999786376953,74.11000061035156,1.0
2023-02-07,152.06907653808594,152.63939885505883,148.12600388600742,148.12600388600742,83322600,0.01924487099688621,AAPL,1356,637,83.69000244140625,77.13999938964844,1.0
2023-02-08,149.38462829589844,152.00023955919008,148.64714493246836,151.3119247541495,64120100,-0.01765282135789903,AAPL,1355,636,85.08999633789062,78.47000122070312,1.0
2023-02-09,148.35215759277344,151.75442098443708,147.90967054867934,151.21359681759392,56007100,-0.0069114922659907485,AAPL,1354,635,84.5,78.05999755859375,1.0
2023-02-10,148.71649169921875,149.04148154329528,146.9536843926681,147.1900447411898,57450700,0.002455873324373359,AAPL,1353,634,86.38999938964844,79.72000122070312,1.0
2023-02-13,151.51339721679688,151.91715888947925,148.62788900472555,148.65743217523777,62199000,0.018806962735746335,AAPL,1350,631,86.61000061035156,80.13999938964844,1.0
2023-02-14,150.87326049804688,151.43461079325414,148.56880303013764,149.8096612758476,61707600,-0.00422495126179534,AAPL,1349,630,85.58000183105469,79.05999755859375,1.0
2023-02-15,152.97088623046875,153.13830250713502,150.55809926068437,150.78460186711027,65573800,0.013903230602277716,AAPL,1348,629,85.37999725341797,78.58999633789062,1.0
2023-02-16,151.3755340576172,153.95573796607766,151.02100096105386,151.17855953849067,68167900,-0.010429122901517207,AAPL,1347,628,85.13999938964844,78.48999786376953,1.0
2023-02-17,150.23313903808594,150.67630162569367,148.55896091432058,150.03617955770974,59144100,-0.007546761282417158,AAPL,1346,627,83.0,76.33999633789062,1.0
2023-02-21,146.2249298095703,149.0021077790729,146.15600076088242,147.91880821074704,58867200,-0.02667992730618174,AAPL,1342,623,83.05000305175781,76.16000366210938,1.0
2023-02-22,146.64845275878906,147.67265128501415,144.92503065136498,146.60905183832952,51011300,0.0028963799112113886,AAPL,1341,622,80.5999984741211,73.94999694824219,1.0
2023-02-23,147.1309814453125,148.05670759936388,145.00379786650186,147.8105044744373,48394200,0.0032903769350851597,AAPL,1340,621,82.20999908447266,75.38999938964844,1.0
2023-02-24,144.4818115234375,144.95451719493005,143.50684198813192,144.8757304118409,55469600,-0.01800552063101457,AAPL,1339,620,83.16000366210938,76.31999969482422,1.0
2023-02-27,145.67344665527344,146.90446214048941,145.21058363066865,145.46664446890208,44998500,0.008247648055289103,AAPL,1336,617,82.44999694824219,75.68000030517578,1.0
2023-02-28,145.1712188720703,146.81585399639758,144.60002580056587,144.81668575965537,50547000,-0.003447627517124796,AAPL,1335,616,83.88999938964844,77.05000305175781,1.0
2023-03-01,143.10308837890625,144.9939263960711,142.80764165155819,144.60000744430354,55479000,-0.014246146786068947,AAPL,1334,615,84.30999755859375,77.69000244140625,1.0
2023-03-02,143.69395446777344,144.4818072483105,141.71447229045577,142.18719297500317,52238100,0.004128954137612384,AAPL,1333,614,84.75,78.16000366210938,1.0
2023-03-03,148.7362060546875,148.8149928448926,145.0924034132026,145.79161175732688,70732300,0.03509021381999,AAPL,1332,613,85.83000183105469,79.68000030517578,1.0
2023-03-06,151.49368286132812,153.9261705239575,151.12930710707832,151.4542819528968,87558000,0.018539378405461937,AAPL,1329,610,86.18000030517578,80.45999908447266,1.0
2023-03-07,149.29757690429688,151.69066400049135,148.83471383986452,151.36567408118486,56182000,-0.014496353349871982,AAPL,1328,609,83.29000091552734,77.58000183105469,1.0
2023-03-08,150.5482635498047,151.1391569879468,149.5240652876753,150.48917721139935,47204800,0.008377139612316231,AAPL,1327,608,82.66000366210938,76.66000366210938,1.0
2023-03-09,148.30288696289062,152.19289270805663,147.9483539187185,151.22778082054958,53833600,-0.014914662806265078,AAPL,1326,607,81.58999633789062,75.72000122070312,1.0
2023-03-10,146.2446746826172,148.64761988981078,145.36819204822754,147.92871088177273,68572400,-0.013878437044778869,AAPL,1325,606,82.77999877929688,76.68000030517578,1.0
2023-03-13,148.18472290039062,150.81417020284252,145.4567883472071,145.56511831219402,84457100,0.013265769998010324,AAPL,1322,603,80.7699966430664,74.80000305175781,1.0
2023-03-14,150.2725372314453,151.07023295988367,147.82036369988242,148.98243524821328,73695900,0.01408926838199176,AAPL,1321,602,77.44999694824219,71.33000183105469,1.0
2023-03-15,150.6664581298828,150.92250395033966,147.64307677577528,148.8937927615987,77167900,0.002621376504948536,AAPL,1320,601,73.69000244140625,67.61000061035156,1.0
2023-03-16,153.48300170898438,154.08373780814682,149.33693534803646,149.84904194741503,76161100,0.018693899186729146,AAPL,1319,600,74.69999694824219,68.3499984741211,1.0
2023-03-17,152.64593505859375,154.35951419092353,151.93686886777078,153.70953434482817,98944600,-0.005453806878091716,AAPL,1318,599,72.97000122070312,66.73999786376953,1.0
2023-03-20,155.00949096679688,155.42312546588803,151.80885014610277,152.71489092530072,73641400,0.015483909920666283,AAPL,1315,596,73.79000091552734,67.63999938964844,1.0
2023-03-21,156.8609161376953,156.9790888157361,154.1625247817563,154.93069227015488,73938300,0.011943947169628544,AAPL,1314,595,75.31999969482422,69.33000183105469,1.0
2023-03-22,155.4329376220703,159.6774765177441,155.41323716716616,156.88061300312046,75701800,-0.009103469180120616,AAPL,1313,594,76.69000244140625,70.9000015258789,1.0
2023-03-23,156.5162353515625,159.0964541870748,155.28521978995877,156.41776312286146,67622100,0.0069695506374987115,AAPL,1312,593,75.91000366210938,69.95999908447266,1.0
2023-03-24,157.816162109375,157.90479160484955,155.45261873446648,156.44727369122404,59196500,0.008305379661685874,AAPL,1311,592,74.98999786376953,69.26000213623047,1.0
2023-03-27,155.8760986328125,158.3282868109909,155.4723219600322,157.5108907515981,52390300,-0.012293186265789013,AAPL,1308,589,78.12000274658203,72.80999755859375,1.0
2023-03-28,155.25567626953125,156.0829301456233,153.6110412861723,155.57082346557496,45992200,-0.00398022768546924,AAPL,1307,588,78.6500015258789,73.19999694824219,1.0
2023-03-29,158.32830810546875,158.60405440029712,156.92987617396892,156.94956160428092,51305700,0.019790785817088263,AAPL,1306,587,78.27999877929688,72.97000122070312,1.0
2023-03-30,159.8941650390625,160.0024950198449,158.8207229739758,159.07676882534926,49501700,0.009889936628077134,AAPL,1305,586,79.2699966430664,74.37000274658203,1.0
2023-03-31,162.3955535888672,162.4940408365555,159.45097422374334,159.9729235769942,68749800,0.015644026467092065,AAPL,1304,585,79.7699966430664,75.66999816894531,1.0
2023-04-03,163.64630126953125,163.76447396805997,161.7259197832038,161.7751634166065,56976200,0.007701859152071,AAPL,1301,582,84.93000030517578,80.41999816894531,1.0
2023-04-04,163.1144561767578,164.30607057242986,162.60234960420735,164.06972525205444,46278300,-0.0032499670854000406,AAPL,1300,581,84.94000244140625,80.70999908447266,1.0
2023-04-05,161.27288818359375,162.54330471265868,159.34266411557562,162.2380152446489,51511700,-0.01129003545319407,AAPL,1299,580,84.98999786376953,80.61000061035156,1.0
2023-04-06,162.1592254638672,162.45467221127325,159.53962067833683,159.96308282888376,45390100,0.0054958852058533125,AAPL,1298,579,85.12000274658203,80.69999694824219,1.0
2023-04-10,159.5691680908203,159.5691680908203,157.6487867222166,158.96843186504725,47716900,-0.015972309719893163,AAPL,1294,575,84.18000030517578,79.73999786376953,1.0
2023-04-11,158.3578643798828,159.89416958590462,158.07226031922266,159.88432686993428,47644200,-0.007591088713629679,AAPL,1293,574,85.61000061035156,81.52999877929688,1.0
2023-04-12,157.66848754882812,159.59871163720814,157.35334033527027,158.77147274218814,50133100,-0.004353284465878793,AAPL,1292,573,87.33000183105469,83.26000213623047,1.0
2023-04-13,163.04551696777344,163.28187732223762,158.96839477228292,159.17521196081944,68445600,0.03410338681202929,AAPL,1291,572,86.08999633789062,82.16000366210938,1.0
2023-04-14,162.70086669921875,163.794009087704,161.33197803499354,162.09027277975596,49386500,-0.0021138285490106545,AAPL,1290,571,86.30999755859375,82.5199966430664,1.0
2023-04-17,162.72055053710938,162.8781241294329,161.53877864877254,162.5826774005875,41516200,0.00012098176420294315,AAPL,1287,568,84.76000213623047,80.83000183105469,1.0
2023-04-18,163.94171142578125,164.86743742961687,163.13415809407996,163.57733566867122,49923000,0.007504650670373536,AAPL,1286,567,84.7699966430664,80.86000061035156,1.0
2023-04-19,165.08413696289062,165.60608642613127,163.02586725800396,163.2819281451353,47720200,0.006968486098954507,AAPL,1285,566,83.12000274658203,79.16000366210938,1.0
2023-04-20,164.1189727783203,165.3204450523275,163.04553091898333,163.56748026442403,52456400,-0.005846498654121235,AAPL,1284,565,81.0999984741211,77.29000091552734,1.0
2023-04-21,162.51377868652344,163.9220534848416,161.9918292131701,162.54332186221907,58337300,-0.009780673523743344,AAPL,1283,564,81.66000366210938,77.87000274658203,1.0
2023-04-24,162.81906127929688,163.08496487632468,161.400928797878,162.49407133338445,41949600,0.0018785028275190019,AAPL,1280,561,82.7300033569336,78.76000213623047,1.0
2023-04-25,161.28273010253906,163.78414697340926,161.24332919160244,162.68116189989732,48714100,-0.009435818906500248,AAPL,1279,560,80.7699966430664,77.06999969482422,1.0
2023-04-26,161.27288818359375,162.7698073781101,160.32747660698578,160.58352244501583,45498800,-6.1022770007967964e-05,AAPL,1278,559,77.69000244140625,74.30000305175781,1.0
2023-04-27,165.85226440429688,165.9999802574992,162.6811671878293,162.6811671878293,64902300,0.028395201898349764,AAPL,1277,558,78.37000274658203,74.76000213623047,1.0
2023-04-28,167.1029510498047,167.2703823718156,165.33030085507355,165.93103698503495,55275900,0.0075409681622375935,AAPL,1276,557,79.54000091552734,76.77999877929688,1.0
2023-05-01,167.0143585205078,167.86129792357815,166.07878959348815,166.70906903109534,52472900,-0.0005301673533609774,AAPL,1273,554,79.30999755859375,75.66000366210938,1.0
2023-05-02,165.9802703857422,167.76279339985444,164.99545801480568,167.50673256610264,48425700,-0.006191612169912042,AAPL,1272,553,75.31999969482422,71.66000366210938,1.0
2023-05-03,164.90684509277344,168.32414556576836,164.6212560883793,166.925713661642,65136000,-0.006467186072622311,AAPL,1271,552,72.33000183105469,68.5999984741211,1.0
2023-05-04,163.2720489501953,164.50306450874902,161.81453073644045,162.3857237588548,81235400,-0.009913452298832226,AAPL,1270,551,72.5,68.55999755859375,1.0
2023-05-05,170.9338836669922,171.65279246173276,168.16654839153733,168.38320830672657,113453200,0.04692679957200796,AAPL,1269,550,75.30000305175781,71.33999633789062,1.0
2023-05-08,170.864990234375,171.20968066353447,169.49610128833427,169.8604771504957,55962800,-0.00040304140489433316,AAPL,1266,547,77.01000213623047,73.16000366210938,1.0
2023-05-09,169.16123962402344,170.9043468501181,168.993823309898,170.42179836441701,45326900,-0.009971326531049596,AAPL,1265,546,77.44000244140625,73.70999908447266,1.0
2023-05-10,170.9240264892578,171.38688948895523,169.28923440637098,170.39223444016065,53724500,0.010420749275379615,AAPL,1264,545,76.41000366210938,72.55999755859375,1.0
2023-05-11,171.1111602783203,171.93839911576495,169.5551548305296,171.20964753246403,49514700,0.0010948360678495472,AAPL,1263,544,74.9800033569336,70.87000274658203,1.0
2023-05-12,170.18417358398438,171.65356424240227,168.63587209674515,171.21964497087455,45533100,-0.005417453150502571,AAPL,1262,543,74.16999816894531,70.04000091552734,1.0
2023-05-15,169.69107055664062,170.81530899814229,169.09935977781652,170.7659972586019,37266700,-0.0028974670027139826,AAPL,1259,540,75.2300033569336,71.11000061035156,1.0
2023-05-16,169.69107055664062,170.74626955321972,169.42479920138675,169.61217478294208,42110300,0.0,AAPL,1258,539,74.91000366210938,70.86000061035156,1.0
2023-05-17,170.30247497558594,170.53914722242257,168.06385467134209,169.3360281894031,57951600,0.003603044149227852,AAPL,1257,538,76.95999908447266,72.83000183105469,1.0
2023-05-18,172.6298828125,172.8172584115987,170.1940301198803,170.60822168470452,65496700,0.013666318338871442,AAPL,1256,537,75.86000061035156,71.86000061035156,1.0
2023-05-19,172.73834228515625,173.9513327998332,172.5213826746833,173.9513327998332,55809500,0.0006282775084429648,AAPL,1255,536,75.58000183105469,71.55000305175781,1.0
2023-05-22,171.79164123535156,172.2945999966471,171.05201016081833,171.5746815829952,43570900,-0.005480549583148586,AAPL,1252,533,75.98999786376953,71.98999786376953,1.0
2023-05-23,169.18812561035156,170.9829707500323,168.9119979039132,170.73642708015296,50747300,-0.015155077431463826,AAPL,1251,532,76.83999633789062,72.91000366210938,1.0
2023-05-24,169.46424865722656,170.03623176135926,168.16250594092847,168.72461766792532,45143500,0.0016320474376017025,AAPL,1250,531,78.36000061035156,74.33999633789062,1.0
2023-05-25,170.59835815429688,171.49576564962197,169.31632809947834,170.02637505144457,56058300,0.006692323047820414,AAPL,1249,530,76.26000213623047,71.83000183105469,1.0
2023-05-26,173.00457763671875,173.33988838819255,170.7166607230928,170.92376397994929,54835000,0.014104587573144034,AAPL,1248,529,76.94999694824219,72.66999816894531,1.0
2023-05-30,174.84877014160156,176.51540772383512,174.1288668535482,174.51347436884586,55964400,0.010659790221015486,AAPL,1244,525,73.54000091552734,69.45999908447266,1.0
2023-05-31,174.79945373535156,176.87042648421155,174.3162227478627,174.87834951174753,99625300,-0.0002820517765727004,AAPL,1243,524,72.66000366210938,68.08999633789062,1.0
2023-06-01,177.60018920898438,177.62977324467488,174.4838737017158,175.24323239604442,68901800,0.016022564223073354,AAPL,1242,523,74.27999877929688,70.0999984741211,1.0
2023-06-02,178.44830322265625,179.26683000310032,176.7816656255451,178.52719900186148,61996900,0.004775411656087192,AAPL,1241,522,76.12999725341797,71.73999786376953,1.0
2023-06-05,177.0972442626953,182.3929972823034,175.57852688511534,180.10507993454968,121946500,-0.007571150498837609,AAPL,1238,519,76.70999908447266,72.1500015258789,1.0
2023-06-06,176.73236083984375,177.62976831057978,174.97695616659206,177.4818481362361,64848400,-0.002060356299561139,AAPL,1237,518,76.29000091552734,71.73999786376953,1.0
2023-06-07,175.361572265625,178.70470351330488,174.8684849721747,175.97299569419778,61944600,-0.007756296400413976,AAPL,1236,517,76.94999694824219,72.52999877929688,1.0
2023-06-08,178.07354736328125,178.3398036598064,175.00654388250445,175.44044804834044,50214900,0.015465047801626275,AAPL,1235,516,75.95999908447266,71.29000091552734,1.0
2023-06-09,178.45814514160156,179.7105759291869,178.13270574903748,178.99067275354267,48900000,0.002159769286427027,AAPL,1234,515,74.79000091552734,70.16999816894531,1.0
2023-06-12,181.2490234375,181.34764691680866,178.468018885392,178.7638742754878,54274900,0.015638839536766147,AAPL,1231,512,71.83999633789062,67.12000274658203,-1.0
2023-06-13,180.77566528320312,181.60404834381112,179.91769818813273,180.2727216495119,54929100,-0.002611645267485252,AAPL,1230,511,74.29000091552734,69.41999816894531,1.0
2023-06-14,181.40682983398438,181.84074910193183,179.50351991974284,180.8348467124019,57462900,0.0034914243009005475,AAPL,1229,510,73.19999694824219,68.2699966430664,-1.0
2023-06-15,183.43833923339844,183.94129793003785,181.23917400121888,181.4166932611595,65433200,0.011198637897333885,AAPL,1228,509,75.66999816894531,70.62000274658203,-1.0
2023-06-16,182.3634033203125,184.40479194393566,181.72239585614398,184.14837692000424,101256200,-0.005859930468069874,AAPL,1227,508,76.61000061035156,71.77999877929688,-1.0
2023-06-20,182.4521484375,183.52709013546678,181.8604527350327,181.8604527350327,49799100,0.000486638851719734,AAPL,1223,504,75.9000015258789,70.5,-1.0
2023-06-21,181.4167022705078,182.84665255889604,180.06563271508736,182.34369383727915,49515700,-0.005675165657733405,AAPL,1222,503,77.12000274658203,72.52999877929688,-1.0
2023-06-22,184.41465759277344,184.46396933431626,181.13069423738702,181.19973368511316,51245300,0.016525244284263385,AAPL,1221,502,74.13999938964844,69.51000213623047,-1.0
2023-06-23,184.09910583496094,184.9669444808385,182.45219571223123,182.98473853505004,53117000,-0.0017110991172366585,AAPL,1220,501,73.8499984741211,69.16000366210938,-1.0
2023-06-26,182.70858764648438,185.45015206010262,182.66913223239737,184.2470177435845,48088700,-0.007553095829390455,AAPL,1217,498,74.18000030517578,69.37000274658203,-1.0
2023-06-27,185.45999145507812,185.78543087633778,183.10303478095216,183.31999439512526,50730800,0.01505897365873854,AAPL,1216,497,72.26000213623047,67.69999694824219,-1.0
2023-06-28,186.633544921875,187.27455239917202,185.00636283468697,185.33178721386028,51216800,0.006327798559621511,AAPL,1215,496,74.02999877929688,69.55999755859375,-1.0
2023-06-29,186.9688262939453,187.4422009047134,186.32781886596203,186.4658826988121,46347300,0.0017964689692340219,AAPL,1214,495,74.33999633789062,69.86000061035156,-1.0
2023-06-30,191.28826904296875,191.79121262094537,188.61572952588827,188.9806243235532,85213200,0.023102475608594686,AAPL,1213,494,74.9000015258789,70.63999938964844,-1.0
2023-07-03,189.79917907714844,191.19954526937022,189.10884478636748,191.10092178559267,31458200,-0.007784533642707703,AAPL,1210,491,74.6500015258789,69.79000091552734,-1.0
2023-07-05,188.68479919433594,190.31198136153697,187.98460856583768,188.92148652956726,46920300,-0.005871363028180032,AAPL,1208,489,76.6500015258789,71.79000091552734,-1.0
2023-07-06,189.1581573486328,189.36526064633148,186.5842409083175,187.21539208287066,45094300,0.002508724371640181,AAPL,1207,488,76.5199966430664,71.80000305175781,-1.0
2023-07-07,188.04379272460938,190.00628587990153,187.60988847797856,188.76371112125616,46815000,-0.0058911793159920345,AAPL,1206,487,78.47000122070312,73.86000061035156,-1.0
2023-07-10,186.0023651123047,187.3632906795546,184.45406399039535,186.6433724908287,59922200,-0.010856128685376887,AAPL,1203,484,77.69000244140625,72.98999786376953,-1.0
2023-07-11,185.47972106933594,186.68285528837708,184.02018687082855,186.5447914459214,46638100,-0.002809878480056871,AAPL,1202,483,79.4000015258789,74.83000183105469,-1.0
2023-07-12,187.1463623046875,189.04967210294507,185.86433228601203,187.05759515232103,60750200,0.008985571175883722,AAPL,1201,482,80.11000061035156,75.75,-1.0
2023-07-13,187.90570068359375,188.54672319895087,187.15621340871894,187.8662603208446,41342300,0.004057457326742009,AAPL,1200,481,81.36000061035156,76.88999938964844,-1.0
2023-07-14,188.0536346435547,188.53685056119244,187.00829198764853,187.59998771190843,41616200,0.0007872776580102325,AAPL,1199,480,79.87000274658203,75.41999816894531,-1.0
2023-07-17,191.3080291748047,191.6334686208352,189.1581605746784,189.2469126832782,50520200,0.017305672062220667,AAPL,1196,477,78.5,74.1500015258789,-1.0
2023-07-18,191.05160522460938,191.64331601668746,189.75971887799713,190.6768691009351,48288200,-0.0013403721281400882,AAPL,1195,476,79.62999725341797,75.75,-1.0
2023-07-19,192.40267944335938,195.48939585264796,189.9865395225249,190.4303301514657,80507300,0.007071776325363155,AAPL,1194,475,79.45999908447266,75.3499984741211,-1.0
2023-07-20,190.4599151611328,193.7537348839622,189.8386203157028,192.39280905028917,59581200,-0.010097386833942124,AAPL,1193,474,79.63999938964844,75.62999725341797,-1.0
2023-07-21,189.28634643554688,192.2744541324422,188.58615588066942,191.4164870851642,71951700,-0.006161762303595886,AAPL,1192,473,81.06999969482422,77.06999969482422,-1.0
2023-07-24,190.0851593017578,192.21530010696893,189.59207198839397,190.73603816687742,45377800,0.004220129350338109,AAPL,1189,470,82.73999786376953,78.73999786376953,-1.0
2023-07-25,190.94309997558594,191.75177028050072,190.25278084201756,190.65711599447494,37283200,0.004513454269547523,AAPL,1188,469,83.63999938964844,79.62999725341797,-1.0
2023-07-26,191.8109588623047,192.9351972994816,190.64728006234532,190.99243214213982,47471900,0.004545117822166489,AAPL,1187,468,82.91999816894531,78.77999877929688,-1.0
2023-07-27,190.54867553710938,194.4736466049838,189.88794029801272,193.3099676892758,47460200,-0.006580871774388375,AAPL,1186,467,84.23999786376953,80.08999633789062,-1.0
2023-07-28,193.12255859375,193.91150122150714,191.45592124266818,191.9785925358936,48291400,0.013507745721063058,AAPL,1185,466,84.98999786376953,80.58000183105469,-1.0
2023-07-31,193.7340087890625,193.77346420221568,192.56045853696887,193.34940127389015,38824100,0.003166125178564627,AAPL,1182,463,85.55999755859375,81.80000305175781,-1.0
2023-08-01,192.90562438964844,194.01013518521242,192.5801849485631,193.52691923606866,35175100,-0.004275885295472293,AAPL,1181,462,84.91000366210938,81.37000274658203,-1.0
2023-08-02,189.91749572753906,192.48154051645844,189.19759252290805,192.34347668203839,50389300,-0.015490106478563193,AAPL,1180,461,83.19999694824219,79.48999786376953,-1.0
2023-08-03,188.52703857421875,189.71044534890663,188.05367887391031,188.92151753100373,61235200,-0.007321374726397489,AAPL,1179,460,85.13999938964844,81.55000305175781,-1.0
2023-08-04,179.47393798828125,184.7894189873242,179.40489853673822,182.95513345446872,115956800,-0.04802017076385312,AAPL,1178,459,86.23999786376953,82.81999969482422,-1.0
2023-08-07,176.37733459472656,180.59816071157974,174.89807268327345,179.6119861039443,97576100,-0.0172537775025412,AAPL,1175,456,85.33999633789062,81.94000244140625,1.0
2023-08-08,177.31422424316406,177.77772758258462,175.12491507972354,177.20574441802665,67823000,0.005311848319911716,AAPL,1174,455,86.16999816894531,82.91999816894531,-1.0
2023-08-09,175.72647094726562,178.42857997538025,174.5627769846933,178.36941190145535,60378500,-0.008954460944549103,AAPL,1173,454,87.55000305175781,84.4000015258789,1.0
2023-08-10,175.5094757080078,178.25103959448677,175.1445959609342,176.99859377509202,54686900,-0.0012348466232098287,AAPL,1172,453,86.4000015258789,82.81999969482422,1.0
2023-08-11,175.56875610351562,176.38838822312198,174.34425781198718,175.10464195853916,52036700,0.00033776179473310464,AAPL,1171,452,86.80999755859375,83.19000244140625,1.0
2023-08-14,177.21788024902344,177.44500246999712,175.09473274674426,175.74649049543365,43675600,0.009393038841919443,AAPL,1168,449,86.20999908447266,82.51000213623047,-1.0
2023-08-15,175.2329864501953,177.23762299403361,174.8379899652799,176.6451282666605,43622600,-0.011200302114205307,AAPL,1167,448,84.88999938964844,80.98999786376953,1.0
2023-08-16,174.364013671875,176.30938743269644,174.29488099061055,174.91701484938284,46964900,-0.0049589566206890145,AAPL,1166,447,83.44999694824219,79.37999725341797,1.0
2023-08-17,171.8260955810547,175.29223725703497,171.31258808782235,174.9268647491592,66062900,-0.01455528602132472,AAPL,1165,446,84.12000274658203,80.38999938964844,1.0
2023-08-18,172.3099822998047,172.91236175457905,169.81159252872837,170.14734105941557,61172200,0.002816142199551619,AAPL,1164,445,84.80000305175781,81.25,1.0
2023-08-21,173.6431121826172,173.92949746098708,171.56935789788312,172.88274314562352,46311900,0.007736811675210786,AAPL,1161,442,84.45999908447266,80.72000122070312,1.0
2023-08-22,175.01576232910156,175.46013721394584,174.04801023595033,174.8478880423005,42038900,0.00790500774393399,AAPL,1160,441,84.02999877929688,80.3499984741211,1.0
2023-08-23,178.85716247558594,179.2817980823254,176.10202612434662,176.289654759779,52722800,0.021948881034274947,AAPL,1159,440,83.20999908447266,78.88999938964844,-1.0
2023-08-24,174.17637634277344,178.8374075605793,173.8109887437673,178.41277199096436,54945800,-0.026170526625968527,AAPL,1158,439,83.36000061035156,79.05000305175781,1.0
2023-08-25,176.37847900390625,176.91172570988553,173.62334339807447,175.1638506244018,51449600,0.012642946806971977,AAPL,1157,438,84.4800033569336,79.83000183105469,1.0
2023-08-28,177.93875122070312,178.33374768816518,176.31924159506977,177.83999456976295,43820700,0.008846159835420364,AAPL,1154,435,84.41999816894531,80.0999984741211,-1.0
2023-08-29,181.8196563720703,182.58991008586239,177.2573820568172,177.45488030453177,53003900,0.02181034274290017,AAPL,1153,434,85.48999786376953,81.16000366210938,-1.0
2023-08-30,185.3055419921875,185.50305529692773,182.43191025327192,182.62940848986258,60813900,0.019172215423088224,AAPL,1152,433,85.86000061035156,81.62999725341797,-1.0
2023-08-31,185.52281188964844,186.75719481874472,185.13768501849643,185.4931879048022,60794500,0.001172495410148633,AAPL,1151,432,86.86000061035156,83.62999725341797,-1.0
2023-09-01,187.09292602539062,187.54717042646476,185.92766090669275,187.1225500051064,45766500,0.008463186385273769,AAPL,1150,431,88.55000305175781,85.55000305175781,-1.0
2023-09-05,187.32994079589844,187.6064413525269,185.26605625958229,185.92768366781115,45280000,0.0012668291396311648,AAPL,1146,427,90.04000091552734,86.69000244140625,-1.0
2023-09-06,180.6248016357422,186.49059214043663,179.20278998997966,186.0462022000218,81755800,-0.03579320599616109,AAPL,1145,426,90.5999984741211,87.54000091552734,-1.0
2023-09-07,175.34161376953125,175.98350189646143,171.37183427986267,172.99134398653018,112488800,-0.02924951511844598,AAPL,1144,425,89.91999816894531,86.87000274658203,1.0
2023-09-08,175.95387268066406,177.98814840122637,175.56874581023814,176.12176201867752,65551300,0.0034918060691375707,AAPL,1143,424,90.6500015258789,87.51000213623047,1.0
2023-09-11,177.119140625,178.0473990105972,175.12437356668377,177.82027676778657,58953100,0.0066225762842444524,AAPL,1140,421,90.63999938964844,87.29000091552734,1.0
2023-09-12,174.09735107421875,177.87950173703112,172.6358460753217,177.24749835360407,90370200,-0.017060773556817566,AAPL,1139,420,92.05999755859375,88.83999633789062,1.0
2023-09-13,172.0334930419922,175.0848841389881,171.80635572558617,174.30474566083996,84267900,-0.01185462052979036,AAPL,1138,419,91.87999725341797,88.5199966430664,1.0
2023-09-14,173.54437255859375,173.89987544974738,171.41135521167203,171.82610607332606,60895800,0.008782473051528239,AAPL,1137,418,93.69999694824219,90.16000366210938,1.0
2023-09-15,172.823486328125,174.29487626046748,171.64836639188815,174.27512191376346,109259500,-0.004153901505652979,AAPL,1136,417,93.93000030517578,90.7699966430664,1.0
2023-09-18,175.74649047851562,177.13887792290447,173.9689761950564,174.2751007250675,67257600,0.016913234494303486,AAPL,1133,414,94.43000030517578,91.4800033569336,1.0
2023-09-19,176.832763671875,177.38576479928514,174.91699900323943,175.30212586469654,51826900,0.006180909731976492,AAPL,1132,413,94.33999633789062,91.19999694824219,1.0
2023-09-20,173.2974853515625,177.45487842056565,173.20859833310675,177.0203732393163,58436200,-0.01999221324659295,AAPL,1131,412,93.52999877929688,90.27999877929688,1.0
2023-09-21,171.75697326660156,174.09737357666756,171.68785565712008,172.36923745366522,63149100,-0.008889408186366632,AAPL,1130,411,93.30000305175781,89.62999725341797,1.0
2023-09-22,172.6062469482422,174.86764517240317,171.87550181385268,172.48775099523908,56725400,0.004944624171516976,AAPL,1129,410,93.2699966430664,90.02999877929688,1.0
2023-09-25,173.88011169433594,174.75899170155245,171.97421669351675,172.02359502231215,46172700,0.0073801775348010246,AAPL,1126,407,93.29000091552734,89.68000030517578,1.0
2023-09-26,169.8115997314453,173.01111068359924,169.51534481079926,172.63586851438868,64588900,-0.023398374450337767,AAPL,1125,406,93.95999908447266,90.38999938964844,1.0
2023-09-27,168.30068969726562,170.87808171574733,166.93794126401278,170.46333088230946,66921800,-0.00889756669490882,AAPL,1124,405,96.55000305175781,93.68000030517578,1.0
2023-09-28,168.5574493408203,169.88070413963854,165.52579782856736,167.22430983558627,56294400,0.0015256006616284346,AAPL,1123,404,95.37999725341797,91.70999908447266,1.0
2023-09-29,169.0709991455078,170.9077618887565,168.2118582205317,169.87087702160497,51861100,0.003046734550717467,AAPL,1122,403,95.30999755859375,90.79000091552734,1.0
2023-10-02,171.57920837402344,172.12233981703872,168.79443355791753,169.08081880430257,52164500,0.014835242242562163,AAPL,1119,400,90.70999908447266,88.81999969482422,1.0
2023-10-03,170.24607849121094,171.46072207785286,168.6858318118607,170.1078282132375,49594600,-0.007769763571273902,AAPL,1118,399,90.91999816894531,89.2300033569336,1.0
2023-10-04,171.49032592773438,172.03345733749015,168.83393190668662,168.95242782585208,53020300,0.007308523330172845,AAPL,1117,398,85.80999755859375,84.22000122070312,1.0
2023-10-05,172.72474670410156,173.25799352598938,170.52259660006877,171.6187292983148,48527900,0.007198194823464066,AAPL,1116,397,84.06999969482422,82.30999755859375,1.0
2023-10-06,175.27247619628906,175.76622928314396,171.01631193035507,171.62857600439608,57266700,0.014750228561933199,AAPL,1115,396,84.58000183105469,82.79000091552734,1.0
2023-10-09,176.75376892089844,176.81301689163445,173.60362121945622,174.6009972191987,42390800,0.008451371012471176,AAPL,1112,393,88.1500015258789,86.37999725341797,1.0
2023-10-10,176.16123962402344,177.4746247468579,175.72673446240606,175.87486944103904,43698000,-0.003352286632938295,AAPL,1111,392,87.6500015258789,85.97000122070312,1.0
2023-10-11,177.5536346435547,177.60301297187604,175.3811238107674,175.9736185461729,47551100,0.007904094127079375,AAPL,1110,391,85.81999969482422,83.48999786376953,-1.0
2023-10-12,178.45228576660156,180.0619109305439,176.80313684087554,177.8202822818536,56743100,0.005061293872417494,AAPL,1109,390,86.0,82.91000366210938,-1.0
2023-10-13,176.61550903320312,179.6570151987734,175.91437292525092,179.1533924067404,51427100,-0.01029281707156593,AAPL,1108,389,90.88999938964844,87.69000244140625,1.0
2023-10-16,176.48712158203125,176.84262444155877,174.3047260977915,174.5417330268598,52517000,-0.0007269319205015501,AAPL,1105,386,89.6500015258789,86.66000366210938,1.0
2023-10-17,174.93673706054688,176.19087429527403,172.61610626933813,174.44298390478113,57549400,-0.008784689259968226,AAPL,1104,385,89.9000015258789,86.66000366210938,1.0
2023-10-18,173.6431121826172,175.36137864838344,172.9222367694585,173.3863659573123,54764400,-0.007394815403936272,AAPL,1103,384,91.5,88.31999969482422,1.0
2023-10-19,173.26788330078125,175.6181383369893,173.0012523479638,173.84062376512662,59302900,-0.0021609200452553656,AAPL,1102,383,92.37999725341797,89.37000274658203,1.0
2023-10-20,170.72007751464844,173.22833664495803,170.4830706009531,173.1197103596996,64244000,-0.01470443187506365,AAPL,1101,382,92.16000366210938,88.75,1.0
2023-10-23,170.83859252929688,171.8359684831129,167.80694090892598,168.77470794688867,55980100,0.0006942066590747142,AAPL,1098,379,89.83000183105469,85.48999786376953,1.0
2023-10-24,171.27310180664062,171.50022404547477,169.30795876796012,170.88797493724758,43816600,0.002543390640901144,AAPL,1097,378,88.06999969482422,83.73999786376953,1.0
2023-10-25,168.9623565673828,170.89786073622298,168.5179666183954,169.73261037900426,57157000,-0.01349158282814622,AAPL,1096,377,90.12999725341797,85.38999938964844,1.0
2023-10-26,164.804931640625,169.2388405091802,163.600172706508,168.2414494672427,70625300,-0.024605628207486685,AAPL,1095,376,87.93000030517578,83.20999908447266,1.0
2023-10-27,166.11830139160156,166.8490614359056,164.745668316651,164.82467062426355,58499100,0.007969238164792891,AAPL,1094,375,90.4800033569336,85.54000091552734,1.0
2023-10-30,168.16244506835938,169.03145545417337,166.7601878982554,166.90832288755587,51131000,0.012305349017138312,AAPL,1091,372,87.44999694824219,82.30999755859375,1.0
2023-10-31,168.6364288330078,168.76479438569402,165.8022759466135,167.23417191335412,44846000,0.0028186065233277713,AAPL,1090,371,87.41000366210938,81.0199966430664,1.0
2023-11-01,171.79649353027344,172.05323977559237,167.9945877763323,168.86359824995364,56934900,0.01873892087927742,AAPL,1089,370,84.62999725341797,80.44000244140625,1.0
2023-11-02,175.35147094726562,175.55883879665177,173.26783240773895,173.32708036470643,77334800,0.020692956788234573,AAPL,1088,369,86.8499984741211,82.45999908447266,1.0
2023-11-03,174.44297790527344,174.61086723243213,171.1842192438163,172.06309922812656,79829200,-0.005180983296486863,AAPL,1087,368,84.88999938964844,80.51000213623047,1.0
2023-11-06,176.99075317382812,177.18825142381783,174.00849494223715,174.17636920813592,63841300,0.014605203941990608,AAPL,1084,365,85.18000030517578,80.81999969482422,1.0
2023-11-07,179.5484161376953,180.1606652677133,176.7340169447808,176.94138484513783,70530000,0.01445082818171417,AAPL,1083,364,81.61000061035156,77.37000274658203,1.0
2023-11-08,180.60504150390625,181.15804266662394,179.3212801943679,180.07179468790036,49340300,0.005884904968477267,AAPL,1082,363,79.54000091552734,75.33000183105469,1.0
2023-11-09,180.1310272216797,181.81965455110011,179.53851741631973,180.67415869856794,53763500,-0.002624590533461424,AAPL,1081,362,80.01000213623047,75.73999786376953,1.0
2023-11-10,184.31365966796875,184.48177017271385,181.47578777634308,181.91086536697577,66133400,0.023219944452665953,AAPL,1080,361,81.43000030517578,77.16999816894531,-1.0
2023-11-13,182.73159790039062,183.94782669363863,182.1482051958573,183.74018560328048,43627500,-0.0085835296766833,AAPL,1077,358,82.5199966430664,78.26000213623047,1.0
2023-11-14,185.34205627441406,186.0045554032819,184.21481647353394,185.59914075952597,60108400,0.01428575245889574,AAPL,1076,357,82.47000122070312,78.26000213623047,-1.0
2023-11-15,185.90565490722656,187.3789832148446,185.67823345303117,185.7474572062222,53790500,0.0030408566956765526,AAPL,1075,356,81.18000030517578,76.66000366210938,-1.0
2023-11-16,187.58665466308594,188.82266388785246,186.5385061665612,187.4482222334322,54412900,0.009042219596269163,AAPL,1074,355,77.41999816894531,72.9000015258789,-1.0
2023-11-17,187.5668487548828,188.24912816814668,186.4593894684262,188.12057839811112,50922700,-0.00010558271449900847,AAPL,1073,354,80.61000061035156,75.88999938964844,-1.0
2023-11-20,189.30712890625,189.76198684131353,187.75470950144614,187.7645921414258,46505100,0.009278186219577877,AAPL,1070,351,82.31999969482422,77.5999984741211,-1.0
2023-11-21,188.50619506835938,189.3763501912699,187.61627466574618,189.26758080090607,38134500,-0.004230869922956071,AAPL,1069,350,82.44999694824219,77.7699966430664,-1.0
2023-11-22,189.168701171875,190.7705639920827,188.69407794514686,189.34669431189826,39617700,0.0035145057342831354,AAPL,1068,349,81.95999908447266,77.0999984741211,-1.0
2023-11-24,187.84373474121094,188.76331834061182,187.13179223741543,188.7336553269539,24048300,-0.007004152496983274,AAPL,1066,347,80.58000183105469,75.54000091552734,-1.0
2023-11-27,187.6657257080078,188.53588093642713,186.78568783853885,187.79427548166112,40552600,-0.0009476442397632345,AAPL,1063,344,79.9800033569336,74.86000061035156,-1.0
2023-11-28,188.2689208984375,188.94131776896225,187.28011350908017,187.65586514519703,38415400,0.0032142000791781644,AAPL,1062,343,81.68000030517578,76.41000366210938,-1.0
2023-11-29,187.25042724609375,189.9399842182602,186.85491037465812,188.7633011569372,43014200,-0.005409781112482026,AAPL,1061,342,83.0999984741211,77.86000061035156,-1.0
2023-11-30,187.8238983154297,188.18976718802574,186.08360331885888,187.71512893514412,48794400,0.0030625888430271253,AAPL,1060,341,82.83000183105469,75.95999908447266,-1.0
2023-12-01,189.09950256347656,189.4159130354433,187.11199034893104,188.1996843513192,45704800,0.006791490643563547,AAPL,1059,340,78.87999725341797,74.06999969482422,-1.0
2023-12-04,187.3097686767578,187.9228394923183,185.35193435249073,187.85361573572166,43389500,-0.009464508697572982,AAPL,1056,337,78.02999877929688,73.04000091552734,-1.0
2023-12-05,191.25509643554688,192.2241233156588,188.05135551468544,188.081033613139,66628400,0.021063117992514035,AAPL,1055,336,77.19999694824219,72.31999969482422,-1.0
2023-12-06,190.1674346923828,192.58011192579394,189.95977851245675,192.27358406476233,41089700,-0.005686968679188165,AAPL,1054,335,74.30000305175781,69.37999725341797,-1.0
2023-12-07,192.0955810546875,192.81740609388598,191.42318430562543,191.4627450433353,47477700,0.010139203725515245,AAPL,1053,334,74.05000305175781,69.33999633789062,-1.0
2023-12-08,193.51950073242188,193.79636559429088,191.50232520965804,192.0263919187675,53406400,0.007412558216677523,AAPL,1052,333,75.83999633789062,71.2300033569336,-1.0
2023-12-11,191.01779174804688,191.3243346926335,189.27749628821252,190.9485830810774,60943700,-0.012927425788650138,AAPL,1049,330,76.02999877929688,71.31999969482422,-1.0
2023-12-12,192.53067016601562,192.54055280703432,189.57413099725628,190.9189094878757,52696900,0.007920091652845906,AAPL,1048,329,73.23999786376953,68.61000061035156,-1.0
2023-12-13,195.74429321289062,195.7838388648497,192.66910200901862,192.90640609677627,70404200,0.016691486318018534,AAPL,1047,328,74.26000213623047,69.47000122070312,-1.0
2023-12-14,195.89260864257812,197.38570218691584,193.96443748585023,195.80361960949875,66831600,0.0007576998912872668,AAPL,1046,327,76.61000061035156,71.58000183105469,-1.0
2023-12-15,195.35865783691406,196.17935458626624,194.79503045579114,195.3190970971854,128538400,-0.0027257322742497703,AAPL,1045,326,76.55000305175781,71.43000030517578,-1.0
2023-12-18,193.6974639892578,194.4291868327445,192.21425301938103,193.8952224343076,55751900,-0.008503302930362167,AAPL,1042,323,77.94999694824219,72.47000122070312,-1.0
2023-12-19,194.73570251464844,194.74558515548247,193.69745188302565,193.96443406555753,40714100,0.005360103865108989,AAPL,1041,322,79.2300033569336,73.44000244140625,-1.0
2023-12-20,192.64932250976562,195.46741418063525,192.64932250976562,194.69614571593394,52242800,-0.01071390596557853,AAPL,1040,321,79.69999694824219,74.22000122070312,-1.0
2023-12-21,192.50099182128906,194.87413831888384,191.33420648650613,193.90511142023345,46482500,-0.0007699517784135468,AAPL,1039,320,79.38999938964844,73.88999938964844,-1.0
2023-12-22,191.43309020996094,193.22282892375426,190.81013681243016,192.9953923922105,37149600,-0.0055475122555187495,AAPL,1038,319,79.06999969482422,73.55999755859375,-1.0
2023-12-26,190.88926696777344,191.71986154255086,190.67172813799795,191.44299668429173,28919300,-0.0028408006243384465,AAPL,1034,315,81.06999969482422,75.56999969482422,-1.0
2023-12-27,190.98812866210938,191.33421726083122,188.95118798803827,190.33552729492325,48087700,0.0005179007489857224,AAPL,1033,314,79.6500015258789,74.11000061035156,-1.0
2023-12-28,191.413330078125,192.4812438348005,191.00791544042355,191.96705978425237,34049900,0.002226323798207863,AAPL,1032,313,78.38999938964844,71.7699966430664,-1.0
2023-12-29,190.37506103515625,192.2241257878035,189.58401220758475,191.72972215657148,42672100,-0.005424225379418335,AAPL,1031,312,77.04000091552734,71.6500015258789,-1.0
2024-01-02,183.5622100830078,186.3308738952772,181.83179708633995,185.05530386559408,82488700,-0.0357864675924664,AAPL,1027,308,75.88999938964844,70.37999725341797,-1.0
2024-01-03,182.187744140625,183.79950485996184,181.37691491631995,182.15808112880916,58414500,-0.007487739125396575,AAPL,1026,307,78.25,72.69999694824219,-1.0
2024-01-04,179.87393188476562,181.04071720671112,178.85546161628733,180.11123597031312,71983600,-0.012700153167676365,AAPL,1025,306,77.58999633789062,72.19000244140625,1.0
2024-01-05,179.15208435058594,180.71440156415224,178.15339449300276,179.95303087035154,62379700,-0.004013074749720458,AAPL,1024,305,78.76000213623047,73.80999755859375,1.0
2024-01-08,183.4830780029297,183.52263874374273,179.46852282651062,180.0519155054874,59144500,0.024174955418706512,AAPL,1021,302,76.12000274658203,70.7699966430664,-1.0
2024-01-09,183.06776428222656,183.0776469225398,180.68473531069785,181.86141829199212,42841800,-0.002263498766335803,AAPL,1020,301,77.58999633789062,72.23999786376953,-1.0
2024-01-10,184.1060333251953,184.31367440860302,181.8614365329183,182.2866315170422,46792900,0.0056715011899532985,AAPL,1019,300,76.80000305175781,71.37000274658203,-1.0
2024-01-11,183.5127410888672,184.9564063690912,181.5647895230864,184.4521049955326,49128400,-0.0032225572710057326,AAPL,1018,299,77.41000366210938,72.0199966430664,-1.0
2024-01-12,183.8390655517578,184.64989484239166,183.11724039185432,183.97749798089004,40477800,0.001778211479782854,AAPL,1017,298,78.29000091552734,72.68000030517578,-1.0
2024-01-16,181.57469177246094,182.1976301200088,178.90489995610474,180.12114381484557,65603000,-0.012317152355517003,AAPL,1013,294,78.29000091552734,72.4000015258789,-1.0
2024-01-17,180.6352996826172,180.88250149305736,178.2819487070673,179.24109293861534,47317400,-0.005173584934518027,AAPL,1012,293,77.87999725341797,72.55999755859375,-1.0
2024-01-18,186.5187225341797,187.02300881659582,183.75005912545993,184.0071435872404,78005800,0.03257072599818467,AAPL,1011,292,79.0999984741211,74.08000183105469,-1.0
2024-01-19,189.41592407226562,189.80155831594578,186.70660172518024,187.21088801676132,68903000,0.015533033353019254,AAPL,1010,291,78.55999755859375,73.41000366210938,-1.0
2024-01-22,191.7198486328125,193.14373357255337,190.10808789018887,190.14764863184953,60133900,0.012163309773616904,AAPL,1007,288,80.05999755859375,75.19000244140625,-1.0
2024-01-23,192.9954071044922,193.55903452389106,191.66052626402544,192.83720939883855,42355600,0.0066532415958802105,AAPL,1006,287,79.55000305175781,74.37000274658203,-1.0
2024-01-24,192.32301330566406,194.18197579456825,192.16480052192722,193.23271418014866,53631300,-0.0034839886032317358,AAPL,1005,286,80.04000091552734,75.08999633789062,-1.0
2024-01-25,191.99673461914062,194.07323623297103,190.94860116972282,193.03498542605584,54822100,-0.0016965140100257958,AAPL,1004,285,82.43000030517578,77.36000061035156,-1.0
2024-01-26,190.26632690429688,192.58013270627515,189.79170355496896,192.0956267141711,44594000,-0.009012693462085775,AAPL,1003,284,83.55000305175781,78.01000213623047,-1.0
2024-01-29,189.58399963378906,190.04874022336423,187.45807019569023,189.86086444187634,47145600,-0.003586169353292923,AAPL,1000,281,82.4000015258789,76.77999877929688,-1.0
2024-01-30,185.93533325195312,189.65325866018404,185.37172089064353,188.80288370915284,55859400,-0.019245645143492585,AAPL,999,280,82.87000274658203,77.81999969482422,-1.0
2024-01-31,182.3360595703125,185.00585134318092,182.28663127585358,184.94651023142666,55467800,-0.019357663864583485,AAPL,998,279,81.70999908447266,75.8499984741211,-1.0
2024-02-01,184.76852416992188,184.857513201702,181.7625567551165,181.93065217781273,64885400,0.013340557020600663,AAPL,997,278,78.69999694824219,73.81999969482422,-1.0
2024-02-02,183.7698516845703,185.23328233515724,177.2437171517322,177.84689023760967,102551700,-0.005404992489051574,AAPL,996,277,77.33000183105469,72.27999877929688,-1.0
2024-02-05,185.57936096191406,187.13179578344227,183.75995901240586,186.04410163536497,69668800,0.00984660574493823,AAPL,993,274,77.98999786376953,72.77999877929688,-1.0
2024-02-06,187.18124389648438,187.1911265388062,184.67956238073768,184.76855142564483,43490800,0.008631794647137925,AAPL,992,273,78.58999633789062,73.30999755859375,-1.0
2024-02-07,187.28997802734375,188.91162125480523,186.49892923853312,188.5062066759397,53439000,0.0005809029184542513,AAPL,991,272,79.20999908447266,73.86000061035156,-1.0
2024-02-08,186.2122039794922,187.418535043408,185.2530596605407,187.27021997882892,40962000,-0.005754574052511341,AAPL,990,271,81.62999725341797,76.22000122070312,-1.0
2024-02-09,186.97454833984375,188.10322646586073,186.13298359451971,186.77652244170517,45155200,0.004093954875457717,AAPL,989,270,82.19000244140625,76.83999633789062,-1.0
2024-02-12,185.2914276123047,186.79633688725167,184.93500212895557,186.54881961012742,41781900,-0.009001870802649692,AAPL,986,267,82.0,76.91999816894531,-1.0
2024-02-13,183.202392578125,184.36078680146468,181.68758795653508,183.92515394948336,56529500,-0.011274321003941323,AAPL,985,266,82.7699966430664,77.87000274658203,-1.0
2024-02-14,182.32119750976562,183.68749754312392,180.6281880058035,183.47959151637605,54630500,-0.004809953931052546,AAPL,984,265,81.5999984741211,76.63999938964844,-1.0
2024-02-15,182.0341033935547,182.65785175424014,179.54903541760635,181.727184392981,65434500,-0.0015746612030428375,AAPL,983,264,82.86000061035156,78.02999877929688,-1.0
2024-02-16,180.49949645996094,183.0142804515248,179.86585283584154,181.5984737728991,49752500,-0.008430326543131028,AAPL,982,263,83.47000122070312,79.19000244140625,-1.0
2024-02-20,179.75692749023438,180.61828269677792,178.21242224791314,179.98463913307552,53665600,-0.004113966987665751,AAPL,978,259,82.33999633789062,78.18000030517578,-1.0
2024-02-21,180.5093994140625,181.0737309260645,178.86588113831095,180.13316833455778,41371400,0.004186052433884591,AAPL,977,258,83.02999877929688,77.91000366210938,-1.0
2024-02-22,182.53903198242188,183.1231842228548,180.64801151557128,181.65787110291916,52292200,0.011243916244514818,AAPL,976,257,83.66999816894531,78.61000061035156,-1.0
2024-02-23,180.70742797851562,183.2023913936763,180.42029946099493,183.17269052734747,45119700,-0.010034040303679381,AAPL,975,256,81.62000274658203,76.48999786376953,-1.0
2024-02-26,179.36093139648438,180.94503297704767,178.85598645977296,180.4302078946742,40867400,-0.007451251988331853,AAPL,972,253,82.52999877929688,77.58000183105469,-1.0
2024-02-27,180.81631469726562,182.09349711935678,177.77679547469845,179.30151026553332,54318900,0.008114271538677942,AAPL,971,252,83.6500015258789,78.87000274658203,-1.0
2024-02-28,179.61831665039062,181.30143093346823,178.34113428414614,180.69748823755316,48953900,-0.006625497532569247,AAPL,970,251,83.68000030517578,78.54000091552734,-1.0
2024-02-29,178.95497131347656,180.75690414056305,177.74708592784262,179.46981142225187,136682600,-0.0036930829176247126,AAPL,969,250,83.62000274658203,78.26000213623047,-1.0
2024-03-01,177.87582397460938,178.7371792855814,175.61846756104012,177.76691576574171,73563100,-0.006030273039896894,AAPL,968,249,83.55000305175781,79.97000122070312,-1.0
2024-03-04,173.36109924316406,175.14321147352493,172.06409607852763,174.4006596751229,81510100,-0.025381328561490002,AAPL,965,246,82.80000305175781,78.73999786376953,1.0
2024-03-05,168.4305419921875,170.33147275577412,167.93550746706842,169.0641855800497,95132400,-0.028440966701882453,AAPL,964,245,82.04000091552734,78.1500015258789,1.0
2024-03-06,167.44046020507812,169.53941670485264,167.00482743895031,169.36119643359416,68587700,-0.005878279410602927,AAPL,963,244,82.95999908447266,79.12999725341797,1.0
2024-03-07,167.32167053222656,169.0344857697736,166.81674075207243,167.47017484778516,71765100,-0.0007094442568186254,AAPL,962,243,82.95999908447266,78.93000030517578,1.0
2024-03-08,169.03448486328125,171.9749911536114,167.26226790901475,167.32166963491963,76267000,0.010236655692035912,AAPL,961,242,82.08000183105469,78.01000213623047,1.0
2024-03-11,171.034423828125,172.64824117092596,170.34137853305091,171.22253935977105,60139500,0.011831544116346127,AAPL,958,239,82.20999908447266,77.93000030517578,1.0
2024-03-12,171.5096435546875,172.30170175265368,169.3116892312768,171.43043622416553,59825400,0.002778503390873155,AAPL,957,238,81.91999816894531,77.55999755859375,1.0
2024-03-13,169.43052673339844,171.4700666239107,169.06419090034882,171.05423942259554,52488700,-0.012122448500256566,AAPL,956,237,84.02999877929688,79.72000122070312,1.0
2024-03-14,171.2819366455078,172.57892461566286,170.34137411890524,171.1928340614332,72913500,0.010927251114686065,AAPL,955,236,85.41999816894531,81.26000213623047,1.0
2024-03-15,170.9057159423828,170.9057159423828,168.59885322457814,169.47011882986195,121752700,-0.0021964995871318616,AAPL,954,235,85.33999633789062,81.04000091552734,1.0
2024-03-18,171.99478149414062,175.94516209588443,171.79677072295308,173.82641511894556,75604200,0.006372317893246882,AAPL,951,232,86.88999938964844,82.72000122070312,1.0
2024-03-19,174.3313751220703,174.8561105550952,171.31166123855039,172.6086493883763,55215200,0.013585258852805815,AAPL,950,231,87.37999725341797,83.47000122070312,1.0
2024-03-20,176.8956298828125,176.8956298828125,173.3511809805003,173.97492929704185,53423100,0.014709083542458368,AAPL,949,230,85.94999694824219,81.68000030517578,-1.0
2024-03-21,169.66812133789062,175.72735394947048,169.14338597139206,175.29172116809335,106181300,-0.040857473696268576,AAPL,948,229,85.77999877929688,81.06999969482422,1.0
2024-03-22,170.569091796875,171.33144918231721,168.37113733503185,170.05425166968308,71160100,0.0053101929335923614,AAPL,947,228,85.43000030517578,80.62999725341797,1.0
2024-03-25,169.1533203125,170.23249206020807,167.76721443821097,168.87610215909345,54288300,-0.008300281542572785,AAPL,944,225,86.75,81.94999694824219,1.0
2024-03-26,168.0246124267578,169.71762191427138,167.89589862566189,168.3117257823714,57388400,-0.006672691281832233,AAPL,943,224,86.25,81.62000274658203,1.0
2024-03-27,171.58885192871094,171.87598039200594,168.42063422483255,168.7176579392829,60273300,0.021212603620834214,AAPL,942,223,86.08999633789062,81.3499984741211,1.0
2024-03-28,169.77703857421875,170.51959037094832,168.81667037520143,170.0443614510728,65672700,-0.01055903885437115,AAPL,941,222,87.4800033569336,83.16999816894531,1.0
2024-04-01,168.34144592285156,169.54933141950085,167.79690490268092,169.48992969134684,46240500,-0.008455752694376373,AAPL,937,218,87.41999816894531,83.70999908447266,1.0
2024-04-02,167.1632537841797,167.65828830624176,166.55931106297376,167.40087579338118,49329500,-0.0069988239213046866,AAPL,936,217,88.91999816894531,85.1500015258789,1.0
2024-04-03,167.9652099609375,168.98497988400436,166.90584392266877,167.11374996517486,47691700,0.004797442970290611,AAPL,935,216,89.3499984741211,85.43000030517578,1.0
2024-04-04,167.14346313476562,170.21266810452119,167.14346313476562,168.59885072968464,53704400,-0.0048923632838192566,AAPL,934,215,90.6500015258789,86.58999633789062,1.0
2024-04-05,167.89590454101562,168.69785802201392,167.27215623034843,167.90579979250484,42104800,0.00450176986965567,AAPL,933,214,91.16999816894531,86.91000366210938,1.0
2024-04-08,166.7771453857422,167.51969724864153,166.56923932419392,167.35138730592178,37425500,-0.00666340944010424,AAPL,930,211,90.37999725341797,86.43000030517578,1.0
2024-04-09,167.98501586914062,168.39094781013864,166.67813256359855,167.02464767080627,42373800,0.00724242209929149,AAPL,929,210,89.41999816894531,85.2300033569336,1.0
2024-04-10,166.11378479003906,167.4107728345435,165.45044033625643,167.12365945587084,49709300,-0.011139273758554946,AAPL,928,209,90.4800033569336,86.20999908447266,1.0
2024-04-11,173.3016815185547,173.7175238179071,166.49001666248702,166.66822184170525,91070300,0.04327092262451804,AAPL,927,208,89.73999786376953,85.0199966430664,1.0
2024-04-12,174.79672241210938,176.58874526879183,172.47996408161129,172.5294554564089,101670900,0.008626811237227416,AAPL,926,207,90.44999694824219,85.66000366210938,1.0
