Date,Close,High,Low,Open,Volume,Retorno_Diario,Ticker,Alvo
2015-01-02,9.04660701751709,9.35154825829429,8.90543025785706,9.114371258981713,19396500,,ABEV3.SA,1.0
2015-01-05,8.882841110229492,9.018371203472485,8.77554701406481,8.984488545525092,13795900,-0.018102467253247045,ABEV3.SA,1.0
2015-01-06,9.221663475036621,9.272487181328417,8.78683944957235,8.882839125455625,18610500,0.03814346790656198,ABEV3.SA,1.0
2015-01-07,9.351544380187988,9.441897382733359,9.114367479233199,9.227309270961289,20493500,0.01408432497053913,ABEV3.SA,1.0
2015-01-08,9.915038108825684,9.998961881905617,9.747189419290164,9.84909734804822,9054500,0.06025675607459058,ABEV3.SA,1.0
2015-01-09,9.891058921813965,9.980977410609876,9.771166841169002,9.873074766704535,11695700,-0.0024184664495009445,ABEV3.SA,1.0
2015-01-12,10.016942977905273,10.082883726067868,9.837106029030574,9.921029786055376,11265500,0.01272705552422515,ABEV3.SA,1.0
2015-01-13,10.016942977905273,10.184791635330313,9.986970534217969,10.010949403868162,19614100,0.0,ABEV3.SA,1.0
2015-01-14,10.046917915344238,10.07089564484177,9.90904282645056,9.90904282645056,9324100,0.0029924236870551013,ABEV3.SA,1.0
2015-01-15,10.06490421295166,10.184795172716884,9.957001548799875,10.004958161381131,12612300,0.0017902303730332747,ABEV3.SA,1.0
2015-01-16,10.136836051940918,10.190787370667437,10.004955685818068,10.034928132499221,9191600,0.007146798167904533,ABEV3.SA,1.0
2015-01-19,9.951004981994629,10.130841959945336,9.915037815079613,10.076890637884999,6363500,-0.018332255646051232,ABEV3.SA,1.0
2015-01-20,10.130840301513672,10.160813888515822,10.004954666230942,10.058905979459379,7114500,0.018072076121400604,ABEV3.SA,1.0
2015-01-21,10.24474048614502,10.310681252459096,10.094875939704485,10.160816706018561,9327600,0.011242915813639787,ABEV3.SA,1.0
2015-01-22,10.358634948730469,10.430569270503529,10.178796857546958,10.310678353089951,13341900,0.011117359462592624,ABEV3.SA,1.0
2015-01-23,10.208770751953125,10.316672237863058,10.184791881722832,10.220759043692809,7567000,-0.014467562330277017,ABEV3.SA,1.0
2015-01-26,10.184792518615723,10.262722708361979,10.076889882582774,10.118851764734357,7286700,-0.0023487875200659536,ABEV3.SA,1.0
2015-01-27,10.16680908203125,10.20877211051863,10.052912863406634,10.11285890358442,10007400,-0.0017657145741165614,ABEV3.SA,1.0
2015-01-28,10.208770751953125,10.2986892285658,10.058906243140179,10.088878687552583,9768700,0.004127319553589137,ABEV3.SA,1.0
2015-01-29,10.586429595947266,10.622396760583824,10.160814908183934,10.23874395545907,17203000,0.03699356692106037,ABEV3.SA,1.0
2015-01-30,10.604413032531738,10.712315662517014,10.376618337368274,10.45454852274674,19490600,0.0016987253749232156,ABEV3.SA,1.0
2015-02-02,10.484521865844727,10.568445632636184,10.358636215657542,10.502506020175284,9556100,-0.011305780557510858,ABEV3.SA,1.0
2015-02-03,10.520489692687988,10.622397620218257,10.41858176515772,10.538473848149438,10228200,0.0034305643407959163,ABEV3.SA,1.0
2015-02-04,10.394604682922363,10.610409988417517,10.322669199965407,10.502507335669941,12135600,-0.01196569869301034,ABEV3.SA,1.0
2015-02-05,10.634387969970703,10.634387969970703,10.28670227150269,10.394604926781685,10794300,0.0230680525486735,ABEV3.SA,1.0
2015-02-06,10.736295700073242,10.742290418959815,10.400599446055168,10.54446926920577,10346700,0.009582848621876972,ABEV3.SA,1.0
2015-02-09,10.892154693603516,10.910138849821738,10.640382223426839,10.718311280287761,10351800,0.014517017590080838,ABEV3.SA,1.0
2015-02-10,10.814225196838379,10.868175376547068,10.688338395183056,10.826213490453842,10680600,-0.007154644692193068,ABEV3.SA,1.0
2015-02-11,10.814225196838379,10.832208208949394,10.59841990450105,10.77226216736951,12420900,0.0,ABEV3.SA,1.0
2015-02-12,10.844197273254395,10.904143312774094,10.766267078866104,10.844197273254395,10312000,0.0027715417304956524,ABEV3.SA,1.0
2015-02-13,10.790245056152344,10.92212541744569,10.676347704858927,10.8741688184867,9207400,-0.004975215384094511,ABEV3.SA,1.0
2015-02-18,10.910139083862305,11.018040593359242,10.820219444217953,10.868176051786275,12971300,0.011111335014731605,ABEV3.SA,1.0
2015-02-19,10.928123474121094,11.006053685849263,10.826215527275235,10.886161580133244,4536700,0.0016484107233234457,ABEV3.SA,1.0
2015-02-20,10.892154693603516,10.970083750464438,10.820219212106313,10.964090175100718,5547500,-0.003291395874392866,ABEV3.SA,1.0
2015-02-23,11.077984809875488,11.077984809875488,10.886158411269502,10.886158411269502,9354500,0.01706091416247535,ABEV3.SA,1.0
2015-02-24,11.077984809875488,11.149920281040497,11.006050482086007,11.077984809875488,10065500,0.0,ABEV3.SA,1.0
2015-02-25,10.940109252929688,11.05400660091354,10.892152655364193,11.05400660091354,9801500,-0.012445905939760027,ABEV3.SA,1.0
2015-02-26,11.083979606628418,11.083979606628418,10.838201888743582,11.024033570793584,15277800,0.013150723669437037,ABEV3.SA,1.0
2015-02-27,10.97607707977295,11.317768001035663,10.964088787187388,10.976077079772947,19534900,-0.009734998681424911,ABEV3.SA,1.0
2015-03-02,10.903789520263672,11.042345682995547,10.861620353260374,11.030297021273569,9160400,-0.006585919448624411,ABEV3.SA,1.0
2015-03-03,11.102583885192871,11.156801694592831,10.873663990165662,10.951979114420364,9012500,0.018231676662481267,ABEV3.SA,1.0
2015-03-04,11.030296325683594,11.096562811951967,10.843546676864195,10.927885005552268,12821800,-0.00651087713065468,ABEV3.SA,1.0
2015-03-05,11.060418128967285,11.162829450495634,10.970054319541898,11.04836946784076,23429800,0.0027308244850643426,ABEV3.SA,1.0
2015-03-06,10.98210334777832,11.108611995788655,10.90981367664979,11.066442829459746,7333600,-0.007080634771289396,ABEV3.SA,1.0
2015-03-09,10.988125801086426,11.03631928994553,10.855593993979742,10.90981181257416,10550500,0.0005483879651637658,ABEV3.SA,1.0
2015-03-10,10.662819862365723,11.018247267712805,10.451972921207105,10.951980790742654,13599600,-0.02960522518667741,ABEV3.SA,1.0
2015-03-11,10.927885055541992,10.958006708085204,10.602579251240199,10.632699754759853,9992700,0.024858826895483244,ABEV3.SA,1.0
2015-03-12,10.867644309997559,11.066442625471973,10.747159994972757,11.024272310896784,11867600,-0.005512571301606317,ABEV3.SA,1.0
2015-03-13,10.927885055541992,10.958006708085204,10.54233709517733,10.596554920731556,16727500,0.0055431281909932295,ABEV3.SA,1.0
2015-03-16,10.843544006347656,11.060415254162056,10.819446690357937,10.994148784213596,8016300,-0.0077179663553985645,ABEV3.SA,1.0
2015-03-17,10.945958137512207,11.030296467282959,10.861619807741455,10.951982468070627,11610600,0.009444710244602694,ABEV3.SA,1.0
2015-03-18,11.102583885192871,11.265237313392749,10.891736976306719,10.92788179956562,14337800,0.014309002986581998,ABEV3.SA,1.0
2015-03-19,11.144755363464355,11.20499751415264,11.024271062087793,11.078488882804901,7329200,0.003798348087937109,ABEV3.SA,1.0
2015-03-20,11.247167587280273,11.385723740786364,11.186925431705241,11.241143256820415,16893900,0.009189275177062584,ABEV3.SA,1.0
2015-03-23,11.349576950073242,11.427890934500828,11.186923502773622,11.271261816622307,8901700,0.009105346923858892,ABEV3.SA,1.0
2015-03-24,11.235115051269531,11.379695485368405,11.096558945552673,11.3555993208635,8195300,-0.010085124697354675,ABEV3.SA,1.0
2015-03-25,11.096561431884766,11.385722364872864,11.072464112957388,11.289335387210164,11088000,-0.012332194085463266,ABEV3.SA,1.0
2015-03-26,10.891740798950195,11.072466127696574,10.855595963005642,11.04234562258005,16105200,-0.018458027217876705,ABEV3.SA,1.0
2015-03-27,11.012223243713379,11.066441062916756,10.843545456300276,10.891738945700673,9339600,0.01106181711327503,ABEV3.SA,1.0
2015-03-30,11.235115051269531,11.235115051269531,11.00619631786877,11.00619631786877,7648500,0.020240400382674384,ABEV3.SA,1.0
2015-03-31,11.132707595825195,11.211022742704074,11.036320606607763,11.08451410121648,8654300,-0.009114944971815309,ABEV3.SA,1.0
2015-04-01,11.415843963623047,11.445964463127178,11.0965613833716,11.23511751952805,19780900,0.025432839707748123,ABEV3.SA,1.0
2015-04-02,11.355602264404297,11.48210974614975,11.259215283353445,11.355602264404297,16451500,-0.00527702545783848,ABEV3.SA,1.0
2015-04-06,11.590545654296875,11.67488397740485,11.397771687750948,11.439940849304936,10617600,0.020689645905355603,ABEV3.SA,1.0
2015-04-07,11.711031913757324,11.807418913127863,11.596571921120931,11.680910258314238,10859100,0.010395218918427984,ABEV3.SA,-1.0
2015-04-08,11.705004692077637,11.861633814630583,11.626689556289472,11.831512166626142,11241600,-0.0005146618781396439,ABEV3.SA,-1.0
2015-04-09,11.644762992858887,11.819465110932178,11.578496513724406,11.674883492998143,9188900,-0.0051466616890401,ABEV3.SA,-1.0
2015-04-10,11.759220123291016,11.801389272916921,11.59656670414268,11.620664017656425,10474500,0.009829064833893009,ABEV3.SA,-1.0
2015-04-13,11.692957878112793,11.813442191097126,11.692957878112793,11.692957878112793,7812300,-0.0056349183435200345,ABEV3.SA,-1.0
2015-04-14,11.518253326416016,11.771269386223976,11.482107354284015,11.75922072884664,9021900,-0.014941005818877917,ABEV3.SA,1.0
2015-04-15,11.530303001403809,11.662835959412034,11.445964681961065,11.620666799690662,11306200,0.0010461373479395686,ABEV3.SA,1.0
2015-04-16,11.506208419799805,11.524280262733603,11.403797096755136,11.470063584908623,10102200,-0.0020896746252956344,ABEV3.SA,1.0
2015-04-17,11.488134384155273,11.560425196393664,11.409820390835208,11.445965222442663,9685500,-0.0015708072533633377,ABEV3.SA,1.0
2015-04-20,11.379698753356934,11.554400879536319,11.295360429835013,11.445965235566145,9854000,-0.009438924299832063,ABEV3.SA,1.0
2015-04-22,11.42186450958252,11.445961822845934,11.283308405387306,11.427888837898372,10326700,0.0037053490728959915,ABEV3.SA,1.0
2015-04-23,11.361627578735352,11.476086410510458,11.27126377077541,11.397772412505198,11694800,-0.005273826422702799,ABEV3.SA,1.0
2015-04-24,11.403797149658203,11.506208473177965,11.355603653238525,11.464039307438696,9154900,0.0037115783483148146,ABEV3.SA,1.0
2015-04-27,11.325479507446289,11.476084294242241,11.271261692277879,11.439939467137746,12587700,-0.0068676811051713305,ABEV3.SA,1.0
2015-04-28,11.385720252990723,11.439938061497317,11.211019319265288,11.439938061497317,10194900,0.005319045918084742,ABEV3.SA,1.0
2015-04-29,11.355602264404297,11.391747095042506,11.283311454104433,11.307408773878871,8790600,-0.0026452422786792384,ABEV3.SA,1.0
2015-04-30,11.415843963623047,11.445964463127178,11.295359667559715,11.295359667559715,9396600,0.005305020184405818,ABEV3.SA,1.0
2015-05-04,11.650787353515625,11.73512567334742,11.445964734761182,11.464037724306609,9874100,0.020580466117199325,ABEV3.SA,-1.0
2015-05-05,11.78934383392334,11.885730816239722,11.524279058041557,11.566449368200505,11569000,0.011892456381147998,ABEV3.SA,-1.0
2015-05-06,11.951997756958008,12.22308687328446,11.771272445422712,11.897779933692718,19716900,0.013796690072490625,ABEV3.SA,-1.0
2015-05-07,11.753201484680176,11.915854982569662,11.72307982820599,11.87970899480064,6641700,-0.016632890694955216,ABEV3.SA,-1.0
2015-05-08,11.976094245910645,12.000191567565647,11.759224096133313,11.915853239820214,10733600,0.018964429523394166,ABEV3.SA,-1.0
2015-05-11,11.885730743408203,11.976093395148169,11.837537252545324,11.897779403379786,5292100,-0.0075453232620724675,ABEV3.SA,-1.0
2015-05-12,11.711031913757324,11.921878905764256,11.69898325158009,11.855612412813134,12868700,-0.014698198488785952,ABEV3.SA,-1.0
2015-05-13,11.747173309326172,11.759221967973131,11.602592852632649,11.73512465067921,6990900,0.0030860982904838963,ABEV3.SA,-1.0
2015-05-14,11.686931610107422,11.849585060964591,11.638738122707894,11.777294255353613,7393500,-0.005128186809921664,ABEV3.SA,-1.0
2015-05-15,11.84958553314209,11.867658522520845,11.650787246069486,11.650787246069486,9548600,0.013917590045106287,ABEV3.SA,-1.0
2015-05-18,11.614643096923828,11.903804049787453,11.596570106486045,11.795368405207723,11291500,-0.019827059398925928,ABEV3.SA,-1.0
2015-05-19,11.590545654296875,11.705005627817323,11.5363278325779,11.67488397740485,8007400,-0.002074746716352882,ABEV3.SA,1.0
2015-05-20,11.132707595825195,11.500183710356367,11.054393597969861,11.445965885293619,11007100,-0.03950099263031237,ABEV3.SA,1.0
2015-05-21,11.349576950073242,11.379697448155387,11.114633847767134,11.150778675270379,10942700,0.019480378190241288,ABEV3.SA,1.0
2015-05-22,11.295360565185547,11.439941042537102,11.19897358028451,11.373674559533828,12629700,-0.004776952050829175,ABEV3.SA,1.0
2015-05-25,11.385720252990723,11.415841896062828,11.198970662036446,11.289333293206374,2710100,0.007999716988555505,ABEV3.SA,1.0
2015-05-26,11.162829399108887,11.385723883805738,11.114635903848198,11.253192059094735,10073800,-0.019576350808662157,ABEV3.SA,1.0
2015-05-27,11.144755363464355,11.186924524239117,11.006199221197726,11.114634862631943,9311200,-0.001619126746304489,ABEV3.SA,1.0
2015-05-28,11.132707595825195,11.16885357854939,10.9339092869363,11.024271945699699,8894300,-0.001081025760211518,ABEV3.SA,1.0
2015-05-29,11.162829399108887,11.174876911156389,10.9760785995781,11.054393747516446,19991200,0.0027057032644051127,ABEV3.SA,1.0
2015-06-01,11.204998970031738,11.24716813628559,11.132708150008275,11.14475681151612,11308900,0.0037776776312838933,ABEV3.SA,1.0
2015-06-02,11.235280990600586,11.277679249498243,11.1444298891459,11.253451672985296,12307700,0.002702545591466654,ABEV3.SA,1.0
2015-06-03,11.156542778015137,11.24739387214584,10.956669908833854,11.24739387214584,20628200,-0.007008121350175478,ABEV3.SA,1.0
2015-06-05,11.32613468170166,11.32613468170166,11.108091086408475,11.204999094264428,15198600,0.0152011162472947,ABEV3.SA,1.0
2015-06-08,11.180771827697754,11.392758534030355,11.180771827697754,11.301907418526271,17427000,-0.012834286196397815,ABEV3.SA,1.0
2015-06-09,11.223169326782227,11.241338855501578,11.144430851549933,11.174715324806403,15863100,0.003792001101341036,ABEV3.SA,1.0
2015-06-10,11.362472534179688,11.404869634400223,11.211053658972444,11.314018540322744,10555700,0.012412109569178265,ABEV3.SA,1.0
2015-06-11,11.307962417602539,11.50177840624365,11.307962417602539,11.39275662382442,12381300,-0.004797381592182126,ABEV3.SA,1.0
2015-06-12,11.350360870361328,11.392757978513622,11.271623548826291,11.283736183130836,13970800,0.0037494334693568554,ABEV3.SA,1.0
2015-06-15,11.083863258361816,11.241339056406273,11.083863258361816,11.223169527362197,9410400,-0.023479219299132992,ABEV3.SA,1.0
2015-06-16,11.344304084777832,11.429099457133107,11.186828284957539,11.23528228834574,13264500,0.023497296957316394,ABEV3.SA,1.0
2015-06-17,11.301904678344727,11.350358671881391,11.204996691271395,11.295847784748352,9599400,-0.0037375061631147455,ABEV3.SA,1.0
2015-06-18,11.307962417602539,11.465438197182046,11.180769953035298,11.350359520713479,11190200,0.0005359927755734795,ABEV3.SA,1.0
2015-06-19,11.429098129272461,11.453324550534594,11.259508559499809,11.259508559499809,13488500,0.010712426093790084,ABEV3.SA,1.0
2015-06-22,11.477551460266113,11.604742763780857,11.435153203860166,11.495720986348582,10484300,0.00423947108036038,ABEV3.SA,1.0
2015-06-23,11.453324317932129,11.628970778261765,11.453324317932129,11.568402993484842,7479100,-0.002110828465274661,ABEV3.SA,1.0
2015-06-24,11.447267532348633,11.586572629990837,11.441210638290135,11.519949105816194,6618200,-0.0005288233717448687,ABEV3.SA,1.0
2015-06-25,11.459381103515625,11.495721311944198,11.356416216939332,11.465437997459453,8910400,0.0010582063477384551,ABEV3.SA,1.0
2015-06-26,11.592630386352539,11.653198176208361,11.423041961037642,11.441211489330236,10507500,0.011627965038708332,ABEV3.SA,1.0
2015-06-29,11.48360538482666,11.568400729009715,11.453322075983257,11.568400729009715,6181200,-0.009404681930878178,ABEV3.SA,1.0
2015-06-30,11.501777648925781,11.610799424166629,11.471494335907474,11.50783454257631,19852600,0.001582452852579852,ABEV3.SA,1.0
2015-07-01,11.586573600769043,11.67136896945816,11.538119599475769,11.538119599475769,11488900,0.00737242141445682,ABEV3.SA,1.0
2015-07-02,11.532062530517578,11.71376472560878,11.51994874278233,11.647140048299294,9698500,-0.004704675612456022,ABEV3.SA,1.0
2015-07-03,11.598685264587402,11.628969731868022,11.459380180799464,11.513891066670276,3145100,0.00577717419529411,ABEV3.SA,1.0
2015-07-06,11.641085624694824,11.677426995612286,11.477554076504754,11.489666711575946,7129500,0.003655617782549525,ABEV3.SA,-1.0
2015-07-07,11.69559383392334,11.719821408958648,11.526005429613626,11.550231849414573,9841600,0.004682399132335702,ABEV3.SA,-1.0
2015-07-08,11.568406105041504,11.713768134463532,11.562349209411247,11.653200333395674,8821900,-0.010874841473455188,ABEV3.SA,1.0
2015-07-10,11.76827621459961,11.877297999301101,11.628971114251897,11.689537745544333,16642900,0.017277238345825507,ABEV3.SA,-1.0
2015-07-13,11.834903717041016,11.962095059362074,11.828846821420766,11.853073248667043,10619500,0.00566161952918387,ABEV3.SA,-1.0
2015-07-14,11.901524543762207,11.931809014955828,11.774333230452356,11.816730334888973,9391200,0.005629181978495046,ABEV3.SA,-1.0
2015-07-15,11.962095260620117,11.962095260620117,11.828847020436955,11.828847020436955,9788200,0.00508932419835717,ABEV3.SA,-1.0
2015-07-16,11.949976921081543,12.046884905283887,11.847012043462268,11.992374019765782,10172500,-0.0010130616145875848,ABEV3.SA,-1.0
2015-07-17,11.93181037902832,12.046887917016655,11.883356374813603,11.925753484097157,11119200,-0.0015202156600967465,ABEV3.SA,-1.0
2015-07-20,11.956032752990723,12.004486740789941,11.871238563150637,11.937862074353191,9206000,0.0020300669548836137,ABEV3.SA,-1.0
2015-07-21,11.883353233337402,12.022658314223778,11.792500988622193,11.980261216148296,7856200,-0.006078899343525124,ABEV3.SA,-1.0
2015-07-22,11.828843116760254,11.98026199413962,11.71376444648632,11.79855864814377,7946000,-0.004587098902709252,ABEV3.SA,-1.0
2015-07-23,11.622915267944336,11.798560593949771,11.59868768905556,11.707709483585957,13250100,-0.01740895933636477,ABEV3.SA,-1.0
2015-07-24,11.48360538482666,11.677422489220657,11.453322075983257,11.647138025143072,12659100,-0.01198579529370647,ABEV3.SA,1.0
2015-07-27,11.314021110534668,11.532064710041162,11.289793530485236,11.465440020139821,11884500,-0.014767511474755524,ABEV3.SA,1.0
2015-07-28,11.380642890930176,11.447266408564353,11.138371773311807,11.386698629159762,13952400,0.005888426382153034,ABEV3.SA,1.0
2015-07-29,11.271624565124512,11.477554384918504,11.24739698386185,11.295850991152516,13833800,-0.00957927657079427,ABEV3.SA,1.0
2015-07-30,11.441210746765137,11.495721638574024,11.320076330149943,11.368530327842906,10116700,0.01504540722242842,ABEV3.SA,1.0
2015-07-31,11.792503356933594,11.798560251479978,11.483608666475089,11.51995003375339,13350700,0.030704146435531765,ABEV3.SA,-1.0
2015-08-03,11.871241569519043,11.89546799193685,11.701651991656455,11.719822674895674,8680800,0.006676971818638799,ABEV3.SA,-1.0
2015-08-04,11.949976921081543,11.956033814498477,11.786444264527228,11.786444264527228,9232200,0.006632444559519612,ABEV3.SA,-1.0
2015-08-05,12.08322811126709,12.089283850374626,11.853070747208676,11.992375851371442,8460200,0.011150748747511985,ABEV3.SA,-1.0
2015-08-06,12.040830612182617,12.149852406762975,11.93786571232723,12.004490399067347,13756600,-0.0035087890995734172,ABEV3.SA,-1.0
2015-08-07,11.737990379333496,12.022658596350594,11.731934641095703,11.968147710336012,10133400,-0.025151108142216883,ABEV3.SA,-1.0
2015-08-10,11.834903717041016,11.93181173649555,11.774335916073252,11.82278992580052,8460300,0.008256382445001043,ABEV3.SA,-1.0
2015-08-11,11.949976921081543,11.962090707915412,11.719820747409553,11.8530689368792,11079800,0.009723205764220477,ABEV3.SA,-1.0
2015-08-12,11.447267532348633,11.901524189626233,11.374587114115492,11.810673089217596,26481200,-0.04206781251987657,ABEV3.SA,1.0
2015-08-13,11.301904678344727,11.592628639564717,11.271621365597184,11.489663758895013,11600900,-0.012698476172862017,ABEV3.SA,1.0
2015-08-14,11.241338729858398,11.38670073416117,11.241338729858398,11.314020309627043,8693600,-0.00535891517492415,ABEV3.SA,1.0
2015-08-17,11.259506225585938,11.35641420101587,11.204995345002326,11.265563118454581,10787900,0.0016161327546588833,ABEV3.SA,1.0
2015-08-18,11.314021110534668,11.647142249572168,11.180771730731987,11.229226890830853,18604700,0.004841676344993884,ABEV3.SA,1.0
2015-08-19,10.974837303161621,11.386695550232169,10.968780411335496,11.241333612107153,16872800,-0.02997906792459737,ABEV3.SA,1.0
2015-08-20,11.192882537841797,11.217110111434557,10.859761487581407,10.932441897891099,13520800,0.01986774187689888,ABEV3.SA,1.0
2015-08-21,10.938498497009277,11.162598925776123,10.902158292832096,11.09597425542274,12298100,-0.022727303710413982,ABEV3.SA,1.0
2015-08-24,10.950613021850586,10.956669915494226,10.27225595180925,10.508470182973875,26010200,0.0011075125936728103,ABEV3.SA,1.0
2015-08-25,11.089919090270996,11.265565555760242,10.962727778214184,11.132316194289935,23538400,0.012721303194847877,ABEV3.SA,1.0
2015-08-26,11.423042297363281,11.4472687208782,11.162601601979311,11.217112498931051,14208800,0.030038380296618206,ABEV3.SA,1.0
2015-08-27,11.544175148010254,11.71982160423986,11.356416059295528,11.507834940086134,16167900,0.01060425475925375,ABEV3.SA,1.0
2015-08-28,11.653196334838867,11.659253228390826,11.39881258182824,11.519948142398757,11792500,0.009443826469265337,ABEV3.SA,-1.0
2015-08-31,11.56234359741211,11.598683798320542,11.23527832353374,11.50783271843238,22414200,-0.007796379192131275,ABEV3.SA,1.0
2015-09-01,11.33218765258789,11.507834095933013,11.277677922317444,11.295847447329493,14942800,-0.019905648269761933,ABEV3.SA,1.0
2015-09-02,11.592630386352539,11.610801069879637,11.295849486816964,11.429098855546675,16775500,0.022982564509966608,ABEV3.SA,1.0
2015-09-03,11.889409065246582,11.919693532135371,11.483606450811113,11.6774235731965,19103600,0.02560063324743167,ABEV3.SA,-1.0
2015-09-04,12.022659301757812,12.034773089412765,11.737991068038335,11.780389324830665,29001000,0.011207473456416706,ABEV3.SA,-1.0
2015-09-08,11.877296447753906,12.222531284053849,11.780388464063897,12.155906612054109,12962200,-0.012090740522161636,ABEV3.SA,-1.0
2015-09-09,11.724709510803223,12.097019781425034,11.681985610398552,11.993261238668413,12570100,-0.012846941862728278,ABEV3.SA,-1.0
2015-09-10,11.700297355651855,11.86509055489152,11.321883471931784,11.364608540139127,15656500,-0.0020821117255718224,ABEV3.SA,-1.0
2015-09-11,11.511092185974121,11.675884238112287,11.443953950274635,11.6453674932339,12074800,-0.01617097103829912,ABEV3.SA,1.0
2015-09-14,11.511092185974121,11.614850748355513,11.401230041789214,11.535505349048993,16419800,0.0,ABEV3.SA,1.0
2015-09-15,11.633158683776855,11.71860765279764,11.480572652694276,11.559918040775074,12608700,0.01060424986878905,ABEV3.SA,-1.0
2015-09-16,11.871192932128906,11.981053889674557,11.730812907676931,11.901709670757317,33098100,0.020461703895091166,ABEV3.SA,-1.0
2015-09-17,11.895606994628906,12.066503770702603,11.755228123642858,11.761331704660387,15112200,0.0020565803824081907,ABEV3.SA,-1.0
2015-09-18,11.883401870727539,12.066505840240636,11.73081581153625,11.779643303911893,17755500,-0.0010260194294312575,ABEV3.SA,-1.0
2015-09-21,11.797950744628906,11.962743921778195,11.724708944516248,11.755226846287739,8304700,-0.007190796627784213,ABEV3.SA,-1.0
2015-09-22,11.840676307678223,11.865090632527881,11.645366365437283,11.724710592920509,12341600,0.0036214393477416174,ABEV3.SA,-1.0
2015-09-23,11.700297355651855,11.86509055489152,11.65757345158359,11.852883392546566,14577900,-0.011855653205833927,ABEV3.SA,-1.0
2015-09-24,11.669778823852539,11.797950516396549,11.41953669072295,11.504985649891186,12388600,-0.002608355229927084,ABEV3.SA,-1.0
2015-09-25,11.779642105102539,12.035986705021392,11.620953644135794,11.77964210510254,8973300,0.009414341343423338,ABEV3.SA,-1.0
2015-09-28,11.767436981201172,11.846781217583365,11.627056925849272,11.79185014464984,8048100,-0.001036120095370352,ABEV3.SA,-1.0
2015-09-29,11.816262245178223,11.920020789592499,11.718607281510552,11.767434763344387,9049600,0.004149184232305592,ABEV3.SA,-1.0
2015-09-30,11.852885246276855,12.054298799912353,11.81016133552679,11.962747396285174,12317500,0.0030993727406123384,ABEV3.SA,-1.0
2015-10-01,12.023781776428223,12.090918850000602,11.810161063459748,11.846781391239157,11101400,0.01441813757583188,ABEV3.SA,-1.0
2015-10-02,12.243500709533691,12.28012218889658,11.938328699675951,11.956639439357396,10206500,0.018273696012698126,ABEV3.SA,-1.0
2015-10-05,12.420501708984375,12.48763876318699,12.322846753654305,12.408294548533393,7815300,0.014456731260925837,ABEV3.SA,-1.0
2015-10-06,12.139744758605957,12.47543473924736,12.035986206646117,12.451020414485479,11701900,-0.02260431639209326,ABEV3.SA,-1.0
2015-10-07,12.206884384155273,12.298435784208596,12.109229402213169,12.274022620792676,14611300,0.005530563194231952,ABEV3.SA,-1.0
2015-10-08,12.01157283782959,12.292330582890452,11.92002144983753,12.20688277598307,16584900,-0.01600011437637605,ABEV3.SA,-1.0
2015-10-09,12.078710556030273,12.176365520987025,11.828468398672216,12.176365520987025,10745500,0.005589419396370587,ABEV3.SA,-1.0
2015-10-13,11.41343879699707,12.054299841924665,11.303576637491917,12.054299841924665,26310900,-0.055078044626300615,ABEV3.SA,-1.0
2015-10-14,11.230330467224121,11.633157453551393,11.169295828417797,11.413434383643095,33641900,-0.016043221769509675,ABEV3.SA,1.0
2015-10-15,11.663678169250488,11.72471165864414,11.14488536043013,11.315782157494246,22550400,0.038587261816657836,ABEV3.SA,-1.0
2015-10-16,11.773540496826172,11.877297896072994,11.504988715567176,11.688091514888779,12205300,0.009419183724163283,ABEV3.SA,-1.0
2015-10-19,11.883401870727539,11.883401870727539,11.66367873710677,11.779643303911893,7638800,0.00933120958228173,ABEV3.SA,-1.0
2015-10-20,11.950538635253906,11.950538635253906,11.730814364595838,11.858987243859412,8221200,0.005649625019561677,ABEV3.SA,-1.0
2015-10-21,12.023781776428223,12.13974634175289,11.926126792923647,11.993263866496024,12448700,0.006128856900077251,ABEV3.SA,-1.0
2015-10-22,11.99936580657959,12.170262586397987,11.901710836437385,12.029882548196879,15198200,-0.0020306398022374994,ABEV3.SA,-1.0
2015-10-23,12.066506385803223,12.231299616574026,12.011575308879621,12.231299616574026,8648600,0.005595343979497569,ABEV3.SA,-1.0
2015-10-26,12.01157283782959,12.127538550160367,11.944434610037185,12.084813482567617,7122600,-0.004552564447176222,ABEV3.SA,-1.0
2015-10-27,12.090917587280273,12.121435494025322,11.88340047797038,11.962745871368398,13534100,0.006605691904127076,ABEV3.SA,-1.0
2015-10-28,11.987161636352539,11.999368801702072,11.871197057950056,11.981058053677772,1124700,-0.008581313219510056,ABEV3.SA,-1.0
2015-10-29,11.596541404724121,11.828471720597294,11.596541404724121,11.669783231080528,9370500,-0.03258654913301695,ABEV3.SA,-1.0
2015-10-30,11.651467323303223,11.755225852274707,11.41343353030815,11.517192059279637,11964400,0.0047364051627261095,ABEV3.SA,-1.0
2015-11-03,11.962746620178223,11.962746620178223,11.559919539041436,11.6575745184601,13504000,0.026715888071233262,ABEV3.SA,-1.0
2015-11-04,11.962746620178223,12.07871234479008,11.749125916147701,12.01767769161862,10152800,0.0,ABEV3.SA,-1.0
2015-11-05,11.877296447753906,11.999365741842631,11.743021155567558,11.895607191108933,9123700,-0.007143022847293512,ABEV3.SA,-1.0
2015-11-06,11.578227996826172,11.865090489660133,11.511090932576174,11.822366585826751,8831000,-0.025179842251414897,ABEV3.SA,-1.0
2015-11-09,11.41343879699707,11.65757628248666,11.309680220146575,11.578230872115446,7940700,-0.014232678772112095,ABEV3.SA,-1.0
2015-11-10,11.382917404174805,11.407331727330432,11.10826325350801,11.334089922002553,10882400,-0.0026741627449122785,ABEV3.SA,-1.0
2015-11-11,11.633158683776855,11.645365845656828,11.413435590632483,11.419538007433438,10527800,0.021983931773964294,ABEV3.SA,-1.0
2015-11-12,11.529401779174805,11.77964281268193,11.474470707025516,11.627056759853723,9205400,-0.008919065528328662,ABEV3.SA,-1.0
2015-11-13,11.657577514648438,11.712508600207023,11.456163922313452,11.529404593631911,9777100,0.011117292807433676,ABEV3.SA,-1.0
2015-11-16,11.627053260803223,11.74301895201287,11.529398309512631,11.633156840776241,13456500,-0.0026184045361791197,ABEV3.SA,-1.0
2015-11-17,11.669778823852539,11.779639775687876,11.645364502907643,11.779639775687876,6661900,0.003674668214804777,ABEV3.SA,-1.0
2015-11-18,11.700297355651855,11.852883392546566,11.639262708066157,11.669780613928545,8395900,0.0026151765393305215,ABEV3.SA,-1.0
2015-11-19,11.810160636901855,11.871195290422582,11.700298493392385,11.846780963358617,11994500,0.009389785396943795,ABEV3.SA,-1.0
2015-11-23,11.633158683776855,11.901710424441122,11.614849105095926,11.816262619559367,13950500,-0.014987260424887183,ABEV3.SA,-1.0
2015-11-24,11.559921264648438,11.63926551071802,11.450059105367973,11.627058345433667,6897800,-0.0062955746688603265,ABEV3.SA,-1.0
2015-11-25,11.352401733398438,11.52940093638833,11.254746759857992,11.425642381484217,18395700,-0.017951638813027082,ABEV3.SA,-1.0
2015-11-26,11.480574607849121,11.523298517565928,11.340195714739833,11.352402878698701,7722000,0.011290375152387622,ABEV3.SA,-1.0
2015-11-27,11.33409309387207,11.480575581382258,11.321885928878057,11.456162415533557,9169000,-0.012759075131736242,ABEV3.SA,-1.0
2015-11-30,11.376813888549805,11.584330980005243,11.230331441194028,11.260849345313362,39865300,0.003769229202893243,ABEV3.SA,-1.0
2015-12-01,11.431747436523438,11.46226534727586,11.291368539480082,11.401230689910278,21176800,0.00482855292455131,ABEV3.SA,-1.0
2015-12-02,11.25474739074707,11.443953767070331,11.24254022733546,11.395126277563064,14178100,-0.015483201213041808,ABEV3.SA,-1.0
2015-12-03,11.443954467773438,11.64536801984068,11.327988736541009,11.627057273602112,12319500,0.016811312636116682,ABEV3.SA,-1.0
2015-12-04,11.315779685974121,11.523295600038777,11.279158203369533,11.407331064207721,10060000,-0.01120021773594615,ABEV3.SA,-1.0
2015-12-07,11.352401733398438,11.462263869666218,11.291367083900882,11.376814894713993,8980300,0.0032363697810156022,ABEV3.SA,-1.0
2015-12-08,11.07164478302002,11.425644416179686,11.04723161735693,11.352403755051103,11347300,-0.024731061934888943,ABEV3.SA,-1.0
2015-12-09,11.279159545898438,11.419538420174817,11.138780671622056,11.224228479592188,16476700,0.018742902878953638,ABEV3.SA,-1.0
2015-12-10,11.169299125671387,11.327988767758537,11.059438140354978,11.327988767758537,7703100,-0.00974012467684271,ABEV3.SA,-1.0
2015-12-11,11.157092094421387,11.340194883831341,11.089953861706137,11.114367023695863,12966500,-0.0010929093323271966,ABEV3.SA,-1.0
2015-12-14,11.01671314239502,11.199817114142576,10.986196395840055,11.13878245689339,5611300,-0.012582037580971206,ABEV3.SA,-1.0
2015-12-15,10.894643783569336,11.157091965731812,10.894643783569336,11.07774657086732,7791500,-0.011080379170074872,ABEV3.SA,-1.0
2015-12-16,11.07164478302002,11.138783025837318,10.809196558340739,10.845818053044349,7726900,0.016246607320711703,ABEV3.SA,-1.0
2015-12-17,11.077746391296387,11.498884192222043,10.98009141776857,11.260850339765378,12367200,0.0005511022432480583,ABEV3.SA,-1.0
2015-12-18,10.864126205444336,11.053333744076276,10.772574809021327,10.894644113678115,17657600,-0.019283722366120304,ABEV3.SA,-1.0
2015-12-21,10.986193656921387,11.169296418881155,10.86412437285556,10.86412437285556,10020100,0.011235827821650224,ABEV3.SA,-1.0
2015-12-22,11.047741889953613,11.096979687767263,10.850789524777314,11.078515073366507,8177900,0.005602325514574513,ABEV3.SA,-1.0
2015-12-23,11.20161247253418,11.23238566231421,11.01696981208818,11.109290555350208,17338900,0.013927785796705727,ABEV3.SA,-1.0
2015-12-28,11.164680480957031,11.213918276807716,11.078514631698749,11.1523719124356,6944200,-0.0032970245728196623,ABEV3.SA,-1.0
2015-12-29,11.20161247253418,11.257005153275786,11.109290555350208,11.133910046311785,5349200,0.0033079309022896464,ABEV3.SA,-1.0
2015-12-30,10.986193656921387,11.257002114792568,10.986193656921387,11.146216783212466,12124900,-0.01923105411305648,ABEV3.SA,-1.0
2016-01-04,10.592291831970215,10.912338136119084,10.592291831970215,10.912338136119084,13206900,-0.035854258285626606,ABEV3.SA,1.0
2016-01-05,10.75847053527832,10.78309002511556,10.53074612389327,10.616911990479842,10774200,0.015688644718656164,ABEV3.SA,-1.0
2016-01-06,10.653839111328125,10.758469586061107,10.58613786809275,10.684613470909465,7739100,-0.009725492448679929,ABEV3.SA,1.0
2016-01-07,10.370722770690918,10.659994727418873,10.370722770690918,10.567673990073514,15316400,-0.026574114521419112,ABEV3.SA,1.0
2016-01-08,10.506126403808594,10.586138570104232,10.419960539110393,10.419960539110393,10684000,0.013056335234449046,ABEV3.SA,1.0
2016-01-11,10.339947700500488,10.64153055517868,10.30917451480114,10.579983009858196,12772700,-0.01581731429081834,ABEV3.SA,1.0
2016-01-12,10.450733184814453,10.487662416845769,10.327639266475478,10.426114870715379,9573800,0.01071431766609443,ABEV3.SA,1.0
2016-01-13,10.35841178894043,10.61691052698921,10.290709375142358,10.536899543891083,10709300,-0.00883396353551269,ABEV3.SA,1.0
2016-01-14,10.370722770690918,10.426115447882507,10.167616678962382,10.426115447882507,12325600,0.0011885009016181503,ABEV3.SA,1.0
2016-01-15,10.210700035095215,10.278402459787598,9.841415896470634,10.2476280967811,19870300,-0.015430239447529082,ABEV3.SA,1.0
2016-01-18,9.995283126831055,10.19223433344104,9.995283126831055,10.173770891522471,9267800,-0.021097173310718254,ABEV3.SA,1.0
2016-01-19,10.309173583984375,10.370721123747723,10.099912653142002,10.16146019290535,9628400,0.03140385851709615,ABEV3.SA,1.0
2016-01-20,10.179924964904785,10.303018872419026,10.038365269076946,10.173770093440817,12363400,-0.012537243458620395,ABEV3.SA,1.0
2016-01-21,10.044523239135742,10.24762936441525,9.970667106627953,10.173773231907461,11049800,-0.013300856954824303,ABEV3.SA,1.0
2016-01-22,10.370722770690918,10.370722770690918,10.106069129424855,10.106069129424855,15564500,0.032475362323243884,ABEV3.SA,1.0
2016-01-26,10.364568710327148,10.395341900545814,10.186080920077394,10.278402838577312,13892700,-0.0005934070845247108,ABEV3.SA,1.0
2016-01-27,10.967730522155762,11.05389638103489,10.339947674523236,10.346102546432,28371900,0.05819458857247284,ABEV3.SA,1.0
2016-01-28,11.010812759399414,11.269311493708035,10.783088382699981,10.980039575711938,17343800,0.003928090424598185,ABEV3.SA,1.0
2016-01-29,11.48472785949707,11.48472785949707,11.053896223401699,11.140063254973832,20667000,0.04304088267172612,ABEV3.SA,1.0
2016-02-01,11.404156684875488,11.497125118998067,11.100459169590918,11.348375387970385,12665300,-0.007015505774910946,ABEV3.SA,1.0
2016-02-02,11.143842697143555,11.40415498313741,11.106655565475176,11.224416194942243,16351800,-0.022826237390895288,ABEV3.SA,1.0
2016-02-03,11.218217849731445,11.249206928286373,10.90832233555189,11.230613954016444,11406600,0.006674102875389165,ABEV3.SA,1.0
2016-02-04,11.379364013671875,11.577696959783852,11.31118662013678,11.366967909000476,18556300,0.014364684845578068,ABEV3.SA,1.0
2016-02-05,11.243008613586426,11.559102172526762,11.205821483757427,11.404154419055473,10973700,-0.011982690765637072,ABEV3.SA,1.0
2016-02-10,11.11905288696289,11.156240022701063,10.889729655235744,11.13144781077046,11694700,-0.011025138455710404,ABEV3.SA,1.0
2016-02-11,11.063270568847656,11.069468621256945,10.864937620380934,10.945509937386433,11956300,-0.005016822806971244,ABEV3.SA,1.0
2016-02-12,11.106656074523926,11.199624499034673,11.013687650013178,11.143843207896694,9627500,0.003921580459076646,ABEV3.SA,1.0
2016-02-15,11.106656074523926,11.26780189534946,11.063270888562753,11.205822551623077,6378400,0.0,ABEV3.SA,1.0
2016-02-16,11.137642860412598,11.29878864803427,11.081861580768273,11.143840911723903,10301800,0.0027899293613447007,ABEV3.SA,1.0
2016-02-17,11.317384719848633,11.552904798803121,11.168635009641964,11.249207326028138,18798000,0.0161382315530072,ABEV3.SA,1.0
2016-02-18,11.404156684875488,11.404156684875488,11.212021763401124,11.23061592308875,9991500,0.00766713928834406,ABEV3.SA,1.0
2016-02-19,11.354574203491211,11.397959396850569,11.224418623413136,11.311189010131852,6644100,-0.004347755187372626,ABEV3.SA,1.0
2016-02-22,11.521913528442383,11.664465159183461,11.428945125009392,11.565298704567287,14696300,0.014737613401629712,ABEV3.SA,1.0
2016-02-23,11.317384719848633,11.559102851164768,11.21821824637752,11.559102851164768,11394800,-0.017751288281140254,ABEV3.SA,1.0
2016-02-24,11.267802238464355,11.267802238464355,11.063271225449492,11.193426787296364,10037500,-0.004381090031985835,ABEV3.SA,1.0
2016-02-25,10.976497650146484,11.063269190911448,10.827747957323297,10.957904677392007,15404600,-0.025852831115854902,ABEV3.SA,1.0
2016-02-26,10.926916122436523,11.11285415406667,10.85254185551059,11.088061943652919,9258400,-0.00451706266336227,ABEV3.SA,1.0
2016-02-29,10.933113098144531,11.150040189267209,10.852540786551415,11.094258903488305,15340300,0.0005671294296185625,ABEV3.SA,1.0
2016-03-01,11.311186790466309,11.397957160157528,10.95170802468574,11.019885419247483,17549200,0.03458060745625513,ABEV3.SA,1.0
2016-03-02,11.243008613586426,11.391758315059958,11.125249172101675,11.342175081235448,16032100,-0.006027499867418573,ABEV3.SA,1.0
2016-03-03,11.428947448730469,11.521915871065698,11.249207474345749,11.323582921508509,21509400,0.016538174214271173,ABEV3.SA,1.0
2016-03-04,11.844210624694824,11.899991929219128,11.534315013852222,11.645877622900828,37209600,0.036334332433253236,ABEV3.SA,-1.0
2016-03-07,11.881393432617188,12.0177470260688,11.738841787350843,11.89998758806139,17079300,0.003139323429865337,ABEV3.SA,-1.0
2016-03-08,11.80701732635498,11.912381836941387,11.676861792066891,11.893788864704483,23245800,-0.006259880769374004,ABEV3.SA,-1.0
2016-03-09,11.559103012084961,11.9309778838575,11.515717827107062,11.924779831409568,21459800,-0.020997200852465814,ABEV3.SA,1.0
2016-03-10,11.546706199645996,11.757435241332416,11.304988079776447,11.633477746442352,28065400,-0.0010724718367856045,ABEV3.SA,1.0
2016-03-11,11.292593955993652,11.639677839731185,11.18103254567562,11.478532004172566,22639400,-0.022007336053993853,ABEV3.SA,1.0
2016-03-14,11.1810302734375,11.366967101672083,11.106654832849152,11.311185816770204,11003000,-0.009879367219870594,ABEV3.SA,1.0
2016-03-15,11.34217643737793,11.34217643737793,11.032280893382273,11.094260238612941,12363100,0.01441246110595551,ABEV3.SA,1.0
2016-03-16,11.335976600646973,11.342173469606664,11.075664364517113,11.267799220516633,12644400,-0.0005466179057597165,ABEV3.SA,1.0
2016-03-17,11.608686447143555,11.614884499697006,11.35457220324029,11.590093471640849,26830900,0.0240570227077761,ABEV3.SA,1.0
2016-03-18,11.416549682617188,11.707851012122235,11.38556060706722,11.6458728610223,27248900,-0.016551120180668177,ABEV3.SA,1.0
2016-03-21,11.608686447143555,11.63967670991081,11.35457220324029,11.35457220324029,14963100,0.016829670072641578,ABEV3.SA,1.0
2016-03-22,11.614887237548828,11.614887237548828,11.459939433661317,11.59009620364895,10495100,0.0005341509079004325,ABEV3.SA,1.0
2016-03-23,11.776030540466309,11.831811832335868,11.528114344466974,11.552905372988072,19093200,0.013873858576649134,ABEV3.SA,-1.0
2016-03-24,11.776030540466309,11.899989229544813,11.676864062066576,11.707853143257365,21128700,0.0,ABEV3.SA,-1.0
2016-03-28,11.961969375610352,12.00535575149307,11.819417687040731,11.869000934463115,12398500,0.015789601980488843,ABEV3.SA,-1.0
2016-03-29,11.986760139465332,12.12931181077981,11.937176898044742,11.974364033570753,20856500,0.0020724650830095115,ABEV3.SA,-1.0
2016-03-30,11.868997573852539,12.08592466321352,11.850404600182262,12.08592466321352,11047600,-0.009824386593427437,ABEV3.SA,-1.0
2016-03-31,11.652073860168457,11.652073860168457,11.652073860168457,11.652073860168457,21000,-0.018276498274965247,ABEV3.SA,1.0
2016-04-01,11.670662879943848,11.670662879943848,11.670662879943848,11.670662879943848,8300,0.0015953400225976466,ABEV3.SA,1.0
2016-04-04,11.472332954406738,11.472332954406738,11.472332954406738,11.472332954406738,20700,-0.01699388694346926,ABEV3.SA,1.0
2016-04-05,11.596288681030273,11.596288681030273,11.596288681030273,11.596288681030273,19000,0.010804753236866471,ABEV3.SA,1.0
2016-04-06,11.546706199645996,11.546706199645996,11.546706199645996,11.546706199645996,29400,-0.0042757198227900695,ABEV3.SA,1.0
2016-04-07,11.497122764587402,11.4971227645874,11.4971227645874,11.4971227645874,30500,-0.00429416269897942,ABEV3.SA,1.0
2016-04-08,11.509520530700684,11.751238681259972,11.404155996479869,11.664468305604371,17390600,0.0010783364122601835,ABEV3.SA,1.0
2016-04-11,11.280200004577637,11.280200004577637,11.280200004577637,11.280200004577637,74200,-0.019924420440569524,ABEV3.SA,1.0
2016-04-12,11.404156684875488,11.404156684875488,11.404156684875488,11.404156684875488,30700,0.010988872559666296,ABEV3.SA,1.0
2016-04-13,11.34217643737793,11.34217643737793,11.34217643737793,11.34217643737793,149800,-0.005434882140803898,ABEV3.SA,1.0
2016-04-14,11.614887237548828,11.676866595535417,11.37316904177485,11.397960075674728,16442600,0.024043956790531507,ABEV3.SA,1.0
2016-04-15,11.769832611083984,11.807019745333998,11.583895757676238,11.639677050130098,14996000,0.01334023915740179,ABEV3.SA,-1.0
2016-04-18,11.751235961914062,11.850403602489193,11.652069503496364,11.769830116176417,13475900,-0.0015800266481622582,ABEV3.SA,-1.0
2016-04-19,11.8504056930542,11.850405693054197,11.850405693054197,11.850405693054197,1900,0.008439089425278157,ABEV3.SA,-1.0
2016-04-20,11.89999008178711,11.949573324537981,11.782229436944625,11.782229436944625,13665600,0.004184193353141685,ABEV3.SA,-1.0
2016-04-22,11.875195503234863,12.054935461242716,11.689258675505897,11.689258675505897,12394900,-0.002083579766187671,ABEV3.SA,-1.0
2016-04-25,11.856600761413574,11.91858009497817,11.807017530993388,11.899987122419015,5665400,-0.0015658472162604076,ABEV3.SA,-1.0
2016-04-26,11.92478084564209,11.930978898617184,11.813218256405888,11.906186686716813,13162400,0.005750390487162527,ABEV3.SA,-1.0
2016-04-27,11.999155044555664,12.042540228687232,11.881394414657402,11.980560887574589,17990800,0.00623694471842251,ABEV3.SA,-1.0
2016-04-28,12.061132431030273,12.104518794540677,11.937174938901709,11.980560120254584,12272300,0.005165145899396428,ABEV3.SA,-1.0
2016-04-29,12.017748832702637,12.104520388995807,11.8256139261922,11.980561698381386,23867000,-0.0035969755390481417,ABEV3.SA,-1.0
2016-05-02,12.092124938964844,12.141708181466768,11.992958453960993,11.992958453960993,10854600,0.006188855109021452,ABEV3.SA,-1.0
2016-05-03,12.141706466674805,12.216080728844826,11.906185211435377,12.005352864591377,14425300,0.004100315532648224,ABEV3.SA,-1.0
2016-05-04,12.147903442382812,12.160299545698518,11.831809900777223,11.949570517961458,19044400,0.0005103875410772396,ABEV3.SA,-1.0
2016-05-05,11.862799644470215,12.14170607398121,11.844206670607845,12.135508021974571,11528900,-0.023469382948657525,ABEV3.SA,-1.0
2016-05-06,11.676863670349121,11.930977910493516,11.664467565425582,11.831811435420466,11022900,-0.015673869549652775,ABEV3.SA,1.0
2016-05-09,11.707852363586426,11.813216887639223,11.528113576765532,11.63967615307527,18522300,0.0026538541608560617,ABEV3.SA,-1.0
2016-05-10,11.831809997558594,11.844206100975695,11.658268096191637,11.838008049267145,12276100,0.010587563809542067,ABEV3.SA,-1.0
2016-05-11,11.68925952911377,11.906185449919402,11.658269267457532,11.899988579745761,10657200,-0.012048069439438147,ABEV3.SA,1.0
2016-05-12,11.887593269348145,11.937176509153403,11.65827004640027,11.757436526010787,23591900,0.01696717741105802,ABEV3.SA,-1.0
2016-05-13,11.627278327941895,11.930975750644874,11.59628807124317,11.930975750644874,10196700,-0.021898035666939042,ABEV3.SA,1.0
2016-05-16,11.633477210998535,11.689258494886813,11.528112695004845,11.528112695004845,7024100,0.000533132766052713,ABEV3.SA,1.0
2016-05-17,11.503321647644043,11.63347838389166,11.422749330658469,11.602488121852884,11191800,-0.011188018938262156,ABEV3.SA,1.0
2016-05-18,11.404156684875488,11.571500575590795,11.38556370734564,11.459937981780591,12833200,-0.00862055029026021,ABEV3.SA,1.0
2016-05-19,11.52811336517334,11.577696600161195,11.342175347350704,11.35457145163706,12403900,0.010869429781006579,ABEV3.SA,1.0
2016-05-20,11.490926742553711,11.596290087173767,11.472332585302018,11.528113874899473,7364900,-0.003225733599391045,ABEV3.SA,1.0
2016-05-23,11.428947448730469,11.4723326336764,11.348373949124344,11.354572001567709,8850200,-0.005393759373098939,ABEV3.SA,1.0
2016-05-24,11.583893775939941,11.614882852153823,11.422747978881294,11.497122234657605,7050400,0.013557357569850659,ABEV3.SA,1.0
2016-05-25,11.763632774353027,11.881393394136552,11.577695949143255,11.621081129548367,21104900,0.015516285101509597,ABEV3.SA,-1.0
2016-05-27,11.961969375610352,12.011552623032735,11.732647299591026,11.745043406986088,15279900,0.016860148991537427,ABEV3.SA,-1.0
2016-05-30,11.868997573852539,11.937174963063642,11.819414340469248,11.893789781622951,3844200,-0.007772282208594827,ABEV3.SA,-1.0
2016-05-31,11.844210624694824,11.918584909288603,11.745044123797827,11.83801257061902,21746000,-0.002088377641286332,ABEV3.SA,-1.0
2016-06-01,11.986760139465332,12.0053542983072,11.714051720573227,11.769833014941106,12661800,0.012035374858438974,ABEV3.SA,-1.0
2016-06-02,11.949572563171387,11.968165539169716,11.81941582039468,11.961967486451046,12179300,-0.0031023876227829206,ABEV3.SA,-1.0
2016-06-03,12.085926055908203,12.135509295005109,11.943374391274306,11.98675957771439,15233800,0.01141074226847727,ABEV3.SA,-1.0
2016-06-06,12.036341667175293,12.14790424002699,11.97436232868462,12.073528797406674,8504300,-0.004102655311933767,ABEV3.SA,-1.0
2016-06-07,11.831809997558594,12.030142923602265,11.757434559213474,12.00535189892555,12665600,-0.016992843446317574,ABEV3.SA,-1.0
2016-06-08,11.943373680114746,11.986758863971492,11.763633710242406,11.80701889409915,16188400,0.009429130672244712,ABEV3.SA,-1.0
2016-06-09,11.875195503234863,11.955768995499598,11.800821245006285,11.899987710749404,8340900,-0.005708452126336527,ABEV3.SA,-1.0
2016-06-10,11.602486610412598,11.868996918440025,11.602486610412598,11.868996918440025,12874500,-0.02296458131977519,ABEV3.SA,1.0
2016-06-13,11.720248222351074,11.745040430858994,11.509519178664029,11.509519178664029,8294300,0.010149687381047379,ABEV3.SA,-1.0
2016-06-14,11.509520530700684,11.707853493432172,11.416552102190014,11.68306246416959,16105600,-0.017979797667469488,ABEV3.SA,1.0
2016-06-15,11.453739166259766,11.62728109865438,11.342176579874492,11.528114617902515,18867800,-0.004846541112822678,ABEV3.SA,1.0
2016-06-16,11.571499824523926,11.639677223462282,11.35457270421273,11.35457270421273,10088500,0.010281416099561458,ABEV3.SA,1.0
2016-06-17,11.53431224822998,11.645874830528838,11.391759402982741,11.633478725349486,15921800,-0.0032137213721536995,ABEV3.SA,1.0
2016-06-20,11.521913528442383,11.67686126154983,11.46613224995111,11.608683880692189,12846800,-0.0010749422697049482,ABEV3.SA,1.0
2016-06-21,11.515718460083008,11.58389585860009,11.459937167143156,11.565301700234244,13354000,-0.0005376770398495268,ABEV3.SA,1.0
2016-06-22,11.354574203491211,11.540512266377133,11.304990956486536,11.521918105441184,15328400,-0.013993417531904084,ABEV3.SA,1.0
2016-06-23,11.472332954406738,11.559103326724427,11.391759452548031,11.40415555778132,7669300,0.010371040675335896,ABEV3.SA,1.0
2016-06-24,11.453739166259766,11.49092748315999,11.199624911563397,11.21821907001351,11737100,-0.0016207503932171852,ABEV3.SA,1.0
2016-06-27,11.596288681030273,11.695456325523468,11.292591242357462,11.329779552351466,10192500,0.012445674962673126,ABEV3.SA,1.0
2016-06-28,11.62108325958252,11.73884390095045,11.565301965363904,11.714051689227635,13551900,0.0021381477500475032,ABEV3.SA,1.0
2016-06-29,11.78842544555664,11.856601653666491,11.639675743102122,11.72644610732787,14591200,0.014399878413755784,ABEV3.SA,-1.0
2016-06-30,11.80701732635498,11.844205635143672,11.652069586207764,11.776028251188514,15328300,0.0015771301166729312,ABEV3.SA,-1.0
2016-07-01,11.912384033203125,11.912384033203125,11.769832369703513,11.825613661013389,22773000,0.008924074890019007,ABEV3.SA,-1.0
2016-07-04,11.813218116760254,11.95577096918678,11.763634875703374,11.912384598874011,6702100,-0.008324607078353807,ABEV3.SA,-1.0
2016-07-05,11.955771446228027,11.974364423517653,11.751239238780034,11.757437291929165,13405900,0.012067273122259747,ABEV3.SA,-1.0
2016-07-06,11.887593269348145,11.949572614644138,11.757436526010787,11.918582350917298,11263900,-0.005702532637606783,ABEV3.SA,-1.0
2016-07-07,11.838010787963867,11.961968304339704,11.782229491839523,11.887594030945754,8916400,-0.00417094362675785,ABEV3.SA,-1.0
2016-07-08,12.023945808410645,12.129310331347627,11.83800897130189,11.88759220667473,12468900,0.015706610154116785,ABEV3.SA,-1.0
2016-07-11,12.023945808410645,12.054936069367157,11.906185181091058,12.054936069367157,10316000,0.0,ABEV3.SA,-1.0
2016-07-12,12.042668342590332,12.098825960789469,11.986510724391195,12.080107548145126,7635600,0.0015571040054580543,ABEV3.SA,-1.0
2016-07-13,11.91787338256836,11.992749406007267,11.86795563689811,11.949071527312416,11305800,-0.010362733280681713,ABEV3.SA,-1.0
2016-07-14,11.91787338256836,11.980270862189405,11.86171576992271,11.980270862189405,16513300,0.0,ABEV3.SA,-1.0
2016-07-15,11.824274063110352,11.917869658226772,11.761876602988549,11.911629793201335,9036700,-0.007853693058604727,ABEV3.SA,-1.0
2016-07-18,11.892912864685059,11.917872330383071,11.79931724858317,11.824276714281183,11617600,0.005804906179301739,ABEV3.SA,-1.0
2016-07-19,11.961548805236816,11.97402853662519,11.836753871618468,11.886671607039268,8953000,0.005771163156804704,ABEV3.SA,-1.0
2016-07-20,11.930352210998535,12.017707961757887,11.861714869611705,11.930352210998535,9986500,-0.0026080731472352126,ABEV3.SA,-1.0
2016-07-21,11.980269432067871,12.011467573087709,11.824276346703096,11.930351692356455,7734400,0.004184052590108678,ABEV3.SA,-1.0
2016-07-22,12.098824501037598,12.142502378781966,11.92411299006013,12.005228878709254,8907900,0.00989585999229603,ABEV3.SA,-1.0
2016-07-25,12.098824501037598,12.117544101556431,11.974030734644108,12.055146623293231,9501100,0.0,ABEV3.SA,-1.0
2016-07-26,12.07386589050293,12.179941243582197,11.980270270758371,12.105064033706824,7397400,-0.002062895493072703,ABEV3.SA,-1.0
2016-07-27,12.05514144897461,12.13625849293951,12.017703454139022,12.13625849293951,6281700,-0.0015508240441074461,ABEV3.SA,-1.0
2016-07-28,12.130024909973145,12.142503454625075,11.992750207604791,12.042667956611552,7435300,0.0062117446995948455,ABEV3.SA,-1.0
2016-07-29,11.730681419372559,11.89291439691249,11.674523804449777,11.805558635980598,32575600,-0.03292190193873812,ABEV3.SA,-1.0
2016-08-01,11.855475425720215,11.89291343593265,11.624605117455616,11.78683808188668,10216200,0.010638257223622771,ABEV3.SA,-1.0
2016-08-02,11.75563907623291,11.836754957432913,11.680761871166693,11.811796682499374,7872000,-0.008421117323621718,ABEV3.SA,-1.0
2016-08-03,11.630842208862305,11.749397268067455,11.599644072818498,11.699479536317803,11627000,-0.010615915184306268,ABEV3.SA,1.0
2016-08-04,11.680760383605957,11.736917982720673,11.518527451733737,11.693240114549814,11247300,0.0042918796289417305,ABEV3.SA,1.0
2016-08-05,11.91787338256836,11.91787338256836,11.68076319803497,11.71196253291196,12098200,0.020299448937861397,ABEV3.SA,-1.0
2016-08-08,12.01146411895752,12.055141979877991,11.849231214015447,11.849231214015447,11238300,0.007852972874007103,ABEV3.SA,-1.0
2016-08-09,12.017705917358398,12.067623650748077,11.930350181459621,12.011466051918108,7200700,0.000519653419355226,ABEV3.SA,-1.0
2016-08-10,11.961548805236816,12.04266467899586,11.905391204121829,12.030186137740179,12055400,-0.004672864563982082,ABEV3.SA,-1.0
2016-08-11,12.167460441589355,12.167460441589355,11.861714142539709,12.017707225124187,18475900,0.017214462751043547,ABEV3.SA,-1.0
2016-08-12,12.310973167419434,12.3421724964333,12.130021819669848,12.148740226945456,15349800,0.01179479699309649,ABEV3.SA,-1.0
2016-08-15,12.442011833190918,12.504409320465045,12.248579503627816,12.2735389745907,8758700,0.010644054209968834,ABEV3.SA,-1.0
2016-08-16,12.479448318481445,12.535605931125247,12.298495746599656,12.298495746599656,11591800,0.0030088771649179336,ABEV3.SA,-1.0
2016-08-17,12.510644912719727,12.529364511325294,12.36089169427354,12.442008764764882,25444800,0.0024998376083724683,ABEV3.SA,-1.0
2016-08-18,12.42952823638916,12.523123843157677,12.35465103689472,12.510644111553152,9435800,-0.0064838125369615085,ABEV3.SA,-1.0
2016-08-19,12.385849952697754,12.454486093967429,12.3234524868895,12.367130355915476,6210900,-0.0035140741354552363,ABEV3.SA,-1.0
2016-08-22,12.223618507385254,12.410809737491004,12.186180499390666,12.38585146220555,10928000,-0.013098127777429136,ABEV3.SA,-1.0
2016-08-23,12.217378616333008,12.304734364854724,12.173700742072148,12.261056490593864,12252200,-0.0005104782228335658,ABEV3.SA,-1.0
2016-08-24,12.217378616333008,12.267296356935818,12.142501410362383,12.167460875730196,8370100,0.0,ABEV3.SA,-1.0
2016-08-25,12.048903465270996,12.31721171542077,12.017705329727685,12.223616118658253,14061800,-0.013789795368769453,ABEV3.SA,-1.0
2016-08-26,11.974030494689941,12.117543858726322,11.91163301767716,12.117543858726322,11069700,-0.006214090003863304,ABEV3.SA,-1.0
2016-08-29,12.005228042602539,12.086345115735154,11.880434284900337,11.955310301495093,13283200,0.0026054341457066865,ABEV3.SA,-1.0
2016-08-30,12.005228042602539,12.055145783709985,11.936590702279991,12.017707775412607,7788900,0.0,ABEV3.SA,-1.0
2016-08-31,11.974030494689941,12.011468504844457,11.880434874237212,11.992748904700758,17650700,-0.002598663499092879,ABEV3.SA,-1.0
2016-09-01,12.27353572845459,12.310973734864135,11.849234355370536,11.88667236178008,28002900,0.025012900534825633,ABEV3.SA,-1.0
2016-09-02,12.37961196899414,12.398331568622083,12.273536618034836,12.33593409332846,16656100,0.008642679899780292,ABEV3.SA,-1.0
2016-09-05,12.40456771850586,12.466965181090552,12.329691715510318,12.42952717959278,4211500,0.002015874938101625,ABEV3.SA,-1.0
2016-09-06,12.479448318481445,12.479448318481445,12.373372960169036,12.417050838862451,12495900,0.006036534418194517,ABEV3.SA,-1.0
2016-09-08,12.479448318481445,12.479448318481445,12.317215347525234,12.442010306763223,18376900,0.0,ABEV3.SA,-1.0
2016-09-09,12.323453903198242,12.40456978497858,12.267296296530006,12.35465204462157,17325700,-0.012500105076935442,ABEV3.SA,-1.0
2016-09-12,12.323453903198242,12.379611509866479,12.22985828879545,12.22985828879545,14239000,0.0,ABEV3.SA,-1.0
2016-09-13,12.11754322052002,12.310974317952425,12.055145746793585,12.229858435201036,15077600,-0.01670884512537385,ABEV3.SA,-1.0
2016-09-14,12.267295837402344,12.354651582224449,12.011467278880955,12.080104615602758,11980200,0.01235833156581867,ABEV3.SA,-1.0
2016-09-15,12.310973167419434,12.379610501117229,12.273535162735502,12.310973167419432,5414000,0.0035604692832074125,ABEV3.SA,-1.0
2016-09-16,12.123781204223633,12.279774269249398,12.0613837401868,12.273534403832452,12445900,-0.015205293736745173,ABEV3.SA,-1.0
2016-09-19,12.136261940002441,12.22361768280793,12.073864470798776,12.21737781687429,6147800,0.001029442512082035,ABEV3.SA,-1.0
2016-09-20,12.16122055053711,12.21113828925649,12.098823079604692,12.198658557043453,8266200,0.0020565319583620845,ABEV3.SA,-1.0
2016-09-21,12.142498970031738,12.236095756217669,12.036424833935154,12.136260295076411,9508100,-0.00153944913897186,ABEV3.SA,-1.0
2016-09-22,12.27353572845459,12.304733868773749,12.192419849545116,12.279775594544976,10250100,0.010791580773138687,ABEV3.SA,-1.0
2016-09-23,12.310973167419434,12.367130769511682,12.236097158051573,12.354651037906136,9332800,0.003050257056574912,ABEV3.SA,-1.0
2016-09-26,12.24233627319336,12.254814813901051,12.161219212863855,12.236096407773195,7883300,-0.005575261459241809,ABEV3.SA,-1.0
2016-09-27,12.292256355285645,12.32969436482783,12.14250193685117,12.273536755448118,7263100,0.004077659768388697,ABEV3.SA,-1.0
2016-09-28,12.385849952697754,12.423287956129638,12.286014483457617,12.34841194926587,8373900,0.007614029085218688,ABEV3.SA,-1.0
2016-09-29,12.304732322692871,12.423287383248297,12.23609618458825,12.39208924684916,9568300,-0.0065492178828805425,ABEV3.SA,-1.0
2016-09-30,12.367132186889648,12.460727804392677,12.304734711843347,12.304734711843347,8749600,0.0050712085854722755,ABEV3.SA,-1.0
2016-10-03,12.323453903198242,12.373371643555252,12.267296296530006,12.298494437953334,14082500,-0.0035318037384374223,ABEV3.SA,-1.0
2016-10-04,12.192419052124023,12.342172258100653,12.161219723712628,12.342172258100653,15795000,-0.010632964760002195,ABEV3.SA,-1.0
2016-10-05,12.223618507385254,12.317214122438127,12.198659041966984,12.242338106448955,8711300,0.002558922485181192,ABEV3.SA,-1.0
2016-10-06,12.261056900024414,12.304734775743798,12.154981548934689,12.22361889085535,13265700,0.0030627913180161226,ABEV3.SA,-1.0
2016-10-07,12.261056900024414,12.317214508844437,12.173701148585648,12.304734775743798,10876200,0.0,ABEV3.SA,-1.0
2016-10-10,12.27977466583252,12.342172131884519,12.248575337740183,12.31097280379218,6074500,0.001526602964224688,ABEV3.SA,-1.0
2016-10-11,12.136261940002441,12.279775286077955,12.0988227444006,12.248575956409754,14587500,-0.011686918509131172,ABEV3.SA,-1.0
2016-10-13,11.998988151550293,12.117543232736763,11.805557053922874,12.042666026162987,21987200,-0.011311043641838325,ABEV3.SA,-1.0
2016-10-14,12.186178207397461,12.217376343169692,11.967787686594065,12.017705417909191,20405600,0.01560048676462622,ABEV3.SA,-1.0
2016-10-17,12.204899787902832,12.31721501011373,12.073866155412054,12.154982043601645,9686900,0.001536296301165807,ABEV3.SA,-1.0
2016-10-18,12.261056900024414,12.329694241945075,12.136263139416585,12.204899291204393,12342400,0.004601194036615075,ABEV3.SA,-1.0
2016-10-19,12.27977466583252,12.31097280379218,12.223617065398988,12.25481520335865,5848100,0.001526602964224688,ABEV3.SA,-1.0
2016-10-20,12.261056900024414,12.317214508844437,12.192420748236607,12.286016366225693,4586500,-0.0015242759999648525,ABEV3.SA,-1.0
2016-10-21,12.323453903198242,12.392091242488933,12.167460815815986,12.273536162841232,21287800,0.005089039524292849,ABEV3.SA,-1.0
2016-10-24,12.292256355285645,12.360892507757509,12.254817155610594,12.304734898377797,10105400,-0.002531558778704146,ABEV3.SA,-1.0
2016-10-25,12.186178207397461,12.273533939665782,12.148739016311673,12.24233580389355,9277400,-0.008629672602180172,ABEV3.SA,-1.0
2016-10-26,12.192419052124023,12.242336787449567,12.086343715790658,12.161219723712628,9041700,0.0005121248532844458,ABEV3.SA,-1.0
2016-10-27,12.167460441589355,12.242337644888325,12.123782568886945,12.173700307708668,7798300,-0.002047059769514692,ABEV3.SA,-1.0
2016-10-28,11.91787338256836,12.036428474835054,11.68076319803497,11.73068094370522,35116800,-0.020512666568274773,ABEV3.SA,-1.0
2016-10-31,11.749396324157715,11.967786829317358,11.749396324157717,11.930348831045922,17591900,-0.014136503468569095,ABEV3.SA,-1.0
2016-11-01,11.535430908203125,11.856384123037875,11.535430908203125,11.824918615837907,19058400,-0.018210758242503067,ABEV3.SA,-1.0
2016-11-03,11.264822959899902,11.648708380429618,11.252236277183357,11.535430636644971,22712800,-0.023458850428447087,ABEV3.SA,-1.0
2016-11-04,11.151545524597168,11.396981043030687,11.126373358799876,11.32146214497449,20353300,-0.01005585580048396,ABEV3.SA,-1.0
2016-11-07,11.321462631225586,11.390688190722624,11.183012712563727,11.289997122544506,11219400,0.015237090343542814,ABEV3.SA,-1.0
2016-11-08,11.36551284790039,11.415858373238132,11.195597450093015,11.327754003980086,8057800,0.0038908591680821836,ABEV3.SA,-1.0
2016-11-09,11.283702850341797,11.384393910217414,11.019388518085275,11.18930513174992,14829200,-0.007198091159934528,ABEV3.SA,-1.0
2016-11-10,11.359220504760742,11.47249824680174,11.019388478969866,11.352928363831454,28019700,0.006692630550498624,ABEV3.SA,-1.0
2016-11-11,10.981629371643066,11.390686941289065,10.943869324968974,11.113785934006138,23948700,-0.03324093699558206,ABEV3.SA,-1.0
2016-11-14,10.887231826782227,11.069735141034496,10.818007466490188,10.943870703596225,20266800,-0.00859595071607444,ABEV3.SA,-1.0
2016-11-16,11.220768928527832,11.233355609177929,10.874643612973694,10.9186957949171,11543000,0.030635620426958887,ABEV3.SA,-1.0
2016-11-17,11.088614463806152,11.283703249169141,11.076027780793789,11.283703249169141,7932600,-0.011777665645149149,ABEV3.SA,-1.0
2016-11-18,10.89981746673584,11.107492928387703,10.729900852566466,11.08861410481252,14795900,-0.017026202659183087,ABEV3.SA,-1.0
2016-11-21,10.981629371643066,11.025681559097423,10.887230455289918,10.906110478626966,10984000,0.007505805042781866,ABEV3.SA,-1.0
2016-11-22,10.805419921875,11.15783863816188,10.773954415188223,11.101199765859972,12788200,-0.016045838354650455,ABEV3.SA,1.0
2016-11-23,11.101198196411133,11.101198196411133,10.717314027709683,10.799125053728428,11650500,0.02737314020877113,ABEV3.SA,-1.0
2016-11-24,10.918696403503418,11.107491822450221,10.906109722151765,11.094905141098568,5978100,-0.016439828357151187,ABEV3.SA,-1.0
2016-11-25,10.84317684173584,10.918695724819662,10.72989911727607,10.85576352230513,6446100,-0.006916536459732225,ABEV3.SA,1.0
2016-11-28,11.04455852508545,11.04455852508545,10.799124264631246,10.85576312478712,8694400,0.018572203173380153,ABEV3.SA,-1.0
2016-11-29,10.736193656921387,11.000507976743933,10.736193656921387,10.994214635756245,13470600,-0.02792007190361434,ABEV3.SA,1.0
2016-11-30,10.792831420898438,11.183010119878203,10.755072579168763,10.880936985376929,20399300,0.005275404467069977,ABEV3.SA,1.0
2016-12-01,10.465585708618164,10.736193361994717,10.383774678689731,10.698434517437905,28765600,-0.030320654471320596,ABEV3.SA,1.0
2016-12-02,10.51593017578125,10.51593017578125,10.232737069626518,10.446705834453777,22659500,0.004810477747234865,ABEV3.SA,1.0
2016-12-05,10.358600616455078,10.61662277112328,10.320841774446148,10.559983907943913,9090100,-0.0149610692250991,ABEV3.SA,1.0
2016-12-06,10.54110336303711,10.54110336303711,10.257909061210821,10.30825458149862,11012400,0.017618475056574434,ABEV3.SA,1.0
2016-12-07,10.471879959106445,10.629209892147502,10.45929447671558,10.591451044310645,10908100,-0.006566997926744533,ABEV3.SA,1.0
2016-12-08,10.358600616455078,10.604036090342989,10.33342845522644,10.547397227163621,10189000,-0.010817479105350025,ABEV3.SA,1.0
2016-12-09,10.471879959106445,10.572571020226151,10.333430050149882,10.408948946155729,14663500,0.010935776640661032,ABEV3.SA,1.0
2016-12-12,10.138340950012207,10.415240759205664,10.087995421037752,10.32713638358339,12483300,-0.03185091983452215,ABEV3.SA,1.0
2016-12-13,10.251618385314941,10.28937723083948,10.081701779956425,10.163512811981605,19703600,0.011173172796343778,ABEV3.SA,1.0
2016-12-14,10.169806480407715,10.364895255620088,10.075408763390895,10.245325374220428,20370100,-0.007980389225609397,ABEV3.SA,1.0
2016-12-15,10.270499229431152,10.402657015277457,10.081703764316197,10.132049301702338,15837600,0.00990114700977096,ABEV3.SA,1.0
2016-12-16,10.497051239013672,10.515930059015218,10.283082476562264,10.314547976786104,23240300,0.0220585197001244,ABEV3.SA,1.0
2016-12-19,10.257911682128906,10.541106056311955,10.245326199090254,10.446708331695003,13277100,-0.022781593748535056,ABEV3.SA,1.0
2016-12-20,10.320842742919922,10.402654975336862,10.125753973846692,10.289377238348518,13460100,0.006134880348078298,ABEV3.SA,1.0
2016-12-21,10.283082962036133,10.390067348312668,10.226444098693735,10.295669642852653,10466100,-0.00365859473149055,ABEV3.SA,1.0
2016-12-22,10.091711044311523,10.359632630298279,10.072573961985864,10.346874169843254,13056700,-0.018610364073802677,ABEV3.SA,1.0
2016-12-23,10.206533432006836,10.244807591697054,10.117226045468328,10.136363733670237,6730800,0.011377890943482294,ABEV3.SA,1.0
2016-12-26,10.321359634399414,10.41066643426985,10.21929437262923,10.21929437262923,2621500,0.011250264662093112,ABEV3.SA,1.0
2016-12-27,10.27670669555664,10.39153042437845,10.251189770612262,10.334118559967546,5663900,-0.004326265184477429,ABEV3.SA,1.0
2016-12-28,10.353254318237305,10.397907717076174,10.28308521293931,10.289463227018693,5002400,0.007448653050861287,ABEV3.SA,1.0
2016-12-29,10.461698532104492,10.461698532104492,10.30860064724995,10.385150198034138,8687000,0.010474408387338041,ABEV3.SA,1.0
2017-01-02,10.40428638458252,10.627554583403013,10.372391449056934,10.42342407592615,4265400,-0.005487841897354295,ABEV3.SA,1.0
2017-01-03,10.614794731140137,10.633932419975235,10.487213789047063,10.52548795000362,9535500,0.0202328481528109,ABEV3.SA,1.0
2017-01-04,10.531867980957031,10.62755399898574,10.480835356894138,10.62755399898574,9426500,-0.007812374358952656,ABEV3.SA,1.0
2017-01-05,10.58928108215332,10.6849671114504,10.51273152868733,10.53824845208062,11555800,0.005451369244287907,ABEV3.SA,1.0
2017-01-06,10.49997329711914,10.614797021477784,10.436183420665586,10.582902083251007,7863200,-0.008433791146095326,ABEV3.SA,1.0
2017-01-09,10.544628143310547,10.678588346832424,10.442562878708944,10.499973525422659,8753100,0.0042528533099848165,ABEV3.SA,1.0
2017-01-10,10.423422813415527,10.633932525842813,10.4042851243899,10.60203759418042,7887800,-0.011494509644885964,ABEV3.SA,1.0
2017-01-11,10.468077659606934,10.519110287389053,10.314979776260577,10.487215351292912,9694800,0.004284086618258742,ABEV3.SA,1.0
2017-01-12,10.799790382385254,10.857202240909247,10.557384487125324,10.595659870617201,18340400,0.03168802654744307,ABEV3.SA,1.0
2017-01-13,10.914613723754883,10.927370967765917,10.697724758288137,10.901855263030066,10099300,0.010631997224400669,ABEV3.SA,1.0
2017-01-16,10.876338958740234,10.972026202892188,10.780652931302132,10.933750818545866,8201000,-0.0035067448086912867,ABEV3.SA,1.0
2017-01-17,10.972025871276855,10.972025871276855,10.716861516868796,10.83168523300966,18257800,0.008797713357372672,ABEV3.SA,1.0
2017-01-18,11.010299682617188,11.188914481598875,10.876338279202477,10.9847827613139,18812200,0.0034883085210841713,ABEV3.SA,1.0
2017-01-19,11.035816192626953,11.163398375027095,10.94013016418378,11.016679716966637,10832000,0.0023175127603520806,ABEV3.SA,1.0
2017-01-20,11.067710876464844,11.163396892198087,10.95288717089947,11.163396892198087,9858700,0.002890106475242016,ABEV3.SA,1.0
2017-01-23,11.061333656311035,11.09960782621582,10.95288916098587,11.04219596300168,6555000,-0.0005762004650274877,ABEV3.SA,1.0
2017-01-24,11.080546379089355,11.176621462195417,10.971662343661857,11.067737426767918,11136000,0.0017369264299660347,ABEV3.SA,1.0
2017-01-26,11.086950302124023,11.189429239809474,11.080545215813022,11.11897573367904,7789000,0.000577942893389638,ABEV3.SA,1.0
2017-01-27,11.093356132507324,11.138190518046253,10.901208416870373,11.080545959026091,13214700,0.0005777811037968039,ABEV3.SA,1.0
2017-01-30,10.869184494018555,11.093357674519371,10.817945014616559,11.042118195117375,6124600,-0.0202077383806214,ABEV3.SA,1.0
2017-01-31,11.016498565673828,11.048522780727884,10.830754697752912,10.843564872432733,7057100,0.013553369320057351,ABEV3.SA,1.0
2017-02-01,11.093356132507324,11.163810865008717,11.035711573487163,11.061331920449627,10992500,0.006976587558680025,ABEV3.SA,1.0
2017-02-02,10.990878105163574,11.106167232825053,10.958853890433378,11.042117581719177,6398900,-0.009237783960027612,ABEV3.SA,1.0
2017-02-03,11.112570762634277,11.144594972876169,10.84996832938578,10.933232009001882,13562500,0.011072150587634333,ABEV3.SA,1.0
2017-02-06,10.933233261108398,11.138191162077636,10.907614134309972,11.138191162077636,6596100,-0.016138255076754704,ABEV3.SA,1.0
2017-02-07,10.901209831237793,11.054928268020486,10.901209831237793,10.952449310165358,9300200,-0.002928999053236958,ABEV3.SA,1.0
2017-02-08,10.862778663635254,10.952448662691642,10.766704799031343,10.907614273986182,13096700,-0.0035254038953009825,ABEV3.SA,1.0
2017-02-09,10.81794548034668,10.939639707282636,10.779516174552125,10.881995137768003,11002200,-0.00412722975187374,ABEV3.SA,1.0
2017-02-10,10.978066444396973,11.035711000423762,10.753894528343144,10.817942949132627,12688200,0.014801420874341664,ABEV3.SA,1.0
2017-02-13,11.04852294921875,11.1253827768243,10.926828731195597,11.022902599468395,9005500,0.006417933902899353,ABEV3.SA,1.0
2017-02-14,11.13178539276123,11.227860471892424,11.035711535275418,11.067736968867607,10668300,0.00753607010866264,ABEV3.SA,1.0
2017-02-15,11.541703224182129,11.5801325256208,11.183025671936303,11.20864602065906,18161900,0.03682408678912008,ABEV3.SA,1.0
2017-02-16,11.50967788696289,11.567322450437876,11.432819283426559,11.458438410723511,12169400,-0.0027747496705805563,ABEV3.SA,1.0
2017-02-17,11.46484088897705,11.535295610890312,11.400791252841833,11.49686631786726,7025800,-0.0038955910344482536,ABEV3.SA,1.0
2017-02-20,11.426413536071777,11.535297569495768,11.387984236523724,11.516082308899039,3507600,-0.003351756319812438,ABEV3.SA,1.0
2017-02-21,11.573726654052734,11.592941914292526,11.43281841056375,11.484057882891143,8323600,0.012892332096672954,ABEV3.SA,1.0
2017-02-22,11.708231925964355,11.785090529498286,11.599347886253392,11.6057529734888,11232800,0.011621604339905556,ABEV3.SA,-1.0
2017-02-23,11.61215591430664,11.906783795444316,11.599346962501386,11.727445032071584,10925500,-0.008205851427033561,ABEV3.SA,-1.0
2017-02-24,11.426413536071777,11.586537042774975,11.394389323389301,11.528892482630193,12946300,-0.015995511910585125,ABEV3.SA,1.0
2017-03-01,11.471248626708984,11.631372143242215,11.413604063025383,11.5224881031338,8762400,0.003923811307517289,ABEV3.SA,1.0
2017-03-02,11.022902488708496,11.18943109547595,10.984473186114624,11.080547053422057,19515700,-0.03908433620352236,ABEV3.SA,1.0
2017-03-03,11.138191223144531,11.170216658874967,10.939638408197668,11.061332620682405,12016300,0.010459017899698608,ABEV3.SA,1.0
2017-03-06,11.04852294921875,11.131786642616373,10.894804515653169,11.106167514511533,11989900,-0.008050523835455015,ABEV3.SA,1.0
2017-03-07,10.773109436035156,11.029306804821374,10.773109436035156,11.016497852616126,17651100,-0.02492763190604297,ABEV3.SA,1.0
2017-03-08,10.965259552001953,11.035713072427406,10.728276196992116,10.77951567623133,21297600,0.017836086889089886,ABEV3.SA,1.0
2017-03-09,11.080546379089355,11.131785853311388,10.926827956423256,10.952448304356988,13084700,0.010513825645499963,ABEV3.SA,1.0
2017-03-10,11.080546379089355,11.189430414516853,11.048522165817621,11.112571814006518,12386500,0.0,ABEV3.SA,1.0
2017-03-13,11.118976593017578,11.202240278205116,11.080546072181427,11.112571506211554,6258700,0.0034682598324524694,ABEV3.SA,1.0
2017-03-14,10.952448844909668,11.151001664613842,10.952448844909668,11.086952013263806,7321400,-0.014976895284812941,ABEV3.SA,1.0
2017-03-15,11.080546379089355,11.106166727023085,10.894803743151522,10.894803743151522,12800100,0.011695789315576022,ABEV3.SA,1.0
2017-03-16,11.06773567199707,11.138189174353688,10.971660604123548,11.086949708255586,5855300,-0.0011561439891142333,ABEV3.SA,1.0
2017-03-17,11.022902488708496,11.18302600810272,10.95244897089398,11.106167402914975,17182600,-0.004050799966429319,ABEV3.SA,1.0
2017-03-20,11.298314094543457,11.387984087845417,10.9652581333996,11.112571464448363,14252900,0.024985398003573245,ABEV3.SA,1.0
2017-03-21,11.157403945922852,11.336742680271717,11.131783603167936,11.336742680271717,10175600,-0.012471785386870993,ABEV3.SA,1.0
2017-03-22,11.086950302124023,11.189429239809474,10.984471364438575,11.125380819990044,8537200,-0.006314519411531494,ABEV3.SA,1.0
2017-03-23,11.170217514038086,11.266291385293643,10.971663462244974,11.01009398806364,9162800,0.007510380189772237,ABEV3.SA,1.0
2017-03-24,11.291909217834473,11.291909217834473,11.157406057847341,11.163811144748454,7812100,0.010894300280495983,ABEV3.SA,1.0
2017-03-27,11.394389152526855,11.420008277959589,11.208645301146639,11.22786056145523,8736700,0.00907551882639357,ABEV3.SA,1.0
2017-03-28,11.49046516418457,11.49046516418457,11.330341629874038,11.368770936047794,9862500,0.008431870315435797,ABEV3.SA,1.0
2017-03-29,11.644182205200195,11.644182205200195,11.452033254230455,11.490463777411685,9521200,0.013377790961392577,ABEV3.SA,1.0
2017-03-30,11.701826095581055,11.74025539490749,11.573726802299074,11.637776448940064,9191600,0.004950445584329222,ABEV3.SA,1.0
2017-03-31,11.682612419128418,11.765877337545131,11.637778026894296,11.669802243734223,12291400,-0.0016419383005437105,ABEV3.SA,1.0
2017-04-03,11.528891563415527,11.682609970996964,11.528891563415527,11.656990847222712,13499300,-0.013158089149751917,ABEV3.SA,1.0
2017-04-04,11.599347114562988,11.599347114562988,11.452032561240241,11.535297468115541,5538800,0.006111216395775276,ABEV3.SA,1.0
2017-04-05,11.452032089233398,11.644181020656132,11.407197705061698,11.580131376848554,8734100,-0.012700285962184532,ABEV3.SA,1.0
2017-04-06,11.516085624694824,11.560920024017504,11.381582426726787,11.452035959242815,9731500,0.00559320258294127,ABEV3.SA,1.0
2017-04-07,11.560917854309082,11.61215733272511,11.477654160000109,11.528893638416136,8071400,0.0038930094022677775,ABEV3.SA,1.0
2017-04-10,11.528891563415527,11.618560329093372,11.471247007866825,11.59294120531912,15477000,-0.002770220435535542,ABEV3.SA,1.0
2017-04-11,11.285505294799805,11.567321787133464,11.144595826987567,11.528892487568948,24885700,-0.02111098601951089,ABEV3.SA,1.0
2017-04-12,11.31752872467041,11.413602577759042,11.247073995637596,11.304718551819839,19716200,0.0028375716491277903,ABEV3.SA,1.0
2017-04-13,11.375173568725586,11.47124742424557,11.20864498238978,11.253479366856084,15008500,0.005093412657263263,ABEV3.SA,1.0
2017-04-17,11.56732177734375,11.618561250601543,11.349553710586784,11.400793183844577,11646300,0.01689189245836631,ABEV3.SA,1.0
2017-04-18,11.631373405456543,11.682612887441767,11.535299529439948,11.535299529439948,11850500,0.005537291115930376,ABEV3.SA,1.0
2017-04-19,11.59294319152832,11.650587756953218,11.522488451198885,11.637777582048681,24670100,-0.0033040134289037404,ABEV3.SA,1.0
2017-04-20,11.516085624694824,11.65059004430862,11.477656314081921,11.5224907134046,11200800,-0.006629685452927969,ABEV3.SA,1.0
2017-04-24,11.548110008239746,11.644183886776235,11.503274391386782,11.624968622410679,9175400,0.0027808393050021696,ABEV3.SA,1.0
2017-04-25,11.73385238647461,11.785091868534277,11.509679194346454,11.548109722125416,12074400,0.01608422314147795,ABEV3.SA,1.0
2017-04-26,11.663396835327148,11.727446488891385,11.592943315887469,11.721041401370409,8025000,-0.006004468850202449,ABEV3.SA,1.0
2017-04-27,11.656994819641113,11.682613952145738,11.535300580718403,11.669803775070564,12905300,-0.0005488980420047529,ABEV3.SA,1.0
2017-04-28,11.695420265197754,11.78508903180707,11.605751498588438,11.656990968314522,10489400,0.003296342337897995,ABEV3.SA,1.0
2017-05-02,11.893973350524902,11.932402648354312,11.701825639732508,11.765875283878424,11291100,0.01697699448372858,ABEV3.SA,1.0
2017-05-03,11.887569427490234,11.932403816287119,11.74666117389353,11.893974514696286,9659800,-0.0005384174695821642,ABEV3.SA,1.0
2017-05-04,12.18860149383545,12.31669956330795,11.829923967363538,11.913188873083774,35564100,0.02532326462372292,ABEV3.SA,1.0
2017-05-05,12.105335235595703,12.188600132012818,12.079716113221759,12.13095557961489,8540800,-0.006831485817454852,ABEV3.SA,1.0
2017-05-08,12.098932266235352,12.124552614736682,12.022073664022269,12.066908052254142,9409800,-0.0005289377977343301,ABEV3.SA,1.0
2017-05-09,12.137361526489258,12.20781503424861,12.04128645124821,12.130956440030165,11333100,0.003176252202117924,ABEV3.SA,1.0
2017-05-10,12.291077613830566,12.329506903677505,12.13095414754904,12.169383437395979,11358800,0.012664703692464752,ABEV3.SA,-1.0
2017-05-11,12.5088529586792,12.540877182050794,12.246250417765522,12.265464463130153,22824200,0.017718165297693655,ABEV3.SA,-1.0
2017-05-12,12.611329078674316,12.675378732534218,12.476824683403967,12.534469249713325,10667500,0.00819228752097656,ABEV3.SA,-1.0
2017-05-15,12.643350601196289,12.713805327596805,12.47682202529661,12.617731478097642,10826700,0.0025391076802618873,ABEV3.SA,-1.0
2017-05-16,12.694592475891113,12.72021282549257,12.560089305419988,12.60492369557703,13418200,0.004052871450861861,ABEV3.SA,-1.0
2017-05-17,12.579302787780762,12.758641562096448,12.496039098561791,12.598518049129197,12218500,-0.009081795128855319,ABEV3.SA,-1.0
2017-05-18,12.04128646850586,12.303888905478342,11.560915978193465,11.689015264268237,47330400,-0.04276996335580052,ABEV3.SA,1.0
2017-05-19,11.925999641418457,12.162981753668705,11.785090169830855,11.964428942012603,27409800,-0.009574294855365872,ABEV3.SA,1.0
2017-05-22,11.893973350524902,12.060501936646142,11.81070966828696,11.81070966828696,25852800,-0.002685417730714068,ABEV3.SA,1.0
2017-05-23,12.098932266235352,12.156576828717892,11.893974364806523,11.893974364806523,16500500,0.017232165372339958,ABEV3.SA,1.0
2017-05-24,12.079717636108398,12.259055180270769,12.06690746248383,12.22062588104246,10225100,-0.001588126101058962,ABEV3.SA,1.0
2017-05-25,12.118148803710938,12.195008635663187,12.022074930004813,12.14376793326463,8864900,0.0031814624116428547,ABEV3.SA,1.0
2017-05-26,12.18860149383545,12.22062570579223,12.06050220271757,12.169386233674153,11820600,0.0058138162243837055,ABEV3.SA,1.0
2017-05-29,12.18860149383545,12.18860149383545,12.18860149383545,12.18860149383545,0,0.0,ABEV3.SA,1.0
2017-05-30,12.034884452819824,12.130958321314802,12.034884452819824,12.1117430589576,9445200,-0.012611540470280347,ABEV3.SA,1.0
2017-05-31,11.983642578125,12.09252661084798,11.92599923999674,12.047692224723,15346500,-0.004257778701217019,ABEV3.SA,1.0
2017-06-01,11.881163597106934,12.060502362722145,11.868354645141515,11.990047629508064,17828200,-0.008551571890597964,ABEV3.SA,1.0
2017-06-02,11.893973350524902,12.015667552237607,11.727444764403664,11.91959369684141,27939700,0.0010781564712305514,ABEV3.SA,1.0
2017-06-05,12.11174201965332,12.156576406327385,11.849139564866295,11.86194973867186,16514200,0.018309160674116365,ABEV3.SA,1.0
2017-06-06,12.214221000671387,12.284675735151922,12.073312753355733,12.079717840276274,15896400,0.008461126471466907,ABEV3.SA,1.0
2017-06-07,12.06690788269043,12.303889994770403,12.002858233982579,12.265460694203869,12376100,-0.012060787009900986,ABEV3.SA,1.0
2017-06-08,11.868355751037598,12.03488435855917,11.8683557510376,11.996453834145763,13847400,-0.016454267620427343,ABEV3.SA,1.0
2017-06-09,11.599347114562988,11.95802342436514,11.516082207687688,11.925999211964113,19905900,-0.022666040866789028,ABEV3.SA,1.0
2017-06-12,11.580132484436035,11.656992308685494,11.48405862035831,11.567322310120215,14460500,-0.0016565268663121246,ABEV3.SA,1.0
2017-06-13,11.778685569763184,11.797900831677403,11.59934801181243,11.59934801181243,13088100,0.0171460115498685,ABEV3.SA,1.0
2017-06-14,11.644182205200195,11.842735021721337,11.528893078947446,11.759471331452945,25729100,-0.011419216835897972,ABEV3.SA,1.0
2017-06-15,11.644182205200195,11.644182205200195,11.644182205200195,11.644182205200195,0,0.0,ABEV3.SA,1.0
2017-06-16,11.387985229492188,11.669801746277942,11.36236487979593,11.669801746277942,45495200,-0.022002144177509675,ABEV3.SA,1.0
2017-06-19,11.445631980895996,11.522490601374525,11.31112756258995,11.42641671495349,18928600,0.00506206763023509,ABEV3.SA,1.0
2017-06-20,11.573726654052734,11.70182594569391,11.407198063577361,11.458437535904753,22831800,0.011191577133577546,ABEV3.SA,1.0
2017-06-21,11.61215591430664,11.701825906815696,11.522487143442964,11.580131702325435,11833200,0.0033203877543150906,ABEV3.SA,1.0
2017-06-22,11.656994819641113,11.733853438800713,11.592945155910964,11.631374465490763,7722900,0.0038613764459731748,ABEV3.SA,1.0
2017-06-23,11.682612419128418,11.72744681136254,11.599348722357272,11.721041723665444,4632600,0.002197616099489208,ABEV3.SA,1.0
2017-06-26,11.80538272857666,11.882921496087642,11.740766267346517,11.779535651102009,7566700,0.01050880616797878,ABEV3.SA,1.0
2017-06-27,11.818307876586914,11.863539035870096,11.669689625783619,11.805384336089817,23318500,0.001094852094796206,ABEV3.SA,1.0
2017-06-28,11.824767112731934,11.895845345185156,11.721381265048983,11.86999949949268,8752100,0.0005465449210217965,ABEV3.SA,1.0
2017-06-29,11.792460441589355,11.863538679732997,11.695536355684053,11.824768059405582,6348800,-0.002732119020576129,ABEV3.SA,1.0
2017-06-30,11.83122730255127,11.902305525514054,11.792457922960821,11.805381460309757,6962800,0.00328742768771062,ABEV3.SA,1.0
2017-07-03,11.811843872070312,11.915229711577835,11.760150952316552,11.863536791824075,5363900,-0.0016383279591608568,ABEV3.SA,1.0
2017-07-04,11.78599739074707,11.831228543757154,11.753689776441721,11.753689776441721,2688500,-0.0021881834540971035,ABEV3.SA,1.0
2017-07-05,11.773075103759766,11.876460959476686,11.714920405861921,11.773075103759766,9175800,-0.0010964101347459287,ABEV3.SA,1.0
2017-07-06,11.488763809204102,11.785997815383071,11.44999319169304,11.773074276212718,19322100,-0.02414928062973698,ABEV3.SA,1.0
2017-07-07,11.643842697143555,11.73430500731848,11.52107153872291,11.546918617319486,14318800,0.013498309349454507,ABEV3.SA,1.0
2017-07-10,11.83122730255127,11.876458450816184,11.630917403468208,11.663225014384189,10145800,0.01609302103107968,ABEV3.SA,1.0
2017-07-11,11.966923713684082,12.038000714488822,11.77307432273239,11.831229016772244,10168100,0.011469343599167514,ABEV3.SA,1.0
2017-07-12,12.050924301147461,12.128464304324673,11.941076682246058,12.01861668542327,13173900,0.007019396920473708,ABEV3.SA,1.0
2017-07-13,12.07030963897705,12.122002563733538,11.986307865962418,12.109079024430281,6512600,0.00160861833873982,ABEV3.SA,1.0
2017-07-14,12.115541458129883,12.167234385719638,12.05738676053433,12.076772070551717,5519500,0.0037473619572085948,ABEV3.SA,1.0
2017-07-17,12.17369556427002,12.22538848934829,12.089693790732486,12.147848485502609,10153300,0.0047999593201106805,ABEV3.SA,1.0
2017-07-18,12.115541458129883,12.199542003292008,12.050924990528534,12.199542003292008,6024000,-0.0047770297715362675,ABEV3.SA,1.0
2017-07-19,12.160775184631348,12.199544580399401,12.057389307611961,12.199544580399401,10751400,0.003733529092182053,ABEV3.SA,1.0
2017-07-20,12.134925842285156,12.206002842012708,12.089693455695695,12.122002303259597,7844500,-0.0021256327786455254,ABEV3.SA,1.0
2017-07-21,12.15431022644043,12.180157305146691,12.057386146205038,12.10261730148445,3845600,0.0015974044182229807,ABEV3.SA,1.0
2017-07-24,12.160775184631348,12.225391665882682,12.122005788863296,12.160775184631348,4274500,0.0005319066298681285,ABEV3.SA,1.0
2017-07-25,12.199540138244629,12.27061836498544,12.17369429462933,12.199540138244629,13671700,0.0031877041574019938,ABEV3.SA,1.0
2017-07-26,12.167231559753418,12.244771549356889,12.11553864416988,12.180155096763384,6330200,-0.0026483439642062123,ABEV3.SA,1.0
2017-07-27,12.348160743713379,12.542008921834753,12.199542492533222,12.199542492533222,19358200,0.014870201415286166,ABEV3.SA,1.0
2017-07-28,12.341697692871094,12.41923646309154,12.225388305083895,12.2512341510052,10988300,-0.0005234019038483639,ABEV3.SA,1.0
2017-07-31,12.374006271362305,12.516162748590306,12.322313343040294,12.335236883234954,15242400,0.0026178390765374537,ABEV3.SA,1.0
2017-08-01,12.432160377502441,12.470929763782785,12.3352362955733,12.380467451643128,8865400,0.004699699100260357,ABEV3.SA,1.0
2017-08-02,12.535543441772461,12.554928746830331,12.36754116197314,12.38692646703101,14957200,0.008315776271443864,ABEV3.SA,1.0
2017-08-03,12.445083618164062,12.535545928130913,12.425698309261222,12.516161851684611,9970100,-0.007216266612499411,ABEV3.SA,1.0
2017-08-04,12.445083618164062,12.477391233878928,12.34169776892865,12.458007157432624,8045200,0.0,ABEV3.SA,1.0
2017-08-07,12.503238677978516,12.55493160410759,12.38046751625075,12.438622212203029,11358100,0.004672934437304432,ABEV3.SA,1.0
2017-08-08,12.529083251953125,12.638930862874778,12.46446802519864,12.477390331075666,9884300,0.002067030362311595,ABEV3.SA,1.0
2017-08-09,12.548468589782715,12.567853897329785,12.419235671048492,12.464468055324987,4751100,0.0015472271545939886,ABEV3.SA,1.0
2017-08-10,12.535543441772461,12.567852283535577,12.419234076337831,12.516159369170886,10295700,-0.0010300179593849546,ABEV3.SA,1.0
2017-08-11,12.61308765411377,12.651857044758444,12.542009410884607,12.626011195147562,11513400,0.0061859473984116065,ABEV3.SA,1.0
2017-08-14,12.735854148864746,12.813394141620094,12.57431362704278,12.600160702113353,14955300,0.009733262633034645,ABEV3.SA,1.0
2017-08-15,12.781086921691895,12.858625684365693,12.72293223345834,12.768163383760792,11605500,0.003551608890808522,ABEV3.SA,1.0
2017-08-16,12.800471305847168,12.865087764609708,12.72939431041917,12.832780151456658,14771800,0.0015166459843392044,ABEV3.SA,1.0
2017-08-17,12.78754997253418,12.826319357757482,12.716471739244346,12.761702894080955,5673300,-0.0010094419966463208,ABEV3.SA,1.0
2017-08-18,12.768163681030273,12.813394832385798,12.697085453210764,12.806933063269804,13220100,-0.0015160286016903113,ABEV3.SA,1.0
2017-08-21,12.755240440368652,12.800471592779388,12.716471057224659,12.76816397890214,13183900,-0.0010121455977902816,ABEV3.SA,1.0
2017-08-22,12.761702537536621,12.903857767688132,12.684162536799843,12.826318999407855,17661900,0.0005066229208441353,ABEV3.SA,1.0
2017-08-23,12.819856643676758,12.858626026043835,12.67770142002652,12.722932571530848,8926700,0.004556923809271085,ABEV3.SA,1.0
2017-08-24,12.7940092086792,12.865087434741149,12.755239827398322,12.839241591372701,13754800,-0.002016203122700899,ABEV3.SA,1.0
2017-08-25,12.826318740844727,12.858626354900808,12.774625818881107,12.774625818881107,6472500,0.0025253641480584843,ABEV3.SA,1.0
2017-08-28,12.826318740844727,12.858626354900808,12.761702280276083,12.826318740844725,4165300,0.0,ABEV3.SA,1.0
2017-08-29,12.858623504638672,12.871547040379044,12.794007058393008,12.800468826263195,4590700,0.0025186309842022414,ABEV3.SA,1.0
2017-08-30,12.845703125,12.923243126037086,12.755240817503822,12.897396048205888,8532700,-0.0010048027017830474,ABEV3.SA,1.0
2017-08-31,12.832781791687012,12.865089408969482,12.77462709461329,12.77462709461329,11193000,-0.0010058875864755734,ABEV3.SA,1.0
2017-09-01,12.768163681030273,12.897395365980858,12.768163681030272,12.878011291089312,17630300,-0.005035393861259063,ABEV3.SA,1.0
2017-09-04,12.748779296875,12.800472221089825,12.66477875719711,12.768164605626758,12235200,-0.0015181810508956284,ABEV3.SA,1.0
2017-09-05,12.80693531036377,12.884475320904375,12.735857070072933,12.858628239905288,18386200,0.004561692702847564,ABEV3.SA,1.0
2017-09-06,13.007244110107422,13.097707653162193,12.852165335171943,12.878012413889463,20127000,0.015640650545142964,ABEV3.SA,1.0
2017-09-07,13.007244110107422,13.00724411010742,13.00724411010742,13.00724411010742,0,0.0,ABEV3.SA,1.0
2017-09-08,12.987860679626465,13.16232477227906,12.852165974522244,13.1494012322774,14593900,-0.0014902027144931829,ABEV3.SA,1.0
2017-09-11,13.091245651245117,13.181707960238548,13.007243879359908,13.026629188054155,11151500,0.007960123238835548,ABEV3.SA,1.0
2017-09-12,13.5758695602417,13.705101275906612,13.142940786227943,13.175248407029986,28439700,0.03701893020015934,ABEV3.SA,1.0
2017-09-13,13.685714721679688,13.776177029532894,13.524174181966673,13.569405335893276,11039100,0.008091206309147392,ABEV3.SA,1.0
2017-09-14,13.692176818847656,13.802024437779668,13.595252739191537,13.68571504920971,8081100,0.00047217827489354214,ABEV3.SA,1.0
2017-09-15,13.866639137268066,13.866639137268066,13.62755983211875,13.782638600110428,26245400,0.012741751784877575,ABEV3.SA,1.0
2017-09-18,13.698636054992676,13.873098873125064,13.646943139905984,13.840791263366999,13922900,-0.012115630947939215,ABEV3.SA,1.0
2017-09-19,13.827871322631836,13.879564251162067,13.679254307164495,13.69863961753457,10078900,0.00943417046196049,ABEV3.SA,1.0
2017-09-20,13.879562377929688,13.879562377929688,13.698637768720383,13.802023611827547,17051700,0.0037381787906320962,ABEV3.SA,1.0
2017-09-21,13.80202579498291,14.021721054450365,13.743871094979369,13.89248811389657,9042900,-0.00558638527898192,ABEV3.SA,1.0
2017-09-22,13.90540885925293,13.970025316540974,13.802023020574621,13.8149453260671,12365600,0.007490426826154639,ABEV3.SA,1.0
2017-09-25,13.892486572265625,13.944179496259514,13.802024263390447,13.905410111378227,8295000,-0.0009292993192865362,ABEV3.SA,1.0
2017-09-26,13.685714721679688,13.957102877695814,13.640483567753085,13.957102877695814,24397700,-0.014883717865074475,ABEV3.SA,1.0
2017-09-27,13.634021759033203,13.750331144484896,13.459557680855665,13.743869375020191,13320700,-0.0037771474634493707,ABEV3.SA,1.0
2017-09-28,13.608174324035645,13.705098398549504,13.588790248606758,13.685714323120616,10429400,-0.0018958041474763654,ABEV3.SA,1.0
2017-09-29,13.595254898071289,13.69217899311862,13.459560179039634,13.646947830926981,13225300,-0.0009493871592706205,ABEV3.SA,1.0
2017-10-02,13.375555992126465,13.517711210751902,13.233399541044626,13.517711210751902,17620100,-0.016159969606453828,ABEV3.SA,1.0
2017-10-03,13.840794563293457,13.898949260688285,13.30447997922963,13.362634676624456,20186000,0.03478274633524436,ABEV3.SA,1.0
2017-10-04,13.698636054992676,13.89248417845369,13.621096066134482,13.808483653608933,13302000,-0.010270978855346447,ABEV3.SA,1.0
2017-10-05,13.718023300170898,13.924795008333817,13.69217745287883,13.795563306960291,17195000,0.0014152682865937738,ABEV3.SA,1.0
2017-10-06,13.614636421203613,13.65340580545152,13.498327036003387,13.640483499006553,7564200,-0.007536572631859917,ABEV3.SA,1.0
2017-10-09,13.614636421203613,13.698638191606666,13.48540472955842,13.54355818970203,5283100,0.0,ABEV3.SA,1.0
2017-10-10,13.931256294250488,14.105720379122685,13.69863874687745,13.769715748803616,32801000,0.02325584490480903,ABEV3.SA,1.0
2017-10-11,13.976486206054688,14.04756443411236,13.847254520671084,13.963563900235838,26552700,0.0032466498963819035,ABEV3.SA,1.0
2017-10-12,13.976486206054688,13.97648620605469,13.97648620605469,13.97648620605469,0,0.0,ABEV3.SA,1.0
2017-10-13,14.29957103729248,14.66788458048011,14.092799300212473,14.118646383575857,26243900,0.02311631310435036,ABEV3.SA,-1.0
2017-10-16,14.163873672485352,14.377107122076316,14.060487832226485,14.377107122076316,13271300,-0.009489610873867349,ABEV3.SA,-1.0
2017-10-17,14.054028511047363,14.209107298446883,13.982950271318009,14.163876139512437,7051900,-0.0077553050795258205,ABEV3.SA,-1.0
2017-10-18,14.073416709899902,14.176802589383904,14.008800227108177,14.086339020492728,14515700,0.0013795474256579343,ABEV3.SA,-1.0
2017-10-19,14.105720520019531,14.125105829351149,13.866639968089189,14.021719977828992,7696100,0.0022953779302865573,ABEV3.SA,-1.0
2017-10-20,13.911872863769531,14.157413961973171,13.866640473679876,14.10572103432732,11901300,-0.013742485254466974,ABEV3.SA,1.0
2017-10-23,13.763253211975098,13.989410209486827,13.68571444465801,13.989410209486827,8081700,-0.010682936312729097,ABEV3.SA,1.0
2017-10-24,13.776174545288086,13.853714532648485,13.724481631199918,13.853714532648485,11173800,0.0009388284233371458,ABEV3.SA,1.0
2017-10-25,13.692176818847656,13.860179132064648,13.453096272069793,13.827870283874914,15875200,-0.006097318683375708,ABEV3.SA,1.0
2017-10-26,13.595254898071289,13.763256005509739,13.472483720367741,13.750333696638366,11557100,-0.007078634906536707,ABEV3.SA,1.0
2017-10-27,13.511248588562012,13.782636703312516,13.498325051560483,13.672789103712162,14504400,-0.006179090435530887,ABEV3.SA,1.0
2017-10-30,13.543558120727539,13.56294342898102,13.3432481986009,13.485404660880093,17553000,0.00239130617379657,ABEV3.SA,1.0
2017-10-31,13.504789352416992,13.679253437283371,13.401403501930965,13.601713433190573,14383100,-0.0028625246013611605,ABEV3.SA,1.0
2017-11-01,13.40140151977539,13.711559025359135,13.40140151977539,13.56940381008068,16742000,-0.007655642005485852,ABEV3.SA,1.0
2017-11-02,13.40140151977539,13.40140151977539,13.40140151977539,13.40140151977539,0,0.0,ABEV3.SA,1.0
2017-11-03,13.310941696166992,13.427251090493135,13.201094071798588,13.40140401066217,20765200,-0.00675002711282946,ABEV3.SA,1.0
2017-11-06,13.272171974182129,13.401403672708216,13.175246659716851,13.343248977011678,12867100,-0.002912620524513909,ABEV3.SA,1.0
2017-11-07,13.052475929260254,13.26570938956455,12.987859467737877,13.201092928042174,17643000,-0.016553134283464832,ABEV3.SA,1.0
2017-11-08,13.097708702087402,13.18817101993027,12.832782286299025,13.020168692181628,19153700,0.003465455372014814,ABEV3.SA,1.0
2017-11-09,13.065398216247559,13.16232352461581,12.968474140335802,13.14293821645086,12872400,-0.0024668807785207525,ABEV3.SA,1.0
2017-11-10,13.05893611907959,13.162323194241138,12.890935049026172,13.13001434811051,15202100,-0.0004945962657252334,ABEV3.SA,1.0
2017-11-13,13.065398216247559,13.14293821645086,12.916781217685765,13.05247590992742,9161800,0.0004948410122420643,ABEV3.SA,1.0
2017-11-14,13.052475929260254,13.175245850450626,13.052475929260254,13.097707082588968,14925800,-0.0009890465467202736,ABEV3.SA,1.0
2017-11-15,13.052475929260254,13.052475929260254,13.052475929260254,13.052475929260254,0,0.0,ABEV3.SA,1.0
2017-11-16,13.194629669189453,13.304477271640572,13.046012687183925,13.065396760732952,15850600,0.01089094059239204,ABEV3.SA,1.0
2017-11-17,13.272171974182129,13.362634286396046,13.117091964020313,13.175246659716851,9254300,0.0058768079845199495,ABEV3.SA,1.0
2017-11-20,13.272171974182129,13.272171974182129,13.272171974182129,13.272171974182129,0,0.0,ABEV3.SA,1.0
2017-11-21,13.446633338928223,13.53709687357535,13.252785196389182,13.362632805816354,13285900,0.013144899349214922,ABEV3.SA,1.0
2017-11-22,13.459556579589844,13.588789493397064,13.375556048334635,13.382016584814231,16883600,0.0009610763033307546,ABEV3.SA,1.0
2017-11-23,13.3820161819458,13.472479711869994,13.252784504485534,13.407863256911677,5661300,-0.00576099199000546,ABEV3.SA,1.0
2017-11-24,13.323863983154297,13.401402750442527,13.259247522109783,13.349709828098211,4749100,-0.004345548383804743,ABEV3.SA,1.0
2017-11-27,13.40140151977539,13.427248594802222,13.155860469302354,13.310939222094225,8687300,0.005819448226064727,ABEV3.SA,1.0
2017-11-28,13.427250862121582,13.556482561708629,13.336787316708413,13.420789092273743,15988200,0.0019288536581825166,ABEV3.SA,1.0
2017-11-29,13.28509521484375,13.543559862514511,13.25278759605615,13.543559862514511,15064800,-0.010587099975830072,ABEV3.SA,1.0
2017-11-30,13.28509521484375,13.382019303663203,13.149401736987846,13.246325825807299,24640800,0.0,ABEV3.SA,1.0
2017-12-01,13.21401596069336,13.25924711228956,13.117090655894138,13.21401596069336,7933800,-0.0053503006941924,ABEV3.SA,1.0
2017-12-04,13.298016548156738,13.401402390065217,13.181707167895587,13.239861858026162,11058600,0.0063569309824695885,ABEV3.SA,1.0
2017-12-05,13.278632164001465,13.504789171074009,13.233401009078262,13.252786317955294,15592800,-0.0014576898806732963,ABEV3.SA,1.0
2017-12-06,13.3820161819458,13.440170868162651,13.188168049527217,13.188168049527217,8274000,0.007785743039453452,ABEV3.SA,1.0
2017-12-07,13.388480186462402,13.440173112570111,13.155862635205999,13.272172027062489,12967300,0.0004830366686690013,ABEV3.SA,1.0
2017-12-08,13.582327842712402,13.634020762194062,13.401402008298387,13.433710853259685,18886800,0.014478690153794105,ABEV3.SA,1.0
2017-12-11,13.666326522827148,13.685711827177098,13.524171321629598,13.601710074116898,13067700,0.006184409704100613,ABEV3.SA,1.0
2017-12-12,13.892486572265625,13.892486572265623,13.530636104308392,13.634021952296173,23500800,0.01654870817411802,ABEV3.SA,1.0
2017-12-13,13.601712226867676,14.034640899553091,13.575866382766689,13.989409748034031,27138100,-0.020930331217914544,ABEV3.SA,1.0
2017-12-14,13.550020217895508,13.634021989902607,13.407864984634337,13.634021989902607,18025500,-0.0038004045453968738,ABEV3.SA,1.0
2017-12-15,13.504789352416992,13.627560512040358,13.433712350493195,13.504789352416992,18692900,-0.003338066272312923,ABEV3.SA,1.0
2017-12-18,13.511248588562012,13.608172651160837,13.433709831465482,13.550017967110279,18404300,0.0004782922544337431,ABEV3.SA,1.0
2017-12-19,13.504693031311035,13.54404584158737,13.419427149541814,13.5374868313741,8259800,-0.00048519255700218977,ABEV3.SA,1.0
2017-12-20,13.576839447021484,13.589956215048096,13.485014564816307,13.51125060287583,8924800,0.005342321779782555,ABEV3.SA,1.0
2017-12-21,13.753929138183594,13.806399968786456,13.511252015771584,13.576840866775983,18289100,0.013043513687639452,ABEV3.SA,1.0
2017-12-22,13.793283462524414,13.86543007410265,13.629311957386953,13.740812630920558,9495400,0.002861315042809398,ABEV3.SA,1.0
2017-12-25,13.793283462524414,13.793283462524414,13.793283462524414,13.793283462524414,0,0.0,ABEV3.SA,1.0
2017-12-26,13.937577247619629,13.996607086630984,13.714575911577457,13.793282780593676,8193200,0.010461162890420761,ABEV3.SA,1.0
2017-12-27,14.035961151123047,14.081872974237868,13.950696515481717,13.950696515481717,5441900,0.007058895657078512,ABEV3.SA,1.0
2017-12-28,13.957252502441406,14.068753156281044,13.924457456604404,14.035958110444042,9896000,-0.005607642243676603,ABEV3.SA,1.0
2017-12-29,13.957252502441406,13.957252502441406,13.957252502441406,13.957252502441406,0,0.0,ABEV3.SA,1.0
2018-01-02,14.226166725158691,14.26551953220803,13.885105728055942,13.990047380856298,12717900,0.019266988447063316,ABEV3.SA,1.0
2018-01-03,14.258959770202637,14.409813231768434,14.140900104280494,14.140900104280494,9389900,0.0023051216590870283,ABEV3.SA,1.0
2018-01-04,14.180254936218262,14.31143137697414,14.094989061273917,14.258960550471151,9150100,-0.005519675716376349,ABEV3.SA,1.0
2018-01-05,14.232728958129883,14.265522762930637,14.127787281563315,14.180258119846599,11510200,0.0037004991904339146,ABEV3.SA,1.0
2018-01-08,14.20649242401123,14.23272846775066,14.094991740125499,14.23272846775066,7074000,-0.0018433944885647424,ABEV3.SA,1.0
2018-01-09,14.16713809967041,14.226167940790132,14.114667268786581,14.199931899846572,5850700,-0.0027701647363923554,ABEV3.SA,1.0
2018-01-10,14.16713809967041,14.245843720494513,14.06219643790275,14.06875544813864,5434100,0.0,ABEV3.SA,1.0
2018-01-11,14.331110954284668,14.344228975993753,14.114668600098364,14.232728293473329,8663800,0.011574169282508207,ABEV3.SA,1.0
2018-01-12,14.16713809967041,14.390139443677514,14.075313207371241,14.226167940790132,15529600,-0.011441740639460574,ABEV3.SA,1.0
2018-01-15,14.311429977416992,14.331107004557532,14.167135531395553,14.167135531395553,4853800,0.010184970085802991,ABEV3.SA,1.0
2018-01-16,14.36390209197998,14.475402753808725,14.298313246609572,14.311431265884288,9196800,0.0036664480520665066,ABEV3.SA,1.0
2018-01-17,14.449166297912598,14.468842073549668,14.298311595677902,14.396695477875365,11318200,0.005936005786354226,ABEV3.SA,1.0
2018-01-18,14.377019882202148,14.48196153272162,14.324549056942415,14.37701988220215,7703100,-0.004993119618318165,ABEV3.SA,1.0
2018-01-19,14.429490089416504,14.468842893924954,14.31798943413998,14.42293108016458,10712900,0.0036495885548095686,ABEV3.SA,1.0
2018-01-22,14.36390209197998,14.422931927713032,14.324549285159005,14.357343082342622,9900600,-0.0045454133881438485,ABEV3.SA,1.0
2018-01-23,14.311429977416992,14.429489638254108,14.206488334673573,14.357341789741858,9624900,-0.00365305431817764,ABEV3.SA,1.0
2018-01-24,14.357346534729004,14.449171440729183,14.18025823595014,14.403258362227355,21173700,0.0032083836055842863,ABEV3.SA,1.0
2018-01-25,14.357346534729004,14.357346534729002,14.357346534729002,14.357346534729002,0,0.0,ABEV3.SA,1.0
2018-01-26,14.350785255432129,14.383580306321742,14.239284584414005,14.370462285965896,14872900,-0.0004569980449384836,ABEV3.SA,1.0
2018-01-29,14.324549674987793,14.331108684803649,14.219608019940521,14.298313635724371,8321700,-0.001828163405511618,ABEV3.SA,1.0
2018-01-30,14.34422492980957,14.429489544860585,14.252400054751108,14.252400054751108,12080100,0.0013735339168206018,ABEV3.SA,1.0
2018-01-31,14.396697998046875,14.600022304908112,14.377020967962272,14.403255757071829,12252600,0.00365813200044407,ABEV3.SA,1.0
2018-02-01,14.626992225646973,14.817808295111554,14.495396104814533,14.495396104814533,23424100,0.015996322742294122,ABEV3.SA,1.0
2018-02-02,14.4822359085083,14.548034595483552,14.271681114191953,14.423017215731132,12316800,-0.009896519729111208,ABEV3.SA,1.0
2018-02-05,14.26509952545166,14.475654296232353,14.26509952545166,14.370376910842007,12556400,-0.014993291397019215,ABEV3.SA,1.0
2018-02-06,14.225619316101074,14.370375391961412,13.883467222243588,14.159820643435358,18958500,-0.002767608405405464,ABEV3.SA,1.0
2018-02-07,14.225619316101074,14.495392744525741,14.133500672366953,14.265098017698385,12915900,0.0,ABEV3.SA,1.0
2018-02-08,14.251941680908203,14.42301777163539,14.153244274144033,14.284840398161055,20079400,0.0018503493044648156,ABEV3.SA,1.0
2018-02-09,14.140084266662598,14.33748033493721,13.982168165046279,14.19930296164442,17136400,-0.007848573671575543,ABEV3.SA,1.0
2018-02-14,14.633569717407227,14.7388470980716,14.251938898747524,14.284837609578126,17857000,0.03489975317248262,ABEV3.SA,1.0
2018-02-15,14.673050880432129,14.77174953947539,14.620412181278327,14.633572169818173,10312600,0.00269798578114111,ABEV3.SA,1.0
2018-02-16,14.758588790893555,14.817807481267618,14.508554041535172,14.653311398007558,13084500,0.005829592711049436,ABEV3.SA,1.0
2018-02-19,14.699369430541992,14.811226812260745,14.607252029716712,14.784906837736116,2501800,-0.004012535425345187,ABEV3.SA,1.0
2018-02-20,14.942824363708496,14.942824363708496,14.574353469798645,14.626992168928624,15588100,0.016562270532548107,ABEV3.SA,-1.0
2018-02-21,14.738850593566895,15.015204097102771,14.719111864389404,14.988885373197563,22576300,-0.01365028224764464,ABEV3.SA,1.0
2018-02-22,14.752008438110352,14.80464713327288,14.640151054014293,14.771748419423357,16270400,0.0008927320661762383,ABEV3.SA,1.0
2018-02-23,14.455915451049805,14.90334500159758,14.357218051371447,14.791487613960637,32687400,-0.020071367793935146,ABEV3.SA,1.0
2018-02-26,14.574353218078613,14.633571910452744,14.344058442735383,14.620411922146147,19128700,0.008193031249377425,ABEV3.SA,1.0
2018-02-27,14.620410919189453,14.70594958230885,14.508553536267877,14.640150900295193,9223300,0.0031601883405507625,ABEV3.SA,1.0
2018-02-28,14.475655555725098,14.732269048065726,14.475655555725098,14.673050356755498,62731700,-0.009900909370089028,ABEV3.SA,1.0
2018-03-01,14.699369430541992,14.962562900760982,14.541453348410599,14.923084193979498,20943200,0.01545449005440136,ABEV3.SA,1.0
2018-03-02,14.85728645324707,14.857286453247072,14.488815571613614,14.620411687551364,13813000,0.01074311544119455,ABEV3.SA,1.0
2018-03-05,14.817811965942383,15.015206823594657,14.725693278032878,14.738853269877936,13439700,-0.0026569109661380708,ABEV3.SA,1.0
2018-03-06,14.982305526733398,15.081002938614557,14.765170718592582,14.85070814088807,16957900,0.011101069521538776,ABEV3.SA,-1.0
2018-03-07,15.179698944091797,15.238917636734996,14.896765469242192,14.962564156068588,13617400,0.013175102924325222,ABEV3.SA,-1.0
2018-03-08,15.331033706665039,15.449471081610122,15.094160211780329,15.107318943992205,16683100,0.009969549668318312,ABEV3.SA,-1.0
2018-03-09,15.423152923583984,15.495530345902944,15.291555556631423,15.363934233955883,10929200,0.006008676171581184,ABEV3.SA,-1.0
2018-03-12,15.778464317321777,15.883741712290963,15.344194749322503,15.423153423052163,18557700,0.023037532954398365,ABEV3.SA,-1.0
2018-03-13,15.76530647277832,15.890323866929688,15.613970353808922,15.80478644251394,8862600,-0.0008339116075455344,ABEV3.SA,-1.0
2018-03-14,15.969280242919922,16.015338945947644,15.673186787733805,15.673186787733805,8575500,0.012938141766783984,ABEV3.SA,-1.0
2018-03-15,15.712668418884277,15.989021943450357,15.660029712062443,15.831105822984851,20333500,-0.01606909141377333,ABEV3.SA,-1.0
2018-03-16,15.535012245178223,15.778465772875826,15.488953537506008,15.660028378858328,20736400,-0.011306556529414147,ABEV3.SA,-1.0
2018-03-19,15.653448104858398,15.660026843876164,15.337614666767568,15.449472055152635,9433700,0.007623802145179326,ABEV3.SA,-1.0
2018-03-20,15.587646484375,15.758722531749513,15.508687825969343,15.758722531749513,8410300,-0.004203650214483767,ABEV3.SA,-1.0
2018-03-21,15.719242095947266,15.837679452443327,15.502107360706237,15.541587316208432,9439300,0.008442301517690654,ABEV3.SA,-1.0
2018-03-22,15.798202514648438,15.844261212868123,15.613966466764303,15.7850425280127,10445800,0.0050231695789919595,ABEV3.SA,-1.0
2018-03-23,15.738985061645508,15.89032115478501,15.646867657996335,15.646867657996335,8839900,-0.0037483664959998553,ABEV3.SA,-1.0
2018-03-26,15.791624069213867,15.89032146864535,15.574489288462399,15.89032146864535,9371800,0.0033444982228640896,ABEV3.SA,-1.0
2018-03-27,15.686344146728516,15.837680218457418,15.581066770307949,15.765301551541283,10656100,-0.006666820462791878,ABEV3.SA,-1.0
2018-03-28,15.673184394836426,15.771881779828036,15.528428313849087,15.58106700284497,8930200,-0.0008389304588114488,ABEV3.SA,-1.0
2018-03-29,15.837684631347656,15.929802047631208,15.646869804045199,15.673188527980928,12454500,0.010495648642111721,ABEV3.SA,-1.0
2018-04-02,15.692928314208984,15.87716314445183,15.627129622691259,15.837684431543456,5557700,-0.009139992398393582,ABEV3.SA,-1.0
2018-04-03,15.923222541809082,15.923222541809082,15.70608774601194,15.725826474262655,9681500,0.014675032153914858,ABEV3.SA,-1.0
2018-04-04,15.916640281677246,15.97585896801091,15.699505516788955,15.71924424222989,12759600,-0.00041337487525239247,ABEV3.SA,-1.0
2018-04-05,15.811366081237793,16.16009702100548,15.811366081237793,16.04823961928615,12111900,-0.006614096855643736,ABEV3.SA,-1.0
2018-04-06,15.29813289642334,15.4757889344863,15.080998157125931,15.4757889344863,24189300,-0.032459762311333074,ABEV3.SA,-1.0
2018-04-09,15.324455261230469,15.442891383435871,15.173117915346854,15.173117915346854,16524900,0.0017206259734665608,ABEV3.SA,-1.0
2018-04-10,15.660027503967285,15.692927475470574,15.31129659107154,15.40999399557023,15457400,0.02189782520921213,ABEV3.SA,-1.0
2018-04-11,15.692928314208984,15.82452444223878,15.535012207569835,15.535012207569835,11508300,0.0021009420470918805,ABEV3.SA,-1.0
2018-04-12,15.324455261230469,15.79162352133397,15.271815311354095,15.765303546395781,12543200,-0.023480197296567362,ABEV3.SA,-1.0
2018-04-13,15.304718017578125,15.416575421062367,15.153381899630533,15.317878007401143,13368500,-0.001287957275863283,ABEV3.SA,-1.0
2018-04-16,15.120477676391602,15.383671123869084,15.034940276588426,15.304713717128514,21613800,-0.012038140198003977,ABEV3.SA,-1.0
2018-04-17,15.206019401550293,15.304716807407342,14.98230461227133,15.146800707034945,11712400,0.005657342776429042,ABEV3.SA,-1.0
2018-04-18,15.363935470581055,15.482372859370148,15.166539404264032,15.284976793053126,21079600,0.010385102429545823,ABEV3.SA,-1.0
2018-04-19,15.462628364562988,15.462628364562988,15.225753656099922,15.278392340757799,15997900,0.006423672773874234,ABEV3.SA,-1.0
2018-04-20,15.416572570800781,15.46921126535515,15.271815219522162,15.429732558190741,8479200,-0.0029785229701152494,ABEV3.SA,-1.0
2018-04-23,15.429730415344238,15.495527833145296,15.284973084169193,15.337611771413219,8104000,0.0008534870174956577,ABEV3.SA,-1.0
2018-04-24,15.33761215209961,15.561326892190742,15.317873428271488,15.475789493923111,11955300,-0.005970179696271338,ABEV3.SA,-1.0
2018-04-25,15.24549388885498,15.36393124507049,15.19943519588345,15.278392596690285,9453300,-0.006006036815321303,ABEV3.SA,-1.0
2018-04-26,15.33761215209961,15.52184818952917,15.23891476794301,15.23891476794301,12020200,0.006042327255266544,ABEV3.SA,-1.0
2018-04-27,15.2520751953125,15.47578994187919,15.2520751953125,15.469209948744245,8596100,-0.005576940917455642,ABEV3.SA,-1.0
2018-04-30,15.350773811340332,15.449471206255701,15.278395136066509,15.284975129728263,6094800,0.006471159810316429,ABEV3.SA,-1.0
2018-05-02,14.916505813598633,15.36393538886406,14.830968397153464,15.245498000704906,19421600,-0.028289648657378152,ABEV3.SA,-1.0
2018-05-03,14.870447158813477,15.041523247291634,14.82438845326274,14.830968447627932,11561100,-0.003087764343789323,ABEV3.SA,-1.0
2018-05-04,14.804646492004395,14.988882544595738,14.75200779912193,14.784906511546433,23312500,-0.004424928592015043,ABEV3.SA,-1.0
2018-05-07,14.699369430541992,14.923084193979498,14.626990755604723,14.890184225823713,12905400,-0.007111082423971404,ABEV3.SA,-1.0
2018-05-08,14.765168190002441,14.949402992628187,14.626990833027666,14.640150820359638,23215000,0.0044762981004977664,ABEV3.SA,-1.0
2018-05-09,14.416438102722168,14.70595159010613,14.370379395525875,14.70595159010613,32018000,-0.023618429725467016,ABEV3.SA,-1.0
2018-05-10,14.344057083129883,14.5217131434131,14.271679664315027,14.501974417829704,27321400,-0.0050207283572090144,ABEV3.SA,-1.0
2018-05-11,14.376957893371582,14.4230165957728,14.23220053724716,14.344057923795342,9202600,0.0022936892994098734,ABEV3.SA,-1.0
2018-05-14,14.284839630126953,14.475655693949864,14.27168089693667,14.383538286590142,13097400,-0.006407354318475056,ABEV3.SA,-1.0
2018-05-15,14.120341300964355,14.199299962598399,14.047963887388947,14.15324126623077,13753400,-0.011515588093524598,ABEV3.SA,-1.0
2018-05-16,14.153242111206055,14.304578195450556,14.041384732632851,14.07428344485803,15282900,0.0023300293909647163,ABEV3.SA,-1.0
2018-05-17,13.876890182495117,14.140083674160572,13.817671489994696,14.107184958329476,23567200,-0.019525697825244714,ABEV3.SA,-1.0
2018-05-18,13.574217796325684,13.74529389315115,13.31102428390407,13.692655190666827,64364800,-0.021811254696764593,ABEV3.SA,-1.0
2018-05-21,13.357083320617676,13.672916798306613,13.304444616837136,13.547899406200694,27295100,-0.01599609487382636,ABEV3.SA,-1.0
2018-05-22,13.258384704589844,13.455780767105711,13.186007277839046,13.455780767105711,26645200,-0.007389234135829925,ABEV3.SA,-1.0
2018-05-23,13.192585945129395,13.357082035492631,13.17942721170457,13.199165939344592,19890600,-0.0049628036089246486,ABEV3.SA,-1.0
2018-05-24,13.376819610595703,13.416298313775995,13.074147461204559,13.107046171353911,21344000,0.013964939567767232,ABEV3.SA,-1.0
2018-05-25,13.264966011047363,13.396563399075912,13.139948617920812,13.343924694865633,23578900,-0.00836174836803072,ABEV3.SA,-1.0
2018-05-28,13.001770973205566,13.212325765483298,12.863593606394831,13.07414965367812,12122600,-0.019841365414928425,ABEV3.SA,-1.0
2018-05-29,12.889912605285645,13.133366094764746,12.7583152425904,13.028088706610736,21280400,-0.00860331782112167,ABEV3.SA,-1.0
2018-05-30,12.955711364746094,13.11362744792922,12.791215287887985,12.870172701976815,32485100,0.005104670720069038,ABEV3.SA,-1.0
2018-06-01,13.120208740234375,13.218906145117154,12.896493953163759,12.896493953163759,14595000,0.012696900298033498,ABEV3.SA,-1.0
2018-06-04,13.18600845336914,13.370243288801754,13.159688474018372,13.258385886572372,11908700,0.005015142246402204,ABEV3.SA,-1.0
2018-06-05,13.001770973205566,13.27812445182148,12.982030990802444,13.172847055682613,19039400,-0.013972194907587832,ABEV3.SA,-1.0
2018-06-06,12.850435256958008,13.054410061193837,12.751736596999953,12.975451384228512,17144300,-0.01163962329127588,ABEV3.SA,-1.0
2018-06-07,12.554340362548828,12.909652486066985,12.449062975211326,12.626719036970405,32312300,-0.02304162376514496,ABEV3.SA,-1.0
2018-06-08,12.475384712219238,12.62672209125373,12.383267289767964,12.574083384852182,18958000,-0.006289111817067261,ABEV3.SA,-1.0
2018-06-11,12.495122909545898,12.620140289985262,12.403005500277724,12.449064204911812,14660000,0.0015821714345471971,ABEV3.SA,-1.0
2018-06-12,12.422740936279297,12.554338276083104,12.343783536401205,12.462220891223584,15225500,-0.005792818029129121,ABEV3.SA,-1.0
2018-06-13,12.310885429382324,12.475381501426485,12.172709331267837,12.435902795537407,16002800,-0.009004092371459715,ABEV3.SA,1.0
2018-06-14,12.455642700195312,12.620138771238556,12.317465347916167,12.350365315128071,20899000,0.01175847762074822,ABEV3.SA,-1.0
2018-06-15,12.31746768951416,12.481963791828747,12.106912879352397,12.435905083981568,33244000,-0.011093366597533016,ABEV3.SA,1.0
2018-06-18,12.304193496704102,12.430287334443747,12.0453665719331,12.144914804926042,19846300,-0.001077672224897186,ABEV3.SA,1.0
2018-06-19,12.476744651794434,12.602839771121262,12.211282242020541,12.297558316337442,18676900,0.014023768005319015,ABEV3.SA,-1.0
2018-06-20,12.304193496704102,12.563019155650645,12.224554150815072,12.556382438007853,19540200,-0.01382982179293979,ABEV3.SA,1.0
2018-06-21,12.032093048095703,12.390468203222138,12.032093048095703,12.27764653577394,12710600,-0.02211444810919838,ABEV3.SA,1.0
2018-06-22,12.052003860473633,12.2776472077193,11.985637946726461,12.111733056263633,10671500,0.001654808710200406,ABEV3.SA,1.0
2018-06-25,12.091824531555176,12.244466533486879,12.038732046569056,12.078552359677163,10669300,0.003304070554784655,ABEV3.SA,1.0
2018-06-26,12.005549430847168,12.158190163301525,11.806452933369714,12.125007835663503,19940100,-0.007134994432218433,ABEV3.SA,1.0
2018-06-27,11.912635803222656,12.091822113071352,11.859543328855553,11.905999085698713,11532700,-0.007739223278343199,ABEV3.SA,1.0
2018-06-28,11.9524564743042,12.065278155964885,11.839634792643514,11.899363992688853,10416400,0.003342725467253116,ABEV3.SA,1.0
2018-06-29,11.932546615600586,12.151553265935426,11.89936428845047,12.005549254320414,13306900,-0.0016657545456381095,ABEV3.SA,1.0
2018-07-02,12.038731575012207,12.10509749510148,11.813088206203465,11.899364282066912,7294300,0.008898767617031123,ABEV3.SA,1.0
2018-07-03,12.005549430847168,12.217919365709694,12.005549430847168,12.03873175848519,10977800,-0.0027562824171536437,ABEV3.SA,1.0
2018-07-04,12.012185096740723,12.105096618643751,11.932545745234876,12.018821814851588,7882400,0.0005527165526055811,ABEV3.SA,1.0
2018-07-05,12.211281776428223,12.23119193108636,11.952456094995274,12.045367618417446,11574400,0.016574559756119767,ABEV3.SA,1.0
2018-07-06,12.005549430847168,12.211282647017157,11.932546791053927,12.211282647017157,19331000,-0.016847727318698436,ABEV3.SA,1.0
2018-07-10,12.071914672851562,12.08518684366536,11.952456274755267,12.038731081255598,12608800,0.005527880451174916,ABEV3.SA,1.0
2018-07-11,11.886089324951172,12.118369382648508,11.813086695605715,12.078550342016658,13464200,-0.015393195937533521,ABEV3.SA,1.0
2018-07-12,12.105095863342285,12.14491490369841,11.886089242646886,11.886089242646886,18946300,0.018425449481637157,ABEV3.SA,1.0
2018-07-13,12.237829208374023,12.264374816639672,12.05864160573855,12.111734088094474,11875400,0.010965080039861075,ABEV3.SA,1.0
2018-07-16,12.57629108428955,12.62938355324691,12.297555305807338,12.297555305807338,18208300,0.02765701908014262,ABEV3.SA,-1.0
2018-07-17,12.722297668457031,12.85502950100307,12.549746792477006,12.582929117701232,14126700,0.011609669590891825,ABEV3.SA,-1.0
2018-07-18,12.450200080871582,12.762118280111627,12.383834156443456,12.682480183457656,11851300,-0.021387456470231214,ABEV3.SA,-1.0
2018-07-19,12.52983570098877,12.52983570098877,12.244464434253828,12.350649386021358,10294600,0.006396332556899198,ABEV3.SA,-1.0
2018-07-20,12.470108985900879,12.795300590541018,12.41037978649508,12.74220810949415,14247100,-0.004766759637812146,ABEV3.SA,-1.0
2018-07-23,12.377196311950684,12.549747193443741,12.290921504116458,12.47010910403132,6126000,-0.007450830947447695,ABEV3.SA,-1.0
2018-07-24,12.58956527709961,12.63602230250584,12.390468802942385,12.44356128043928,13453000,0.017158083284489534,ABEV3.SA,-1.0
2018-07-25,12.543108940124512,12.609474850396754,12.403741667794812,12.589564697567745,14883100,-0.003690066809503123,ABEV3.SA,-1.0
2018-07-26,13.200130462646484,13.23331405489065,12.947941490713893,13.04085301734833,33046900,0.05238107439378181,ABEV3.SA,-1.0
2018-07-27,13.1470365524292,13.472228126141642,13.080670640976267,13.239949334793094,16978200,-0.004022226171743526,ABEV3.SA,-1.0
2018-07-30,13.074036598205566,13.133765798368428,12.981123805827439,13.047489724433355,12744700,-0.005552578631124683,ABEV3.SA,-1.0
2018-07-31,12.881574630737305,13.13376485006587,12.76875295700074,13.074035654215658,13110300,-0.014720929226607615,ABEV3.SA,-1.0
2018-08-01,12.908120155334473,13.080669741087224,12.848390965718371,12.908120155334473,9261100,0.0020607360014688325,ABEV3.SA,-1.0
2018-08-02,12.8019380569458,12.901486306497429,12.74884430697195,12.80857350986786,8645900,-0.008225992407174032,ABEV3.SA,-1.0
2018-08-03,12.808573722839355,12.994398053363572,12.748844518950312,12.86166620787132,13735700,0.000518332916784825,ABEV3.SA,-1.0
2018-08-06,12.808573722839355,12.881576364442564,12.722298909346677,12.841757317124765,6327100,0.0,ABEV3.SA,-1.0
2018-08-07,12.722297668457031,12.835119346373794,12.649295033974251,12.80857247353476,14107500,-0.006735804957618607,ABEV3.SA,-1.0
2018-08-08,12.71566104888916,12.82848272768114,12.622749524880911,12.689115441668765,21203400,-0.0005216525930159532,ABEV3.SA,-1.0
2018-08-09,12.788662910461426,12.901484582429788,12.675841238493064,12.689114674212753,14312100,0.005741098421197854,ABEV3.SA,-1.0
2018-08-10,12.549748420715332,12.75548164861197,12.536474982573683,12.715662600011754,18932500,-0.018681741118585338,ABEV3.SA,-1.0
2018-08-13,12.702384948730469,12.748840700993018,12.410377001416059,12.496651789071608,10336600,0.012162516960354752,ABEV3.SA,-1.0
2018-08-14,12.881574630737305,12.914756954732079,12.675841437155754,12.788663110892317,20005300,0.014106774651381215,ABEV3.SA,-1.0
2018-08-15,12.88821029663086,13.001031961157741,12.74220631081789,12.74220631081789,17960100,0.0005151284748776686,ABEV3.SA,-1.0
2018-08-16,12.61611270904541,12.894848544738966,12.589565836205752,12.835119346674306,10816900,-0.021112131267487122,ABEV3.SA,-1.0
2018-08-17,12.728936195373535,12.808574293557609,12.324105187826124,12.576295452333436,20326000,0.008942809003857022,ABEV3.SA,-1.0
2018-08-20,12.709022521972656,12.782025146632554,12.556381821160505,12.642656614629514,13221500,-0.0015644412930686524,ABEV3.SA,-1.0
2018-08-21,12.596200942993164,12.795298666346465,12.509926148950484,12.629384529797584,11065800,-0.008877282165834166,ABEV3.SA,-1.0
2018-08-22,12.543108940124512,12.636021720835434,12.450197425238045,12.596201415177415,11062000,-0.004214921872787825,ABEV3.SA,-1.0
2018-08-23,12.569660186767578,12.715664227539152,12.443565039931965,12.563023466847294,14962400,0.0021167994928379397,ABEV3.SA,-1.0
2018-08-24,12.655930519104004,12.71565971134779,12.569655722432115,12.582927891733945,13921900,0.0068633782500535645,ABEV3.SA,-1.0
2018-08-27,12.69575023651123,12.782026303614025,12.629385588985404,12.675841348583287,14945900,0.003146328699191292,ABEV3.SA,-1.0
2018-08-28,12.675841331481934,12.709023655200081,12.609475418221132,12.695750219383017,11838900,-0.0015681550643649178,ABEV3.SA,-1.0
2018-08-29,12.775389671325684,12.921393669015435,12.662567997621254,12.68911486946913,12853800,0.007853391127302212,ABEV3.SA,-1.0
2018-08-30,12.609474182128906,12.762114881588404,12.430286613637643,12.709022409349258,18010200,-0.012987117689973404,ABEV3.SA,-1.0
2018-08-31,12.50992488861084,12.636019974115099,12.39710323649109,12.582926240577072,26640800,-0.00789480132796938,ABEV3.SA,-1.0
2018-09-03,12.363923072814941,12.556384112650997,12.304195137712837,12.54311067559514,4966100,-0.011670878689992725,ABEV3.SA,-1.0
2018-09-04,11.9524564743042,12.377196327226962,11.9524564743042,12.370559608796968,19372200,-0.033279614899533794,ABEV3.SA,-1.0
2018-09-05,12.038731575012207,12.178100133782145,11.94582004638201,11.952456764973402,15790000,0.007218189908784423,ABEV3.SA,-1.0
2018-09-06,12.15818977355957,12.257738019107185,11.932546408545177,12.111734010025657,16262200,0.009922822666410536,ABEV3.SA,-1.0
2018-09-10,12.138279914855957,12.244464870405832,12.071914001181156,12.158188802881234,11868100,-0.0016375676868369826,ABEV3.SA,-1.0
2018-09-11,12.071914672851562,12.105096998622939,11.87281692074954,12.045367799574791,14217500,-0.005467433810219746,ABEV3.SA,-1.0
2018-09-12,12.244464874267578,12.324102958042841,12.032093697276334,12.085186175068015,14075600,0.014293523943145647,ABEV3.SA,-1.0
2018-09-13,12.164826393127441,12.284284793143113,12.085187037842122,12.198008719431968,10927000,-0.006504039331886258,ABEV3.SA,-1.0
2018-09-14,12.098459243774414,12.244464502638555,11.992274291413848,12.118369397026202,10265000,-0.005455659391121359,ABEV3.SA,-1.0
2018-09-17,12.184735298156738,12.217917621056504,12.038730039419027,12.045366757163876,15714800,0.007131160476216758,ABEV3.SA,-1.0
2018-09-18,12.470108985900879,12.58292940052895,12.131643944542876,12.131643944542876,14866400,0.02342058984139861,ABEV3.SA,-1.0
2018-09-19,12.470108985900879,12.563020511276749,12.31083027693568,12.370559476341482,13022400,0.0,ABEV3.SA,-1.0
2018-09-20,12.443562507629395,12.596203237258402,12.397106743466187,12.596203237258402,7134900,-0.0021288088421278495,ABEV3.SA,-1.0
2018-09-21,12.50992488861084,12.728931476158092,12.476741305149574,12.509924888610842,19894000,0.005333069283073755,ABEV3.SA,-1.0
2018-09-24,12.204645156860352,12.490017713477517,12.171462831319808,12.470108824483022,12892100,-0.024403002773295435,ABEV3.SA,-1.0
2018-09-25,12.211281776428223,12.284284411016825,12.052004336636825,12.11173353478667,11472300,0.00054377816663842,ABEV3.SA,-1.0
2018-09-26,12.410381317138672,12.543111903213967,12.144917613338574,12.2112835392886,10959200,0.016304557077273962,ABEV3.SA,-1.0
2018-09-27,12.264372825622559,12.576292216422678,12.237827221666365,12.47010726894906,25704700,-0.011765028630867036,ABEV3.SA,-1.0
2018-09-28,12.171463012695312,12.277647974996885,12.111733813172602,12.191373167811081,9047100,-0.0075755861508988165,ABEV3.SA,-1.0
2018-10-01,12.231192588806152,12.310830680072023,12.178100106020693,12.178100106020693,6236800,0.004907345653397677,ABEV3.SA,-1.0
2018-10-02,12.111733436584473,12.476744074918837,11.932545843587794,12.470108622577829,26709600,-0.009766762427648068,ABEV3.SA,-1.0
2018-10-03,12.032093048095703,12.436923960555315,11.965728403805134,12.436923960555315,21377300,-0.006575474014991922,ABEV3.SA,-1.0
2018-10-04,11.859545707702637,12.078552366624441,11.720177143393476,12.045368772348597,12303600,-0.014340592256338547,ABEV3.SA,-1.0
2018-10-05,11.71353816986084,11.99891069657978,11.62726337299961,11.97236509209342,16164800,-0.012311393829104844,ABEV3.SA,-1.0
2018-10-08,11.945817947387695,12.178097993974006,11.839633000232425,11.945817947387695,26644000,0.019830026944763546,ABEV3.SA,-1.0
2018-10-09,11.600717544555664,12.038730817426618,11.56089850133773,12.025458646903681,19569800,-0.02888880479779099,ABEV3.SA,-1.0
2018-10-10,11.414895057678223,11.607354830838432,11.414895057678223,11.560899067173024,11261500,-0.01601818906147312,ABEV3.SA,-1.0
2018-10-11,11.275525093078613,11.48125827754965,11.229069335213328,11.48125827754965,14529800,-0.012209482776266323,ABEV3.SA,-1.0
2018-10-15,11.235706329345703,11.401620477703851,11.189250570337341,11.381710324204056,15583600,-0.0035314332063659526,ABEV3.SA,-1.0
2018-10-16,11.554262161254883,11.587444487384895,11.275526317959134,11.282163036350056,13766600,0.02835209666144145,ABEV3.SA,-1.0
2018-10-17,11.315343856811523,11.5144415845726,11.308708405128144,11.481257997033536,14503400,-0.02067793694733089,ABEV3.SA,-1.0
2018-10-18,11.049882888793945,11.368437774674135,11.049882888793945,11.315345293694104,14101200,-0.023460265227183363,ABEV3.SA,-1.0
2018-10-19,11.189250946044922,11.255615594956947,10.990153201835234,11.149430637708262,8740300,0.012612627541267019,ABEV3.SA,-1.0
2018-10-22,11.162703514099121,11.308708772363458,10.996789368489267,11.24234286095462,20248500,-0.002372583479789081,ABEV3.SA,-1.0
2018-10-23,11.036609649658203,11.13615916087431,10.943698122736095,11.056519805066348,23081500,-0.011295996913440742,ABEV3.SA,-1.0
2018-10-24,10.545502662658691,11.083064739264435,10.538865945350821,11.083064739264435,32261600,-0.0444979937307759,ABEV3.SA,1.0
2018-10-25,9.954849243164062,10.01457843988901,9.64956717439054,9.822118046504329,80816400,-0.05600998249103051,ABEV3.SA,1.0
2018-10-26,10.08094310760498,10.280040206921193,9.815480730458184,10.0543968698903,39461900,0.012666576997889312,ABEV3.SA,1.0
2018-10-29,10.240221977233887,10.40613613430942,10.160583257787104,10.273404302319168,31727000,0.01579999687814393,ABEV3.SA,1.0
2018-10-30,10.651688575744629,10.704781056361862,10.273404493118779,10.326497606648303,34851100,0.040181413979649694,ABEV3.SA,1.0
2018-10-31,10.844149589538574,10.8640597444183,10.585323272312774,10.744601346789116,27263000,0.018068591888069863,ABEV3.SA,1.0
2018-11-01,10.864058494567871,10.917150968981224,10.711416523033101,10.864058494567871,22441600,0.0018359120616062707,ABEV3.SA,1.0
2018-11-05,10.923787117004395,10.983516312754803,10.764509683611475,10.950333988815473,19580700,0.005497818560751266,ABEV3.SA,1.0
2018-11-06,11.043244361877441,11.149429306447464,10.724689528167374,10.830874472737397,18079800,0.010935515640642102,ABEV3.SA,-1.0
2018-11-07,10.850786209106445,11.202523414675905,10.830876054407872,11.096338454599325,16523600,-0.017427682161538005,ABEV3.SA,1.0
2018-11-08,10.426045417785645,11.043245637627855,10.406135896606802,10.883968202372593,20668200,-0.039143780287951846,ABEV3.SA,1.0
2018-11-09,10.671597480773926,10.704779802589071,10.426044628450969,10.479137102849867,20738100,0.023551792952042794,ABEV3.SA,1.0
2018-11-12,10.585322380065918,10.757872610759737,10.479137427973647,10.645052206758118,11207200,-0.00808455349477355,ABEV3.SA,1.0
2018-11-13,10.45922565460205,10.72468797764795,10.346404009079517,10.65168536412625,17448400,-0.011912412389189941,ABEV3.SA,1.0
2018-11-14,10.63841724395752,10.68487300993326,10.40613714825414,10.419409952999063,18774300,0.01713239538690181,ABEV3.SA,1.0
2018-11-16,10.950333595275879,10.950333595275879,10.658324344971003,10.684871215828025,19753600,0.029319808028353433,ABEV3.SA,1.0
2018-11-19,10.923787117004395,10.930423834957164,10.664961445968965,10.930423834957164,14540100,-0.0024242620592798136,ABEV3.SA,1.0
2018-11-21,10.870694160461426,10.883967595782403,10.572049460686209,10.784419362523998,14321100,-0.004860306775872791,ABEV3.SA,1.0
2018-11-22,10.950333595275879,11.029972942022471,10.910514554814819,10.970243748418646,7567000,0.007326067097362943,ABEV3.SA,1.0
2018-11-23,10.751238822937012,10.996791087973014,10.684872901151046,10.950335322470238,15008800,-0.018181617081032053,ABEV3.SA,1.0
2018-11-26,10.718053817749023,10.864059079616712,10.578685906680713,10.844148925955343,15378900,-0.003086621526552813,ABEV3.SA,1.0
2018-11-27,10.976881980895996,11.056520072807833,10.492412280408606,10.718055017620902,21281800,0.02414880234304806,ABEV3.SA,1.0
2018-11-28,11.076428413391113,11.102974017736305,10.824238210077365,10.963606746819055,18701500,0.009068734880120388,ABEV3.SA,-1.0
2018-11-29,11.043244361877441,11.182612892765839,10.850784624528421,10.99015188959243,22012600,-0.002995916217320871,ABEV3.SA,-1.0
2018-11-30,11.229068756103516,11.229068756103516,10.93705952280702,11.016698864914936,35082800,0.01682697476726691,ABEV3.SA,-1.0
2018-12-03,11.109610557556152,11.288798130861354,10.996788892788924,11.282161413425113,27568700,-0.010638299679341823,ABEV3.SA,-1.0
2018-12-04,11.049882888793945,11.282162967765807,11.00342712616449,11.14943113240343,33320100,-0.0053762162456345575,ABEV3.SA,-1.0
2018-12-05,10.976881980895996,11.12288599328413,10.903879341789604,11.116249274654036,9199200,-0.006606487021865393,ABEV3.SA,1.0
2018-12-06,10.877330780029297,10.956970125412507,10.76450911246735,10.890604215230574,17966500,-0.009069169281400336,ABEV3.SA,1.0
2018-12-07,10.691507339477539,10.877330361853698,10.658323752750078,10.870693644508206,16990500,-0.017083551498951244,ABEV3.SA,1.0
2018-12-10,10.545502662658691,10.764508637608634,10.445953801777229,10.691507278870851,20788000,-0.013656135863998942,ABEV3.SA,1.0
2018-12-11,10.585322380065918,10.744600441116562,10.538866621753609,10.60523190035516,18074400,0.0037759904559340196,ABEV3.SA,1.0
2018-12-12,10.585322380065918,10.751237158850389,10.532229904019783,10.6848712473366,20917600,0.0,ABEV3.SA,1.0
2018-12-13,10.830875396728516,10.850785550218092,10.63841564296059,10.63841564296059,13558900,0.023197500070949006,ABEV3.SA,1.0
2018-12-14,10.6583251953125,10.910515425276534,10.638416306405839,10.744601266656618,11488300,-0.01593132550191967,ABEV3.SA,1.0
2018-12-17,10.6848726272583,10.744601828752122,10.618506707173538,10.69814606444018,15399600,0.002490769558943118,ABEV3.SA,1.0
2018-12-18,10.538867950439453,10.731328358599164,10.538867950439453,10.731328358599164,13908400,-0.013664615565596283,ABEV3.SA,1.0
2018-12-19,10.430498123168945,10.762378108032683,10.430498123168945,10.701420546610192,13065100,-0.010282871725894371,ABEV3.SA,1.0
2018-12-20,10.301810264587402,10.606597420571836,10.220533732720115,10.586278449087128,14676600,-0.012337652244593489,ABEV3.SA,1.0
2018-12-21,10.27471923828125,10.383087959577189,10.098619743211085,10.335676805492348,46930400,-0.0026297345427995777,ABEV3.SA,1.0
2018-12-26,10.254399299621582,10.46436351589352,10.173122766297432,10.227307121846867,11460500,-0.0019776636410618886,ABEV3.SA,1.0
2018-12-27,10.227307319641113,10.430498333916931,10.19344193528565,10.254399497939788,12544400,-0.0026419860577761023,ABEV3.SA,1.0
2018-12-28,10.416952133178711,10.613370579132438,10.295037012956241,10.3153559843505,15498800,0.018542985715643168,ABEV3.SA,1.0
2019-01-02,10.9384765625,11.040072064074796,10.43049776276913,10.43049776276913,18692900,0.05006497319500958,ABEV3.SA,1.0
2019-01-03,11.06039047241211,11.06039047241211,10.762376560013244,10.843653081576571,22739200,0.011145419493795217,ABEV3.SA,1.0
2019-01-04,11.20939826965332,11.3042218568831,10.857200618901052,11.04007200399779,27484600,0.013472200426637881,ABEV3.SA,1.0
2019-01-07,11.161986351013184,11.263581845017967,11.067164062189626,11.222943905787412,17084500,-0.004229657783548668,ABEV3.SA,1.0
2019-01-08,10.9384765625,11.310995124083439,10.89783862024146,11.202626416822739,22108700,-0.02002419475211914,ABEV3.SA,1.0
2019-01-09,11.094255447387695,11.202625437027114,10.91138407728998,10.972341631274812,16479100,0.014241369353182654,ABEV3.SA,1.0
2019-01-10,11.412590980529785,11.514186485263666,11.026527287426877,11.10780317447121,23347300,0.028693726645445672,ABEV3.SA,1.0
2019-01-11,11.71060562133789,11.71060562133789,11.4329093460446,11.527732937068018,73632000,0.026112794309068654,ABEV3.SA,1.0
2019-01-14,11.879931449890137,11.961207334179804,11.581916859828619,11.676739155452193,31707300,0.01445918631601062,ABEV3.SA,1.0
2019-01-15,11.988301277160645,12.049258842002855,11.717378192592147,11.90025088711878,35536600,0.0091220919689321,ABEV3.SA,-1.0
2019-01-16,12.056032180786133,12.083125009186624,11.893479085954668,11.988302693499227,19990600,0.005649749873614329,ABEV3.SA,-1.0
2019-01-17,12.089895248413086,12.130533189180705,11.839291814656272,11.974753339690794,22422400,0.002808807003760405,ABEV3.SA,-1.0
2019-01-18,12.19149112701416,12.19149112701416,11.93411577163867,12.123760362381594,21264700,0.008403371287638794,ABEV3.SA,-1.0
2019-01-21,12.19149112701416,12.19149112701416,11.947660891079675,12.14407997932843,9103600,0.0,ABEV3.SA,-1.0
2019-01-22,11.879931449890137,12.245675512907415,11.791881068076627,12.116987188949071,22633800,-0.025555502102090122,ABEV3.SA,1.0
2019-01-23,11.636101722717285,11.934116325825407,11.568370954939493,11.92056991389846,26855900,-0.020524506239899765,ABEV3.SA,1.0
2019-01-24,11.62255573272705,11.717378035944153,11.480322277901397,11.649648557564504,24197500,-0.0011641347173674266,ABEV3.SA,1.0
2019-01-28,12.15762710571289,12.191491844092585,11.575144304212017,11.581917510259348,32754800,0.046037324775236366,ABEV3.SA,-1.0
2019-01-29,12.10344409942627,12.32695475649474,11.974755753884693,12.2050396177561,30181400,-0.004456709012004567,ABEV3.SA,-1.0
2019-01-30,12.171170234680176,12.32695136456822,11.940886434174455,12.171170234680176,19243300,0.005595608547249498,ABEV3.SA,-1.0
2019-01-31,11.859612464904785,12.259222577552618,11.859612464904785,12.191491809130502,22631500,-0.02559801266172801,ABEV3.SA,1.0
2019-02-01,12.265995979309082,12.265995979309082,11.873159066420655,11.879932272556642,19948900,0.03426617147962263,ABEV3.SA,-1.0
2019-02-04,12.496278762817383,12.51659708764862,12.12376020800998,12.238902118862176,23329600,0.018774079487450912,ABEV3.SA,-1.0
2019-02-05,12.624966621398926,12.807839308021533,12.415002402604609,12.448867140783483,23156300,0.010298094418672354,ABEV3.SA,-1.0
2019-02-06,12.252449035644531,12.638512725653266,12.252449035644531,12.489506072694942,22891100,-0.029506421436630847,ABEV3.SA,-1.0
2019-02-07,12.699471473693848,12.780748659542589,12.320180954066164,12.320180954066164,41426700,0.03648433360129477,ABEV3.SA,-1.0
2019-02-08,12.340498924255371,12.855250974771414,12.279541359598404,12.63174033498154,38093500,-0.028266731429104408,ABEV3.SA,-1.0
2019-02-11,12.67237663269043,12.692696248885746,12.265994643638805,12.360816935503273,29145400,0.02689337849888296,ABEV3.SA,-1.0
2019-02-12,12.645285606384277,12.902660962487321,12.597874458564522,12.719789576876398,23990500,-0.0021378015419986074,ABEV3.SA,-1.0
2019-02-13,12.45564079284668,12.77397502729874,12.394683228456158,12.77397502729874,32536700,-0.014997274038780928,ABEV3.SA,-1.0
2019-02-14,12.591103553771973,12.64528791716137,12.265997373435583,12.435323670509593,20335700,0.010875615568738173,ABEV3.SA,-1.0
2019-02-15,12.523370742797852,12.692697012373579,12.462413182402038,12.584328303193667,14836400,-0.005379418149081161,ABEV3.SA,-1.0
2019-02-18,12.32017993927002,12.536917361204905,12.252449171951133,12.530144155287324,14494400,-0.0162249291904647,ABEV3.SA,-1.0
2019-02-19,12.40822982788086,12.577556111103812,12.29986110996673,12.320180729022013,16276800,0.00714680216075303,ABEV3.SA,-1.0
2019-02-20,12.29308795928955,12.557237840776448,12.286314752907115,12.401456677694474,22077800,-0.009279475814720106,ABEV3.SA,-1.0
2019-02-21,12.40822982788086,12.469187393189683,12.293087903614971,12.354045468923795,15038500,0.009366391013601927,ABEV3.SA,-1.0
2019-02-22,12.40822982788086,12.40822982788086,12.198265598404364,12.354045468923795,22170000,0.0,ABEV3.SA,-1.0
2019-02-25,12.45564079284668,12.496280030345028,12.360818489064535,12.394683228456158,9837900,0.0038209289820929637,ABEV3.SA,-1.0
2019-02-26,12.523370742797852,12.584328303193667,12.394682416200364,12.475959594013755,12685600,0.005437692935884142,ABEV3.SA,-1.0
2019-02-27,12.435321807861328,12.543690518407912,12.374364246696759,12.482732957243343,16915100,-0.007030769650188673,ABEV3.SA,-1.0
2019-02-28,11.669966697692871,12.293087448561547,11.629328752943623,12.28631424246051,49931300,-0.06154686802593379,ABEV3.SA,1.0
2019-03-01,11.35163402557373,11.669966968569584,11.250038515413946,11.609009404102313,37227300,-0.027277941776995385,ABEV3.SA,1.0
2019-03-06,11.087485313415527,11.358407101348307,11.080712107235085,11.324541070446093,18259400,-0.023269664223063535,ABEV3.SA,1.0
2019-03-07,11.304222106933594,11.412590816001707,11.046845454004135,11.087484688797364,20143000,0.019547876492410854,ABEV3.SA,1.0
2019-03-08,11.236490249633789,11.31099421432943,11.107801935665895,11.236490249633789,20486300,-0.005991730935493655,ABEV3.SA,1.0
2019-03-11,11.588690757751465,11.69028626511085,11.256811411387098,11.304222562031013,24113400,0.03134435222147358,ABEV3.SA,1.0
2019-03-12,11.51418685913086,11.73769749354559,11.432909677590514,11.649648397745777,19858900,-0.006429017753430966,ABEV3.SA,1.0
2019-03-13,11.446455955505371,11.541279548165898,11.338087242627875,11.50064031194412,20265200,-0.0058823870460098515,ABEV3.SA,1.0
2019-03-14,11.283904075622559,11.460003575575332,11.222946506721327,11.460003575575332,20534200,-0.014201066296387621,ABEV3.SA,1.0
2019-03-15,11.35163402557373,11.371953644348487,11.168761332171918,11.283903254848207,31836900,0.006002350737586815,ABEV3.SA,1.0
2019-03-18,11.724150657653809,11.866385397245434,11.36517978945275,11.378724909339203,31559300,0.03281612420210589,ABEV3.SA,1.0
2019-03-19,11.642873764038086,11.79865361004441,11.629327353466191,11.697058114468842,16625600,-0.0069324334008504795,ABEV3.SA,1.0
2019-03-20,11.51418685913086,11.717377875196261,11.51418685913086,11.622555573280003,18926100,-0.011052847219275685,ABEV3.SA,1.0
2019-03-21,11.500638961791992,11.697058038233843,11.297447971965147,11.439681406472577,35961000,-0.0011766264960451078,ABEV3.SA,1.0
2019-03-22,11.324540138244629,11.446455255742947,11.189079901357404,11.310995018855722,33908300,-0.015312090409272727,ABEV3.SA,1.0
2019-03-25,11.189079284667969,11.365178745586778,11.128121729278503,11.27712836919897,17569800,-0.01196170898977067,ABEV3.SA,1.0
2019-03-26,11.507412910461426,11.62255482329711,11.04007205343931,11.270355879110678,30804300,0.028450386103676895,ABEV3.SA,1.0
2019-03-27,11.20262622833252,11.487093111212882,11.141668670041907,11.378724405775543,32628900,-0.02648611677537216,ABEV3.SA,1.0
2019-03-28,11.344860076904297,11.473548403675686,11.161987395469732,11.202626630359802,21093200,0.012696473636873984,ABEV3.SA,1.0
2019-03-29,11.39904499053955,11.493867292885659,11.310995894340593,11.426137815128142,15839700,0.0047761641190764426,ABEV3.SA,1.0
2019-04-01,11.392271041870117,11.514186160858666,11.338086688081528,11.426137070398545,12340900,-0.0005942558060834102,ABEV3.SA,1.0
2019-04-02,11.358405113220215,11.60223403375242,11.32453908824577,11.514184952532384,15431100,-0.002972710930545297,ABEV3.SA,1.0
2019-04-03,11.405817985534668,11.595463878573012,11.371953247282837,11.42613760359994,14753700,0.004174254381829501,ABEV3.SA,1.0
2019-04-04,11.730925559997559,11.785109922950038,11.439684124681555,11.480323365788752,15281900,0.028503661453760376,ABEV3.SA,1.0
2019-04-05,11.812201499938965,11.954434953186263,11.75124393658813,11.764790348856533,16184700,0.006928348451767263,ABEV3.SA,1.0
2019-04-08,11.751243591308594,11.839292684752165,11.622555262253892,11.81220115286835,10742400,-0.00516058828074395,ABEV3.SA,1.0
2019-04-09,11.981528282165527,11.981528282165526,11.656420833321176,11.656420833321176,25773700,0.01959662303547649,ABEV3.SA,1.0
2019-04-10,11.886703491210938,12.028938228028963,11.771561577351354,11.988300285448199,20199100,-0.00791424839314836,ABEV3.SA,1.0
2019-04-11,11.683512687683105,11.94766125679303,11.656419864258023,11.859612164375363,15229900,-0.01709395743555575,ABEV3.SA,1.0
2019-04-12,11.554824829101562,11.852839439588307,11.5141868841715,11.554824829101562,29774300,-0.011014483573695055,ABEV3.SA,1.0
2019-04-15,11.798653602600098,11.7986536026001,11.575142995732149,11.649646961973737,18868300,0.02110190133600609,ABEV3.SA,1.0
2019-04-16,11.87315845489502,11.967980752201077,11.744470128653292,11.771561659944917,13454300,0.006314691049028154,ABEV3.SA,1.0
2019-04-17,11.548050880432129,11.981527001955927,11.487093321028109,11.981527001955927,31512000,-0.02738172624394286,ABEV3.SA,1.0
2019-04-18,11.568370819091797,11.649647997842097,11.419364165215997,11.649647997842097,21532200,0.0017595989894796382,ABEV3.SA,1.0
2019-04-22,11.852838516235352,11.893476457999661,11.473548045435745,11.568370340171427,19577100,0.02459012609399469,ABEV3.SA,1.0
2019-04-23,11.967981338500977,12.144080822022678,11.886704156930586,11.893477363049533,13912000,0.009714366909488348,ABEV3.SA,1.0
2019-04-24,12.00184440612793,12.042483637183095,11.737695863553336,11.988299287633003,21919500,0.002829471960991148,ABEV3.SA,1.0
2019-04-25,12.401453971862793,12.415000381672018,11.920568050345961,11.940886373203059,29435300,0.0332956795816175,ABEV3.SA,-1.0
2019-04-26,12.387911796569824,12.44209615682109,12.225357423958975,12.326954229805018,14151100,-0.001091982869403374,ABEV3.SA,-1.0
2019-04-29,12.428547859191895,12.523370152288976,12.340497479724446,12.39468183175947,15043300,0.003280299641245543,ABEV3.SA,-1.0
2019-04-30,12.509824752807617,12.55723719504658,12.333725271490911,12.448867190357335,25093600,0.0065395325774613156,ABEV3.SA,-1.0
2019-05-02,12.15762710571289,12.550464013459374,12.15762710571289,12.367591325752313,23174500,-0.028153683529074325,ABEV3.SA,-1.0
2019-05-03,12.137306213378906,12.259221325718121,12.008617895703422,12.211810180221054,21902300,-0.0016714521803712357,ABEV3.SA,-1.0
2019-05-06,12.232129096984863,12.320179478765342,11.900249770569962,11.988300152350442,16137000,0.00781251473258826,ABEV3.SA,-1.0
2019-05-07,11.95443344116211,12.347270304260043,11.676738484068235,12.326951980284324,43377300,-0.02270215214546778,ABEV3.SA,1.0
2019-05-08,12.137306213378906,12.184717358875973,11.947660339533815,12.056029041200489,35491400,0.015297485499155439,ABEV3.SA,-1.0
2019-05-09,11.84606647491455,12.076350320640396,11.805428529156167,12.02216596234355,20651100,-0.023995418204356023,ABEV3.SA,1.0
2019-05-10,11.717377662658691,11.873158816797277,11.62932856845597,11.852839198816518,15438500,-0.010863421417427688,ABEV3.SA,1.0
2019-05-13,11.520960807800293,11.64287594204004,11.460003240680418,11.5141876012473,24573100,-0.01676286798234261,ABEV3.SA,1.0
2019-05-14,11.473548889160156,11.615782341723028,11.35163376304514,11.55482477866552,18510000,-0.004115274709383332,ABEV3.SA,1.0
2019-05-15,11.250038146972656,11.392271598166774,11.216172116790514,11.32454082965945,26326100,-0.019480523798409588,ABEV3.SA,1.0
2019-05-16,11.270354270935059,11.358404640346137,11.073936501687598,11.175531988667782,27881900,0.0018058715621216415,ABEV3.SA,1.0
2019-05-17,11.168760299682617,11.493866418882485,11.14166876901107,11.202626327843154,25763700,-0.00901426599467603,ABEV3.SA,1.0
2019-05-20,11.168760299682617,11.317766948018336,11.10780274085053,11.23649106414681,43284300,0.0,ABEV3.SA,1.0
2019-05-21,11.575143814086914,11.669966111020578,11.250037688722717,11.310995248710617,31103500,0.036385731585254266,ABEV3.SA,1.0
2019-05-22,11.656420707702637,11.744471098348448,11.493867630960775,11.629329174174169,16255100,0.007021674626349617,ABEV3.SA,1.0
2019-05-23,11.656420707702637,11.778335838223288,11.561598402567471,11.63610238052054,12687200,0.0,ABEV3.SA,1.0
2019-05-24,11.554824829101562,11.744470725203486,11.419364582049024,11.690286368011076,15540300,-0.008715872663547453,ABEV3.SA,1.0
2019-05-27,11.663192749023438,11.744469925204175,11.548050836350576,11.581916864699588,6924700,0.009378586133901745,ABEV3.SA,1.0
2019-05-28,11.724150657653809,11.886703723003576,11.636101565035698,11.710605537767355,40302300,0.005226519868281709,ABEV3.SA,1.0
2019-05-29,11.690286636352539,11.839293299087757,11.629329071629723,11.730924582215415,17718300,-0.0028883986814995932,ABEV3.SA,1.0
2019-05-30,11.805428504943848,11.873159275640244,11.663193757295717,11.663193757295717,14045800,0.009849362310181409,ABEV3.SA,1.0
2019-05-31,11.886703491210938,11.920569519908991,11.703832103669049,11.778334783090965,23080800,0.006884543515981223,ABEV3.SA,1.0
2019-06-03,11.798653602600098,11.940887037944787,11.72414963635851,11.920568713956584,18578500,-0.007407427019269441,ABEV3.SA,1.0
2019-06-04,11.751243591308594,11.879931920363296,11.663193206008083,11.846065890687353,16407200,-0.004018256056017799,ABEV3.SA,1.0
2019-06-05,11.791882514953613,11.886704822211989,11.758017774320493,11.778336101957546,13357100,0.003458265785169834,ABEV3.SA,1.0
2019-06-06,11.947662353515625,12.022166332916687,11.846066840059569,11.92057081946063,10219400,0.013210769218948926,ABEV3.SA,1.0
2019-06-07,11.927342414855957,12.04248432571527,11.907022798166595,11.988299973067173,11447300,-0.001700745975106055,ABEV3.SA,1.0
2019-06-10,11.95443344116211,12.12375969752944,11.92056870663137,11.927341911908881,14089900,0.0022713380201451194,ABEV3.SA,1.0
2019-06-11,12.00184440612793,12.157625541459138,11.91379532255533,11.974752877281283,24719200,0.003965973393818212,ABEV3.SA,1.0
2019-06-12,11.97475528717041,12.049259267241819,11.80542899926779,12.00184682146916,21035200,-0.0022570796654961534,ABEV3.SA,1.0
2019-06-13,12.089895248413086,12.164397924510912,11.981526545128206,11.988299750565616,17586300,0.009615224568809033,ABEV3.SA,1.0
2019-06-14,11.947662353515625,12.218585445207832,11.92057081946063,12.096670312317748,15962500,-0.011764609367986956,ABEV3.SA,1.0
2019-06-17,12.056032180786133,12.130536167030323,11.852841135211094,11.927345121455284,18256700,0.009070379130576844,ABEV3.SA,1.0
2019-06-18,12.225357055664062,12.23890346828305,12.06957718611675,12.08989680504523,13201000,0.014044826053781101,ABEV3.SA,1.0
2019-06-19,12.326952934265137,12.43532164337832,12.177944990341826,12.225356139096728,23446200,0.008310258599277809,ABEV3.SA,1.0
2019-06-21,12.496278762817383,12.584327851418772,12.381136851965184,12.381136851965184,28297900,0.013736227391732081,ABEV3.SA,1.0
2019-06-24,12.394681930541992,12.530143457637577,12.394681930541992,12.489505516251647,14143300,-0.00813016692438806,ABEV3.SA,1.0
2019-06-25,12.306632995605469,12.475959260656806,12.245675436838436,12.415001701889773,19199900,-0.007103767198701538,ABEV3.SA,1.0
2019-06-26,12.259222030639648,12.374363944263406,12.177944853787684,12.320179590314396,15422800,-0.003852472482339442,ABEV3.SA,1.0
2019-06-27,12.225357055664062,12.225357055664062,12.062803979807256,12.171172697045128,12537000,-0.002762408160236207,ABEV3.SA,1.0
2019-06-28,12.116988182067871,12.326953699381724,12.042485497338854,12.299860874493357,17249500,-0.008864270638703653,ABEV3.SA,1.0
2019-07-01,12.062803268432617,12.265995570163609,11.981527381225767,12.25922236425355,16148600,-0.004471813690091975,ABEV3.SA,1.0
2019-07-02,12.279540061950684,12.360817236856628,12.035711120946594,12.056029445780428,15780800,0.017967365354059073,ABEV3.SA,1.0
2019-07-03,12.760429382324219,12.86202489846694,12.198266148353609,12.205039355010733,40587600,0.03916183488529956,ABEV3.SA,1.0
2019-07-04,12.868795394897461,12.983937300105024,12.794291429217033,12.834930660600978,15014400,0.008492348441138775,ABEV3.SA,1.0
2019-07-05,12.868795394897461,12.916206539655256,12.652057994943645,12.848475779205488,22139900,0.0,ABEV3.SA,1.0
2019-07-08,12.828161239624023,12.990714337541867,12.706246093221345,12.895892020054088,18757800,-0.0031575725642160046,ABEV3.SA,1.0
2019-07-10,12.882341384887695,13.031348019528265,12.746879868409533,12.834930241677368,33415700,0.0042235316700196535,ABEV3.SA,1.0
2019-07-11,12.658832550048828,12.990711890600162,12.597874988329508,12.916207916975004,18302600,-0.01735001644196965,ABEV3.SA,1.0
2019-07-12,12.326952934265137,12.66560547320806,12.25922216810517,12.66560547320806,31136800,-0.026217237211373923,ABEV3.SA,1.0
2019-07-15,12.360817909240723,12.469186620438935,12.259222403974515,12.46241341450693,16291700,0.0027472300053528187,ABEV3.SA,1.0
2019-07-16,12.259222030639648,12.442094709663891,12.211810882416378,12.360817532811929,9964700,-0.008219187382828674,ABEV3.SA,1.0
2019-07-17,12.18471908569336,12.32695383419888,12.144081139773355,12.28631459642187,10416500,-0.006077297952519545,ABEV3.SA,1.0
2019-07-18,12.360817909240723,12.394682647043812,12.13730728091229,12.211811254307415,11537900,0.014452431960793266,ABEV3.SA,1.0
2019-07-19,12.252449035644531,12.543690427575871,12.225356212275605,12.347271333721926,15923300,-0.008767128064816498,ABEV3.SA,1.0
2019-07-22,12.18471908569336,12.360818573822716,12.089896781261016,12.238903444205699,12533800,-0.0055278703673146135,ABEV3.SA,1.0
2019-07-23,12.211812019348145,12.374365096329024,12.16439957485383,12.191492400279152,15130100,0.002223517297710753,ABEV3.SA,1.0
2019-07-24,12.164399147033691,12.340498630533839,12.150854026654429,12.320180304036459,11971400,-0.003882541938848516,ABEV3.SA,1.0
2019-07-25,13.200676918029785,13.356456788938544,12.70624447982876,12.868797557106205,75250600,0.0851893922971767,ABEV3.SA,-1.0
2019-07-26,13.41064167022705,13.525783599264205,13.173585897377382,13.200677432050027,35478100,0.015905604955037678,ABEV3.SA,-1.0
2019-07-29,13.884754180908203,14.006669302364504,13.329364220368982,13.410640106768568,36618000,0.035353454543023854,ABEV3.SA,-1.0
2019-07-30,13.776385307312012,14.06762669580382,13.715427747308754,13.76283889578753,24255200,-0.00780488240441457,ABEV3.SA,-1.0
2019-07-31,13.634150505065918,13.823796389934463,13.437732706324299,13.756065624491631,27074600,-0.01032453717526327,ABEV3.SA,-1.0
2019-08-01,13.830572128295898,14.02021804789209,13.65447262264025,13.65447262264025,26961600,0.014406590506463646,ABEV3.SA,-1.0
2019-08-02,13.877981185913086,13.966031571350126,13.769612474495913,13.823796830204499,15526900,0.003427845007235364,ABEV3.SA,-1.0
2019-08-05,13.654471397399902,13.823797680891326,13.600287038356926,13.647698191037403,20704700,-0.016105353186388394,ABEV3.SA,-1.0
2019-08-06,13.871210098266602,13.938940876209868,13.60028827835068,13.661245849313906,21755600,0.015873093476761913,ABEV3.SA,-1.0
2019-08-07,13.97280502319336,14.033762591556222,13.634152439780598,13.67479167992723,18799000,0.007324157316271451,ABEV3.SA,-1.0
2019-08-08,13.661245346069336,13.830571638761391,13.505465466838347,13.579968157160028,47777900,-0.022297575655487067,ABEV3.SA,-1.0
2019-08-09,13.593513488769531,13.681563877401805,13.498691185802764,13.66124425882736,18921100,-0.00495795629051432,ABEV3.SA,-1.0
2019-08-12,13.193901062011719,13.39032013168698,13.051667632404193,13.39032013168698,26937600,-0.029397287690776763,ABEV3.SA,-1.0
2019-08-13,13.126172065734863,13.275180012209239,13.05844259027226,13.085534122085916,21165200,-0.005133356386297527,ABEV3.SA,-1.0
2019-08-14,12.875570297241211,13.119400550256623,12.760428376856932,13.071988107392645,27713200,-0.019091763176549703,ABEV3.SA,-1.0
2019-08-15,12.71978759765625,12.970389709097097,12.584326089086229,12.909432159426256,21761100,-0.012099091223814695,ABEV3.SA,-1.0
2019-08-16,12.801064491271973,12.83493051704648,12.638511443124715,12.814610901581776,17271500,0.00638979959309216,ABEV3.SA,-1.0
2019-08-19,12.943302154541016,13.03135125783238,12.807840604400518,12.868798172778034,16230300,0.01111139338185696,ABEV3.SA,-1.0
2019-08-20,12.828161239624023,12.916210349883078,12.760430459193959,12.902663935425627,15670100,-0.008895791316792856,ABEV3.SA,-1.0
2019-08-21,12.733336448669434,12.99748633864877,12.699471707525525,12.97039351224799,17575900,-0.007391923844992876,ABEV3.SA,-1.0
2019-08-22,12.509824752807617,12.814612565059022,12.381137713729874,12.814612565059022,26247200,-0.017553270249540343,ABEV3.SA,-1.0
2019-08-23,12.415002822875977,12.672378200576143,12.211811803210425,12.38791128978717,28288000,-0.00757979682412091,ABEV3.SA,1.0
2019-08-26,12.252449035644531,12.550463633418103,12.164398651552444,12.503051192522483,16632700,-0.013093334697590442,ABEV3.SA,1.0
2019-08-27,12.306632995605469,12.44209452438929,12.130533524929252,12.299859789980589,31854400,0.004422296293851602,ABEV3.SA,1.0
2019-08-28,12.29308795928955,12.32695399120173,12.171172828119756,12.1982656536495,15473700,-0.0011006289308176376,ABEV3.SA,1.0
2019-08-29,12.564007759094238,12.584327375013103,12.205036920858689,12.238901655533311,16894600,0.022038384554139645,ABEV3.SA,-1.0
2019-08-30,12.67915153503418,12.794293458504265,12.57755602417399,12.611422055698727,22981700,0.009164573768795758,ABEV3.SA,-1.0
2019-09-02,12.44886589050293,12.814611227015138,12.44886589050293,12.679149704190582,8064200,-0.018162543754993377,ABEV3.SA,1.0
2019-09-03,12.54369068145752,12.767201311347275,12.367591201566052,12.421775557543661,20597800,0.007617142942067501,ABEV3.SA,-1.0
2019-09-04,12.733336448669434,12.773975688270603,12.57755657243615,12.69269850092533,15174900,0.015118817262630202,ABEV3.SA,-1.0
2019-09-05,12.658832550048828,12.86879676716152,12.658832550048828,12.801065999489282,15042800,-0.005851090083180077,ABEV3.SA,-1.0
2019-09-06,12.67915153503418,12.787520252199318,12.584329230478938,12.75365551253159,13073200,0.001605123134776898,ABEV3.SA,-1.0
2019-09-09,12.78074836730957,12.807839900735004,12.638513618290748,12.726564008601688,11456600,0.008012904648600827,ABEV3.SA,-1.0
2019-09-10,12.746881484985352,12.950073785471703,12.685923924025138,12.780747514328207,23425400,-0.002649835623932839,ABEV3.SA,-1.0
2019-09-11,12.807840347290039,13.058443822462104,12.679152006425625,12.801067140733274,28800600,0.004782256928997919,ABEV3.SA,-1.0
2019-09-12,13.119400978088379,13.200676870505989,12.875570717121512,12.936528282363229,22002000,0.024325774084485774,ABEV3.SA,-1.0
2019-09-13,12.936527252197266,13.19390261350032,12.841703662785054,13.10585352174996,16045800,-0.013939182604186251,ABEV3.SA,-1.0
2019-09-16,12.970391273498535,13.024575625090558,12.821384629584681,12.909433716475402,14858800,0.002617705713526597,ABEV3.SA,-1.0
2019-09-17,13.16003704071045,13.207448186477635,12.889115285000223,12.889115285000223,16934100,0.014621437643088209,ABEV3.SA,-1.0
2019-09-18,13.04489517211914,13.173583490913215,12.970391204629388,13.11262593421375,18071900,-0.008749357485478115,ABEV3.SA,-1.0
2019-09-19,13.105853080749512,13.275179344604528,13.004257580807877,13.193902169537097,31691000,0.00467293204169672,ABEV3.SA,-1.0
2019-09-20,13.132944107055664,13.187128457734975,12.93652632028947,13.160036928323729,32308600,0.0020670936976963095,ABEV3.SA,-1.0
2019-09-23,13.146492004394531,13.23454239161633,13.024576878614791,13.031350084697774,13285800,0.001031596360148157,ABEV3.SA,-1.0
2019-09-24,13.105853080749512,13.214221786268173,12.956845141768701,13.187128963960072,16081600,-0.0030912370867783867,ABEV3.SA,-1.0
2019-09-25,13.275178909301758,13.29549723350971,13.038121889306636,13.038121889306636,15272500,0.012919863171742652,ABEV3.SA,-1.0
2019-09-26,13.227768898010254,13.383548758961854,13.126172100830834,13.254860429896345,33348400,-0.003571327483826603,ABEV3.SA,-1.0
2019-09-27,13.173583984375,13.322590633079226,13.078760397147871,13.24808666279867,12432300,-0.0040963002947084215,ABEV3.SA,-1.0
2019-09-30,13.038122177124023,13.248086380334414,12.983937824945317,13.227768055677933,21606700,-0.010282836273837526,ABEV3.SA,-1.0
2019-10-01,13.07875919342041,13.180354685088988,12.94329896848123,13.071985988394935,24459600,0.0031167844375386,ABEV3.SA,-1.0
2019-10-02,12.773975372314453,13.065216789633832,12.699471393412184,13.01103113817252,17900100,-0.023303726033834016,ABEV3.SA,-1.0
2019-10-03,12.584329605102539,12.767202305209034,12.509825625387213,12.733336272676137,19307100,-0.014846260595033023,ABEV3.SA,-1.0
2019-10-04,13.011028289794922,13.119398277136126,12.530142365064759,12.591099917756857,35765000,0.03390714468567091,ABEV3.SA,-1.0
2019-10-07,12.78074836730957,13.05844336716959,12.719790802281077,13.011030922925306,17635100,-0.01769882574661452,ABEV3.SA,-1.0
2019-10-08,12.59787368774414,12.773973148768942,12.52336972181066,12.760426738261618,19185600,-0.014308604966606242,ABEV3.SA,-1.0
2019-10-09,12.645285606384277,12.76042751902806,12.55723651641286,12.665605223388551,13310500,0.003763485792547705,ABEV3.SA,-1.0
2019-10-10,12.475958824157715,12.692696229143287,12.38790973782864,12.611420348202115,23781900,-0.013390506746725706,ABEV3.SA,1.0
2019-10-11,12.584329605102539,12.767202305209034,12.503052418880635,12.55723807093327,18950100,0.00868636891739194,ABEV3.SA,-1.0
2019-10-14,12.67915153503418,12.713017566558916,12.55046449081121,12.658833207976349,7716500,0.007534921041260079,ABEV3.SA,-1.0
2019-10-15,12.794292449951172,12.895889244659662,12.652059004330336,12.679150535557534,12359100,0.009081121445614349,ABEV3.SA,-1.0
2019-10-16,12.794292449951172,12.90266115857378,12.658832210101362,12.90266115857378,22029700,0.0,ABEV3.SA,-1.0
2019-10-17,12.713016510009766,12.848476749279898,12.685923687041598,12.828158423910674,12012200,-0.006352515409456361,ABEV3.SA,-1.0
2019-10-18,12.645285606384277,12.787519049843537,12.55723651641286,12.753654313359968,10737900,-0.005327681559459951,ABEV3.SA,-1.0
2019-10-21,12.862025260925293,12.868798467773292,12.597876653138961,12.597876653138961,21747300,0.017139957236836922,ABEV3.SA,-1.0
2019-10-22,12.713016510009766,12.983938280406933,12.672377275557514,12.780747275573283,23053700,-0.011585170133992406,ABEV3.SA,-1.0
2019-10-23,12.652060508728027,12.767202436812655,12.584329734821116,12.699471662905745,23271200,-0.004794770873910559,ABEV3.SA,-1.0
2019-10-24,12.99748420715332,13.099079705781168,12.60464733176395,12.679150008434048,42853200,0.027301774140821022,ABEV3.SA,-1.0
2019-10-25,11.920568466186523,12.354043260349266,11.90702205590474,12.123759452986112,82318800,-0.08285570682779542,ABEV3.SA,1.0
2019-10-28,11.879931449890137,12.137306805949933,11.724150303263979,12.049257715993313,29041200,-0.003408983087648587,ABEV3.SA,1.0
2019-10-29,11.907023429870605,12.022165346838548,11.764789981069761,11.873158692115243,28627500,0.0022804828541935773,ABEV3.SA,1.0
2019-10-30,11.893477439880371,11.954435003487701,11.737697573709188,11.927343470693879,15607300,-0.0011376470425221719,ABEV3.SA,1.0
2019-10-31,11.771561622619629,11.954434302721667,11.751243297179563,11.832519182653643,20426500,-0.010250645185733709,ABEV3.SA,1.0
2019-11-01,11.737696647644043,11.859611765240006,11.690285500102696,11.81897382332698,14655000,-0.0028768464254149695,ABEV3.SA,1.0
2019-11-04,11.900250434875488,11.967981203443651,11.717377747298537,11.751243777511098,12268600,0.013848865932659216,ABEV3.SA,1.0
2019-11-05,11.995072364807129,12.035711599805428,11.832519300384696,11.913796478524372,16763700,0.007968061718579555,ABEV3.SA,1.0
2019-11-06,11.866384506225586,12.04925717545893,11.751242598766462,11.920568857273597,10565900,-0.010728393682651327,ABEV3.SA,1.0
2019-11-07,11.893477439880371,11.967981415813105,11.81220154964192,11.913797058368475,13188400,0.0022831666747837875,ABEV3.SA,1.0
2019-11-08,11.717377662658691,11.893477142921085,11.636101774449557,11.818974460705537,15252400,-0.014806416215260465,ABEV3.SA,1.0
2019-11-11,11.879931449890137,11.947660922845897,11.663192744118286,11.703831978120007,11838200,0.013872881109693758,ABEV3.SA,1.0
2019-11-12,11.764790534973145,11.873159251120782,11.683513351933916,11.785108861840202,14096800,-0.009692052130322426,ABEV3.SA,1.0
2019-11-13,11.764790534973145,11.818974893046963,11.683513351933916,11.764790534973143,11332700,0.0,ABEV3.SA,1.0
2019-11-14,11.81897258758545,11.927341282594208,11.724149010560227,11.76478824008107,18222200,0.00460544133371843,ABEV3.SA,1.0
2019-11-18,11.893477439880371,11.974754621975807,11.798655137316517,11.913797058368475,9445200,0.006303834935126318,ABEV3.SA,1.0
2019-11-19,11.967981338500977,12.008619283357685,11.791881854979275,11.927343393644268,9754500,0.006264265350248488,ABEV3.SA,1.0
2019-11-21,12.23890209197998,12.23890209197998,11.967980329351308,12.076349034402778,19540600,0.02263713034105863,ABEV3.SA,1.0
2019-11-22,12.32017993927002,12.387910706588904,12.150853666901272,12.205038022384993,17014400,0.006640942682538453,ABEV3.SA,1.0
2019-11-25,12.326952934265137,12.39468240856819,12.205037813548579,12.320179728463449,7860100,0.0005497480579426117,ABEV3.SA,1.0
2019-11-26,12.211812019348145,12.313407530979067,12.001846497872949,12.265996378341772,32541200,-0.009340582018199761,ABEV3.SA,1.0
2019-11-27,12.164399147033691,12.293087479563987,12.02893890024225,12.157627232772548,8765700,-0.003882541938848516,ABEV3.SA,1.0
2019-11-28,12.19826602935791,12.2795419247364,12.110215635531304,12.164399996402652,5109500,0.0027840982456150964,ABEV3.SA,1.0
2019-11-29,12.225357055664062,12.293087826901985,12.08989680504523,12.25922308721153,8325200,0.0022208915792583106,ABEV3.SA,1.0
2019-12-02,12.171170234680176,12.29985854481143,12.116985887023343,12.225354582337006,10259800,-0.004432330339078416,ABEV3.SA,1.0
2019-12-03,12.10344409942627,12.259223980322483,12.022166909648142,12.259223980322483,97511800,-0.005564471940498361,ABEV3.SA,1.0
2019-12-04,12.394681930541992,12.550463074258973,12.157626195910016,12.19149093175548,21779200,0.02406239321000614,ABEV3.SA,1.0
2019-12-05,12.29308795928955,12.428549503224218,12.259223219234396,12.381138350404191,34121900,-0.008196577517822545,ABEV3.SA,1.0
2019-12-06,12.496278762817383,12.55046311546213,12.293086471506925,12.33372441302627,19544400,0.016528865993697295,ABEV3.SA,-1.0
2019-12-09,12.489506721496582,12.530144666804096,12.354045181328877,12.496279927690665,13479000,-0.0005419246360724994,ABEV3.SA,-1.0
2019-12-10,12.442095756530762,12.57755600687234,12.38791139802273,12.455640877265015,14715500,-0.0037960638496808974,ABEV3.SA,1.0
2019-12-11,12.496278762817383,12.530143498774024,12.367590440839779,12.503050676523216,29652200,0.00435481347731792,ABEV3.SA,-1.0
2019-12-12,12.665606498718262,12.719790857662058,12.482733802836568,12.509825336379958,17463900,0.013550252768425253,ABEV3.SA,-1.0
2019-12-13,12.875570297241211,12.889116709488063,12.726563638096781,12.733335552363231,15663000,0.01657747684993982,ABEV3.SA,-1.0
2019-12-16,12.922980308532715,13.051668629814445,12.87556916170704,12.882342367233116,17117700,0.003682167872724129,ABEV3.SA,-1.0
2019-12-17,12.807840347290039,13.071988943718576,12.79429393417651,12.97039342908122,14087800,-0.008909706468147482,ABEV3.SA,-1.0
2019-12-18,12.929754257202148,12.997485024498909,12.760427984888718,12.84170387215928,31759400,0.00951869375369796,ABEV3.SA,-1.0
2019-12-19,12.983939170837402,12.983939170837402,12.841704424213956,12.92975481304204,27270600,0.0041907148857891485,ABEV3.SA,-1.0
2019-12-20,13.144227981567383,13.213737649620695,12.873141734524777,12.94265140257809,25816100,0.012345160326228122,ABEV3.SA,-1.0
2019-12-23,13.178982734680176,13.26239460518492,13.053866917603118,13.213738233134947,16331900,0.0026441076008063558,ABEV3.SA,-1.0
2019-12-26,13.359704971313477,13.380558266674539,13.088618760551999,13.178980388877003,20726100,0.01371291246612949,ABEV3.SA,-1.0
2019-12-27,13.318001747131348,13.457021085934473,13.269345376286255,13.380560317014087,13210500,-0.00312156774956307,ABEV3.SA,-1.0
2019-12-30,12.977404594421387,13.450068710572149,12.977404594421387,13.345804879253373,17430500,-0.025574193424574676,ABEV3.SA,-1.0
2020-01-02,13.345804214477539,13.38055838125712,13.053864705855016,13.109472168174236,16011300,0.028387773331388422,ABEV3.SA,-1.0
2020-01-03,13.158129692077637,13.318000994617268,13.130325295573389,13.172031890329759,20059000,-0.014062436357062169,ABEV3.SA,-1.0
2020-01-06,13.220685958862305,13.324949776044729,12.991305030746426,13.10947104376287,14644300,0.0047541913819508785,ABEV3.SA,-1.0
2020-01-07,13.248493194580078,13.366659244788154,13.10947516984438,13.241542094475276,18036600,0.0021033126272191893,ABEV3.SA,-1.0
2020-01-08,13.185932159423828,13.318000385202536,13.109472724109027,13.269344019333154,14051700,-0.004722124564463193,ABEV3.SA,-1.0
2020-01-09,13.081669807434082,13.26239441950859,12.866191023178075,13.20678694854618,21199500,-0.007907089975070947,ABEV3.SA,-1.0
2020-01-10,13.130324363708496,13.234589517413083,13.046913831688629,13.081667999065823,11697800,0.0037192924902267332,ABEV3.SA,-1.0
2020-01-13,13.352752685546875,13.45006672945897,13.14422505362418,13.158127249295385,19314500,0.016940047760979793,ABEV3.SA,-1.0
2020-01-14,13.276294708251953,13.60993948601531,13.192882850917865,13.345804368399277,21324400,-0.005726008643721858,ABEV3.SA,-1.0
2020-01-15,13.03996467590332,13.206787090584722,13.03996467590332,13.206787090584722,17408600,-0.01780090285294289,ABEV3.SA,-1.0
2020-01-16,12.998259544372559,13.15813086111601,12.984357344885291,13.137277561885107,10783600,-0.003198254946796708,ABEV3.SA,-1.0
2020-01-17,12.998259544372559,13.109474488697284,12.907896573492025,13.039964817047652,16556000,0.0,ABEV3.SA,-1.0
2020-01-20,13.067767143249512,13.123374612233214,12.914846934990994,12.998258801359865,8035600,0.005347454298759935,ABEV3.SA,-1.0
2020-01-21,13.02606201171875,13.151179149711549,12.97045454214269,12.984356740983367,11249000,-0.0031914504653769438,ABEV3.SA,-1.0
2020-01-22,13.24153995513916,13.262393252084458,13.046914486796,13.102521952863555,13925400,0.016542063382360528,ABEV3.SA,-1.0
2020-01-23,12.963501930236816,13.227638374245608,12.921796664367298,13.137275418110733,20155900,-0.020997408597814515,ABEV3.SA,-1.0
2020-01-24,13.199835777282715,13.213737976394505,13.012160066633573,13.08166973640585,12738200,0.01823071021377798,ABEV3.SA,-1.0
2020-01-27,12.89399242401123,13.060816141055827,12.831433861566136,12.98435538122593,12916900,-0.023170239269025505,ABEV3.SA,-1.0
2020-01-28,13.067767143249512,13.172032307657261,12.859239466007294,12.942651332376164,13373600,0.013477184841110823,ABEV3.SA,-1.0
2020-01-29,12.720219612121582,13.144227374454497,12.664612145404691,13.10947320492641,12931800,-0.026595785440473252,ABEV3.SA,-1.0
2020-01-30,12.748023986816406,12.748023986816404,12.428280059395027,12.650711251673046,15925300,0.0021858407749759667,ABEV3.SA,-1.0
2020-01-31,12.407426834106445,12.643758874816012,12.358770471452084,12.511690657763854,20960400,-0.02671764291173251,ABEV3.SA,-1.0
2020-02-03,12.226704597473145,12.595104925833528,12.226704597473145,12.456085583791612,18733100,-0.014565649997348218,ABEV3.SA,-1.0
2020-02-04,12.26840877532959,12.469986670729314,12.219752407691471,12.358771737331736,16492600,0.003410909090341807,ABEV3.SA,-1.0
2020-02-05,11.990371704101562,12.511692212975543,11.962567307250708,12.442182546635022,36940300,-0.022662847017873133,ABEV3.SA,-1.0
2020-02-06,11.726235389709473,12.150241792969075,11.64282353328911,12.150241792969075,19619000,-0.02202903470471529,ABEV3.SA,-1.0
2020-02-07,11.76098918914795,11.934762669291516,11.628920973018637,11.635872071318753,77239000,0.0029637644379010286,ABEV3.SA,-1.0
2020-02-10,11.628923416137695,11.88610880412825,11.524659571304065,11.802696932789315,17027200,-0.011229138203112443,ABEV3.SA,-1.0
2020-02-11,11.677578926086426,11.767941890510988,11.552463117000032,11.712334422321495,21283300,0.004184008115593052,ABEV3.SA,-1.0
2020-02-12,11.573314666748047,11.726236193030383,11.455148635432865,11.621971033915491,36408300,-0.008928585282816148,ABEV3.SA,-1.0
2020-02-13,11.309178352355957,11.587215654111201,11.309178352355957,11.49685402821066,15697100,-0.022822875036051293,ABEV3.SA,-1.0
2020-02-14,11.406493186950684,11.503805929123194,11.191014403945834,11.309180444778173,23398800,0.008604942955422912,ABEV3.SA,-1.0
2020-02-17,11.538561820983887,11.69148203901885,11.434297975697016,11.503806322030448,19609100,0.011578373113332763,ABEV3.SA,-1.0
2020-02-18,11.246623039245605,11.510758220689612,11.177113362301348,11.469052944837781,18027400,-0.02530114118792215,ABEV3.SA,-1.0
2020-02-19,11.21186637878418,11.295278247651435,11.121504736149106,11.225768577893168,18162400,-0.0030904085911069856,ABEV3.SA,-1.0
2020-02-20,11.239670753479004,11.37869009270459,11.177112183406159,11.197965482026,23155100,0.0024799059991864603,ABEV3.SA,-1.0
2020-02-21,11.29527759552002,11.29527759552002,11.031141793739124,11.191013759795617,27991000,0.004947372859992694,ABEV3.SA,-1.0
2020-02-26,10.996386528015137,11.163208923764863,10.940779062765229,11.086748824769558,42590700,-0.026461595563036955,ABEV3.SA,-1.0
2020-02-27,10.078863143920898,10.405557514196046,9.925942276127147,10.356900482733808,91108200,-0.08343862611201358,ABEV3.SA,-1.0
2020-02-28,10.106666564941406,10.106666564941406,9.73826693669511,10.078862831920805,45807500,0.002758587017552383,ABEV3.SA,-1.0
2020-03-02,10.231782913208008,10.41250683258683,10.009352403145002,10.14142062207198,31307000,0.012379586034886314,ABEV3.SA,-1.0
2020-03-03,10.245687484741211,10.5098233380101,10.190080006462857,10.252638585249361,26696400,0.001358958810126154,ABEV3.SA,-1.0
2020-03-04,10.641890525817871,10.808712943875308,10.266539753741954,10.47506744486707,35799500,0.03867022507437601,ABEV3.SA,-1.0
2020-03-05,10.586280822753906,10.794809145896105,10.384703598391543,10.454213260403364,45949800,-0.005225547371404793,ABEV3.SA,-1.0
2020-03-06,10.648838996887207,10.773956118779516,10.217880831683216,10.329095756523827,43528300,0.005909362804625395,ABEV3.SA,-1.0
2020-03-09,10.197029113769531,10.412507884255405,10.058010445247469,10.183126915470675,46283500,-0.04242808847516111,ABEV3.SA,-1.0
2020-03-10,10.0232572555542,10.398608053543475,9.550593042199774,10.148374409181761,52663200,-0.01704142022902333,ABEV3.SA,-1.0
2020-03-11,9.55754280090332,9.960697280564503,8.966712617144697,9.828629708079626,39788900,-0.046463384384633266,ABEV3.SA,-1.0
2020-03-12,8.049189567565918,8.81379333727052,7.917121981180847,8.674773987947221,36313400,-0.15781809872667707,ABEV3.SA,1.0
2020-03-13,8.827693939208984,9.098780846196814,8.090894647744603,8.758184934804914,51339000,0.09671835469996104,ABEV3.SA,-1.0
2020-03-16,7.666885852813721,8.18125586417682,7.249829893065133,7.9171200915561,52067300,-0.13149618625079784,ABEV3.SA,1.0
2020-03-17,8.12564754486084,8.278568391209815,7.680787865144859,7.680787865144859,70142000,0.05983677086815575,ABEV3.SA,1.0
2020-03-18,7.778102397918701,7.792004597590255,7.333242614722847,7.458359097299998,62802600,-0.04277137852994217,ABEV3.SA,1.0
2020-03-19,8.132599830627441,8.452343103559823,7.201173745872531,7.520917018804913,53157300,0.04557633913428538,ABEV3.SA,1.0
2020-03-20,8.375883102416992,8.68172418059695,8.17430586243869,8.271618601322018,49887100,0.029914575517824504,ABEV3.SA,-1.0
2020-03-23,8.000533103942871,8.535755206461017,7.771152108164611,8.535755206461017,50158000,-0.04481318493638098,ABEV3.SA,1.0
2020-03-24,7.847610950469971,8.751233250460619,7.847610950469971,8.42453889663232,33699600,-0.019113995465819156,ABEV3.SA,1.0
2020-03-25,8.097844123840332,8.389783631239087,7.687739256678497,7.8545616429368605,33700300,0.03188654164301763,ABEV3.SA,1.0
2020-03-26,8.897202491760254,9.230847262040811,8.264667117600103,8.271617553144358,45899600,0.09871249133662419,ABEV3.SA,-1.0
2020-03-27,8.681724548339844,9.189143550884815,8.327226422808975,8.695626747565372,38232500,-0.024218617438454992,ABEV3.SA,-1.0
2020-03-30,8.723430633544922,9.050125029151408,8.598313489931085,8.758185469314693,29822100,0.004803894084966398,ABEV3.SA,-1.0
2020-03-31,8.28551959991455,8.619164364150627,8.236863237520094,8.619164364150627,27574800,-0.05019940571848369,ABEV3.SA,1.0
2020-04-01,8.12564754486084,8.28551948942868,7.951874066748482,8.063089649570689,25192600,-0.019295356570680267,ABEV3.SA,1.0
2020-04-02,8.334177017211914,8.507950519636983,7.972728476872288,8.11869824542508,18013700,0.02566312053283193,ABEV3.SA,-1.0
2020-04-03,7.917120456695557,8.299421605040273,7.757248500915345,8.299421605040273,22886300,-0.05004172093477777,ABEV3.SA,1.0
2020-04-06,8.243814468383789,8.737331226938982,8.118698001169388,8.341127865455688,19126100,0.041264246701203655,ABEV3.SA,1.0
2020-04-07,8.626114845275879,9.015367705260699,8.549654757999027,8.792937215458014,37535900,0.04637420921568114,ABEV3.SA,-1.0
2020-04-08,8.556608200073242,8.81379292362174,8.355030948486942,8.68867578026012,22934300,-0.008057699955235642,ABEV3.SA,-1.0
2020-04-09,8.410636901855469,8.841595063196948,8.410636901855469,8.695625309928605,23748200,-0.017059481374468444,ABEV3.SA,-1.0
2020-04-13,8.410636901855469,8.507949628772208,8.27161758415744,8.417587337425783,17076200,0.0,ABEV3.SA,-1.0
2020-04-14,8.4036865234375,8.751233521674662,8.4036865234375,8.542705190153706,21281900,-0.0008263795594879442,ABEV3.SA,-1.0
2020-04-15,8.278568267822266,8.382832750871602,8.146500718098281,8.285519365937528,35812700,-0.01488849628865685,ABEV3.SA,1.0
2020-04-16,7.958826065063477,8.355030090735367,7.924071232931796,8.313324159598693,26018500,-0.03862288652031609,ABEV3.SA,1.0
2020-04-17,8.063090324401855,8.202108985948108,7.986629563381466,8.132599323728348,16763000,0.013100457088271344,ABEV3.SA,1.0
2020-04-20,8.07004165649414,8.236864731768753,7.847611773319111,7.924071879937192,22065800,0.0008621176016405663,ABEV3.SA,1.0
2020-04-22,8.076991081237793,8.195157097895192,8.000530990474326,8.097843712738158,22788300,0.0008611386458037273,ABEV3.SA,1.0
2020-04-23,8.028335571289062,8.229912798212814,7.951874809525839,8.15345203644959,23608700,-0.006023964798197334,ABEV3.SA,1.0
2020-04-24,7.722493648529053,8.02833536181544,7.423603696822717,7.958825700734009,50923200,-0.03809530880270651,ABEV3.SA,1.0
2020-04-27,8.07004165649414,8.2299136321962,7.826759137494786,7.889317707861099,26166300,0.045004635003006666,ABEV3.SA,1.0
2020-04-28,8.132599830627441,8.466245302027597,8.04918862850073,8.299422234880865,27108700,0.007751902257277621,ABEV3.SA,1.0
2020-04-29,8.111746788024902,8.278569183891822,8.097844590256022,8.216010619718409,27558700,-0.0025641299260792394,ABEV3.SA,1.0
2020-04-30,7.8823652267456055,8.118697267643805,7.819806667343938,8.014432781009951,35747500,-0.028277702358501244,ABEV3.SA,1.0
2020-05-04,8.17430591583252,8.229913384955735,7.715543964119332,7.74334769868094,30157800,0.03703719387377946,ABEV3.SA,1.0
2020-05-05,8.299422264099121,8.445392034058083,8.229913260195476,8.271618529959001,25595500,0.015306051615253224,ABEV3.SA,1.0
2020-05-06,8.222963333129883,8.382835324395495,8.063092004757678,8.320276747939099,67031600,-0.009212560650152413,ABEV3.SA,1.0
2020-05-07,8.021385192871094,8.549656822219738,7.8823665174881175,8.097845298608398,56937900,-0.024514050725076397,ABEV3.SA,1.0
2020-05-08,8.368932723999023,8.452343934324059,8.181257666491037,8.216011840289772,23218000,0.043327620201659034,ABEV3.SA,1.0
2020-05-11,8.299422264099121,8.584411367651997,8.285520728475717,8.368931930896078,20136100,-0.008305773530783878,ABEV3.SA,1.0
2020-05-12,8.146501541137695,8.549655992048725,8.139550442320164,8.271618005386909,33395400,-0.01842546602586015,ABEV3.SA,1.0
2020-05-13,7.8267598152160645,8.264669182805603,7.778102776888295,8.229914344826739,46230300,-0.039248961570438445,ABEV3.SA,1.0
2020-05-14,8.16040325164795,8.2160107175994,7.840659990980474,7.854562188914978,36918000,0.04262855182846503,ABEV3.SA,1.0
2020-05-15,8.090893745422363,8.257716132859548,8.00748255170377,8.125647912301845,30012000,-0.008517900902942355,ABEV3.SA,1.0
2020-05-18,8.410636901855469,8.62611565107959,8.243813853196482,8.334176144542907,30350600,0.03951889204007997,ABEV3.SA,1.0
2020-05-19,8.299422264099121,8.584411367651997,8.299422264099121,8.473195768198204,17951200,-0.013223093453459178,ABEV3.SA,1.0
2020-05-20,8.438441276550293,8.514901376802445,8.24381448208307,8.32027524522851,14121900,0.016750444552330768,ABEV3.SA,1.0
2020-05-21,8.257716178894043,8.584410519949692,8.16040278756657,8.438440764405104,38005800,-0.021416881593816384,ABEV3.SA,1.0
2020-05-22,8.16040325164795,8.33417674846955,8.111746884663752,8.27161818355085,11924400,-0.011784484370486958,ABEV3.SA,1.0
2020-05-25,8.528803825378418,8.612215027075129,8.34807922358889,8.34807922358889,12781100,0.045144898158810065,ABEV3.SA,1.0
2020-05-26,8.709527015686035,8.827693040323268,8.549655725231688,8.584410555341448,30153500,0.021189746417880517,ABEV3.SA,1.0
2020-05-27,9.300357818603516,9.355965285685992,8.78598841664397,8.813792150185208,36754400,0.06783730067699234,ABEV3.SA,1.0
2020-05-28,8.911104202270508,9.397670496241691,8.848545640880312,9.335111934851497,41520600,-0.04185361723979941,ABEV3.SA,1.0
2020-05-29,8.674772262573242,8.918055412607684,8.48709723894394,8.90415387817634,46234500,-0.026521061176352223,ABEV3.SA,1.0
2020-06-01,8.758184432983398,8.897203096719442,8.521852373185485,8.563557640859658,20420100,0.00961548820941771,ABEV3.SA,1.0
2020-06-02,9.015368461608887,9.244749405576627,8.785987517641148,8.869398709730032,25304000,0.029364993463363298,ABEV3.SA,1.0
2020-06-03,9.20999526977539,9.474131062719916,9.196093071934126,9.20999526977539,29826800,0.021588336516172868,ABEV3.SA,1.0
2020-06-04,9.300357818603516,9.369866821009962,9.161339150897327,9.24475035152104,20130800,0.009811356703370855,ABEV3.SA,1.0
2020-06-05,9.766071319580078,9.960697463675313,9.467180672549544,9.599248910355591,50766300,0.05007479390147718,ABEV3.SA,1.0
2020-06-08,10.148372650146484,10.30824395172123,9.891187287180797,9.96764805131941,47678900,0.03914586716153989,ABEV3.SA,-1.0
2020-06-09,9.953746795654297,10.134471411593873,9.807777015532848,10.134471411593873,23940800,-0.01917803584886868,ABEV3.SA,-1.0
2020-06-10,9.703511238098145,10.09276412851659,9.599247414305767,10.07886193180122,27039100,-0.025139835550709644,ABEV3.SA,1.0
2020-06-12,9.432425498962402,9.536689998147407,9.182191894126337,9.397671328794038,29856400,-0.027936870735141617,ABEV3.SA,1.0
2020-06-15,9.335111618041992,9.335111618041992,9.084877380973516,9.168288572365267,22964800,-0.010316951979224775,ABEV3.SA,1.0
2020-06-16,9.216947555541992,9.550592391975714,9.119634146802142,9.529739755421948,36070000,-0.012658023528248297,ABEV3.SA,1.0
2020-06-17,9.57144546508789,9.731316779708582,9.321211180786499,9.342063816847165,28294300,0.038461530502334806,ABEV3.SA,1.0
2020-06-18,9.508885383605957,9.710462601222481,9.397670458423494,9.536689114901572,26894400,-0.006536116379717516,ABEV3.SA,1.0
2020-06-19,9.620100975036621,9.731315907921369,9.522787577315825,9.661806243421758,33153700,0.011695965083605708,ABEV3.SA,1.0
2020-06-22,9.80777645111084,9.856433483613426,9.508886471219647,9.522788007010872,24735500,0.019508680476558515,ABEV3.SA,1.0
2020-06-23,9.682659149169922,9.953745371396854,9.592296854129856,9.912040104697294,16293000,-0.012756948791053158,ABEV3.SA,1.0
2020-06-24,9.508885383605957,9.661805574285221,9.335111897285048,9.62010030878842,16263500,-0.017946905172104732,ABEV3.SA,1.0
2020-06-25,9.856433868408203,9.918992439144297,9.564494313568655,9.59229804912988,25008900,0.03654986581302633,ABEV3.SA,1.0
2020-06-26,9.696560859680176,9.932892918242597,9.613149661874603,9.807775790087604,19150700,-0.016220167543603337,ABEV3.SA,1.0
2020-06-29,9.912039756774902,10.030205779764685,9.647903979673815,9.793873733785121,22168000,0.022222198180668506,ABEV3.SA,1.0
2020-06-30,9.828628540039062,10.287390433899933,9.807775244577579,9.918990831692453,34581800,-0.008415141462566056,ABEV3.SA,1.0
2020-07-01,9.981550216674805,10.183127462585377,9.898139011080085,9.912041210125873,20736100,0.015558801109715636,ABEV3.SA,-1.0
2020-07-02,9.849481582641602,10.231783397738644,9.731315555013547,10.14142110232347,27363800,-0.013231274818672367,ABEV3.SA,1.0
2020-07-03,9.828628540039062,9.842530074120148,9.745217346872836,9.800824808983654,7029000,-0.0021171715919841017,ABEV3.SA,1.0
2020-07-06,9.981550216674805,10.016305051395937,9.807776705962471,9.995452415720592,24349100,0.015558801109715636,ABEV3.SA,-1.0
2020-07-07,10.044109344482422,10.078864181133971,9.842532087375476,9.925943297603174,22581000,0.006267476138436701,ABEV3.SA,-1.0
2020-07-08,10.224832534790039,10.336047466206644,9.967647840165819,10.12056870231029,39365200,0.017992953293254788,ABEV3.SA,-1.0
2020-07-09,10.176177024841309,10.329097236968211,10.092765819255725,10.273489766577821,31569000,-0.004758563016380002,ABEV3.SA,-1.0
2020-07-10,10.32214641571045,10.419459153820846,10.113618078070107,10.162274447125306,20193200,0.01434422676736169,ABEV3.SA,-1.0
2020-07-13,9.731314659118652,10.391653735551634,9.71741246284546,10.36385000589845,36972600,-0.05723923424420163,ABEV3.SA,1.0
2020-07-14,9.668757438659668,9.752168639153215,9.49498393857479,9.745218202948724,36408700,-0.006428444937844557,ABEV3.SA,1.0
2020-07-15,9.932892799377441,10.04410772845398,9.745217772284098,9.786923039241167,31872500,0.027318439043847675,ABEV3.SA,-1.0
2020-07-16,9.766071319580078,9.981550099105041,9.63400308177403,9.912041093374835,23008200,-0.016794853540332055,ABEV3.SA,1.0
2020-07-17,9.842531204223633,9.863383839186147,9.606199131670772,9.842531204223633,49831400,0.007829134371593272,ABEV3.SA,1.0
2020-07-20,9.814726829528809,9.939843956926163,9.752168265830132,9.807775730697118,34419700,-0.002824921162850158,ABEV3.SA,1.0
2020-07-21,10.203980445861816,10.210930882276614,9.745218497819453,9.856433435175987,41081700,0.039660157953850694,ABEV3.SA,-1.0
2020-07-22,10.224832534790039,10.516772061205268,10.127519138353868,10.18312660406217,35800700,0.0020435249791839194,ABEV3.SA,-1.0
2020-07-23,10.009352684020996,10.349949225673852,10.002402248271828,10.224832101683283,21059900,-0.021074169189164937,ABEV3.SA,-1.0
2020-07-24,10.377753257751465,10.398605891389089,9.939843974001716,10.071911537564368,32629400,0.03680563422633565,ABEV3.SA,-1.0
2020-07-27,10.621036529541016,10.697497296637415,10.342999184354072,10.37775401822577,42001500,0.023442768944986758,ABEV3.SA,-1.0
2020-07-28,10.488967895507812,10.711397749162114,10.447261966501003,10.558476893328155,44883300,-0.012434627605871773,ABEV3.SA,-1.0
2020-07-29,10.530673027038574,10.711397612269648,10.454212931545387,10.53762412559975,39734800,0.003976094878564984,ABEV3.SA,-1.0
2020-07-30,10.113617897033691,11.065896603555458,10.09971569875631,10.982485402571065,108380100,-0.0396038438316384,ABEV3.SA,-1.0
2020-07-31,9.661805152893066,10.308242705938811,9.564492429049253,10.29434117234393,67776600,-0.0446737012155799,ABEV3.SA,-1.0
2020-08-03,9.529738426208496,9.724364553648268,9.453278327580474,9.689609722310704,35573500,-0.013668949496981386,ABEV3.SA,-1.0
2020-08-04,9.314258575439453,9.529737989544195,9.154387286662743,9.50888535685446,40601100,-0.02261130800573019,ABEV3.SA,-1.0
2020-08-05,9.161337852478027,9.488031509562564,9.070975565552558,9.453277344731633,47510100,-0.016417916866153903,ABEV3.SA,-1.0
2020-08-06,9.216947555541992,9.307309864466133,9.04317403750942,9.196094256094861,35028900,0.0060700417296502,ABEV3.SA,-1.0
2020-08-07,9.251701354980469,9.404621556429653,9.091829391601223,9.168289492325817,44280200,0.003770640901344713,ABEV3.SA,-1.0
2020-08-10,9.203043937683105,9.390719626425492,9.070976376003594,9.300357331426557,28095600,-0.0052592939860914845,ABEV3.SA,-1.0
2020-08-11,9.321211814880371,9.488034240500825,9.244751702194344,9.300359177401162,40751000,0.012840086171208132,ABEV3.SA,-1.0
2020-08-12,9.369866371154785,9.439376033117309,9.112681682522664,9.404621202136047,44719600,0.005219767262100161,ABEV3.SA,-1.0
2020-08-13,9.182190895080566,9.425474037149115,9.175239796645869,9.418522938714418,22611700,-0.02002968544481909,ABEV3.SA,-1.0
2020-08-14,9.216947555541992,9.32121140120419,9.140486783355907,9.203045355910572,22032000,0.0037852252102541506,ABEV3.SA,-1.0
2020-08-17,8.931957244873047,9.300356841305694,8.8624475868775,9.182190820449204,33507900,-0.03092024869964516,ABEV3.SA,1.0
2020-08-18,9.091830253601074,9.216947396552166,8.966713110649984,9.050124981212946,30227500,0.017898989476219818,ABEV3.SA,-1.0
2020-08-19,8.931957244873047,9.175239722071003,8.897202415875274,9.091828530212284,15809100,-0.01758424918510826,ABEV3.SA,1.0
2020-08-20,8.952811241149902,9.064026180572718,8.744282898285459,8.806841467434124,21512900,0.002334762214499575,ABEV3.SA,1.0
2020-08-21,9.015368461608887,9.015368461608887,8.827692782238975,8.938907705024155,19407800,0.006987438780285293,ABEV3.SA,-1.0
2020-08-24,8.938907623291016,9.112681104277263,8.911103892848946,9.077926938394592,18335400,-0.008481166204517554,ABEV3.SA,1.0
2020-08-25,8.862447738647461,8.99451529562879,8.82769290905451,8.959761128929078,14960200,-0.008553604966711204,ABEV3.SA,1.0
2020-08-26,8.827693939208984,8.994516345250734,8.681724168199125,8.855497673549277,29757700,-0.003921467348904306,ABEV3.SA,1.0
2020-08-27,8.813790321350098,8.918054134771985,8.758182865806003,8.827691853789542,20747000,-0.0015749999891967459,ABEV3.SA,1.0
2020-08-28,8.862447738647461,8.931957397833365,8.688674253575943,8.869398837144699,23050600,0.00552060073173033,ABEV3.SA,1.0
2020-08-31,8.556608200073242,8.820743360446999,8.556608200073242,8.799890724184513,38488000,-0.03450960136447523,ABEV3.SA,1.0
2020-09-01,8.792939186096191,8.813792484212396,8.646969413749373,8.68867534708846,31742100,0.02761970403423719,ABEV3.SA,1.0
2020-09-02,8.869401931762695,8.91110721151101,8.723432126856649,8.862450830840153,18202600,0.008695925679482741,ABEV3.SA,1.0
2020-09-03,8.758184432983398,9.098780324860027,8.688674769668738,8.834644532314904,37438600,-0.012539458650645874,ABEV3.SA,1.0
2020-09-04,8.758184432983398,8.841595631225026,8.626116205264198,8.82074233449466,22149500,0.0,ABEV3.SA,1.0
2020-09-08,8.584409713745117,8.723428357661831,8.563556419987723,8.723428357661831,20712000,-0.019841408977852137,ABEV3.SA,1.0
2020-09-09,8.584409713745117,8.667820900095146,8.459292602773484,8.62611497547354,17716100,0.0,ABEV3.SA,1.0
2020-09-10,8.556608200073242,8.772086988203414,8.514902264654918,8.5635586368985,30209800,-0.003238605169014752,ABEV3.SA,1.0
2020-09-11,8.368932723999023,8.60526481803331,8.368932723999023,8.598313718116215,25286500,-0.021933396000603622,ABEV3.SA,1.0
2020-09-14,8.73733139038086,8.744282489493155,8.42453922215379,8.42453922215379,24419600,0.04401979063894301,ABEV3.SA,1.0
2020-09-15,8.959762573242188,9.00841894477978,8.68867565418986,8.765135761305126,29444700,0.025457565121795422,ABEV3.SA,1.0
2020-09-16,8.73038101196289,8.994516151045937,8.723429912804574,8.980614615622605,18729400,-0.025601299075081685,ABEV3.SA,1.0
2020-09-17,9.147436141967773,9.216945801107064,8.619164588610225,8.702576444734671,58483500,0.04777055313318046,ABEV3.SA,1.0
2020-09-18,8.890252113342285,9.154387909319976,8.890252113342285,9.112681978210537,46869000,-0.02811542213949403,ABEV3.SA,1.0
2020-09-21,8.848546028137207,8.89720305739975,8.695625830150002,8.827693394392275,18966300,-0.004691215127913706,ABEV3.SA,1.0
2020-09-22,8.897202491760254,8.952809953473679,8.737330542164228,8.841595030046827,13753000,0.005498808896775342,ABEV3.SA,1.0
2020-09-23,8.64696979522705,8.869400344692925,8.64696979522705,8.813792873049794,27736600,-0.028124873719008292,ABEV3.SA,1.0
2020-09-24,8.806839942932129,8.918054863103162,8.591360537930843,8.688673924527103,30902200,0.018488574782963063,ABEV3.SA,1.0
2020-09-25,8.925007820129395,8.973664192114477,8.688675734098966,8.792939577750813,26495500,0.013417738707980131,ABEV3.SA,1.0
2020-09-28,8.674772262573242,9.015368805200112,8.633066996385955,9.015368805200112,37732800,-0.0280375729186223,ABEV3.SA,1.0
2020-09-29,8.584409713745117,8.820741076956939,8.535752691204381,8.660869802176014,25217400,-0.010416705602519172,ABEV3.SA,1.0
2020-09-30,8.71647834777832,8.81379174211377,8.591361221188924,8.653919784483623,23817800,0.015384707677889464,ABEV3.SA,1.0
2020-10-01,8.827693939208984,8.883301407889567,8.674773068890724,8.72343010115622,20845400,0.012759234520328011,ABEV3.SA,1.0
2020-10-02,8.709527015686035,8.918055333451344,8.709527015686035,8.76513447870435,19312900,-0.013385933442719433,ABEV3.SA,1.0
2020-10-05,8.904155731201172,8.925008368634414,8.716480005621822,8.730382205839577,17239400,0.022346645824119493,ABEV3.SA,1.0
2020-10-06,9.272555351257324,9.522788987298611,8.959763140482368,8.987566877820289,55433200,0.04137389677105929,ABEV3.SA,-1.0
2020-10-07,9.404622077941895,9.63400305572877,9.314259774132925,9.335113072399606,36817600,0.014242754201155838,ABEV3.SA,-1.0
2020-10-08,9.508885383605957,9.578394380398375,9.335111897285048,9.460228356668697,43108600,0.011086389734746183,ABEV3.SA,-1.0
2020-10-09,9.432425498962402,9.682659766691772,9.411572864282723,9.48108253040606,24268300,-0.008040888238633914,ABEV3.SA,-1.0
2020-10-13,9.55754280090332,9.640954003982188,9.43242566483836,9.439376764151595,19256200,0.013264594769890392,ABEV3.SA,-1.0
2020-10-14,9.59229850769043,9.710464555197914,9.564494770800044,9.571445870745984,23282200,0.0036364688614132223,ABEV3.SA,-1.0
2020-10-15,9.342063903808594,9.543641155320365,9.342063903808594,9.46022994740791,17291600,-0.026087032600290216,ABEV3.SA,-1.0
2020-10-16,9.223897933959961,9.362916604934746,9.16133936629798,9.362916604934746,26454900,-0.012648807700882725,ABEV3.SA,1.0
2020-10-19,9.140485763549805,9.397671124889941,9.133535327402921,9.216946527205145,20184800,-0.009043050021515842,ABEV3.SA,1.0
2020-10-20,9.300357818603516,9.342063087468723,9.18219178532993,9.28645562038625,20035400,0.01749054253672644,ABEV3.SA,-1.0
2020-10-21,9.293408393859863,9.418525548784057,9.196094977486222,9.258653554948319,20369800,-0.0007472212230105191,ABEV3.SA,-1.0
2020-10-22,9.432425498962402,9.432425498962402,9.216946727188006,9.321210563479706,21189900,0.014958678152397598,ABEV3.SA,-1.0
2020-10-23,9.654855728149414,9.661806164227775,9.390719933266512,9.43937630028145,25463400,0.023581445643167775,ABEV3.SA,-1.0
2020-10-26,9.870333671569824,10.016303423358172,9.634001629351241,9.634001629351241,35347700,0.022318090449779504,ABEV3.SA,-1.0
2020-10-27,9.536690711975098,9.912041478771103,9.474132140360204,9.898139279348525,31147200,-0.03380260188728379,ABEV3.SA,-1.0
2020-10-28,9.293408393859863,9.425476649145049,9.161340801468095,9.349015870960969,30778700,-0.0255101403057717,ABEV3.SA,-1.0
2020-10-29,8.959762573242188,9.43242607806264,8.77208686092288,9.383769706525047,79877400,-0.03590134065754769,ABEV3.SA,1.0
2020-10-30,8.466243743896484,8.931956700563928,8.466243743896484,8.820741121969833,46496800,-0.05508168607275021,ABEV3.SA,1.0
2020-11-03,8.883299827575684,8.938907286363857,8.58440990231255,8.619164066885261,40584400,0.04926105322444374,ABEV3.SA,1.0
2020-11-04,8.911104202270508,9.126583617848596,8.876350035181062,9.015368692218582,32125300,0.0031299601763428164,ABEV3.SA,1.0
2020-11-05,9.265602111816406,9.286454744281727,9.001466336647148,9.09877972630737,23251900,0.039781591764528335,ABEV3.SA,1.0
2020-11-06,9.20999526977539,9.376817666510897,9.126584071407637,9.175240438065508,20836200,-0.006001427793893788,ABEV3.SA,1.0
2020-11-09,9.884236335754395,9.905088969026442,9.467179692953872,9.59924791709445,57332800,0.07320753661966295,ABEV3.SA,1.0
2020-11-10,10.572380065917969,10.600183800189619,9.800825942709695,9.807776379107622,88015400,0.0696203233905226,ABEV3.SA,-1.0
2020-11-11,10.35689926147461,10.600182401418556,10.25263543743762,10.565427572441816,44074400,-0.020381484878509215,ABEV3.SA,1.0
2020-11-12,10.162274360656738,10.461164997494476,10.085814258092963,10.356900498114815,28783200,-0.018791811709691242,ABEV3.SA,1.0
2020-11-13,10.502869606018066,10.572379267897144,10.120568454362935,10.210930086755166,31182600,0.03351565144510782,ABEV3.SA,-1.0
2020-11-16,10.676643371582031,10.73920193629861,10.440311973498583,10.614085469758733,24432100,0.016545360656900154,ABEV3.SA,-1.0
2020-11-17,10.746153831481934,10.906025141698194,10.502870653534293,10.621036692778194,32058700,0.006510516225063601,ABEV3.SA,-1.0
2020-11-18,10.315194129943848,10.801759753208641,10.294341497446378,10.760053825320465,31701300,-0.04010362296094683,ABEV3.SA,1.0
2020-11-19,10.238733291625977,10.495918629597371,10.190076928552418,10.356899312998813,30028900,-0.007412447827415458,ABEV3.SA,1.0
2020-11-23,10.190077781677246,10.231783712727127,9.932893085067287,10.120568780451825,23466400,-0.004752102487963539,ABEV3.SA,1.0
2020-11-24,10.252636909484863,10.495920084358781,10.15532350695663,10.231784274262143,30059900,0.0061392198516978524,ABEV3.SA,1.0
2020-11-25,10.071911811828613,10.252636409324657,10.064960712795697,10.252636409324657,19138400,-0.017627182085133475,ABEV3.SA,1.0
2020-11-26,10.0232572555542,10.141423308892804,9.974600879318329,10.00240461758074,10458000,-0.004830717065778201,ABEV3.SA,1.0
2020-11-27,9.953746795654297,10.148373611078467,9.953746795654297,10.064961739957619,17499400,-0.006934917275657537,ABEV3.SA,1.0
2020-11-30,9.717414855957031,10.07886409335585,9.717414855957031,10.023256620355012,41880800,-0.023743013012993863,ABEV3.SA,1.0
2020-12-01,10.203980445861816,10.245685715923859,9.786923767881495,9.793874867189608,26702100,0.050071505345530065,ABEV3.SA,1.0
2020-12-02,10.342998504638672,10.377753336226371,10.064960514830355,10.155322811801062,18287100,0.013623904858935054,ABEV3.SA,1.0
2020-12-03,10.217883110046387,10.329098059685485,9.939845735948639,10.245686847456161,32918200,-0.012096626963271184,ABEV3.SA,1.0
2020-12-04,10.245687484741211,10.294344525404842,10.120570990061632,10.245687484741211,18361200,0.002721148245225624,ABEV3.SA,1.0
2020-12-07,10.405556678771973,10.586280603044049,10.32214548382488,10.370801848487371,25164600,0.015603559475033002,ABEV3.SA,1.0
2020-12-08,10.461165428161621,10.551527732853392,10.259588183201005,10.363852023979716,23395100,0.005344139780920409,ABEV3.SA,1.0
2020-12-09,10.607132911682129,10.62103444476612,10.405555710265324,10.440310537315087,23965900,0.013953271700260172,ABEV3.SA,1.0
2020-12-10,10.906023979187012,11.065895935255293,10.676643024609561,10.683594123328456,144062500,0.028178308878896052,ABEV3.SA,1.0
2020-12-11,10.773958206176758,10.982486562100789,10.648841060043667,10.885173152564676,31872700,-0.012109433581137141,ABEV3.SA,1.0
2020-12-14,10.648838996887207,10.885171043620128,10.614084830044446,10.829563581199821,21900800,-0.011613114409318892,ABEV3.SA,1.0
2020-12-15,10.815662384033203,11.010288508568388,10.64883932868121,10.64883932868121,19882900,0.015665875612802527,ABEV3.SA,1.0
2020-12-16,10.996386528015137,11.107601458514955,10.70444700400648,10.843466330024526,36866900,0.016709484594187307,ABEV3.SA,1.0
2020-12-17,11.1632080078125,11.19101240104935,10.912974434719828,10.996385625750719,58329100,0.015170572566938878,ABEV3.SA,1.0
2020-12-18,11.315677642822266,11.451237166809,11.158714126715656,11.230060993922121,33239900,0.013658227536659684,ABEV3.SA,-1.0
2020-12-21,11.001750946044922,11.265735807967472,10.923269180744933,11.165849368150546,24879600,-0.027742633422972562,ABEV3.SA,1.0
2020-12-22,11.065962791442871,11.237196092407167,11.037423907948822,11.058827900464197,15406100,0.005836511452845805,ABEV3.SA,1.0
2020-12-23,11.058828353881836,11.222926770595576,11.058828353881836,11.115906123210152,11560800,-0.000644719099051394,ABEV3.SA,1.0
2020-12-28,11.251465797424316,11.372755541129127,11.058827824841298,11.108770700509199,11958000,0.01741933569977694,ABEV3.SA,-1.0
2020-12-29,11.379891395568848,11.422700064352027,11.258600961173999,11.34421761831965,13638800,0.011414121542628664,ABEV3.SA,-1.0
2020-12-30,11.165847778320312,11.486911046153276,11.165847778320312,11.451236593704493,19432700,-0.01880893321458943,ABEV3.SA,1.0
2021-01-04,11.04455852508545,11.308544057649208,10.973211653934191,11.26573539062191,17835200,-0.010862520754613803,ABEV3.SA,1.0
2021-01-05,11.280006408691406,11.429835739067903,10.86619151683476,10.966077963892676,37105800,0.021317998638984648,ABEV3.SA,-1.0
2021-01-06,11.508316040039062,11.579663594531024,11.151580308841378,11.172984303020684,28371600,0.020240204045606003,ABEV3.SA,-1.0
2021-01-07,11.451237678527832,11.586797888992956,11.35135192389108,11.436969257037827,32540100,-0.004959749220706744,ABEV3.SA,-1.0
2021-01-08,11.793705940246582,11.950669467226664,11.436969538239817,11.486912416786144,30188800,0.02990665911693635,ABEV3.SA,-1.0
2021-01-11,11.486913681030273,11.836515230172916,11.451239220398456,11.708089893581429,23618800,-0.02601321931975309,ABEV3.SA,-1.0
2021-01-12,11.98634147644043,12.064823913236147,11.536854249431446,11.536854249431446,30598100,0.043477979314402004,ABEV3.SA,-1.0
2021-01-13,11.536856651306152,11.857919995184673,11.40129642157505,11.77230264986989,44066900,-0.037499751364313716,ABEV3.SA,-1.0
2021-01-14,11.656357765197754,11.778226257294904,11.505813690335605,11.555995960174352,17183300,0.010358203928803489,ABEV3.SA,-1.0
2021-01-15,11.434126853942871,11.663526731813139,11.419789746136713,11.48430844042324,27742000,-0.019065210225306828,ABEV3.SA,-1.0
2021-01-18,11.627683639526367,11.814070848874357,11.484309809715988,11.584671627315975,13979800,0.016927990047333807,ABEV3.SA,-1.0
2021-01-19,11.663525581359863,11.713706479227021,11.455631727536588,11.677863371415313,16980100,0.0030824662026112115,ABEV3.SA,-1.0
2021-01-20,11.484308242797852,11.749550543787386,11.398282862787148,11.69936964183407,18321500,-0.015365623139578788,ABEV3.SA,-1.0
2021-01-21,11.190388679504395,11.520150327977563,11.104363990815322,11.43412563928849,23062400,-0.02559314475713259,ABEV3.SA,-1.0
2021-01-22,10.860627174377441,11.147376824122524,10.71725269133663,11.054183239230131,36117500,-0.02946827984008482,ABEV3.SA,-1.0
2021-01-26,11.039846420288086,11.247739609901837,10.889303028935815,10.903640820332948,28714100,0.016501740003879384,ABEV3.SA,-1.0
2021-01-27,11.039846420288086,11.176052703906747,10.874965921202206,11.039846420288086,27437800,0.0,ABEV3.SA,-1.0
2021-01-28,11.140209197998047,11.29792148913914,10.939484898877089,11.032678494384847,20208100,0.009090957780492515,ABEV3.SA,-1.0
2021-01-29,10.831953048706055,11.233402313455919,10.803278150057029,11.039846234827365,23141500,-0.027670588928203177,ABEV3.SA,-1.0
2021-02-01,11.183222770690918,11.254909684192924,10.910810858590665,11.011172674226193,22235900,0.03242902922541968,ABEV3.SA,-1.0
2021-02-02,11.190388679504395,11.68503081038242,11.061351988302514,11.37677584682911,34642100,0.0006407731438791142,ABEV3.SA,-1.0
2021-02-03,11.240571975708008,11.412621379336953,11.197559282968992,11.25490908417864,17825900,0.004484499836500344,ABEV3.SA,-1.0
2021-02-04,11.183222770690918,11.312259488459967,11.075691374942515,11.176053874241639,12952800,-0.00510198281199814,ABEV3.SA,-1.0
2021-02-05,11.125872611999512,11.340934029318158,11.118703715778604,11.240572216879743,11336800,-0.005128231804673478,ABEV3.SA,-1.0
2021-02-08,10.710084915161133,11.161715096669502,10.659904011770271,11.140209092882495,35731300,-0.03737124370720746,ABEV3.SA,-1.0
2021-02-09,10.724422454833984,10.85345984185148,10.624059966746653,10.645566653691914,16168600,0.0013386952378460215,ABEV3.SA,-1.0
2021-02-10,10.760266304016113,10.839122105558342,10.667072711104286,10.753097408331314,25616400,0.0033422638219526846,ABEV3.SA,-1.0
2021-02-11,10.717253684997559,10.910809767795996,10.631228987197208,10.839122177797273,17224700,-0.003997356366775118,ABEV3.SA,-1.0
2021-02-12,10.602553367614746,10.731590747380503,10.573878470296076,10.674240952743162,17542300,-0.010702398277963154,ABEV3.SA,1.0
2021-02-17,10.946654319763184,11.039847236076934,10.760267119808535,10.88213562103553,30687100,0.032454536206296014,ABEV3.SA,-1.0
2021-02-18,10.602553367614746,10.910809026538065,10.602553367614746,10.889302340801452,30823900,-0.03143434898891384,ABEV3.SA,1.0
2021-02-19,10.67424201965332,10.760266720207659,10.509360830843177,10.581048423136899,25717400,0.00676145165725317,ABEV3.SA,-1.0
2021-02-22,10.452009201049805,10.67424015133224,10.272790935347766,10.437672095298623,39438200,-0.02081954092799676,ABEV3.SA,1.0
2021-02-23,10.530866622924805,10.638398009199204,10.337311221492543,10.50936061913534,28897400,0.007544714165299338,ABEV3.SA,1.0
2021-02-24,10.523699760437012,10.602555573554014,10.394662353824078,10.538036870247547,16385700,-0.0006805577113845329,ABEV3.SA,1.0
2021-02-25,10.17959976196289,10.573880176461987,10.165262652821907,10.52369926897316,33159300,-0.03269762595924075,ABEV3.SA,1.0
2021-02-26,10.050562858581543,10.308636971303759,10.036225066042965,10.186768469380151,33969400,-0.012676029156225455,ABEV3.SA,1.0
2021-03-01,9.871344566345215,10.236949388915958,9.871344566345215,10.150924684566162,19850200,-0.017831667216856917,ABEV3.SA,1.0
2021-03-02,10.02905559539795,10.158092986200725,9.570257199056595,9.684956798141934,42904000,0.015976651204175907,ABEV3.SA,1.0
2021-03-03,10.158092498779297,10.358816787547173,9.770981028609496,9.993211320258055,40193500,0.012866306518487969,ABEV3.SA,1.0
2021-03-04,10.595385551452637,10.631229347667345,10.22261184834491,10.287130544798673,37825700,0.04304873702674872,ABEV3.SA,1.0
2021-03-05,10.810445785522461,11.004001841589277,10.681408414811251,10.717252204860301,39950600,0.020297537359585727,ABEV3.SA,1.0
2021-03-08,10.530866622924805,10.932315901088195,10.487854615345874,10.602554213774404,40360600,-0.02586194576472267,ABEV3.SA,1.0
2021-03-09,10.867796897888184,10.946653382319388,10.416166729134655,10.466348314771833,31116200,0.0319945439466407,ABEV3.SA,1.0
2021-03-10,10.946654319763184,10.975329221012855,10.631229722353229,10.917978734849939,37414300,0.007256063268013646,ABEV3.SA,1.0
2021-03-11,10.81761646270752,11.183221950855286,10.774603770828676,11.018340762927187,19424400,-0.011787880870842704,ABEV3.SA,1.0
2021-03-12,10.774603843688965,10.917978344815399,10.702916934957521,10.71008514726618,17805500,-0.003976164173211005,ABEV3.SA,1.0
2021-03-15,10.968159675598145,10.968159675598145,10.71725379176653,10.731591583374522,11348000,0.0179640787463895,ABEV3.SA,1.0
2021-03-16,10.788941383361816,10.982496784440823,10.688578893088255,10.917978089526644,16891900,-0.016339868996897544,ABEV3.SA,1.0
2021-03-17,11.054184913635254,11.082859814586875,10.616892503207138,10.767435904119042,23843400,0.024584759602316764,ABEV3.SA,1.0
2021-03-18,10.968159675598145,11.068521482199966,10.867797185332792,10.932315880241696,20329000,-0.0077821421216681674,ABEV3.SA,1.0
2021-03-19,11.183222770690918,11.204728776375159,10.95382286995915,11.004004461440509,32656900,0.019607947135492854,ABEV3.SA,1.0
2021-03-22,11.140209197998047,11.240571689390295,10.953822006982529,10.960990902867021,22475500,-0.003846259130740104,ABEV3.SA,1.0
2021-03-23,10.810445785522461,11.147376318122049,10.810445785522461,11.047013842717393,16016400,-0.02960118671154277,ABEV3.SA,1.0
2021-03-24,10.609723091125488,10.960990781617353,10.581048191568266,10.760266484716793,25521500,-0.018567476159566332,ABEV3.SA,1.0
2021-03-25,10.745927810668945,10.839121397492903,10.545203530251523,10.566709532237521,21553400,0.012837726147385098,ABEV3.SA,1.0
2021-03-26,10.860627174377441,10.989664550945902,10.745927587944793,10.760265378080605,16410500,0.01067375155774064,ABEV3.SA,1.0
2021-03-29,10.968159675598145,11.018340578899055,10.760266482926976,10.803278490423889,13766000,0.00990113181257124,ABEV3.SA,1.0
2021-03-30,11.17605209350586,11.276413893150245,10.810446636809495,10.846290429681126,15332100,0.018954174998950135,ABEV3.SA,1.0
2021-03-31,10.960990905761719,11.233402796472443,10.960990905761719,11.183221892594837,14580700,-0.01924303733955457,ABEV3.SA,1.0
2021-04-01,10.753097534179688,11.0398465282924,10.745928638410987,11.03267831618723,15974100,-0.018966658522885038,ABEV3.SA,1.0
2021-04-05,10.946654319763184,11.032679023512197,10.824785818536188,10.846291823557548,20988000,0.018000095783401893,ABEV3.SA,1.0
2021-04-06,11.032679557800293,11.097197575988837,10.867798354882176,10.946654849885295,12645800,0.007858587247228543,ABEV3.SA,1.0
2021-04-07,10.910808563232422,11.06135193867879,10.817614979988152,10.917976774510096,11811200,-0.011046364025111721,ABEV3.SA,1.0
2021-04-08,11.075691223144531,11.23340352454917,10.853460905571417,10.896472916350401,19194000,0.015111864437594047,ABEV3.SA,1.0
2021-04-09,11.011171340942383,11.211896315235915,10.903640641877892,10.910809537459128,16710000,-0.005825359420216003,ABEV3.SA,1.0
2021-04-12,11.11870288848877,11.183221582349264,11.011171504166773,11.111533992801267,11987600,0.009765677439470544,ABEV3.SA,1.0
2021-04-13,11.204728126525879,11.283583931903703,11.018340931636233,11.111534529081057,19448300,0.007736985051212342,ABEV3.SA,1.0
2021-04-14,11.333765983581543,11.398283999528628,11.197559688033781,11.211897480686632,21466700,0.011516375551333669,ABEV3.SA,-1.0
2021-04-15,11.376778602600098,11.491478898965903,11.269247886607703,11.319428796249005,17705700,0.003795086212373233,ABEV3.SA,-1.0
2021-04-16,11.3265962600708,11.441295858262743,11.269246460974829,11.31942736426792,13563400,-0.0044109448097924275,ABEV3.SA,-1.0
2021-04-19,11.276413917541504,11.520150889199625,11.118702322426767,11.14020832473087,20032500,-0.0044304874453945375,ABEV3.SA,1.0
2021-04-20,11.197558403015137,11.326595787428294,11.133039710808559,11.233402196870292,12697600,-0.006992960271146154,ABEV3.SA,1.0
2021-04-22,11.398283004760742,11.54882707982285,11.226233609923366,11.391114792723494,22839800,0.017925747249646573,ABEV3.SA,-1.0
2021-04-23,11.362439155578613,11.505812958300586,11.340932469873186,11.455632058981548,22545200,-0.003144670926942039,ABEV3.SA,-1.0
2021-04-26,11.17605209350586,11.362439269507554,11.097195612455574,11.183220988812883,19142000,-0.016403789672329583,ABEV3.SA,1.0
2021-04-27,10.960990905761719,11.183221892594837,10.903641105997727,11.118703196944463,18054400,-0.01924303733955457,ABEV3.SA,1.0
2021-04-28,10.903640747070312,11.04701524176067,10.882134743782638,10.968159440596853,11855100,-0.005232205663199596,ABEV3.SA,1.0
2021-04-29,10.939484596252441,11.08285909165831,10.903640801485093,10.903640801485093,14243200,0.003287328518390531,ABEV3.SA,1.0
2021-04-30,10.710084915161133,10.968159695259363,10.688578911374126,10.89647210441796,29652900,-0.020969880168750787,ABEV3.SA,1.0
2021-05-03,10.609723091125488,10.745928693106414,10.47351680548103,10.695747789797156,25143600,-0.00937077762040639,ABEV3.SA,1.0
2021-05-04,10.495023727416992,10.609723328208945,10.423336135090247,10.56671063608019,16889200,-0.010810778257204112,ABEV3.SA,1.0
2021-05-05,10.652735710144043,10.695748403780764,10.444842505504297,10.502192307910876,18070800,0.015027310735377108,ABEV3.SA,1.0
2021-05-06,11.599007606506348,11.677864089332246,11.269245935256368,11.35527062988721,73311200,0.08882900337621447,ABEV3.SA,1.0
2021-05-07,11.620512962341309,11.706538340907757,11.46997025900878,11.606176538686071,22279100,0.0018540686034982379,ABEV3.SA,1.0
2021-05-10,11.82840633392334,11.935937027129981,11.53448846773928,11.577500471556547,29355000,0.017890206074013593,ABEV3.SA,1.0
2021-05-11,12.093649864196777,12.186842766078229,11.649187938163013,11.720875522017096,25719300,0.022424282932581585,ABEV3.SA,1.0
2021-05-12,12.093649864196777,12.351723251813764,11.935936906252408,11.935936906252408,35518800,0.0,ABEV3.SA,1.0
2021-05-13,12.10081958770752,12.287206792617717,12.014795565334925,12.186844977407295,19320300,0.0005928502636716182,ABEV3.SA,1.0
2021-05-14,12.315882682800293,12.423413397088295,12.229857290973563,12.258532877358212,20899500,0.017772605692860877,ABEV3.SA,1.0
2021-05-17,12.473591804504395,12.566786074238292,12.258530419056383,12.351723321463338,16843500,0.012805344591691359,ABEV3.SA,1.0
2021-05-18,12.487930297851562,12.609798787753423,12.373230703511814,12.4377493962438,15746000,0.0011495079822949616,ABEV3.SA,1.0
2021-05-19,12.588293075561523,12.616968660029825,12.423412566850157,12.45208815131846,17538900,0.008036782342325077,ABEV3.SA,1.0
2021-05-20,12.573954582214355,12.64564079693834,12.452086102925922,12.581122109825234,21344500,-0.0011390339628336577,ABEV3.SA,1.0
2021-05-21,12.624135971069336,12.638472394176292,12.351723422132887,12.58112259976761,27358200,0.003990899484078048,ABEV3.SA,1.0
2021-05-24,12.638473510742188,12.71732999776843,12.502268591567677,12.624137086368657,13845700,0.0011357244333956018,ABEV3.SA,1.0
2021-05-25,12.624135971069336,12.760340878210608,12.566786176660655,12.731666664669744,13963000,-0.0011344360266819509,ABEV3.SA,1.0
2021-05-26,12.523773193359375,12.760341273540195,12.416242496427547,12.724498163671917,16085400,-0.007950071033769102,ABEV3.SA,1.0
2021-05-27,12.681485176086426,12.681485176086426,12.330217530743093,12.459253536670262,41881900,0.012593008536011752,ABEV3.SA,1.0
2021-05-28,12.796186447143555,12.860705142279357,12.54528056242955,12.609799257565353,17328000,0.009044782173733168,ABEV3.SA,1.0
2021-05-31,12.867873191833496,12.867873191833496,12.695822437901818,12.717329123975022,10102100,0.005602196012542748,ABEV3.SA,1.0
2021-06-01,13.455708503723145,13.606251199397082,12.846366091247102,12.896546989805081,60016600,0.045682398569385496,ABEV3.SA,-1.0
2021-06-02,13.885834693908691,14.093727214016937,13.348179785843975,13.455710493991491,60424800,0.031966075221273815,ABEV3.SA,-1.0
2021-06-04,13.893000602722168,13.950350398201829,13.663601420803529,13.835650807242509,33841600,0.000516058916978146,ABEV3.SA,-1.0
2021-06-07,14.050714492797852,14.208426098940368,13.756796600657164,13.8499895117125,27901200,0.011352039389157076,ABEV3.SA,-1.0
2021-06-08,14.04354476928711,14.237100843141006,13.88583317243967,13.957519391798604,23209600,-0.000510274656453702,ABEV3.SA,-1.0
2021-06-09,13.842819213867188,14.165412656630348,13.82131389590093,14.043544174622813,25062800,-0.014293083314613209,ABEV3.SA,-1.0
2021-06-10,13.84998893737793,13.957519635621768,13.685108442248909,13.928845420842684,17134100,0.000517938102056581,ABEV3.SA,-1.0
2021-06-11,13.577579498291016,13.900171634702925,13.505891901090418,13.792640922565623,30946600,-0.019668567268797177,ABEV3.SA,-1.0
2021-06-14,13.964686393737793,13.979024182596325,13.61341877066459,13.642094348381653,22185300,0.028510744164341073,ABEV3.SA,-1.0
2021-06-15,13.713783264160156,13.943183829183843,13.713783264160158,13.943183829183843,12469400,-0.01796697201092534,ABEV3.SA,-1.0
2021-06-16,13.685108184814453,13.871495363016862,13.620589493616427,13.720951294445806,36205000,-0.002090967809054045,ABEV3.SA,-1.0
2021-06-17,13.627758979797363,13.993364456660208,13.49155269610484,13.69944656949485,22474800,-0.004190628546197894,ABEV3.SA,-1.0
2021-06-18,13.448540687561035,13.685108776404679,13.362515306469234,13.563240284132071,27084500,-0.013150973135202415,ABEV3.SA,-1.0
2021-06-21,13.427034378051758,13.534565081945205,13.305165882351961,13.40552905766932,13009100,-0.0015991556265408935,ABEV3.SA,-1.0
2021-06-22,13.111611366271973,13.384022578195497,12.953898388602521,13.312334985375482,32543400,-0.023491636566849383,ABEV3.SA,-1.0
2021-06-23,12.896549224853516,13.204804932077288,12.832030524861231,12.996911039362773,21757300,-0.016402418849271183,ABEV3.SA,-1.0
2021-06-24,12.867873191833496,12.975403887545559,12.702991333259552,12.975403887545559,21592700,-0.0022235430982388005,ABEV3.SA,-1.0
2021-06-25,12.151000022888184,12.903716257653869,12.151000022888184,12.781847771638503,66198100,-0.05571030723245474,ABEV3.SA,-1.0
2021-06-28,12.545280456542969,12.652811158419354,12.186843872070312,12.308712365484098,41325600,0.03244839378751552,ABEV3.SA,-1.0
2021-06-29,12.394739151000977,12.54528187721044,12.115157653669211,12.437751163156936,46943000,-0.011999835799882619,ABEV3.SA,-1.0
2021-06-30,12.237024307250977,12.51660439490546,12.201181197104967,12.294374103880793,28949400,-0.01272433746516266,ABEV3.SA,-1.0
2021-07-01,12.330219268798828,12.416243284876137,12.05780669412416,12.086482277701316,39119700,0.007615818944858077,ABEV3.SA,-1.0
2021-07-02,12.495100021362305,12.638473840123696,12.366062627348073,12.46642443721376,24241600,0.013372086008291983,ABEV3.SA,-1.0
2021-07-05,12.86070442199707,12.903716427236299,12.444918058479203,12.487930063718432,18812100,0.029259821850942336,ABEV3.SA,-1.0
2021-07-06,12.581122398376465,12.803354044563834,12.416241913006685,12.71732867066438,34060600,-0.021739246502112675,ABEV3.SA,-1.0
2021-07-07,12.738838195800781,12.832031118250713,12.588294099748138,12.681488389525306,25160400,0.012535908357800274,ABEV3.SA,-1.0
2021-07-08,12.444918632507324,12.638473348675161,12.380399938009026,12.52377375119531,17936500,-0.02307271344339268,ABEV3.SA,-1.0
2021-07-12,12.659978866577148,12.702990869827408,12.39473658465246,12.552448174788033,15673600,0.017280967471178688,ABEV3.SA,-1.0
2021-07-13,12.760342597961426,12.832030192465574,12.487931379638226,12.53811228559299,22447700,0.00792763814552977,ABEV3.SA,-1.0
2021-07-14,12.83919906616211,13.025586264615601,12.731668358257785,12.975405358748725,28762700,0.006179808072965143,ABEV3.SA,-1.0
2021-07-15,12.631305694580078,12.867873782944633,12.516604730914285,12.867873782944633,23006300,-0.016192082583246004,ABEV3.SA,-1.0
2021-07-16,12.495100021362305,12.74600591335363,12.495100021362305,12.710161433167949,23216000,-0.010783182397067437,ABEV3.SA,-1.0
2021-07-19,12.194012641906738,12.401905147743824,12.115156156592477,12.358893140902882,21998300,-0.024096436118223208,ABEV3.SA,-1.0
2021-07-20,12.20835018157959,12.301543089034649,12.093650587483973,12.20835018157959,15847800,0.0011757852065510388,ABEV3.SA,-1.0
2021-07-21,12.330219268798828,12.344555693260324,12.158168501990046,12.237024989500147,13985700,0.009982437053871474,ABEV3.SA,-1.0
2021-07-22,12.20835018157959,12.330218671222061,12.107987011250662,12.287205297940943,17005900,-0.009883772912913535,ABEV3.SA,-1.0
2021-07-23,12.0076265335083,12.272870228708259,11.993288740832158,12.265701332370188,11774400,-0.01644150479678641,ABEV3.SA,-1.0
2021-07-26,12.251361846923828,12.28003606098703,11.986118188372576,12.00762487441521,11973200,0.020298375597822105,ABEV3.SA,-1.0
2021-07-27,12.12949275970459,12.244192344928475,12.043467387123222,12.186842552316532,11928000,-0.009947391052680277,ABEV3.SA,-1.0
2021-07-28,12.423410415649414,12.423410415649414,12.079311665575645,12.215517933560761,27723400,0.02423165269707317,ABEV3.SA,-1.0
2021-07-29,12.280037879943848,12.466425084607327,11.849915033995863,12.344556580301482,54590700,-0.0115405135070612,ABEV3.SA,-1.0
2021-07-30,11.9287691116333,12.430580877580026,11.9287691116333,12.186843890386138,23889000,-0.02860486032247911,ABEV3.SA,-1.0
2021-08-02,12.086482048034668,12.308712347226503,12.086482048034668,12.115156263739877,21537000,0.013221224664962339,ABEV3.SA,-1.0
2021-08-03,12.237024307250977,12.358892796005215,11.885756631977468,12.072143812856126,26003800,0.012455424052922659,ABEV3.SA,-1.0
2021-08-04,11.921600341796875,12.229856026935469,11.892926125703115,12.12232532376149,20523000,-0.02577619832520872,ABEV3.SA,-1.0
2021-08-05,11.91443157196045,12.129492955902178,11.892924886635504,12.043467581929328,18203900,-0.0006013261333122077,ABEV3.SA,-1.0
2021-08-06,12.25853157043457,12.308712473930534,11.943106990467996,11.971782573795442,18667000,0.028880941268228932,ABEV3.SA,-1.0
2021-08-09,12.301543235778809,12.444918413772152,12.18684364031495,12.26570012494399,15969000,0.0035087126950812397,ABEV3.SA,-1.0
2021-08-10,11.978948593139648,12.294373133367653,11.978948593139648,12.294373133367653,21467500,-0.026223916500240363,ABEV3.SA,-1.0
2021-08-11,11.87858772277832,12.057806007955609,11.799731239755673,11.97894952493296,17091400,-0.00837810343545553,ABEV3.SA,-1.0
2021-08-12,11.885757446289062,12.029132631349965,11.828407645730122,11.878588550303308,15643300,0.000603583833202137,ABEV3.SA,-1.0
2021-08-13,11.935938835144043,11.943107731420666,11.685032934770906,11.89292682481147,16218300,0.004221976519523274,ABEV3.SA,-1.0
2021-08-16,11.756719589233398,11.97178235833753,11.706538686640547,11.849913866043302,18371000,-0.015015094194597678,ABEV3.SA,1.0
2021-08-17,11.699369430541992,11.821237919082096,11.548826727400865,11.749550331589035,26879900,-0.004878074896327966,ABEV3.SA,1.0
2021-08-18,11.806900024414062,12.057805894772486,11.627681740919044,11.68503153694437,23317500,0.00919114440401847,ABEV3.SA,-1.0
2021-08-19,12.323049545288086,12.380399341263706,11.763888009030563,11.799731118767703,39834200,0.04371592202921515,ABEV3.SA,-1.0
2021-08-20,12.573954582214355,12.616966584514126,12.122323772422614,12.122323772422614,34873200,0.020360628755420995,ABEV3.SA,-1.0
2021-08-23,12.444918632507324,12.602630237210354,12.344555459217162,12.552449334228802,17262100,-0.01026216126862356,ABEV3.SA,-1.0
2021-08-24,12.609798431396484,12.667148226945635,12.437749044749033,12.530941949768785,18073900,0.01324876471739067,ABEV3.SA,-1.0
2021-08-25,12.602630615234375,12.631306199128009,12.430581213853866,12.545280814774205,13858600,-0.0005684322553691779,ABEV3.SA,-1.0
2021-08-26,12.265700340270996,12.516604855173478,12.229855861479885,12.473592847951203,22172500,-0.026734916324222757,ABEV3.SA,-1.0
2021-08-27,12.215518951416016,12.315880753385098,12.122324677593006,12.315880753385098,16973500,-0.004091196382013718,ABEV3.SA,-1.0
2021-08-30,12.315882682800293,12.351725798453888,12.050638978051154,12.158169692339156,16781900,0.008216084129003987,ABEV3.SA,-1.0
2021-08-31,12.25853157043457,12.308712473930534,12.050637693291785,12.29437468226681,28079100,-0.004656679008952946,ABEV3.SA,-1.0
2021-09-01,12.37322998046875,12.459253987533147,12.215518389299397,12.301542396363795,17593400,0.009356619051405168,ABEV3.SA,-1.0
2021-09-02,11.842745780944824,12.272869981266897,11.749551497756018,12.272869981266897,36473800,-0.04287354234595975,ABEV3.SA,-1.0
2021-09-03,11.871418952941895,12.014794129532044,11.785394940849422,11.928768750112551,40771400,0.0024211591236895647,ABEV3.SA,-1.0
2021-09-06,12.323049545288086,12.323049545288086,11.699369317642118,11.871418705568974,10036700,0.03804352235705322,ABEV3.SA,-1.0
2021-09-08,11.620512962341309,12.194012295687951,11.620512962341309,12.179674504705709,39304600,-0.05700996172780981,ABEV3.SA,-1.0
2021-09-09,11.692201614379883,11.763889208490506,11.477140199375146,11.613346491452615,26356800,0.006169146944794646,ABEV3.SA,-1.0
2021-09-10,11.541659355163574,11.92160129456486,11.541659355163574,11.778227467983555,23336500,-0.01287544161325116,ABEV3.SA,1.0
2021-09-13,11.720876693725586,11.900094987613357,11.670695790209342,11.849914084097113,14849500,0.015527865885405223,ABEV3.SA,-1.0
2021-09-14,11.785393714904785,11.950274193703285,11.735212818516276,11.763887030455333,12461100,0.005504453537484633,ABEV3.SA,-1.0
2021-09-15,11.484308242797852,11.821238132575134,11.469970451574897,11.7997314457407,20538700,-0.025547341004497404,ABEV3.SA,1.0
2021-09-16,11.563163757324219,11.792564322795478,11.312258555269901,11.469970845825797,26714500,0.006866370429914115,ABEV3.SA,-1.0
2021-09-17,11.283584594726562,11.599009202093715,11.004004469632491,11.599009202093715,53864700,-0.024178431479928486,ABEV3.SA,1.0
2021-09-20,11.190388679504395,11.369606951855824,11.082857989558919,11.133038887045013,22475300,-0.008259424515301927,ABEV3.SA,1.0
2021-09-21,11.22623348236084,11.469970464109325,11.168883684733375,11.240571273599464,12843400,0.0032031776449459315,ABEV3.SA,1.0
2021-09-22,11.269246101379395,11.398282803396071,11.204727408539298,11.305089895586503,13740400,0.003831438129817899,ABEV3.SA,1.0
2021-09-23,11.383947372436523,11.455634287744633,11.233403961526795,11.32659756672459,21550900,0.010178255938796843,ABEV3.SA,1.0
2021-09-24,11.355270385742188,11.405451285615385,11.19038921183049,11.1975581071448,16219600,-0.0025190723179000507,ABEV3.SA,1.0
2021-09-27,11.348101615905762,11.469970102942606,11.219064233475338,11.219064233475338,14263100,-0.0006313165246533137,ABEV3.SA,1.0
2021-09-28,11.068521499633789,11.37677718305584,11.01117170043855,11.297921380078272,17672700,-0.024636730065943913,ABEV3.SA,1.0
2021-09-29,11.104366302490234,11.312259514349963,11.054185394557623,11.14021010115507,37200600,0.00323844542901508,ABEV3.SA,1.0
2021-09-30,10.968159675598145,11.161715076661322,10.960990779794148,11.147377968716862,39267900,-0.012266042310000613,ABEV3.SA,1.0
2021-10-01,10.946654319763184,11.082859929783227,10.788942021058206,11.047016132305245,24130000,-0.0019607077642027626,ABEV3.SA,1.0
2021-10-04,10.78177261352539,10.91797821708615,10.616892110074811,10.81044751341521,29169100,-0.015062292223854579,ABEV3.SA,1.0
2021-10-05,10.882134437561035,10.989665134637026,10.667072359745555,10.80327795495271,22871800,0.009308471587477607,ABEV3.SA,1.0
2021-10-06,10.824786186218262,11.032679398255713,10.767436381770938,10.788942387522786,36830600,-0.005269945126282316,ABEV3.SA,1.0
2021-10-07,10.810445785522461,10.896470471442125,10.76026488965185,10.846289575571513,19716000,-0.0013247744989234311,ABEV3.SA,1.0
2021-10-08,11.011171340942383,11.168883625412013,10.86062795205399,10.874965743216462,23980500,0.018567740813125067,ABEV3.SA,1.0
2021-10-11,10.92514705657959,11.16171515036534,10.860628361244652,10.975328643875397,20540600,-0.007812455341870139,ABEV3.SA,1.0
2021-10-13,11.11870288848877,11.240571380522253,10.896471907820796,10.896471907820796,22276300,0.017716542478264596,ABEV3.SA,1.0
2021-10-14,11.104366302490234,11.183222796285591,11.025510492358475,11.14021010115507,11517700,-0.0012894117364515845,ABEV3.SA,1.0
2021-10-15,11.133040428161621,11.204728020491093,11.011171931399648,11.118703319893855,19521400,0.002582238814019977,ABEV3.SA,1.0
2021-10-18,11.197558403015137,11.269245990725448,10.96815921620375,11.039846120250557,16887800,0.005795180145965695,ABEV3.SA,1.0
2021-10-19,10.853459358215332,11.147377230068246,10.803277774576026,10.932315155843545,21370000,-0.030729828094234413,ABEV3.SA,1.0
2021-10-20,11.047015190124512,11.168883680957556,10.903640696104318,10.968159389329285,19273600,0.017833561219600558,ABEV3.SA,1.0
2021-10-21,10.853459358215332,10.953821158166969,10.645566179319601,10.753096874600208,23499300,-0.01752109765198917,ABEV3.SA,1.0
2021-10-22,10.753097534179688,10.917978034878615,10.423335849118303,10.631229040765902,29599100,-0.009246989436568653,ABEV3.SA,1.0
2021-10-25,10.946654319763184,11.068522137326605,10.753098223580224,10.760267119808535,19933100,0.018000095783401893,ABEV3.SA,1.0
2021-10-26,10.867796897888184,10.982496493064284,10.788941097120494,10.860628002273799,20648000,-0.007203792096789785,ABEV3.SA,1.0
2021-10-27,10.910808563232422,11.262076211386129,10.910808563232422,10.975327250375644,26056100,0.0039577170744327095,ABEV3.SA,1.0
2021-10-28,11.971782684326172,12.093651179938849,11.591839405692044,11.763888805263983,91395500,0.09724065040138763,ABEV3.SA,1.0
2021-10-29,12.17967414855957,12.344554638053067,11.971781654704069,11.99328697322159,44577500,0.017365121779697512,ABEV3.SA,-1.0
2021-11-01,12.444918632507324,12.57395602150392,12.165337167239013,12.280036764718863,39314900,0.02177763384409781,ABEV3.SA,-1.0
2021-11-03,12.78184700012207,12.975403060462247,12.330217559988554,12.330217559988554,42222400,0.027073569346982795,ABEV3.SA,-1.0
2021-11-04,12.8176908493042,12.889378435134963,12.652810359022324,12.77467884473653,19997300,0.0028042777527994556,ABEV3.SA,-1.0
2021-11-05,12.83202838897705,12.989741348185701,12.781847490075007,12.889378183054667,19208500,0.0011185743080728283,ABEV3.SA,-1.0
2021-11-08,12.717329978942871,12.925223856312652,12.667149075392118,12.774679778333315,16697000,-0.008938447341085065,ABEV3.SA,-1.0
2021-11-09,12.824860572814941,12.968235753735252,12.688655655000412,12.688655655000412,23812900,0.008455437898530427,ABEV3.SA,-1.0
2021-11-10,12.724499702453613,12.953898914936769,12.681487691944811,12.781849505574403,20848100,-0.00782549407001465,ABEV3.SA,-1.0
2021-11-11,12.624135971069336,12.860704043921015,12.616967075852383,12.85353514870406,24597200,-0.007887440271221346,ABEV3.SA,-1.0
2021-11-12,12.552448272705078,12.846366137307307,12.437748684925035,12.61696696174722,39208600,-0.005678622166977898,ABEV3.SA,-1.0
2021-11-16,12.552448272705078,12.681485650789362,12.502267373967177,12.631304752051461,21469300,0.0,ABEV3.SA,-1.0
2021-11-17,12.573954582214355,12.659978586813896,12.423410523174809,12.652809691876119,18502600,0.0017133159238778006,ABEV3.SA,-1.0
2021-11-18,12.61696720123291,12.717329000613704,12.495098715987531,12.523772929813344,17200900,0.003420770986352739,ABEV3.SA,-1.0
2021-11-19,12.466423988342285,12.702992079741364,12.444918668332315,12.58112358615232,22010000,-0.01193180662908544,ABEV3.SA,-1.0
2021-11-22,12.416244506835938,12.616969509649389,12.373232494564204,12.509438795306448,26964000,-0.004025170454115101,ABEV3.SA,-1.0
2021-11-23,12.330219268798828,12.509437564174815,12.251362781288726,12.416243284876137,29394600,-0.0069284426534728105,ABEV3.SA,-1.0
2021-11-24,12.25853157043457,12.401905385090599,12.172506187779296,12.229855987107122,18485100,-0.005813984066419753,ABEV3.SA,-1.0
2021-11-25,12.351724624633789,12.416243320540636,12.186844120572776,12.251362816479622,12150300,0.007602301602255945,ABEV3.SA,-1.0
2021-11-26,11.964613914489746,12.237025124850394,11.885757426107435,12.115156627953686,21060500,-0.03134062018934625,ABEV3.SA,-1.0
2021-11-29,11.713706016540527,12.10081676145855,11.649187331166381,12.021961653922151,25888500,-0.020970831131070344,ABEV3.SA,-1.0
2021-11-30,11.512983322143555,11.720877208500964,11.448465307787727,11.71370831235135,54414600,-0.01713571214042242,ABEV3.SA,-1.0
2021-12-01,11.369607925415039,11.61334558973341,11.211896324478905,11.53448910560183,35109400,-0.01245336614470327,ABEV3.SA,-1.0
2021-12-02,11.477139472961426,11.599007965038016,11.276414495621442,11.462801681581347,33321600,0.009457806131204949,ABEV3.SA,-1.0
2021-12-03,11.469969749450684,11.62051244609529,11.348101266169692,11.477138644623324,26061600,-0.0006246960340277052,ABEV3.SA,-1.0
2021-12-06,11.527320861816406,11.713708055640215,11.434127264904502,11.49864664517349,16844300,0.005000110167550309,ABEV3.SA,-1.0
2021-12-07,11.541659355163574,11.713708767457453,11.50581487302286,11.606178055689677,27590900,0.0012438704117851973,ABEV3.SA,-1.0
2021-12-08,11.527320861816406,11.713708055640215,11.41262126059054,11.555996445786425,23395200,-0.001242325120326182,ABEV3.SA,-1.0
2021-12-09,11.333765983581543,11.548828087729241,11.247740594991598,11.541659191402816,19725400,-0.016790968218469815,ABEV3.SA,-1.0
2021-12-10,11.434126853942871,11.670695627547982,11.376777055391186,11.649188940343455,15656500,0.008855032873160917,ABEV3.SA,-1.0
2021-12-13,11.477139472961426,11.599007965038016,11.398282987698032,11.505813688394541,29400400,0.0037617755660741548,ABEV3.SA,-1.0
2021-12-14,11.591840744018555,11.792565750357234,11.484310027787105,11.484310027787105,36628700,0.009993890143737527,ABEV3.SA,-1.0
2021-12-15,11.527320861816406,11.656358255027282,11.426958368911999,11.656358255027282,21743100,-0.005565973828224102,ABEV3.SA,-1.0
2021-12-16,11.541659355163574,11.677865652643922,11.484309551065616,11.606178055689677,21380800,0.0012438704117851973,ABEV3.SA,-1.0
2021-12-17,11.520151138305664,11.649188522247496,11.477139132767388,11.477139132767388,32774400,-0.0018635289949263667,ABEV3.SA,-1.0
2021-12-20,11.485590934753418,11.582421552688045,11.351517662175544,11.545178898044796,17585900,-0.0029999783108165534,ABEV3.SA,-1.0
2021-12-21,11.470694541931152,11.582422515145087,11.411106573688233,11.50793719966913,18636200,-0.0012969635525841294,ABEV3.SA,-1.0
2021-12-22,11.46324634552002,11.552628296066551,11.358967048043434,11.478142982105476,11675500,-0.0006493239257575611,ABEV3.SA,-1.0
2021-12-23,11.58242130279541,11.671803245804044,11.426002724944164,11.470693341276212,10634700,0.01039626591658882,ABEV3.SA,-1.0
2021-12-27,11.567524909973145,11.656906860344437,11.530282253065623,11.582422256873992,8437200,-0.0012861207888086312,ABEV3.SA,-1.0
2021-12-28,11.560076713562012,11.59731865937332,11.470694054650043,11.574973349817618,7701300,-0.0006438885128062788,ABEV3.SA,-1.0
2021-12-29,11.50793743133545,11.589871422077335,11.426004150938189,11.582422748310869,8847300,-0.004510288600887424,ABEV3.SA,-1.0
2021-12-30,11.485590934753418,11.612215534333732,11.46324562610529,11.604766861336172,11819300,-0.001941833340280641,ABEV3.SA,-1.0
2022-01-03,11.418554306030273,11.574972887359918,11.284481033363564,11.485590942363629,23833600,-0.005836585083341506,ABEV3.SA,-1.0
2022-01-04,11.403658866882324,11.470694799904773,11.20254893678109,11.411106830321733,16357700,-0.0013044943123914354,ABEV3.SA,-1.0
2022-01-05,11.180203437805176,11.388761327839415,11.142960779855764,11.358967343548809,24652000,-0.01959506432852809,ABEV3.SA,-1.0
2022-01-06,11.001439094543457,11.2174456496461,10.919505108244275,11.202548302920944,20406300,-0.01598936408055318,ABEV3.SA,-1.0
2022-01-07,10.822673797607422,11.023783703545691,10.76308583518376,11.023783703545691,19673600,-0.016249264791612594,ABEV3.SA,-1.0
2022-01-10,10.912055969238281,10.971643932906968,10.688601460652984,10.755637387021837,16375000,0.00825878829043325,ABEV3.SA,-1.0
2022-01-11,10.934402465820312,10.971644411980982,10.763086530033952,10.882262462575113,20485500,0.0020478722474506217,ABEV3.SA,-1.0
2022-01-12,11.08337116241455,11.195098409296637,10.845019323549026,10.904607283265408,31912000,0.013623853435054789,ABEV3.SA,-1.0
2022-01-13,11.165304183959961,11.209995507936926,10.993988981128,11.075922246350524,20755600,0.00739242784029992,ABEV3.SA,-1.0
2022-01-14,11.247239112854004,11.329172385021273,11.098268493866886,11.157856457323911,14544400,0.007338351695939549,ABEV3.SA,-1.0
2022-01-17,11.023783683776855,11.29937818707821,11.01633501090112,11.202547570727267,21167400,-0.01986758055332627,ABEV3.SA,-1.0
2022-01-18,10.859915733337402,10.979091650301378,10.718394509528807,10.979091650301378,24913300,-0.014864946114700128,ABEV3.SA,-1.0
2022-01-19,10.830121994018555,10.934401278844403,10.718394746975832,10.912055261160248,31621600,-0.0027434595304812737,ABEV3.SA,-1.0
2022-01-20,10.792880058288574,10.897159350039392,10.74818944064148,10.889710676983356,30618200,-0.003438736493508454,ABEV3.SA,-1.0
2022-01-21,10.941850662231445,11.113166601671912,10.733292775835949,10.763086759606734,28616600,0.013802673905235041,ABEV3.SA,-1.0
2022-01-24,10.949298858642578,11.209996738035443,10.882262220493294,11.016335496791863,29992000,0.000680707189401053,ABEV3.SA,-1.0
2022-01-25,11.224892616271973,11.239789961674747,10.882261485797951,10.904607503902113,22283700,0.02516999135628306,ABEV3.SA,-1.0
2022-01-26,11.172754287719727,11.396209515543038,11.083372338659318,11.314275529479223,24257200,-0.00464488439530053,ABEV3.SA,-1.0
2022-01-27,11.470694541931152,11.537731183790589,11.120615406090156,11.217446032071052,24801400,0.026666679185713305,ABEV3.SA,-1.0
2022-01-28,11.120614051818848,11.411105184040839,11.068474053197455,11.351517223054557,23251700,-0.030519554751683442,ABEV3.SA,-1.0
2022-01-31,11.150408744812012,11.262136001214419,11.00143883282728,11.098268742858926,21318000,0.0026792309178549356,ABEV3.SA,-1.0
2022-02-01,11.061026573181152,11.269584445727917,11.016335245320281,11.128062499455622,14112500,-0.008016044404869582,ABEV3.SA,-1.0
2022-02-02,10.815225601196289,11.128062041983522,10.763085602444642,11.061026118464884,17975400,-0.022222256709954813,ABEV3.SA,-1.0
2022-02-03,10.770533561706543,10.889709476082329,10.740739583112598,10.830121518894437,13206600,-0.004132326142582077,ABEV3.SA,-1.0
2022-02-04,10.733292579650879,10.830123202722193,10.554528680293647,10.740741253043577,18251100,-0.0034576729037891774,ABEV3.SA,-1.0
2022-02-07,10.643909454345703,10.807776699162886,10.629012819550239,10.748188739292004,21182100,-0.008327651989533558,ABEV3.SA,1.0
2022-02-08,10.547078132629395,10.673702716425057,10.509835482628706,10.621563432630772,20758500,-0.009097345494307518,ABEV3.SA,1.0
2022-02-09,10.830121994018555,10.889709953820606,10.539630157225162,10.539630157225162,45857600,0.026836234436673934,ABEV3.SA,-1.0
2022-02-10,10.986541748046875,11.03868104089683,10.73329253647066,10.852468468896035,31338100,0.01444302789153351,ABEV3.SA,-1.0
2022-02-11,11.068474769592285,11.247239374465998,10.986541495519239,11.038680787170762,30852600,0.007457580685931164,ABEV3.SA,-1.0
2022-02-14,11.217445373535156,11.239790682728284,11.046129442135646,11.15785669844586,33362000,0.013459000182403535,ABEV3.SA,-1.0
2022-02-15,11.455796241760254,11.694148080125306,11.254686345381357,11.254686345381357,50177400,0.021248230794814305,ABEV3.SA,-1.0
2022-02-16,11.232340812683105,11.530280604659648,11.142958875090143,11.507935297847531,25057100,-0.01950588369078854,ABEV3.SA,-1.0
2022-02-17,11.061026573181152,11.25468709965944,10.95674728173549,11.239790463935522,19881500,-0.015251873350255907,ABEV3.SA,-1.0
2022-02-18,11.001439094543457,11.165305646452643,10.979093074455722,11.150409010072075,11741300,-0.005387156268313542,ABEV3.SA,-1.0
2022-02-21,10.763086318969727,11.0610268548246,10.763086318969727,11.046129508376797,12423900,-0.02166559970249249,ABEV3.SA,-1.0
2022-02-22,10.956748008728027,11.03868128650734,10.755638085527075,10.755638085527075,24539400,0.017993137286000938,ABEV3.SA,-1.0
2022-02-23,11.031232833862305,11.366415313980413,10.867365575229947,10.889710884479268,30107000,0.0067980777759006905,ABEV3.SA,-1.0
2022-02-24,11.053577423095703,11.053577423095703,10.278933219581033,10.606667005153016,59579000,0.0020255749805957457,ABEV3.SA,-1.0
2022-02-25,11.321723937988281,11.418554558124855,10.934402167786555,10.934402167786555,42942500,0.024258799176844148,ABEV3.SA,-1.0
2022-03-02,10.815225601196289,11.157856022551094,10.740740294605096,10.941849485850069,33189500,-0.04473685629204538,ABEV3.SA,-1.0
2022-03-03,10.561978340148926,10.80777890230843,10.46514770803387,10.80777890230843,42098400,-0.023415809377046348,ABEV3.SA,-1.0
2022-03-04,10.375764846801758,10.606668040684474,10.293830859651132,10.58432273070912,26285200,-0.01763055057965046,ABEV3.SA,1.0
2022-03-07,10.003338813781738,10.27148464079261,9.84692023710593,10.27148464079261,49545300,-0.03589383901031806,ABEV3.SA,1.0
2022-03-08,10.010787010192871,10.226793553475213,9.891611084291517,9.980993028717533,35552000,0.0007445710427074204,ABEV3.SA,1.0
2022-03-09,10.375764846801758,10.42790414019245,10.115066959159108,10.129964306039074,26552200,0.036458455887361296,ABEV3.SA,1.0
2022-03-10,9.966096878051758,10.271485380618767,9.861817582642098,10.256588744328578,37910700,-0.039483158571801735,ABEV3.SA,1.0
2022-03-11,9.817126274108887,10.100169447194197,9.727744331610031,10.055478120772502,23133200,-0.0149477378923486,ABEV3.SA,1.0
2022-03-14,9.921404838562012,10.025684126509926,9.802228915389842,9.846920241751674,24625600,0.010622106871350345,ABEV3.SA,1.0
2022-03-15,10.033132553100586,10.182102453410362,9.94375061291472,9.94375061291472,26412400,0.01126127966316992,ABEV3.SA,1.0
2022-03-16,10.264037132263184,10.316177137299059,9.9884426012107,10.05547924315353,24980000,0.02301420597610271,ABEV3.SA,1.0
2022-03-17,10.375764846801758,10.442801487072416,10.197000235965136,10.286382896555745,28381300,0.010885357593590328,ABEV3.SA,1.0
2022-03-18,10.614116668701172,10.614116668701172,10.278934179126896,10.316176835822835,44708300,0.022971976082600154,ABEV3.SA,1.0
2022-03-21,10.561978340148926,10.6960509220166,10.472596382122257,10.472596382122257,15295600,-0.004912168405496353,ABEV3.SA,1.0
2022-03-22,10.710946083068848,10.800328022844147,10.584321490801043,10.666254758008941,20799800,0.014104151525633712,ABEV3.SA,1.0
2022-03-23,10.569425582885742,10.71094753953236,10.480043630956377,10.658808245159717,20051100,-0.013212698400826728,ABEV3.SA,1.0
2022-03-24,10.576873779296875,10.696049709826145,10.472595195256051,10.576873779296875,26157200,0.0007046926394176367,ABEV3.SA,1.0
2022-03-25,10.666255950927734,10.688601971129133,10.39066142821182,10.636461967670462,33591300,0.008450717432765043,ABEV3.SA,1.0
2022-03-28,10.97909164428711,10.9865403166794,10.710945831265054,10.74818848288202,19531800,0.029329475572182018,ABEV3.SA,-1.0
2022-03-29,11.358967781066895,11.470695048873957,11.07592456423174,11.135512535108123,38100100,0.03459996046006686,ABEV3.SA,-1.0
2022-03-30,11.299379348754883,11.396209975060874,11.187652085510454,11.366415990839386,17703300,-0.005245937259487077,ABEV3.SA,-1.0
2022-03-31,11.470694541931152,11.604767825650027,11.269585326697454,11.344069931828795,23786300,0.015161469306289588,ABEV3.SA,-1.0
2022-04-01,11.46324634552002,11.671804230128592,11.269585097496904,11.612216263097572,31411400,-0.0006493239257575611,ABEV3.SA,-1.0
2022-04-04,11.314275741577148,11.507936990010707,11.232342464321997,11.463246369815025,21788200,-0.012995498783910375,ABEV3.SA,-1.0
2022-04-05,11.224892616271973,11.381311191278472,11.217444653915111,11.284480577194017,11607000,-0.007900030664509505,ABEV3.SA,-1.0
2022-04-06,11.13551139831543,11.23979069187585,11.03123281509958,11.19509936310865,15442400,-0.007962768198510273,ABEV3.SA,-1.0
2022-04-07,11.217445373535156,11.27703333827988,11.038680768956413,11.120614753238836,21276300,0.007357899631993625,ABEV3.SA,-1.0
2022-04-08,11.120614051818848,11.26958395428455,10.979092111718034,11.128062014183737,22202000,-0.008632208002078534,ABEV3.SA,-1.0
2022-04-11,11.321723937988281,11.50048783192754,10.979092786099084,11.038680750745502,27193900,0.018084422787475463,ABEV3.SA,-1.0
2022-04-12,11.209997177124023,11.574973654294276,11.157857172996415,11.478143029879691,24636500,-0.009868352335405062,ABEV3.SA,-1.0
2022-04-13,11.046130180358887,11.262136744580575,10.837572289814233,11.180203465167045,33771300,-0.014617933811753026,ABEV3.SA,-1.0
2022-04-14,10.949298858642578,11.105717444209382,10.770534963807536,11.053578152468639,28820100,-0.008766085510062527,ABEV3.SA,-1.0
2022-04-18,10.956748008728027,11.023784649795012,10.874814730948716,10.889711367661043,14601500,0.0006803312414447316,ABEV3.SA,-1.0
2022-04-19,10.912055969238281,10.993989952041144,10.73329207823222,10.845020042869427,25953600,-0.004078951113427487,ABEV3.SA,-1.0
2022-04-20,10.971644401550293,11.187651667006527,10.845020506104134,10.949299091806218,16174800,0.005460788734954702,ABEV3.SA,-1.0
2022-04-22,10.986541748046875,11.157856973322204,10.837571832515158,10.837571832515158,34086700,0.001357804350136993,ABEV3.SA,-1.0
2022-04-25,11.262136459350586,11.314275753080091,10.897159982554848,10.993990606870073,34312300,0.025084755296424843,ABEV3.SA,-1.0
2022-04-26,10.986541748046875,11.284481579110311,10.979093074684142,11.202548303154014,23589700,-0.024470908543724246,ABEV3.SA,-1.0
2022-04-27,10.934402465820312,11.105717691262083,10.904608482685022,11.090821054866733,19261700,-0.004745741055035002,ABEV3.SA,-1.0
2022-04-28,10.956748008728027,11.075923943805066,10.889711367661043,10.956748008728027,24849700,0.002043599819703479,ABEV3.SA,-1.0
2022-04-29,10.815225601196289,11.172753368007143,10.815225601196289,11.061026118464884,26145100,-0.01291646092608889,ABEV3.SA,-1.0
2022-05-02,10.777984619140625,10.956748530265278,10.666256641929238,10.85991790081993,22755000,-0.00344338467165628,ABEV3.SA,-1.0
2022-05-03,10.606667518615723,10.94929866619982,10.547079554718016,10.763086101433343,21493900,-0.015895096029424627,ABEV3.SA,-1.0
2022-05-04,10.681153297424316,10.740741263937162,10.435352757972677,10.517286034341693,23653200,0.00702254300682692,ABEV3.SA,-1.0
2022-05-05,10.226794242858887,10.67370470545955,10.144860965864757,10.67370470545955,41147400,-0.04253838905907237,ABEV3.SA,1.0
2022-05-06,10.077823638916016,10.301278854994072,10.077823638916016,10.226793546186537,21978900,-0.014566696112703448,ABEV3.SA,1.0
2022-05-09,10.197000503540039,10.316177150673246,9.958648629962855,9.980993940524563,26091800,0.01182565491261589,ABEV3.SA,1.0
2022-05-10,10.226794242858887,10.450249474159218,10.2193462797464,10.28638292017096,16310700,0.0029218140480138377,ABEV3.SA,1.0
2022-05-11,10.390661239624023,10.547079826471894,10.159758051157144,10.219346016590183,29961100,0.01602330044721101,ABEV3.SA,1.0
2022-05-12,10.785432815551758,10.800330163639453,10.27148638238539,10.323625680003016,27076500,0.03799292141507826,ABEV3.SA,-1.0
2022-05-13,10.830121994018555,10.926952606283018,10.763085361655117,10.83757066657994,13385100,0.004143475670476349,ABEV3.SA,-1.0
2022-05-16,10.941850662231445,11.06102730765919,10.733292775835949,10.822674727148303,16896700,0.010316473653260605,ABEV3.SA,-1.0
2022-05-17,10.971644401550293,11.090821044322743,10.92695378206214,11.05357838785289,13671500,0.002722915916014923,ABEV3.SA,-1.0
2022-05-18,10.591771125793457,11.038680865278566,10.561977143161117,10.964196263870004,29516600,-0.03462318517205676,ABEV3.SA,-1.0
2022-05-19,10.532183647155762,10.658808256779894,10.398110363943244,10.614116925594184,19551600,-0.005625827628826463,ABEV3.SA,-1.0
2022-05-20,10.442800521850586,10.643909713729562,10.301278580950076,10.614115733068065,24557200,-0.008486666041881419,ABEV3.SA,-1.0
2022-05-23,10.487491607666016,10.532182935833363,10.31617638877107,10.532182935833363,21490000,0.004279607344975789,ABEV3.SA,-1.0
2022-05-24,10.524734497070312,10.569425115888087,10.316176618450015,10.42790387583903,21853400,0.003551172272411973,ABEV3.SA,-1.0
2022-05-25,10.457696914672852,10.524733547193915,10.360866302180709,10.517284874615015,15767900,-0.006369527175827727,ABEV3.SA,-1.0
2022-05-26,10.584321975708008,10.636461265379497,10.413006050531681,10.457697377639063,17300400,0.012108312381619468,ABEV3.SA,-1.0
2022-05-27,10.584321975708008,10.703497900868296,10.457697377639063,10.56197666732659,14260900,0.0,ABEV3.SA,-1.0
2022-05-30,10.494940757751465,10.71094731463136,10.435352791049741,10.651359347929636,7925000,-0.008444680553150286,ABEV3.SA,-1.0
2022-05-31,10.569425582885742,10.629014261183261,10.472595667720721,10.55452894606982,28066600,0.007097212538266451,ABEV3.SA,-1.0
2022-06-01,10.51728630065918,10.606668252691767,10.46514700622632,10.532183647836916,15219000,-0.004933028934986594,ABEV3.SA,-1.0
2022-06-02,10.51728630065918,10.651359583880367,10.338522396594001,10.643910910291499,14894700,0.0,ABEV3.SA,-1.0
2022-06-03,10.487491607666016,10.66625549964628,10.457697625669304,10.502388953836652,20761400,-0.002832925922278684,ABEV3.SA,-1.0
2022-06-06,10.465147018432617,10.576874281017517,10.398110376743833,10.51728631292629,13085700,-0.0021305942421031565,ABEV3.SA,-1.0
2022-06-07,10.226794242858887,10.40555885410591,10.137412292407673,10.36831619716509,23888200,-0.022775864988223482,ABEV3.SA,1.0
2022-06-08,10.249139785766602,10.37576438725974,10.08527252906762,10.152309166369228,13145200,0.0021849997542795485,ABEV3.SA,1.0
2022-06-09,10.137411117553711,10.301278362895516,10.107617137522883,10.22679305764619,18417700,-0.010901272745645674,ABEV3.SA,1.0
2022-06-10,10.122515678405762,10.182103645506086,9.884163810004466,10.0927216948556,29186500,-0.001469353365984749,ABEV3.SA,1.0
2022-06-13,9.928853034973145,10.100168949072026,9.824573752028412,10.010786300636827,23595500,-0.01913186895286867,ABEV3.SA,1.0
2022-06-14,9.794779777526855,9.958647019280063,9.675603860013432,9.928853039901707,17505300,-0.01350339832546954,ABEV3.SA,1.0
2022-06-15,9.72774600982666,9.943752585716837,9.690503349774286,9.943752585716837,28421400,-0.00684382591776056,ABEV3.SA,1.0
2022-06-17,9.705398559570312,9.779883868715553,9.541532016002067,9.593671306197004,38950600,-0.002297289653098722,ABEV3.SA,1.0
2022-06-20,9.720294952392578,9.86926484573094,9.59367036546885,9.675603629218827,13366700,0.0015348563720318786,ABEV3.SA,1.0
2022-06-21,9.809678077697754,9.913957370849424,9.638362146830335,9.742641439982007,19966600,0.009195515747510763,ABEV3.SA,1.0
2022-06-22,9.906508445739746,9.973545081750542,9.727744556607325,9.817126501173536,16963200,0.009870901702894397,ABEV3.SA,1.0
2022-06-23,9.928853034973145,9.966095686763728,9.869265076246013,9.94375037982718,17466700,0.0022555463769888817,ABEV3.SA,1.0
2022-06-24,10.18210220336914,10.256587506867156,9.928853023889284,9.980992310131196,25329300,0.025506387042285583,ABEV3.SA,1.0
2022-06-27,10.219345092773438,10.316175705434896,10.15975713272708,10.226793055020845,16111400,0.0036576817498428227,ABEV3.SA,1.0
2022-06-28,10.070375442504883,10.286381980618206,9.966096154664317,10.21189667354001,24086500,-0.01457722084107893,ABEV3.SA,1.0
2022-06-29,10.137411117553711,10.2044477502092,9.943750602525594,10.055477850055064,27461600,0.006656720539522709,ABEV3.SA,1.0
2022-06-30,9.980992317199707,10.08527160010188,9.943750375768824,9.958647010272276,22872000,-0.01542985665079244,ABEV3.SA,1.0
2022-07-01,10.249139785766602,10.278933767862366,9.906508636493037,9.943751291698883,17714200,0.026865812540984635,ABEV3.SA,1.0
2022-07-04,10.18955135345459,10.286381968403445,10.137411354423955,10.21934533418158,7157000,-0.005813993521169958,ABEV3.SA,1.0
2022-07-05,10.494940757751465,10.532183414526191,10.070376317415539,10.144860920620395,26056900,0.029970839117792858,ABEV3.SA,1.0
2022-07-06,10.59921932220459,10.718395965704111,10.442801442697192,10.472595425985924,21918400,0.009936079379591067,ABEV3.SA,1.0
2022-07-07,10.59921932220459,10.71094729229578,10.427904095880528,10.68860198241538,19019700,0.0,ABEV3.SA,1.0
2022-07-08,10.658807754516602,10.696049700014402,10.51728580438448,10.606667752199442,13974800,0.0056219642693098315,ABEV3.SA,1.0
2022-07-11,10.502388000488281,10.681151876241355,10.450248003968595,10.584321265955648,11484300,-0.014675164205118385,ABEV3.SA,1.0
2022-07-12,10.271485328674316,10.509837190868634,10.077824085469144,10.509837190868634,50374400,-0.02198573046465524,ABEV3.SA,1.0
2022-07-13,10.852468490600586,10.926953803687706,10.278934137070276,10.278934137070276,53045500,0.056562721294492135,ABEV3.SA,1.0
2022-07-14,11.053577423095703,11.142959364615335,10.703497619385416,10.710946292098184,42313700,0.01853116944493305,ABEV3.SA,1.0
2022-07-15,10.867365837097168,11.08337239263117,10.852468490342261,11.03123309967818,25341500,-0.016846273280671897,ABEV3.SA,1.0
2022-07-18,10.792880058288574,10.964195986854591,10.73329209452941,10.874814041215846,16582000,-0.006854078525112994,ABEV3.SA,1.0
2022-07-19,10.785432815551758,10.993991426711567,10.74074219197798,10.792881489595604,21362100,-0.0006900144073311854,ABEV3.SA,1.0
2022-07-20,10.651359558105469,10.845020808879749,10.509837601637877,10.733292836350921,48699500,-0.012430957546086252,ABEV3.SA,1.0
2022-07-21,10.845020294189453,10.867365603496896,10.561977105031731,10.606667723646618,25407300,0.01818178562347117,ABEV3.SA,1.0
2022-07-22,10.807778358459473,10.889711638274859,10.69605038378981,10.830123669255554,22205400,-0.0034340125439814573,ABEV3.SA,1.0
2022-07-25,10.934402465820312,11.008887068486242,10.763086530033952,10.822674496304533,14348000,0.011716016295035159,ABEV3.SA,1.0
2022-07-26,11.038680076599121,11.083371402526865,10.837570885785594,10.941849462376117,27532200,0.009536653795648053,ABEV3.SA,1.0
2022-07-27,11.157856941223145,11.247239600629626,10.912056403716784,11.061027029164531,37333600,0.01079629664027193,ABEV3.SA,1.0
2022-07-28,11.247239112854004,11.768634148275247,10.97164389393457,11.50048760237408,70122600,0.008010693460375196,ABEV3.SA,1.0
2022-07-29,11.120614051818848,11.34406855034514,11.046128745413732,11.26958395428455,40541400,-0.01125832391083792,ABEV3.SA,1.0
2022-08-01,10.897160530090332,11.090821788451427,10.748190604560504,11.068475766863475,34565900,-0.020093631582508542,ABEV3.SA,1.0
2022-08-02,10.956748008728027,11.016335976266546,10.807778089881731,10.845020747179456,12515800,0.005468165626555388,ABEV3.SA,1.0
2022-08-03,10.897160530090332,11.038681781757509,10.72584458297255,10.971645137682927,19576600,-0.005438427404758084,ABEV3.SA,1.0
2022-08-04,10.934402465820312,11.023784415226183,10.725843873528692,10.986541758720923,22962500,0.0034175816376333934,ABEV3.SA,1.0
2022-08-05,10.874813079833984,11.12806154824986,10.852467062641367,10.971642979624013,20809900,-0.005449715809583311,ABEV3.SA,1.0
2022-08-08,11.023783683776855,11.038680319183786,10.807777142792306,10.93440174030165,16864800,0.013698681793355982,ABEV3.SA,1.0
2022-08-09,10.97909164428711,11.075922254353419,10.88970970661309,11.053576947521039,13704000,-0.004054146994513119,ABEV3.SA,1.0
2022-08-10,11.291929244995117,11.314274552745054,10.986540767816033,11.135510670056497,19048300,0.02849394201666855,ABEV3.SA,1.0
2022-08-11,11.269584655761719,11.403657931498529,11.217445364239435,11.403657931498529,11619800,-0.001978810595479219,ABEV3.SA,1.0
2022-08-12,11.329172134399414,11.440899385823586,11.23234151833768,11.366414788322318,17954400,0.005287460049135939,ABEV3.SA,1.0
2022-08-15,11.485590934753418,11.545178898044796,11.217445099942225,11.26958439023604,21276600,0.013806728196763762,ABEV3.SA,1.0
2022-08-16,11.545178413391113,11.62711168189115,11.418553819126359,11.500487087626396,16447100,0.0051880202748118,ABEV3.SA,1.0
2022-08-17,11.58242130279541,11.642009264801166,11.433451397781019,11.5153846679528,27664000,0.0032258392266246716,ABEV3.SA,1.0
2022-08-18,11.9176025390625,11.932499883201672,11.612214087654138,11.664353371452307,34709400,0.02893878814321793,ABEV3.SA,-1.0
2022-08-19,11.664355278015137,12.081471037267852,11.574973329603841,11.835671211895225,38987700,-0.021249849558020673,ABEV3.SA,-1.0
2022-08-22,11.485590934753418,11.746288806911608,11.426002971462042,11.701597479270797,18162300,-0.015325694305509674,ABEV3.SA,1.0
2022-08-23,11.500487327575684,11.560075999953423,11.388760076349568,11.433451403046737,14311100,0.0012969635525841294,ABEV3.SA,1.0
2022-08-24,11.768633842468262,11.835670477201612,11.493039341054684,11.500487303534861,18054400,0.023316100201216772,ABEV3.SA,-1.0
2022-08-25,11.783530235290527,11.977191462680686,11.731390947279534,11.880360848985607,10482600,0.0012657707786363215,ABEV3.SA,-1.0
2022-08-26,11.67180347442627,11.843118690962333,11.627112146874289,11.83567072832413,12927600,-0.00948160344424176,ABEV3.SA,-1.0
2022-08-29,11.62711238861084,11.686700353022658,11.55262778826835,11.656906370816749,9512400,-0.0038289786075776933,ABEV3.SA,1.0
2022-08-30,11.46324634552002,11.716494850229559,11.366415721508462,11.694149540179076,15374700,-0.014093442775295895,ABEV3.SA,1.0
2022-08-31,11.373863220214844,11.634560371463094,11.373863220214844,11.485590469272019,22741700,-0.007797365825616076,ABEV3.SA,1.0
2022-09-01,11.49303913116455,11.694148321347333,11.239789942505508,11.44089913268829,33540800,0.010478050302020092,ABEV3.SA,1.0
2022-09-02,11.530282974243164,11.723944233999408,11.433453054709686,11.522835010671495,22400800,0.0032405565363144984,ABEV3.SA,1.0
2022-09-05,11.58242130279541,11.627111919127458,11.50048732227909,11.619663956635142,9796000,0.004521860275997991,ABEV3.SA,1.0
2022-09-06,11.589869499206543,11.664354093479625,11.463244907563343,11.50048684952763,20160400,0.0006430603944043156,ABEV3.SA,1.0
2022-09-08,11.545178413391113,11.723942295760935,11.433451164496107,11.619663719550802,22311100,-0.0038560473712400123,ABEV3.SA,1.0
2022-09-09,11.70904541015625,11.738839389913615,11.530280821267556,11.545178166318493,13422600,0.014193543910509865,ABEV3.SA,-1.0
2022-09-12,11.694148063659668,11.768633368216125,11.604766124398626,11.761184695691577,18048600,-0.001272293852721762,ABEV3.SA,-1.0
2022-09-13,11.612215995788574,11.82822254888978,11.537730683542124,11.619664669082136,27453000,-0.007006245125773858,ABEV3.SA,1.0
2022-09-14,11.455796241760254,11.612214813273447,11.373862974908395,11.612214813273447,17680200,-0.013470275964988065,ABEV3.SA,1.0
2022-09-15,11.396208763122559,11.500487341635877,11.35151743637075,11.455796725228609,13293700,-0.005201513485416087,ABEV3.SA,1.0
2022-09-16,11.373863220214844,11.470693123880647,11.277032606204513,11.351517202127788,47764700,-0.001960787431344979,ABEV3.SA,1.0
2022-09-19,11.522832870483398,11.567523484991392,11.306826339442738,11.396208278803234,14253700,0.013097541915555233,ABEV3.SA,1.0
2022-09-20,11.738839149475098,11.738839149475098,11.41110466851234,11.5302805851008,43727000,0.018745935259116386,ABEV3.SA,-1.0
2022-09-21,11.58242130279541,11.820773150818436,11.522833340789653,11.74628855348351,24983700,-0.013324813866853358,ABEV3.SA,1.0
2022-09-22,11.67180347442627,11.709046128995496,11.470693565959184,11.70159745601274,32533500,0.0077170540851667635,ABEV3.SA,-1.0
2022-09-23,11.448348999023438,11.530282276108043,11.299379081440245,11.470694309074766,39045900,-0.019144811330351508,ABEV3.SA,1.0
2022-09-26,11.373863220214844,11.537729757452762,11.299377913947042,11.440899143442433,25475400,-0.0065062463430271,ABEV3.SA,1.0
2022-09-27,11.500487327575684,11.619663961986623,11.358966095332969,11.463245384063338,34504900,0.011132902243433884,ABEV3.SA,1.0
2022-09-28,11.70904541015625,11.76863336967098,11.4557962270464,11.485590206803765,30344400,0.018134716959383956,ABEV3.SA,-1.0
2022-09-29,11.62711238861084,11.738840354641425,11.52283380606244,11.612215752680168,40055300,-0.006997412570826866,ABEV3.SA,1.0
2022-09-30,11.574973106384277,11.686700362157628,11.50793646878244,11.619664434900358,28170400,-0.0044842847031937305,ABEV3.SA,1.0
2022-10-03,12.141059875488281,12.15595722313317,11.567525487708087,11.768635418846289,37122200,0.048906098001365805,ABEV3.SA,-1.0
2022-10-04,12.096367835998535,12.2900290706244,11.984640583130679,12.2900290706244,21559300,-0.0036810657346295628,ABEV3.SA,-1.0
2022-10-05,12.006986618041992,12.163404488128416,11.88036130876072,12.148507142209013,38105500,-0.007389095567228554,ABEV3.SA,-1.0
2022-10-06,12.02933120727539,12.111265189082,11.90270660843295,12.103816516127845,28042900,0.0018609656147883236,ABEV3.SA,-1.0
2022-10-07,11.485590934753418,11.947398715778418,11.396208989816355,11.887810042142487,40213400,-0.04520120554940876,ABEV3.SA,1.0
2022-10-10,11.321723937988281,11.522833851428375,11.217445355029332,11.51538517826143,29475700,-0.014267180304088911,ABEV3.SA,1.0
2022-10-11,11.165304183959961,11.373862748726472,11.128061532369905,11.306826117933273,30204200,-0.013815895431214198,ABEV3.SA,1.0
2022-10-13,11.180203437805176,11.291930701308791,10.949299526794519,11.038681479666336,25868700,0.0013344243559991753,ABEV3.SA,1.0
2022-10-14,11.046130180358887,11.262136744580575,11.016336195995365,11.187652138844081,16971400,-0.011992023060414803,ABEV3.SA,1.0
2022-10-17,11.113166809082031,11.217446109398294,11.001439545442521,11.113166809082031,11542800,0.0060687885828416555,ABEV3.SA,1.0
2022-10-18,11.098268508911133,11.269584436840724,11.038680545373333,11.217445146331288,24386300,-0.0013405989873852553,ABEV3.SA,1.0
2022-10-19,11.090821266174316,11.202548527474187,11.00888727823278,11.120615249877256,31016000,-0.0006710274427795815,ABEV3.SA,1.0
2022-10-20,11.202548027038574,11.254687318603423,11.098268733564307,11.142960062294586,25176800,0.010073804110883211,ABEV3.SA,1.0
2022-10-21,11.403658866882324,11.433452851673845,11.135512293414012,11.165306278205533,36933200,0.01795224080792579,ABEV3.SA,1.0
2022-10-24,11.3068265914917,11.42600251329567,11.18765066968773,11.291929246093941,19032100,-0.008491333923696942,ABEV3.SA,1.0
2022-10-25,11.105717658996582,11.321724213686018,11.046129692899123,11.306827577333948,26198600,-0.017786505423763255,ABEV3.SA,1.0
2022-10-26,11.247239112854004,11.284481057256228,10.874813986075322,11.023783894717884,33679000,0.012743116492140993,ABEV3.SA,1.0
2022-10-27,11.589869499206543,11.738839398097216,11.329171643389483,11.358965623167618,51627700,0.030463510459287857,ABEV3.SA,1.0
2022-10-28,11.746289253234863,11.746289253234863,11.530281990165312,11.58987066606543,29961700,0.013496248084504225,ABEV3.SA,-1.0
2022-10-31,11.9176025390625,11.932499883201672,11.694147349386185,11.74628734352882,26748700,0.014584460005568012,ABEV3.SA,-1.0
2022-11-01,11.761185646057129,12.021882812381408,11.746289010148816,11.939950249368842,28453200,-0.013124862361593381,ABEV3.SA,-1.0
2022-11-03,11.932501792907715,11.947399139431093,11.515385324732648,11.552627980696515,26575500,0.014566230991177154,ABEV3.SA,-1.0
2022-11-04,12.252787590026855,12.334720154194866,11.947399090981806,12.044229001612782,30212300,0.026841462308391018,ABEV3.SA,-1.0
2022-11-07,12.185750961303711,12.379412203408513,12.148507595116737,12.163404941591526,32125700,-0.005471132852879035,ABEV3.SA,-1.0
2022-11-08,12.468792915344238,12.498587607038031,12.059125849378251,12.111265139153293,31603000,0.023227288571655347,ABEV3.SA,-1.0
2022-11-09,12.275132179260254,12.57307200483664,12.230441560596084,12.3719635105033,27623800,-0.015531634649707193,ABEV3.SA,-1.0
2022-11-10,11.910155296325684,12.275131747402472,11.820773351797362,12.036779895326946,56534200,-0.029733030781633918,ABEV3.SA,-1.0
2022-11-11,11.984641075134277,12.066575060255909,11.664355228592438,11.738840540458543,30034900,0.006253972089815818,ABEV3.SA,-1.0
2022-11-14,11.880361557006836,12.200646687176453,11.75373695542423,12.16340474228886,20762300,-0.008701096467861769,ABEV3.SA,-1.0
2022-11-16,11.500487327575684,11.910155099312338,11.448348038382768,11.872912445455453,42516500,-0.031974972109086064,ABEV3.SA,-1.0
2022-11-17,11.470694541931152,11.567525167912049,11.172754700716556,11.39620993679981,35475900,-0.002590567233885399,ABEV3.SA,-1.0
2022-11-18,11.634560585021973,11.798427835612294,11.485590680096472,11.589869968716592,40152500,0.014285625207070662,ABEV3.SA,-1.0
2022-11-21,11.67180347442627,11.768634092168435,11.560076221063147,11.753736746202923,15656100,0.0032010568110532045,ABEV3.SA,-1.0
2022-11-22,11.664355278015137,11.828222538608138,11.545179346800076,11.694149260818902,31512300,-0.0006381358654172775,ABEV3.SA,-1.0
2022-11-23,11.70904541015625,11.80587602195381,11.582420818601326,11.656905412822482,26642400,0.003831341816666445,ABEV3.SA,-1.0
2022-11-24,11.94739818572998,12.074021359003526,11.731390940451247,11.835670226757065,14019000,0.020356294405262654,ABEV3.SA,-1.0
2022-11-25,11.746289253234863,11.969743768895839,11.686700577334744,11.939950496462652,16221100,-0.01683286430809028,ABEV3.SA,-1.0
2022-11-28,11.850566864013672,11.917603497341341,11.709045635034334,11.76863359569348,15172700,0.008877493864719144,ABEV3.SA,-1.0
2022-11-29,11.738839149475098,11.954844965533306,11.686699153209275,11.850566393690654,23998200,-0.009428048111171372,ABEV3.SA,-1.0
2022-11-30,11.858016014099121,11.917603977157343,11.66435477898762,11.738840087982675,32952700,0.010152355195134577,ABEV3.SA,-1.0
2022-12-01,11.977191925048828,12.036779888031594,11.828222017591912,11.858015999083296,28272700,0.010050240344422479,ABEV3.SA,-1.0
2022-12-02,12.163403511047363,12.32727004093016,11.880360354416405,12.02933024992099,42011000,0.015547182274761484,ABEV3.SA,-1.0
2022-12-05,11.932501792907715,12.066575070239804,11.895259136943848,11.939950466169405,22919200,-0.018983314820554376,ABEV3.SA,-1.0
2022-12-06,11.954846382141113,12.06657506028512,11.858016471197352,12.06657506028512,20081600,0.001872582097300013,ABEV3.SA,-1.0
2022-12-07,11.9176025390625,12.021881106658839,11.820771933191281,12.014432434589253,26792000,-0.0031153761318297724,ABEV3.SA,-1.0
2022-12-08,11.694148063659668,11.88780928723085,11.627111431627759,11.880360614706301,34785200,-0.018749951986602342,ABEV3.SA,-1.0
2022-12-09,11.552627563476562,11.768634107852478,11.552627563476562,11.753736761867113,25402800,-0.012101822160341058,ABEV3.SA,-1.0
2022-12-12,11.351518630981445,11.530282536112347,11.232342694227512,11.530282536112347,31800600,-0.01740806854458976,ABEV3.SA,-1.0
2022-12-13,11.381311416625977,11.612215302529142,11.277032838119968,11.388760089474845,62286000,0.002624563867887897,ABEV3.SA,-1.0
2022-12-14,11.269584655761719,11.336621293630124,10.964196159111935,11.31427527411094,74145500,-0.009816686036816957,ABEV3.SA,-1.0
2022-12-15,11.172754287719727,11.336621549502766,11.098268974997094,11.180202961060907,36105800,-0.008592186047645223,ABEV3.SA,-1.0
2022-12-16,11.061026573181152,11.277033118762155,11.016335245320281,11.165305154282256,44559500,-0.010000015364284631,ABEV3.SA,-1.0
2022-12-19,11.34406852722168,11.522833120160662,11.113165356456637,11.157855971932989,43156700,0.025589121603486475,ABEV3.SA,-1.0
2022-12-20,11.385078430175781,11.51053371627593,11.173372074052415,11.298827360152563,23944700,0.003615096546331076,ABEV3.SA,-1.0
2022-12-21,11.25178050994873,11.53405486624909,11.220416692582024,11.42428113157942,40218600,-0.011708124897387484,ABEV3.SA,-1.0
2022-12-22,11.306668281555176,11.400759744291827,11.196894534476177,11.28314560281413,24158300,0.004878140980257628,ABEV3.SA,-1.0
2022-12-23,11.463486671447754,11.573260411683124,11.338031395620149,11.36939521457705,30772700,0.0138695490119225,ABEV3.SA,-1.0
2022-12-26,11.385078430175781,11.479169894750893,11.3301911816776,11.424282646252712,4149300,-0.006839824873462352,ABEV3.SA,-1.0
2022-12-27,11.385078430175781,11.494851431627167,11.306668502476944,11.447806073225856,13135400,0.0,ABEV3.SA,-1.0
2022-12-28,11.408599853515625,11.54973666095568,11.385077176904352,11.447804813049355,15002000,0.0020659869393171437,ABEV3.SA,-1.0
2022-12-29,11.385078430175781,11.502692573951549,11.314509644801326,11.502692573951549,22326300,-0.0020617274373591066,ABEV3.SA,-1.0
2023-01-02,11.126324653625488,11.330189843343703,10.993028988718471,11.290984884125216,14995900,-0.022727447872864404,ABEV3.SA,-1.0
2023-01-03,11.110644340515137,11.283145731384202,11.06359823472449,11.102803198254616,36363800,-0.0014092985418362458,ABEV3.SA,-1.0
2023-01-04,11.173372268676758,11.345873663955436,11.040075837930393,11.196894948287145,23791800,0.0056457507088840675,ABEV3.SA,-1.0
2023-01-05,11.204734802246094,11.298826257639986,11.087120669946835,11.189053266899988,31031500,0.002806899547888264,ABEV3.SA,-1.0
2023-01-06,11.22825813293457,11.259621953225409,11.102802851771218,11.212576596675381,20889800,0.002099409856961554,ABEV3.SA,-1.0
2023-01-09,11.290986061096191,11.345873308832475,11.18905420338412,11.204735740042716,24448600,0.005586612582198169,ABEV3.SA,-1.0
2023-01-10,11.40075969696045,11.447805802019696,11.17337180934778,11.1812129514864,35535000,0.009722236416754626,ABEV3.SA,-1.0
2023-01-11,11.204734802246094,11.59678290694018,10.938141971410529,11.377236177687768,74419600,-0.017194020392046094,ABEV3.SA,-1.0
2023-01-12,11.055756568908691,11.11064306287585,10.71075382684325,10.820527562549962,69959500,-0.013296007086891382,ABEV3.SA,-1.0
2023-01-13,10.883255958557129,11.0165523798847,10.797005640898533,10.97734741812263,44291300,-0.015602786591437212,ABEV3.SA,-1.0
2023-01-16,10.35007095336914,10.773482923123298,10.334389416297318,10.757801386051478,58837000,-0.048991313557112726,ABEV3.SA,1.0
2023-01-17,10.867573738098145,10.938142520126778,10.350070333584775,10.428480257566022,68143400,0.04999992628654848,ABEV3.SA,-1.0
2023-01-18,10.804845809936523,11.024393292121326,10.765640848991207,10.922460692772475,32154400,-0.005772026919101281,ABEV3.SA,1.0
2023-01-19,10.695073127746582,10.859733370289092,10.624504345546583,10.718595805889096,51799200,-0.010159578777976686,ABEV3.SA,1.0
2023-01-20,10.6088228225708,10.695073894900874,10.483367533115251,10.624505107639001,33626000,-0.008064489522004226,ABEV3.SA,1.0
2023-01-23,10.522571563720703,10.726436764871165,10.47552546046581,10.632345306133823,29938500,-0.00813014415384461,ABEV3.SA,1.0
2023-01-24,10.671549797058105,10.671549797058105,10.459844196341434,10.522571837129519,17822600,0.014157968176813585,ABEV3.SA,1.0
2023-01-25,10.749958992004395,10.773481668759615,10.561776082417808,10.62450371894667,22021000,0.007347498389400187,ABEV3.SA,1.0
2023-01-26,10.773482322692871,10.859733388984667,10.60882207986689,10.742118502524706,22793400,0.0021882251556468724,ABEV3.SA,1.0
2023-01-27,10.702913284301758,10.781323206732424,10.65586792906131,10.781323206732424,23904300,-0.006550253323613808,ABEV3.SA,1.0
2023-01-30,10.6088228225708,10.742119254560452,10.538254035308926,10.734278112026352,32850700,-0.008791107545359833,ABEV3.SA,1.0
2023-01-31,10.71075439453125,10.773482033181928,10.585299117229892,10.67939057520591,35608800,0.009608188737357803,ABEV3.SA,1.0
2023-02-01,10.334388732910156,10.765641068796343,10.075637032269466,10.695073034980885,136662100,-0.03513904322306749,ABEV3.SA,1.0
2023-02-02,10.279502868652344,10.608823395132973,10.193252539439817,10.240298649410999,49730600,-0.005310992810153015,ABEV3.SA,1.0
2023-02-03,10.177569389343262,10.365753065476683,10.122682888847779,10.248138174421735,40568400,-0.00991618764171287,ABEV3.SA,1.0
2023-02-06,10.20893383026123,10.35007065087268,10.154046582682772,10.224615366874735,25649000,0.0030817221399452865,ABEV3.SA,1.0
2023-02-07,10.161888122558594,10.255979589239297,10.107001620604644,10.2089342297852,22344400,-0.004608288043084774,ABEV3.SA,1.0
2023-02-08,10.342228889465332,10.381433850310513,10.13836443906077,10.224614754702221,24324300,0.01774677744251041,ABEV3.SA,1.0
2023-02-09,10.20893383026123,10.373593329679176,10.154046582682772,10.310865687680204,17206200,-0.012888426723941193,ABEV3.SA,1.0
2023-02-10,10.083478927612305,10.185411544217901,9.879614442173672,10.177570401146879,49142000,-0.012288736976338699,ABEV3.SA,1.0
2023-02-13,10.295183181762695,10.32654699980924,10.075636455436882,10.083476849119213,16722700,0.020995160070267582,ABEV3.SA,1.0
2023-02-14,10.193251609802246,10.475526000567907,10.18541046756008,10.310865752344819,29701200,-0.009900899300268384,ABEV3.SA,1.0
2023-02-15,10.3735933303833,10.483367077775192,10.138365046757425,10.18541040437361,35211800,0.017692266166336124,ABEV3.SA,1.0
2023-02-16,10.255979537963867,10.428480933235646,10.16188807175358,10.3892759687049,34528900,-0.0113378063582803,ABEV3.SA,1.0
2023-02-17,10.35007095336914,10.389275917707442,10.201092986210593,10.224615665704574,13404000,0.009174298277115467,ABEV3.SA,1.0
2023-02-22,10.357911109924316,10.436321031137856,10.232455834200596,10.232455834200596,29184000,0.0007574978558599899,ABEV3.SA,1.0
2023-02-23,10.389275550842285,10.50688969193151,10.287342946271135,10.35791173003366,24914000,0.0030280662370154587,ABEV3.SA,1.0
2023-02-24,10.444161415100098,10.50688905290225,10.255978501693637,10.365752241733619,26791100,0.005282934694456509,ABEV3.SA,1.0
2023-02-27,10.506890296936035,10.553936404744205,10.397117291671169,10.49120875951499,30248900,0.006006119528681797,ABEV3.SA,1.0
2023-02-28,10.49905014038086,10.655869257012801,10.45984517427974,10.530413963707248,39333900,-0.0007461919115555604,ABEV3.SA,1.0
2023-03-01,10.56177806854248,10.687233365191863,10.397117804747028,10.52257310139641,28582000,0.005974628878126831,ABEV3.SA,1.0
2023-03-02,10.295183181762695,10.61666250368288,10.248137080806675,10.561776009044529,47796400,-0.025241477812700808,ABEV3.SA,1.0
2023-03-03,10.279502868652344,10.36575394563742,10.185411396482529,10.287344011609633,22570600,-0.001523072764565092,ABEV3.SA,1.0
2023-03-06,10.585299491882324,10.648027132753164,10.295183965911578,10.334388928398969,29101800,0.02974819182769206,ABEV3.SA,1.0
2023-03-07,10.530412673950195,10.6793906295607,10.428480073680928,10.561776493435167,23803700,-0.005185192726405163,ABEV3.SA,1.0
2023-03-08,10.679390907287598,10.695073191324136,10.467685307201561,10.506889521747986,24867300,0.01414742593193341,ABEV3.SA,1.0
2023-03-09,10.66370964050293,10.804846461536094,10.63234581940973,10.63234581940973,19988600,-0.0014683671494754025,ABEV3.SA,1.0
2023-03-10,10.593140602111816,10.742118561789404,10.5539356397422,10.600981744140231,25089300,-0.006617681910906281,ABEV3.SA,1.0
2023-03-13,10.671549797058105,10.765641258240233,10.561776799565187,10.585299477917603,15168800,0.007401883718097579,ABEV3.SA,1.0
2023-03-14,10.938142776489258,11.040075380944943,10.65586838953138,10.671549926031693,52093500,0.02498165538286168,ABEV3.SA,1.0
2023-03-15,10.993029594421387,11.055757233518225,10.781323251640224,10.820528213018859,36367400,0.005017928459491783,ABEV3.SA,1.0
2023-03-16,11.18121337890625,11.29882752439165,10.977348162143892,10.977348162143892,29043700,0.017118464283982338,ABEV3.SA,1.0
2023-03-17,11.149848937988281,11.290985755181643,11.047916335265462,11.134166653982097,52021500,-0.002805101723319159,ABEV3.SA,1.0
2023-03-20,11.071439743041992,11.189054637521092,11.016553240948584,11.134167387655175,33729400,-0.007032310068268655,ABEV3.SA,1.0
2023-03-21,10.938142776489258,11.118485306763922,10.898937813579767,11.087121485990824,16500900,-0.012039713862554091,ABEV3.SA,1.0
2023-03-22,10.938142776489258,11.047916523081335,10.891097419215846,10.90677895571616,16107100,0.0,ABEV3.SA,1.0
2023-03-23,10.804845809936523,11.094961324495975,10.718595494074773,10.985188331176008,26202600,-0.012186435053604061,ABEV3.SA,1.0
2023-03-24,10.891097068786621,10.993029669962548,10.781323325726596,10.85189210713858,27154200,0.007982645968976021,ABEV3.SA,1.0
2023-03-27,10.92246150970459,11.063598332782478,10.883256545826985,10.977348010469742,15709700,0.00287982383407992,ABEV3.SA,1.0
2023-03-28,11.43996524810791,11.784967294449507,10.89893837708386,10.938143342020352,121741000,0.04737977221924927,ABEV3.SA,-1.0
2023-03-29,11.612466812133789,11.698717138016203,11.361555481596048,11.494851915633202,40734700,0.01507885385005081,ABEV3.SA,-1.0
2023-03-30,11.620305061340332,11.800647570232195,11.565418568438295,11.761442611971148,24247000,0.0006749857143490967,ABEV3.SA,-1.0
2023-03-31,11.236099243164062,11.698716151974555,11.126325498570443,11.6595111897788,68236900,-0.03306331599283796,ABEV3.SA,1.0
2023-04-03,11.236099243164062,11.251781527151348,11.008711359755639,11.157689318772555,24136100,0.0,ABEV3.SA,1.0
2023-04-04,11.314508438110352,11.463486387522675,11.157688599437494,11.298826155134103,25925800,0.006978328799827294,ABEV3.SA,1.0
2023-04-05,11.290986061096191,11.471328593191158,11.142008097863375,11.377237129922145,20359100,-0.0020789570437660387,ABEV3.SA,1.0
2023-04-06,11.314508438110352,11.45564524603455,11.165529740925619,11.165529740925619,39044600,0.002083288110257042,ABEV3.SA,1.0
2023-04-10,11.338031768798828,11.588942328712482,11.243940308831208,11.369395588788034,31288100,0.002079041331503495,ABEV3.SA,1.0
2023-04-11,11.588944435119629,11.659513229865045,11.283147321586277,11.361556511924725,43646400,0.02213017845048637,ABEV3.SA,-1.0
2023-04-12,11.573260307312012,11.706556723619844,11.47916885128985,11.62030566143688,38015500,-0.001353369834105611,ABEV3.SA,-1.0
2023-04-13,11.43996524810791,11.635989325017855,11.314509958529149,11.549738252603072,25996600,-0.011517502904508703,ABEV3.SA,-1.0
2023-04-14,11.48701000213623,11.549737643618162,11.322349756303046,11.36939586130073,14511000,0.00411231616600416,ABEV3.SA,-1.0
2023-04-17,11.565420150756836,11.581102435315772,11.424282580816337,11.549737866197898,12975100,0.006825984186139333,ABEV3.SA,-1.0
2023-04-18,11.471327781677246,11.620305734370945,11.4007590022746,11.573260379950797,17645400,-0.008135663715894692,ABEV3.SA,-1.0
2023-04-19,11.432123184204102,11.510533107757704,11.31450904664615,11.392918222427301,22727300,-0.003417616357869635,ABEV3.SA,-1.0
2023-04-20,11.447806358337402,11.604625469868221,11.416442536031239,11.455646753084562,25584600,0.001371851394583512,ABEV3.SA,-1.0
2023-04-24,11.243940353393555,11.557578554528643,11.189053855138027,11.494850914301626,39968000,-0.017808303054966723,ABEV3.SA,1.0
2023-04-25,11.204734802246094,11.275303580734617,11.024393033017574,11.196893660686833,29356500,-0.0034868160017967886,ABEV3.SA,1.0
2023-04-26,11.142007827758789,11.275304251101637,11.094961723378535,11.134166685733337,19935800,-0.0055982560582095164,ABEV3.SA,1.0
2023-04-27,11.102803230285645,11.173372015288962,10.985189087128438,11.11848551485193,16155400,-0.003518629503694304,ABEV3.SA,1.0
2023-04-28,11.102803230285645,11.149849336212018,10.961665660279008,11.055757872131755,21948100,0.0,ABEV3.SA,1.0
2023-05-02,11.18121337890625,11.228258737991409,10.945984340162953,11.02439426900155,26656000,0.007062193843688336,ABEV3.SA,1.0
2023-05-03,11.432123184204102,11.510533107757704,11.079280023757793,11.173371483358645,34868300,0.022440302031191184,ABEV3.SA,-1.0
2023-05-04,11.471327781677246,12.004513450255079,11.34587250619362,11.918262387530767,54120800,0.0034293365144379973,ABEV3.SA,-1.0
2023-05-05,11.361555099487305,11.534056493223135,11.212577132923972,11.502692671432301,25846600,-0.009569309174939367,ABEV3.SA,1.0
2023-05-08,11.377237319946289,11.47916992713333,11.314509676719261,11.424282678480314,18558200,0.0013802882018933982,ABEV3.SA,1.0
2023-05-09,11.369396209716797,11.42428271075237,11.322350103277383,11.361555067348146,14106700,-0.0006891928162335859,ABEV3.SA,1.0
2023-05-10,11.290986061096191,11.36155484549107,11.196894597827178,11.322349882185863,32128700,-0.006896597424724482,ABEV3.SA,1.0
2023-05-11,11.369396209716797,11.494851496525246,11.298827423943921,11.298827423943921,24022900,0.00694449078196735,ABEV3.SA,1.0
2023-05-12,11.330191612243652,11.369396577582924,11.189054783903797,11.298827789526738,17911800,-0.0034482567719504864,ABEV3.SA,1.0
2023-05-15,11.463486671447754,11.494850490404657,11.34587253730248,11.353712931212385,12250300,0.011764590023354948,ABEV3.SA,-1.0
2023-05-16,11.447806358337402,11.635989292174385,11.447806358337402,11.502692860430063,12620000,-0.0013678485054121614,ABEV3.SA,-1.0
2023-05-17,11.41644287109375,11.494852055274146,11.345874081890623,11.487010912524347,21093400,-0.0027396940742984155,ABEV3.SA,-1.0
2023-05-18,11.408599853515625,11.439963671588128,11.267462298303162,11.400758712054397,28578200,-0.0006869931086839198,ABEV3.SA,-1.0
2023-05-19,11.432123184204102,11.581101889401456,11.290985620916599,11.447805468023802,26033100,0.0020618946225225976,ABEV3.SA,-1.0
2023-05-22,11.463486671447754,11.635988049596929,11.416441316898617,11.565419270000792,19796100,0.0027434525274350197,ABEV3.SA,-1.0
2023-05-23,11.43996524810791,11.502692892897292,11.338032638382039,11.43212410556611,12569600,-0.002051855950461312,ABEV3.SA,-1.0
2023-05-24,11.494850158691406,11.604623895758975,11.361553745028075,11.361553745028075,13887400,0.004797646618076357,ABEV3.SA,-1.0
2023-05-25,11.557579040527344,11.70655775316044,11.487010255361403,11.643830110295712,20059400,0.005457129146525519,ABEV3.SA,-1.0
2023-05-26,11.573260307312012,11.683033298784988,11.47916885128985,11.612465267597683,9976800,0.0013567951151085555,ABEV3.SA,-1.0
2023-05-29,11.573260307312012,11.643829086271737,11.447805032615799,11.502691528352287,5236900,0.0,ABEV3.SA,-1.0
2023-05-30,11.353713989257812,11.675194098240118,11.306668630324546,11.628147991534355,24198200,-0.018970135659654108,ABEV3.SA,1.0
2023-05-31,11.298827171325684,11.330190992326566,11.165530745128814,11.322349850133225,41149000,-0.004834261104697535,ABEV3.SA,1.0
2023-06-01,11.16553020477295,11.306667766332806,11.142007527103786,11.251781269180613,21073100,-0.011797416185904464,ABEV3.SA,1.0
2023-06-02,11.338031768798828,11.463487048755654,11.173371526912378,11.290985664928792,26641200,0.015449473590796403,ABEV3.SA,1.0
2023-06-05,11.298827171325684,11.385078239907468,11.243940671517258,11.306668313519022,13795200,-0.003457795697929811,ABEV3.SA,1.0
2023-06-06,11.620305061340332,11.64382848496039,11.298825749590035,11.338030707851082,38723100,0.028452323868666696,ABEV3.SA,-1.0
2023-06-07,11.643829345703125,11.784966158994767,11.487009501066398,11.675193165075983,29670300,0.0020244119443177944,ABEV3.SA,-1.0
2023-06-09,11.87121868133545,11.89474136181146,11.675194599232785,11.698717279708797,27318300,0.01952874169495078,ABEV3.SA,-1.0
2023-06-12,11.886898040771484,11.941784534414996,11.706556277215725,11.87121650591865,23053500,0.0013207876846450528,ABEV3.SA,-1.0
2023-06-13,11.973150253295898,11.99667293172779,11.8006488666596,11.926104148659649,17207900,0.0072560740597398254,ABEV3.SA,-1.0
2023-06-14,12.020195007324219,12.098604928528076,11.824170952087005,11.965308511144976,38582700,0.003929187643441523,ABEV3.SA,-1.0
2023-06-15,11.910420417785645,12.035876432319236,11.753601334334123,11.94178423447595,19514800,-0.009132513197305459,ABEV3.SA,-1.0
2023-06-16,11.816330909729004,11.980991161358112,11.800649372692778,11.87121815878704,42108400,-0.007899763799784743,ABEV3.SA,-1.0
2023-06-19,11.847694396972656,11.902581644480572,11.784966755054304,11.816330576013481,8520800,0.00265424923212243,ABEV3.SA,-1.0
2023-06-20,11.87121868133545,11.879059076312434,11.769286068909361,11.8084910348844,17804600,0.0019855579975800453,ABEV3.SA,-1.0
2023-06-21,11.98099136352539,12.004514791135408,11.824172251654478,11.863377216565333,15349000,0.0092469598224596,ABEV3.SA,-1.0
2023-06-22,12.192697525024414,12.231902489291034,11.910422380522737,11.910422380522737,24788600,0.017670170612386515,ABEV3.SA,-1.0
2023-06-23,12.145650863647461,12.224060788599653,12.106445901171364,12.19269696817327,15765000,-0.003858593332639826,ABEV3.SA,-1.0
2023-06-26,12.028037071228027,12.153492356555324,11.910422180404323,12.145651214279246,17722200,-0.009683613808746716,ABEV3.SA,-1.0
2023-06-27,12.05940055847168,12.12212819939755,11.91042185044339,12.067241700530529,13978600,0.002607531641108496,ABEV3.SA,-1.0
2023-06-28,11.933945655822754,12.09860590542838,11.886899549747222,12.090764763120378,21624500,-0.01040307949310082,ABEV3.SA,-1.0
2023-06-29,11.933945655822754,12.03587826250933,11.910422228898744,11.973150619590282,14781100,0.0,ABEV3.SA,-1.0
2023-06-30,12.08292293548584,12.129969038892982,11.95746765676339,12.035877579851144,18270700,0.012483489028659811,ABEV3.SA,-1.0
2023-07-03,12.08292293548584,12.15349171671033,12.01235415426135,12.15349171671033,9309100,0.0,ABEV3.SA,-1.0
2023-07-04,11.87121868133545,12.075083158415097,11.839854858109925,12.075083158415097,12338500,-0.017520947148363053,ABEV3.SA,-1.0
2023-07-05,11.926104545593262,12.004514473339222,11.839854223290695,11.871218044834583,16649000,0.00462343974373125,ABEV3.SA,-1.0
2023-07-06,11.62814712524414,11.965308746161691,11.604624447529934,11.879057681588861,28789100,-0.024983633105850722,ABEV3.SA,-1.0
2023-07-07,11.643829345703125,11.824171120153947,11.612465526330267,11.628147062130477,18082900,0.0013486431062554871,ABEV3.SA,-1.0
2023-07-10,11.769285202026367,12.373038941590538,11.706557560195607,12.11428723209554,30024500,0.010774449933821595,ABEV3.SA,-1.0
2023-07-11,11.471327781677246,11.73007947430533,11.432122821145507,11.714397190983663,26625300,-0.025316526469918554,ABEV3.SA,-1.0
2023-07-12,11.518373489379883,11.61246569665095,11.432123171782596,11.455645849714138,17859500,0.0041011562565391735,ABEV3.SA,-1.0
2023-07-13,11.573260307312012,11.67519290494579,11.471327709678233,11.494850386740668,13600600,0.004765153516052889,ABEV3.SA,-1.0
2023-07-14,11.557579040527344,11.604625146562135,11.416442217967948,11.534056361396193,13152500,-0.0013549567164544696,ABEV3.SA,-1.0
2023-07-17,11.620305061340332,11.628146202547018,11.471327117275212,11.54189589259062,21044500,0.005427262975493008,ABEV3.SA,-1.0
2023-07-18,11.502692222595215,11.70655743016702,11.463487259943333,11.588942542211377,49083400,-0.010121321094779478,ABEV3.SA,-1.0
2023-07-19,11.471327781677246,11.565419238289964,11.34587250619362,11.534055419419058,34813800,-0.002726704349818032,ABEV3.SA,-1.0
2023-07-20,11.698715209960938,11.753601703951903,11.361553609108098,11.565418797892251,42121000,0.019822241384026107,ABEV3.SA,-1.0
2023-07-21,11.996671676635742,12.129968086758435,11.667351221952897,11.667351221952897,44120600,0.025469161470065282,ABEV3.SA,-1.0
2023-07-24,11.855535507202148,12.051559574611785,11.769285186739998,11.933945433274992,28477500,-0.011764610488462779,ABEV3.SA,-1.0
2023-07-25,11.784967422485352,11.973151106670496,11.596784486072726,11.949627678789529,25287600,-0.005952332113039249,ABEV3.SA,-1.0
2023-07-26,11.745762825012207,11.800650077347736,11.659512496731436,11.737922429912167,22007900,-0.0033266615059405202,ABEV3.SA,-1.0
2023-07-27,11.526215553283691,11.79280841707457,11.510534015999085,11.722239629862571,24140400,-0.018691614584707694,ABEV3.SA,-1.0
2023-07-28,11.730079650878906,11.761443470221934,11.494850631919979,11.565419412384902,15430600,0.017686993328624334,ABEV3.SA,-1.0
2023-07-31,11.6516695022583,11.83985316243274,11.581101470936863,11.73792056460521,16905900,-0.0066845367597082594,ABEV3.SA,-1.0
2023-08-01,11.745762825012207,11.784967791602574,11.49485223526993,11.61246713504103,18921400,0.008075522802605262,ABEV3.SA,-1.0
2023-08-02,11.80064868927002,11.9104216854837,11.651669983305089,11.72223876531243,22855900,0.00467282245312628,ABEV3.SA,-1.0
2023-08-03,11.471327781677246,12.114286442417036,11.408600143935434,11.824170930918047,63225600,-0.027907017339836138,ABEV3.SA,-1.0
2023-08-04,11.534056663513184,11.683034632276042,11.400760231991017,11.494851698752692,22648600,0.005468319189355864,ABEV3.SA,-1.0
2023-08-07,11.51053237915039,11.565418873500171,11.400758642678426,11.565418873500171,15395800,-0.0020395499215128954,ABEV3.SA,-1.0
2023-08-08,11.369396209716797,11.510533781262549,11.338032388014685,11.353713924979495,15367000,-0.012261480597477892,ABEV3.SA,-1.0
2023-08-09,11.275303840637207,11.369395298199963,11.204735060522031,11.338031479012377,19585700,-0.008275933685834125,ABEV3.SA,-1.0
2023-08-10,11.267463684082031,11.463487758087158,11.228258719726504,11.353714007446188,9563200,-0.0006953388277590733,ABEV3.SA,-1.0
2023-08-11,11.259622573852539,11.345873645235823,11.196894929813332,11.322350217891746,15263200,-0.0006959072999338511,ABEV3.SA,-1.0
2023-08-14,11.236099243164062,11.330190703770398,11.142007782557727,11.259621921372531,17113600,-0.0020891757724724735,ABEV3.SA,-1.0
2023-08-15,11.134167671203613,11.306669072169132,11.118486133537218,11.26746410634435,14551800,-0.009071793489405455,ABEV3.SA,-1.0
2023-08-16,11.118484497070312,11.251780912591903,11.087120678581256,11.134166032428631,39194000,-0.0014085627768892772,ABEV3.SA,-1.0
2023-08-17,11.149848937988281,11.259621934941734,11.040075193262371,11.157689332218915,39513800,0.0028209277016335577,ABEV3.SA,-1.0
2023-08-18,11.259622573852539,11.27530485874859,11.110644606202548,11.149849570670177,20322700,0.009845302521566124,ABEV3.SA,-1.0
2023-08-21,11.220418930053711,11.314510400916678,11.18121396358434,11.290986972371531,18739800,-0.0034817902235788623,ABEV3.SA,-1.0
2023-08-22,11.306668281555176,11.377237065550782,11.16553071356396,11.189054140077479,27151300,0.007686820968016317,ABEV3.SA,-1.0
2023-08-23,11.330191612243652,11.439965365639111,11.243941286715268,11.243941286715268,27857800,0.0020804829594984753,ABEV3.SA,-1.0
2023-08-24,11.126324653625488,11.361553661164013,11.102801977203356,11.330189843343703,26953700,-0.01799324897540666,ABEV3.SA,-1.0
2023-08-25,10.96950626373291,11.173371466445728,10.718595705177101,11.173371466445728,55070100,-0.014094356831613641,ABEV3.SA,-1.0
2023-08-28,11.142007827758789,11.220417752468393,10.86757383904764,10.993029868137498,35551200,0.01572555408407017,ABEV3.SA,-1.0
2023-08-29,11.18121337890625,11.24394102286813,11.110644592506011,11.18905452134461,14591500,0.0035187150963746916,ABEV3.SA,-1.0
2023-08-30,11.118484497070312,11.243939771026536,11.110643355504944,11.15768870935232,25045400,-0.005610203446638207,ABEV3.SA,-1.0
2023-08-31,10.851893424987793,11.102804013569811,10.749960811433214,11.087122475669704,44974800,-0.02397728504750496,ABEV3.SA,-1.0
2023-09-01,10.87541675567627,10.97734937532269,10.734279167277752,10.859735216838981,20325700,0.0021676706328788153,ABEV3.SA,-1.0
2023-09-04,10.867573738098145,10.96166519821217,10.78916456188935,10.906778700088768,23856400,-0.0007211693817646969,ABEV3.SA,-1.0
2023-09-05,10.985189437866211,11.142008549673605,10.836210720819805,10.898938365542763,37047300,0.01082262725816574,ABEV3.SA,-1.0
2023-09-06,10.961665153503418,11.102802716985035,10.945983617434601,10.969506295424052,26849800,-0.0021414545917346484,ABEV3.SA,-1.0
2023-09-08,10.742117881774902,10.94598307497354,10.742117881774902,10.938141933441496,23119600,-0.020028642423760457,ABEV3.SA,-1.0
2023-09-11,10.87541675567627,10.914621724428367,10.749961453887623,10.812689104781947,14866900,0.0124089937727756,ABEV3.SA,-1.0
2023-09-12,10.749958992004395,10.898936941817338,10.710754032230753,10.859732729816109,18024700,-0.011535904001692132,ABEV3.SA,-1.0
2023-09-13,10.695073127746582,10.836209944374122,10.687231985774925,10.749959626003267,32126800,-0.005105681268052775,ABEV3.SA,-1.0
2023-09-14,10.6088228225708,10.75780153962865,10.585300142741012,10.726437717264762,21983200,-0.008064489522004226,ABEV3.SA,-1.0
2023-09-15,10.522571563720703,10.671549519778385,10.506889280044925,10.624504164295935,39186700,-0.00813014415384461,ABEV3.SA,-1.0
2023-09-18,10.49905014038086,10.569618182035834,10.436322493728083,10.49905014038086,19997200,-0.002235330327516105,ABEV3.SA,-1.0
2023-09-19,10.530412673950195,10.62450413240511,10.428480073680928,10.436321215495282,25991300,0.0029871781875496772,ABEV3.SA,-1.0
2023-09-20,10.56177806854248,10.632346859850896,10.546095782575032,10.56177806854248,15729400,0.0029785532213637556,ABEV3.SA,-1.0
2023-09-21,10.381433486938477,10.506888759033911,10.350069668914617,10.444161122986193,29875400,-0.017075210294481336,ABEV3.SA,-1.0
2023-09-22,10.287342071533203,10.412797344100177,10.271660536348536,10.389274667436972,16325200,-0.009063431897305518,ABEV3.SA,1.0
2023-09-25,10.365754127502441,10.452004458228213,10.279503049004107,10.310866873610985,20229100,0.007622188066071844,ABEV3.SA,-1.0
2023-09-26,10.224615097045898,10.373593055918793,10.193251276874108,10.342229235747,29094600,-0.01361589602844937,ABEV3.SA,1.0
2023-09-27,10.169729232788086,10.27166184164519,10.083478161108417,10.25597955669525,32045700,-0.00536801275518628,ABEV3.SA,1.0
2023-09-28,10.177569389343262,10.29518428039821,10.138365173430765,10.19325167392625,43949200,0.0007709307077614636,ABEV3.SA,1.0
2023-09-29,10.279502868652344,10.326548978623526,10.232457506453711,10.255980187553027,22876500,0.010015503251278757,ABEV3.SA,1.0
2023-10-02,10.263819694519043,10.310865049218929,10.177568631281869,10.279501230161529,17955500,-0.001525674376834596,ABEV3.SA,1.0
2023-10-03,10.232455253601074,10.420638156508973,10.146204195605666,10.240296394832,31511700,-0.0030558253994580342,ABEV3.SA,1.0
2023-10-04,10.357911109924316,10.404957212206925,10.224614692524757,10.232455834200596,15774100,0.012260581963365214,ABEV3.SA,1.0
2023-10-05,10.107001304626465,10.373593411334324,10.083477877862329,10.33438919560573,31497000,-0.024223977463703528,ABEV3.SA,1.0
2023-10-06,10.342228889465332,10.412797669432171,9.989385737403568,10.036431839972272,40211800,0.02327372657320148,ABEV3.SA,1.0
2023-10-09,10.326547622680664,10.342229158763605,10.23245616286567,10.310865338825273,15459500,-0.001516236678985261,ABEV3.SA,1.0
2023-10-10,10.389275550842285,10.475525871122885,10.287342946271135,10.326547909225035,18408800,0.006074433630059328,ABEV3.SA,-1.0
2023-10-11,10.420639991760254,10.45200381443527,10.342230061186452,10.389276169085237,14042700,0.003018924732959505,ABEV3.SA,-1.0
2023-10-13,10.177569389343262,10.412798423680673,10.130524031139272,10.412798423680673,24773100,-0.0233258804266524,ABEV3.SA,1.0
2023-10-16,10.201091766357422,10.255978261204183,10.154045665222764,10.201091766357422,12422600,0.0023111979014154294,ABEV3.SA,1.0
2023-10-17,10.036430358886719,10.185408290786674,10.020748077753924,10.114839521233735,21533400,-0.01614154751687913,ABEV3.SA,1.0
2023-10-18,9.824726104736328,10.020750173254138,9.793362283684377,9.989386352202187,41902700,-0.02109358074337042,ABEV3.SA,1.0
2023-10-19,9.816885948181152,9.950181630052544,9.809044805785042,9.848249769993096,15581700,-0.0007980025571803218,ABEV3.SA,1.0
2023-10-20,9.793362617492676,9.903136368802397,9.72279383077732,9.761998795371685,14749400,-0.0023962110604773823,ABEV3.SA,1.0
2023-10-23,9.785520553588867,9.85608933365928,9.707111379555856,9.769839017891238,11943700,-0.0008007529395267499,ABEV3.SA,1.0
2023-10-24,9.816885948181152,9.871772449408931,9.667907233745042,9.863931307012821,32749400,0.003205286261524609,ABEV3.SA,1.0
2023-10-25,9.754157066345215,9.83256699081887,9.722793246110244,9.809044312585756,14976900,-0.0063898961612729455,ABEV3.SA,1.0
2023-10-26,9.903136253356934,10.02075039799644,9.730634859816158,9.78552136094493,25002300,0.015273404559553505,ABEV3.SA,1.0
2023-10-27,9.636543273925781,9.903136129395618,9.628702131641965,9.863931165749026,27730300,-0.02692005568849798,ABEV3.SA,1.0
2023-10-30,9.691429138183594,9.793361737864474,9.644383783113916,9.722792957487524,26078000,0.005695596719450302,ABEV3.SA,1.0
2023-10-31,10.083478927612305,10.154047719706377,9.887454837472132,10.154047719706377,64210200,0.0404532483123734,ABEV3.SA,1.0
2023-11-01,10.185409545898438,10.193250687431073,10.00506777728234,10.114840767649559,40528700,0.01010867568801177,ABEV3.SA,1.0
2023-11-03,10.420639991760254,10.483367637110288,10.232457055710151,10.271662020997052,27360200,0.023094844129909475,ABEV3.SA,1.0
2023-11-06,10.593140602111816,10.640185958737387,10.420639216348983,10.4598441787186,20562100,0.01655374434660062,ABEV3.SA,1.0
2023-11-07,10.640185356140137,10.655867639308816,10.553935042029659,10.585298860594598,20565500,0.004441058208832116,ABEV3.SA,1.0
2023-11-08,10.616662979125977,10.726436721091055,10.600981443286646,10.655867940382965,29629700,-0.002210711207261684,ABEV3.SA,1.0
2023-11-09,10.514729499816895,10.64018476713183,10.483365682988161,10.64018476713183,18858200,-0.009601272971507036,ABEV3.SA,1.0
2023-11-10,10.46768569946289,10.577458700742397,10.46768569946289,10.546094879266468,15140600,-0.004474085648596415,ABEV3.SA,1.0
2023-11-13,10.530412673950195,10.62450413240511,10.420638931866575,10.483366570836518,16559200,0.005992439617338086,ABEV3.SA,1.0
2023-11-14,10.742117881774902,10.781322841662703,10.546093830108308,10.58529878999611,24478100,0.020104170119412013,ABEV3.SA,1.0
2023-11-16,10.718596458435059,10.820529066954863,10.624504992364278,10.74211913800963,45772900,-0.002189644872520935,ABEV3.SA,1.0
2023-11-17,10.66370964050293,10.773482640442893,10.600981998316529,10.749959961566113,36893100,-0.005120709427299586,ABEV3.SA,1.0
2023-11-20,10.66370964050293,10.749959961566113,10.561777035006909,10.67155003494687,15170600,0.0,ABEV3.SA,1.0
2023-11-21,10.538252830505371,10.679390388893331,10.47552519294904,10.66370885339046,17196400,-0.0117648373996464,ABEV3.SA,1.0
2023-11-22,10.640185356140137,10.663708780893156,10.53041236504906,10.577457719010258,29650400,0.00967262100029509,ABEV3.SA,1.0
2023-11-23,10.624505043029785,10.789165296381999,10.404958287817667,10.671550402403271,32233900,-0.001473687965529935,ABEV3.SA,1.0
2023-11-24,10.49905014038086,10.616664290911684,10.412799065403892,10.585300467585295,18133100,-0.011808070318647945,ABEV3.SA,1.0
2023-11-27,10.648027420043945,10.687232383589112,10.483367171372237,10.538253671671978,22972800,0.014189595979744674,ABEV3.SA,1.0
2023-11-28,10.702913284301758,10.749959387314645,10.600981432023307,10.600981432023307,14913700,0.005154556998463011,ABEV3.SA,1.0
2023-11-29,10.428481101989746,10.734278185178477,10.428481101989746,10.687232825198294,19363500,-0.025640886272948582,ABEV3.SA,1.0
2023-11-30,10.734277725219727,10.773482688704973,10.38927569164901,10.428480655134258,41991100,0.02932321785304226,ABEV3.SA,1.0
2023-12-01,11.040074348449707,11.040074348449707,10.663708534371205,10.734276563681622,30042200,0.02848786206747045,ABEV3.SA,-1.0
2023-12-04,11.024394035339355,11.047916714383373,10.969506787206672,11.000870608522856,9861400,-0.0014203086515041097,ABEV3.SA,-1.0
2023-12-05,11.16553020477295,11.267462805035908,11.03223378502696,11.040074926840829,36765000,0.012802170258172207,ABEV3.SA,-1.0
2023-12-06,10.96950626373291,11.2282579641867,10.906778624093958,11.18905375024169,20919500,-0.01755616951859973,ABEV3.SA,-1.0
2023-12-07,11.040074348449707,11.196893437649084,10.993028995576095,10.993028995576095,11940500,0.006433114036326959,ABEV3.SA,-1.0
2023-12-08,11.220418930053711,11.361555762461892,11.11064517349398,11.196895501508564,16690900,0.016335449917448175,ABEV3.SA,-1.0
2023-12-11,11.22825813293457,11.283145379272883,11.149848956093704,11.165530492352893,11080900,0.0006986550974368289,ABEV3.SA,-1.0
2023-12-12,11.157689094543457,11.243940159195274,11.118484880908023,11.196894055951333,10541600,-0.00628494977187255,ABEV3.SA,-1.0
2023-12-13,11.526215553283691,11.604625483024247,11.087122040499603,11.189054650053322,53960800,0.03302892342828034,ABEV3.SA,-1.0
2023-12-14,11.369396209716797,11.659511747404459,11.212577101206238,11.64383021043965,60791700,-0.013605449493977129,ABEV3.SA,-1.0
2023-12-15,11.34587287902832,11.424282054895963,11.283145239225227,11.36939555701137,33747300,-0.002069004391664353,ABEV3.SA,-1.0
2023-12-18,11.408599853515625,11.479168631121857,11.31450839929812,11.369394893981896,24363100,0.005528616013603438,ABEV3.SA,-1.0
2023-12-19,11.526215553283691,11.588943197967131,11.408601406445365,11.439965228787086,32674700,0.010309389520031464,ABEV3.SA,-1.0
2023-12-20,11.336609840393066,11.509876837379789,11.278854437016944,11.50162584065224,24316200,-0.016449953760981684,ABEV3.SA,-1.0
2023-12-21,11.303606986999512,11.402616590191437,11.212848380788177,11.402616590191437,28969600,-0.0029111748448785724,ABEV3.SA,-1.0
2023-12-22,11.311858177185059,11.410867782068053,11.270603978435878,11.295356182942028,19864700,0.0007299608164930138,ABEV3.SA,-1.0
2023-12-26,11.361363410949707,11.394366612687447,11.295356220615826,11.32010921206293,6884800,0.004376401559250009,ABEV3.SA,-1.0
2023-12-27,11.419119834899902,11.419119834899902,11.320110220863357,11.369614634452397,10305900,0.005083582124882247,ABEV3.SA,-1.0
2023-12-28,11.328360557556152,11.427370959549497,11.328360557556152,11.386116756528683,16500300,-0.007948009886573293,ABEV3.SA,-1.0
2024-01-02,11.311858177185059,11.328359384569694,11.212848572302063,11.320109174306573,11690200,-0.001456731562104685,ABEV3.SA,-1.0
2024-01-03,11.221099853515625,11.344861666038131,11.196346861524393,11.278855261111673,17612200,-0.008023290448644804,ABEV3.SA,-1.0
2024-01-04,11.262353897094727,11.287106890472021,11.15509407322695,11.221100481849485,19996000,0.003676470588235281,ABEV3.SA,-1.0
2024-01-05,11.221099853515625,11.29535646891408,11.163343659061164,11.237601061318033,18293900,-0.00366300366300365,ABEV3.SA,-1.0
2024-01-08,11.311858177185059,11.344861378812723,11.204597575180548,11.229349779686698,11014600,0.008088184300489853,ABEV3.SA,-1.0
2024-01-09,11.237602233886719,11.295357647509157,11.17984682026428,11.295357647509157,15705100,-0.006564433723904584,ABEV3.SA,-1.0
2024-01-10,11.353113174438477,11.410868584634432,11.221100358642893,11.237601567188117,18313300,0.010278966824741165,ABEV3.SA,-1.0
2024-01-11,11.18809700012207,11.361364015174573,11.146842799041295,11.311858816505955,22254100,-0.014534883232551588,ABEV3.SA,-1.0
2024-01-12,11.212849617004395,11.320110229002387,11.089087009225882,11.155094205489503,20300600,0.002212406353113927,ABEV3.SA,-1.0
2024-01-15,11.212849617004395,11.221100614894656,11.105589005006403,11.122090213928457,4752100,0.0,ABEV3.SA,-1.0
2024-01-16,11.014829635620117,11.155093442729768,11.006578638294041,11.089086250979568,24233000,-0.017660094280046224,ABEV3.SA,-1.0
2024-01-17,11.080836296081543,11.146842702495709,10.99832789463462,10.99832789463462,12493800,0.005992526679484023,ABEV3.SA,-1.0
2024-01-18,11.006577491760254,11.072583889776283,10.932320097277639,11.072583889776283,18425500,-0.006701552332069816,ABEV3.SA,-1.0
2024-01-19,11.014829635620117,11.072585043185828,10.940572233402253,11.06433404585975,28017100,0.000749746582535904,ABEV3.SA,-1.0
2024-01-22,11.023080825805664,11.097338234623434,10.915820211608715,11.039582821924494,16245600,0.0007490983027884646,ABEV3.SA,-1.0
2024-01-23,11.031331062316895,11.08083626039731,10.915819458034877,11.04783305729651,16851900,0.0007484510584296888,ABEV3.SA,-1.0
2024-01-24,10.957073211669922,11.089086018688123,10.882815811007584,11.089086018688123,16080200,-0.006731540394126823,ABEV3.SA,-1.0
2024-01-25,10.891066551208496,10.957072953160312,10.841562143173823,10.907568545125638,12841800,-0.006024114212463627,ABEV3.SA,-1.0
2024-01-26,10.891066551208496,10.965323950118883,10.849812353274016,10.940571746101547,6568000,0.0,ABEV3.SA,-1.0
2024-01-29,10.932320594787598,10.965323795297527,10.825059996415735,10.858063196925665,10163100,0.0037878791195637973,ABEV3.SA,-1.0
2024-01-30,10.759055137634277,10.932322161862666,10.750804139609478,10.907569954646748,22516400,-0.015848918411332624,ABEV3.SA,-1.0
2024-01-31,10.792057991027832,10.907569599033627,10.750803789107302,10.792057991027832,25269100,0.003067449043746784,ABEV3.SA,-1.0
2024-02-01,10.783806800842285,10.816810004418098,10.643542988930466,10.783806800842285,27075000,-0.0007645613276361374,ABEV3.SA,-1.0
2024-02-02,10.783806800842285,10.89106740917829,10.693048187723408,10.792057798450848,22938800,0.0,ABEV3.SA,-1.0
2024-02-05,10.800308227539062,10.882815838706236,10.759054028526277,10.792057230364826,16606500,0.0015302042220830536,ABEV3.SA,-1.0
2024-02-06,10.915820121765137,10.973576320847194,10.783807301334969,10.783807301334969,29715800,0.010695240523926675,ABEV3.SA,-1.0
2024-02-07,10.726051330566406,10.981826746974548,10.668295921350364,10.932321548461914,37752200,-0.01738474883992902,ABEV3.SA,-1.0
2024-02-08,10.684796333312988,10.759053732118561,10.64354213543674,10.693047330259914,23297000,-0.0038462427581202885,ABEV3.SA,-1.0
2024-02-09,10.684796333312988,10.709548537295387,10.569285523489542,10.66004412933059,15447300,0.0,ABEV3.SA,-1.0
2024-02-14,10.66004467010498,10.676545877977546,10.577536270166906,10.627041467501433,16255700,-0.0023165311191601923,ABEV3.SA,-1.0
2024-02-15,10.602289199829102,10.7425530067828,10.594038202512198,10.668295604647499,27820200,-0.005417938860786231,ABEV3.SA,-1.0
2024-02-16,10.528032302856445,10.643543123401948,10.519781305143637,10.643543123401948,21074800,-0.007003855070643938,ABEV3.SA,-1.0
2024-02-19,10.56928539276123,10.56928539276123,10.437271803818392,10.536282192240114,9229700,0.003918404571535472,ABEV3.SA,-1.0
2024-02-20,10.602289199829102,10.800308414284295,10.544533005469194,10.569285997419902,26872100,0.0031226148070970794,ABEV3.SA,-1.0
2024-02-21,10.64354419708252,10.660046194172793,10.519782366339584,10.594039779528757,13911900,0.0038911405335069205,ABEV3.SA,-1.0
2024-02-22,10.693048477172852,10.734302679473936,10.610540072570682,10.668296270535587,16110800,0.004651108613228816,ABEV3.SA,-1.0
2024-02-23,10.635293006896973,10.73430261975366,10.577536809253395,10.726051621967654,18944400,-0.005401216537938014,ABEV3.SA,-1.0
2024-02-26,10.759055137634277,10.808560338924595,10.585788113405888,10.585788113405888,12942000,0.011636927224952354,ABEV3.SA,-1.0
2024-02-27,10.981825828552246,10.998327035437486,10.783805837920779,10.816809038549628,31668800,0.020705414004128952,ABEV3.SA,-1.0
2024-02-28,11.097336769104004,11.212848366105852,10.94057176096999,10.948822757939775,34495200,0.010518373024222871,ABEV3.SA,-1.0
2024-02-29,10.3795166015625,10.717799610200101,10.231001802898819,10.660044204879062,88182100,-0.06468400324120838,ABEV3.SA,-1.0
2024-03-01,10.264004707336426,10.453773698682632,10.148493900033689,10.280506700870164,51174000,-0.011128831780921833,ABEV3.SA,-1.0
2024-03-04,10.29700756072998,10.371264955414011,10.239252159023883,10.272255358121415,16560500,0.0032153973360871113,ABEV3.SA,-1.0
2024-03-05,10.519781112670898,10.585787519448786,10.272256693824602,10.33826310060249,33369400,0.021634785701286408,ABEV3.SA,-1.0
2024-03-06,10.47027587890625,10.709549299385099,10.37126626907277,10.561035278064098,45103900,-0.004705918615076521,ABEV3.SA,-1.0
2024-03-07,10.437273025512695,10.503279434281053,10.330013201407958,10.420771816749836,12954500,-0.003152051939724232,ABEV3.SA,-1.0
2024-03-08,10.594038009643555,10.660044413260279,10.354764599818326,10.354764599818326,54292500,0.015019726297057279,ABEV3.SA,-1.0
2024-03-11,10.561034202575684,10.643541808938828,10.462024602824899,10.536281999352576,20348100,-0.003115318921626309,ABEV3.SA,-1.0
2024-03-12,10.594038009643555,10.643542418926899,10.528031606026829,10.585787012476864,25358500,0.0031250544629257693,ABEV3.SA,-1.0
2024-03-13,10.519781112670898,10.651793926226674,10.47852691172011,10.577536521886941,24872300,-0.007009310038821992,ABEV3.SA,-1.0
2024-03-14,10.561034202575684,10.569285199269505,10.453773606131078,10.511529009271115,27666100,0.003921477972112619,ABEV3.SA,-1.0
2024-03-15,10.420771598815918,10.61053982334163,10.404269603539712,10.61053982334163,36174000,-0.013281142837844206,ABEV3.SA,-1.0
2024-03-18,10.420771598815918,10.462025800147991,10.346514193789876,10.437272807233681,24187500,0.0,ABEV3.SA,-1.0
2024-03-19,10.346513748168945,10.470275559976338,10.288758340906616,10.420771149996746,26464600,-0.007125945515916499,ABEV3.SA,-1.0
2024-03-20,10.346513748168945,10.387767947724214,10.20624994179608,10.33826275088621,48407800,0.0,ABEV3.SA,-1.0
2024-03-21,10.40427017211914,10.40427017211914,10.264006352039932,10.330013549893518,29217300,0.00558221110568935,ABEV3.SA,-1.0
2024-03-22,10.239253044128418,10.371265851930037,10.206249842178014,10.363015641586237,18151900,-0.01586051931186172,ABEV3.SA,-1.0
2024-03-25,10.090738296508789,10.31351050102292,10.090738296508789,10.231002102271374,21593700,-0.014504451348117953,ABEV3.SA,-1.0
2024-03-26,10.239253044128418,10.305259448029227,10.041233832425991,10.065986037174195,32319600,0.01471792680135331,ABEV3.SA,-1.0
2024-03-27,10.272256851196289,10.272256851196289,10.14849503330632,10.197999445718928,26211600,0.0032232631546103008,ABEV3.SA,-1.0
2024-03-28,10.30526065826416,10.354765860432787,10.198000042614213,10.214502038956587,44405600,0.0032129071095050588,ABEV3.SA,-1.0
2024-04-01,10.173247337341309,10.346514356168518,10.123742924452651,10.313511151956595,21031000,-0.012810284504253255,ABEV3.SA,-1.0
2024-04-02,10.123743057250977,10.24750487795452,10.123743057250977,10.181498468664834,19115800,-0.004866123711415593,ABEV3.SA,-1.0
2024-04-03,10.272256851196289,10.321762050467346,10.008231220039848,10.107240831723514,36137900,0.014669850183420152,ABEV3.SA,-1.0
2024-04-04,10.288758277893066,10.478526493083287,10.280507280660864,10.288758277893066,31881300,0.001606407134850274,ABEV3.SA,-1.0
2024-04-05,10.090738296508789,10.354764700398693,9.93397328311094,10.330012495516591,71144500,-0.01924624682939169,ABEV3.SA,-1.0
2024-04-08,10.041234970092773,10.123743377746147,9.999980766266088,10.08248917391946,18919200,-0.004905818084009028,ABEV3.SA,-1.0
2024-04-09,10.197999000549316,10.24750419765934,10.049484982936072,10.074237188061877,23795200,0.015612026899425757,ABEV3.SA,-1.0
2024-04-10,9.983479499816895,10.214501938324666,9.983479499816895,10.123743319911235,23028800,-0.021035450260474264,ABEV3.SA,-1.0
2024-04-11,10.065986633300781,10.156746034183136,9.958726023895192,9.983479016967715,21019300,0.008264366495208453,ABEV3.SA,-1.0
2024-04-12,9.999979019165039,10.074236415707832,9.942223616013248,10.032982219088685,16269700,-0.006557490739891536,ABEV3.SA,-1.0
