Date,Close,High,Low,Open,Volume,Retorno_Diario,Ticker,DiasParaEleicaoBR,DiasParaEleicaoUSA,Petroleo_Brent,Petroleo_WTI,Alvo
2015-01-02,26.244781494140625,26.55453482936228,26.162013603133126,26.395939382391216,26480000,,GOOGL,1395,676,56.41999816894531,52.689998626708984,1.0
2015-01-05,25.74471664428711,26.167468351017355,25.659969304037432,26.125837680596216,41182000,-0.01905387743331599,GOOGL,1392,673,53.11000061035156,50.040000915527344,1.0
2015-01-06,25.10934829711914,25.831443710375485,25.055326743278943,25.79625615665274,54456000,-0.02467956264373805,GOOGL,1391,672,51.099998474121094,47.93000030517578,1.0
2015-01-07,25.035503387451172,25.349716612643217,24.961163720980398,25.322955391440964,46918000,-0.0029409329463337963,GOOGL,1390,671,51.150001525878906,48.650001525878906,1.0
2015-01-08,25.12272834777832,25.15196812175665,24.533452183850645,24.855101041116978,73054000,0.0034840505891673423,GOOGL,1389,670,50.959999084472656,48.790000915527344,1.0
2015-01-09,24.815948486328125,25.206486470406286,24.713359714337837,25.185671138050665,42000000,-0.012211247807299763,GOOGL,1388,669,50.11000061035156,48.36000061035156,1.0
2015-01-12,24.634559631347656,24.79414385487283,24.32976151581034,24.742600854209794,57138000,-0.007309366195710876,GOOGL,1385,666,47.43000030517578,46.06999969482422,1.0
2015-01-13,24.869476318359375,25.206488103596488,24.64447220299611,24.90763776348392,60958000,0.009536061960400799,GOOGL,1384,665,46.59000015258789,45.88999938964844,1.0
2015-01-14,25.07415771484375,25.18963459448287,24.689074083060937,24.80107985020796,52800000,0.00823022543234142,GOOGL,1383,664,48.689998626708984,48.47999954223633,1.0
2015-01-15,24.979007720947266,25.263483974305565,24.87988626492731,25.22086263679171,51068000,-0.003794743375972187,GOOGL,1382,663,47.66999816894531,46.25,1.0
2015-01-16,25.298673629760742,25.31800107550892,24.933410806128315,24.936384695609085,49658000,0.01279738220127169,GOOGL,1381,662,47.689998626708984,48.689998626708984,1.0
2015-01-20,25.272897720336914,25.553906605480144,25.244648610014988,25.41315449636776,46796000,-0.0010188640638261193,GOOGL,1377,658,47.9900016784668,46.38999938964844,1.0
2015-01-21,25.790807723999023,25.86316606025628,25.25555303458851,25.31750370379337,46356000,0.020492703661968648,GOOGL,1376,657,49.029998779296875,47.779998779296875,1.0
2015-01-22,26.628877639770508,26.705200537838397,25.866142101657765,25.92016177385231,56068000,0.032494907671760886,GOOGL,1375,656,48.52000045776367,46.310001373291016,1.0
2015-01-23,26.859331130981445,27.030810910604092,26.55205635090726,26.665054685544487,45966000,0.008654269786675162,GOOGL,1374,655,48.790000915527344,45.59000015258789,1.0
2015-01-26,26.60013198852539,26.837031674172664,26.369675414714727,26.837031674172664,30932000,-0.009650245614533426,GOOGL,1371,652,48.15999984741211,45.150001525878906,1.0
2015-01-27,25.830453872680664,26.404860645337777,25.81409842796658,26.33646686797369,39148000,-0.028935123937608442,GOOGL,1370,651,49.599998474121094,46.22999954223633,1.0
2015-01-28,25.39630889892578,26.05348180069104,25.392344342880516,26.019284905246725,35822000,-0.01680748529990228,GOOGL,1369,650,48.470001220703125,44.45000076293945,1.0
2015-01-29,25.435956954956055,25.533095190201756,24.952740553930685,25.419601507834404,79018000,0.0015611739559504567,GOOGL,1368,649,49.130001068115234,44.529998779296875,1.0
2015-01-30,26.641267776489258,26.916328914102955,25.681280017677523,25.721920021898733,121108000,0.04738610085194206,GOOGL,1367,648,52.9900016784668,48.2400016784668,1.0
2015-02-02,26.37611961364746,26.589230083829285,25.856724995545918,26.481186958707738,75378000,-0.009952535482406266,GOOGL,1364,645,54.75,49.56999969482422,1.0
2015-02-03,26.430635452270508,26.636310245242328,26.108986536682703,26.26411088232547,47062000,0.0020668634894587257,GOOGL,1363,644,57.90999984741211,53.04999923706055,1.0
2015-02-04,26.07379913330078,26.601618178119182,26.020768238843896,26.42270460713762,33896000,-0.013500860379014212,GOOGL,1362,643,54.15999984741211,48.45000076293945,1.0
2015-02-05,26.25865936279297,26.30128069732533,26.050999463764416,26.1644931353982,33176000,0.007089884697933702,GOOGL,1361,642,56.56999969482422,50.47999954223633,1.0
2015-02-06,26.459379196166992,26.7735924347286,26.200178182803285,26.317141077988286,42938000,0.007643948253444721,GOOGL,1360,641,57.79999923706055,51.689998626708984,1.0
2015-02-09,26.231401443481445,26.45937945754581,26.145661549000884,26.319618003565182,30314000,-0.008616141406619704,GOOGL,1357,638,58.34000015258789,52.86000061035156,1.0
2015-02-10,26.770618438720703,26.81224910728996,26.22594863435518,26.373639197387053,47430000,0.020556164198892057,GOOGL,1356,637,56.43000030517578,50.02000045776367,1.0
2015-02-11,26.66356658935547,26.859330923142902,26.564445144445028,26.749306478503332,38306000,-0.003998856044744814,GOOGL,1355,636,54.65999984741211,48.84000015258789,1.0
2015-02-12,27.060550689697266,27.17602570165822,26.614009750502426,26.745840209154945,48590000,0.014888634609755425,GOOGL,1354,635,57.04999923706055,51.209999084472656,1.0
2015-02-13,27.31578826904297,27.384182057447212,27.089791567410213,27.13489146298693,47382000,0.009432091100898488,GOOGL,1353,634,57.38999938964844,52.779998779296875,1.0
2015-02-17,27.010986328125,27.406974888399592,26.924255771854156,27.315784443687487,39174000,-0.011158453049784467,GOOGL,1349,630,62.529998779296875,53.529998779296875,1.0
2015-02-18,26.894023895263672,27.136871347537287,26.74038744742315,26.952010008323782,31164000,-0.004330180003073059,GOOGL,1348,629,60.529998779296875,52.13999938964844,1.0
2015-02-19,27.08235740661621,27.10267740958492,26.79986247885382,26.88510704657396,30834000,0.007002801517764112,GOOGL,1347,628,60.209999084472656,51.15999984741211,1.0
2015-02-20,26.851896286010742,27.138355721258126,26.66852284767661,27.138355721258126,38234000,-0.008509640322122314,GOOGL,1346,627,60.220001220703125,50.34000015258789,1.0
2015-02-23,26.5148868560791,26.72799731289808,26.366205625657223,26.71312975703122,32906000,-0.012550675242523401,GOOGL,1343,624,58.900001525878906,49.45000076293945,1.0
2015-02-24,26.695785522460938,26.732954414742117,26.316645805931934,26.3439042539945,28406000,0.00682253208786987,GOOGL,1342,623,58.65999984741211,49.279998779296875,1.0
2015-02-25,27.12596893310547,27.23698404941717,26.664063241651803,26.68537579965899,40836000,0.01611428179487695,GOOGL,1341,622,61.630001068115234,50.9900016784668,1.0
2015-02-26,27.71871566772461,27.760346341071514,27.01495499560754,27.047170557543563,54032000,0.021851633616513322,GOOGL,1340,621,60.04999923706055,48.16999816894531,1.0
2015-02-27,27.884244918823242,28.22076138546092,27.60670523355572,27.662212792492337,68328000,0.005971750389985653,GOOGL,1339,620,62.58000183105469,49.7599983215332,1.0
2015-03-02,28.49829864501953,28.54637242506507,27.910014951143882,28.100824071990036,50406000,0.02202152964815518,GOOGL,1336,617,59.540000915527344,49.59000015258789,-1.0
2015-03-03,28.685142517089844,28.7872359626418,28.27428450704446,28.56421317964636,50526000,0.00655631672605006,GOOGL,1335,616,61.02000045776367,50.52000045776367,-1.0
2015-03-04,28.662343978881836,28.825892759461063,28.374396638494353,28.59494086554753,37964000,-0.0007947856000515285,GOOGL,1334,615,60.54999923706055,51.529998779296875,-1.0
2015-03-05,28.815982818603516,28.903704043502977,28.657389256847527,28.72627837068374,35918000,0.0053603026966280165,GOOGL,1333,614,60.47999954223633,50.7599983215332,-1.0
2015-03-06,28.393230438232422,28.882888000877376,28.35159977108657,28.844231222896845,37592000,-0.01467076042598714,GOOGL,1332,613,59.72999954223633,49.61000061035156,-1.0
2015-03-09,28.452701568603516,28.519607455470886,28.202420350678093,28.295098682366618,23478000,0.00209455315415652,GOOGL,1329,610,58.529998779296875,50.0,-1.0
2015-03-10,27.74646759033203,28.237613083092278,27.744979700335296,28.17417452039786,40080000,-0.024821332925755835,GOOGL,1328,609,56.38999938964844,48.290000915527344,1.0
2015-03-11,27.540292739868164,27.96106118160014,27.52641585110867,27.74398618289766,40524000,-0.00743067022108812,GOOGL,1327,608,57.540000915527344,48.16999816894531,1.0
2015-03-12,27.811885833740234,27.84509016723533,27.532364823496174,27.67856749489871,35602000,0.009861663288673217,GOOGL,1326,607,57.08000183105469,47.04999923706055,1.0
2015-03-13,27.40697479248047,27.96998324250421,27.274649014316687,27.715737462308397,35428000,-0.014558920731960745,GOOGL,1325,606,54.66999816894531,44.84000015258789,1.0
2015-03-16,27.835180282592773,27.93975228801004,27.32371480780339,27.60174982430397,36856000,0.01562396044636749,GOOGL,1322,603,53.439998626708984,43.880001068115234,1.0
2015-03-17,27.63545036315918,27.785617587486943,27.476856804383935,27.669150029196047,28892000,-0.007175449104545484,GOOGL,1321,602,53.43000030517578,43.459999084472656,1.0
2015-03-18,28.05919075012207,28.076536860323696,27.43175311271998,27.64139432491917,35324000,0.01533321807296395,GOOGL,1320,601,55.90999984741211,44.65999984741211,1.0
2015-03-19,27.935789108276367,28.098842569575453,27.85897087835574,27.97791511238868,24660000,-0.004397904520648588,GOOGL,1319,600,54.43000030517578,43.959999084472656,1.0
2015-03-20,27.999223709106445,28.105778934942602,27.975931709633382,28.08645149089933,44320000,0.0022707287982526303,GOOGL,1318,599,55.31999969482422,45.720001220703125,1.0
2015-03-23,28.020042419433594,28.23166689728938,27.90555806894263,28.051265424112948,30234000,0.0007435459833973201,GOOGL,1315,596,55.91999816894531,47.45000076293945,1.0
2015-03-24,28.623193740844727,28.83828553670261,28.154844920307802,28.1771481453736,79156000,0.02152571050330776,GOOGL,1314,595,55.11000061035156,47.5099983215332,-1.0
2015-03-25,28.10082244873047,28.74857821856287,28.10082244873047,28.624676886681858,53070000,-0.018249930348228194,GOOGL,1313,594,56.47999954223633,49.209999084472656,1.0
2015-03-26,27.93429946899414,28.110241033898784,27.670143236250304,27.984356472002673,49842000,-0.005925911244773929,GOOGL,1312,593,59.189998626708984,51.43000030517578,1.0
2015-03-27,27.632476806640625,27.955611706446064,27.601749138831863,27.844594701499393,34552000,-0.010804733538728128,GOOGL,1311,592,56.40999984741211,48.869998931884766,1.0
2015-03-30,27.810400009155273,27.86095234869072,27.594812874935357,27.76629267225554,24788000,0.00643891619848902,GOOGL,1308,589,56.290000915527344,48.68000030517578,1.0
2015-03-31,27.491230010986328,27.875323031848396,27.489742121049684,27.651804907909945,34932000,-0.011476641762213857,GOOGL,1307,588,55.11000061035156,47.599998474121094,1.0
2015-04-01,27.233020782470703,27.679559825001952,27.061540987577295,27.49767425304637,38902000,-0.009392421816427854,GOOGL,1306,587,57.099998474121094,50.09000015258789,1.0
2015-04-02,26.827611923217773,27.159171248163606,26.78449336787867,27.1299314719162,47760000,-0.014886665070732108,GOOGL,1305,586,54.95000076293945,49.13999938964844,1.0
2015-04-06,26.95845603942871,27.03725749488206,26.549581205105145,26.70520089279814,33718000,0.004877218165575847,GOOGL,1301,582,58.119998931884766,52.13999938964844,1.0
2015-04-07,27.003555297851562,27.266225549448393,26.94061395783773,27.009998409913532,27318000,0.0016729169636751084,GOOGL,1300,581,59.099998474121094,53.97999954223633,1.0
2015-04-08,27.2008056640625,27.332638013644075,27.06005353668732,27.06005353668732,28386000,0.007304607265052665,GOOGL,1299,580,55.54999923706055,50.41999816894531,1.0
2015-04-09,27.1601619720459,27.2270697493377,26.859330312524875,27.219140638912105,32366000,-0.0014942091244856126,GOOGL,1298,579,56.56999969482422,50.790000915527344,1.0
2015-04-10,27.18593406677246,27.250858620329794,27.009499073276906,27.23698173197154,26104000,0.0009488932633423541,GOOGL,1297,578,57.869998931884766,51.63999938964844,1.0
2015-04-13,27.190893173217773,27.42035908757238,27.07492282847532,27.112093610627248,29326000,0.000182414421852517,GOOGL,1294,575,57.93000030517578,51.90999984741211,1.0
2015-04-14,26.751787185668945,27.08830365798358,26.55156294738857,27.08830365798358,47206000,-0.01614900933012875,GOOGL,1293,574,58.43000030517578,53.290000915527344,1.0
2015-04-15,26.814233779907227,26.920789013243986,26.384543623991874,26.66158798690125,46962000,0.0023342961651449112,GOOGL,1292,573,60.31999969482422,56.38999938964844,1.0
2015-04-16,26.937143325805664,27.02189066329923,26.668525309347334,26.680914309092913,31722000,0.004583742608768482,GOOGL,1291,572,60.400001525878906,56.709999084472656,1.0
2015-04-17,26.402881622314453,26.75277967531566,26.217526818212896,26.629373656579368,49234000,-0.019833643717498073,GOOGL,1290,571,63.45000076293945,55.7400016784668,1.0
2015-04-20,26.987201690673828,27.050144925562634,26.433114812005442,26.452939482688286,38508000,0.02213092028051733,GOOGL,1287,568,63.45000076293945,56.380001068115234,1.0
2015-04-21,26.907407760620117,27.147776677419866,26.87222020139818,27.075418335806866,29128000,-0.0029567322676987695,GOOGL,1286,567,62.08000183105469,55.2599983215332,1.0
2015-04-22,27.217653274536133,27.307853051767484,26.828107831240505,26.914343053182524,31806000,0.011530115300444121,GOOGL,1285,566,62.72999954223633,56.15999984741211,1.0
2015-04-23,27.628013610839844,27.81188427515844,27.262257395692153,27.27861284026133,78184000,0.01507699183924971,GOOGL,1284,565,64.8499984741211,57.7400016784668,1.0
2015-04-24,28.430898666381836,28.978047048922004,28.16773119738071,28.74759047259006,92168000,0.029060542203692252,GOOGL,1283,564,65.27999877929688,57.150001525878906,1.0
2015-04-27,28.057212829589844,28.523081227748733,27.86789158078911,28.3867908762893,48062000,-0.013143651953353763,GOOGL,1280,561,64.83000183105469,56.9900016784668,1.0
2015-04-28,27.970478057861328,28.141957834247904,27.801476837480607,27.967999501855477,37178000,-0.003091353808210129,GOOGL,1279,560,64.63999938964844,57.060001373291016,1.0
2015-04-29,27.822792053222656,28.043336309199834,27.70434314683726,27.779178157075613,33622000,-0.005280067231355878,GOOGL,1278,559,65.83999633789062,58.58000183105469,1.0
2015-04-30,27.197338104248047,27.808915767611992,27.095739976194547,27.68253585607675,47240000,-0.022479913150993958,GOOGL,1277,558,66.77999877929688,59.630001068115234,1.0
2015-05-01,27.31578826904297,27.318762158615055,26.95349932376631,27.28357270749917,36572000,0.004355211688029881,GOOGL,1276,557,66.45999908447266,59.150001525878906,1.0
2015-05-04,27.3990478515625,27.589855089800704,27.128941938063825,27.307360176230937,35260000,0.0030480388008384818,GOOGL,1273,554,66.44999694824219,58.93000030517578,1.0
2015-05-05,26.91335105895996,27.387645701529028,26.880144837850857,27.266221039894248,28528000,-0.01772677631842745,GOOGL,1272,553,67.5199966430664,60.400001525878906,1.0
2015-05-06,26.518850326538086,26.957462112508114,26.378098212926403,26.893528221844623,39034000,-0.014658179561424012,GOOGL,1271,552,67.7699966430664,60.93000030517578,1.0
2015-05-07,26.86379051208496,27.020402733602875,26.43806685079877,26.559489626903794,31844000,0.013007358211214903,GOOGL,1270,551,65.54000091552734,58.939998626708984,1.0
2015-05-08,27.206254959106445,27.397062180294455,27.16065973737356,27.202290403814583,28226000,0.012748180375640628,GOOGL,1269,550,65.38999938964844,59.38999938964844,1.0
2015-05-11,27.049148559570312,27.425314354054915,27.04022878242837,27.183457565068586,21858000,-0.005774642624362558,GOOGL,1266,547,64.91000366210938,59.25,1.0
2015-05-12,26.69974708557129,26.90938831122803,26.51488574885268,26.901952643020685,35282000,-0.012917281785396528,GOOGL,1265,546,66.86000061035156,60.75,1.0
2015-05-13,26.737417221069336,26.953004366917494,26.712140104645965,26.78598634006084,24238000,0.0014108798625438457,GOOGL,1264,545,66.80999755859375,60.5,1.0
2015-05-14,27.218645095825195,27.24293154284862,26.88659041659385,26.95944408591096,31736000,0.017998293207492244,GOOGL,1263,544,66.58999633789062,59.880001068115234,1.0
2015-05-15,27.084335327148438,27.288030664331462,26.886589658860693,27.277622997579474,33440000,-0.00493447665024882,GOOGL,1262,543,66.56999969482422,59.689998626708984,1.0
2015-05-18,27.0932559967041,27.17602199457633,26.87419777930131,26.95200855581982,26706000,0.0003293663827417248,GOOGL,1259,540,66.2699966430664,59.43000030517578,1.0
2015-05-19,27.222614288330078,27.42680309437893,27.115563717837553,27.159175722855327,47126000,0.00477455687281414,GOOGL,1258,539,64.0199966430664,57.2599983215332,1.0
2015-05-20,27.382692337036133,27.55912735164835,27.015448194076644,27.303890885689178,30840000,0.005880333424651107,GOOGL,1257,538,65.02999877929688,58.97999954223633,1.0
2015-05-21,27.595802307128906,27.63545164395248,27.223602948915225,27.26820750754953,34170000,0.00778265217567875,GOOGL,1256,537,66.54000091552734,60.720001220703125,1.0
2015-05-22,27.4823055267334,27.666671519074146,27.437700973140263,27.479331637749294,24266000,-0.004112827709531364,GOOGL,1255,536,65.37000274658203,59.720001220703125,1.0
2015-05-26,27.119029998779297,27.423330896914532,26.909884102657312,27.38616011758206,37474000,-0.013218524464795212,GOOGL,1251,532,63.720001220703125,58.029998779296875,1.0
2015-05-27,27.46892738342285,27.520470387519477,27.08879890982551,27.192875584275104,34844000,0.012902282443704838,GOOGL,1250,531,62.060001373291016,57.5099983215332,1.0
2015-05-28,27.465457916259766,27.54376403325567,27.297944572376394,27.446130471510997,23544000,-0.0001263051561736228,GOOGL,1249,530,62.58000183105469,57.68000030517578,1.0
2015-05-29,27.026350021362305,27.453561564733512,27.012473132916398,27.41688612073322,43446000,-0.01598764150360321,GOOGL,1248,529,65.55999755859375,60.29999923706055,1.0
2015-06-01,27.219141006469727,27.286542227165988,26.94011534214336,27.195351784287432,33210000,0.007133445136136896,GOOGL,1245,526,64.87999725341797,60.20000076293945,1.0
2015-06-02,27.454059600830078,27.693933173798577,27.087310796471247,27.13092468898855,31842000,0.008630639530634587,GOOGL,1244,525,65.48999786376953,61.2599983215332,1.0
2015-06-03,27.520469665527344,27.65428333941674,27.36484999106376,27.511052664585776,26710000,0.0024189524486666336,GOOGL,1243,524,63.79999923706055,59.63999938964844,1.0
2015-06-04,27.342052459716797,27.55367692407164,27.214681892713777,27.36633701736258,26866000,-0.006483072708386106,GOOGL,1242,523,62.029998779296875,58.0,1.0
2015-06-05,27.235002517700195,27.423333094984812,27.1284472833847,27.35741786558133,24396000,-0.0039152123701875485,GOOGL,1241,522,63.310001373291016,59.130001068115234,1.0
2015-06-08,26.93515968322754,27.251851475545493,26.908891903617572,27.238965252296495,27336000,-0.011009466008963575,GOOGL,1238,519,62.689998626708984,58.13999938964844,1.0
2015-06-09,26.869741439819336,27.002564454769487,26.705695421639497,26.93218744627871,30016000,-0.0024287304837824486,GOOGL,1237,518,64.87999725341797,60.13999938964844,1.0
2015-06-10,27.387149810791016,27.495192922627787,27.01594303551295,27.045182812367216,30316000,0.019256172305585073,GOOGL,1236,517,65.69999694824219,61.43000030517578,1.0
2015-06-11,27.26028060913086,27.497675644465684,27.217162046364518,27.480824864006333,25872000,-0.004632435377052935,GOOGL,1235,516,65.11000061035156,60.77000045776367,1.0
2015-06-12,27.132909774780273,27.201301671703717,27.041717427908065,27.1170496607985,25468000,-0.004672396303504023,GOOGL,1234,515,63.869998931884766,59.959999084472656,1.0
2015-06-15,26.91136932373047,26.963407657057292,26.723535990662835,26.897987767934385,27150000,-0.008165008946284247,GOOGL,1231,512,62.61000061035156,59.52000045776367,1.0
2015-06-16,27.004045486450195,27.094245256964758,26.840496722084165,26.984718044530883,32526000,0.0034437550020172125,GOOGL,1230,511,62.630001068115234,59.970001220703125,1.0
2015-06-17,27.08979034423828,27.17701624188115,26.852395318785334,27.03130889352005,24440000,0.0031752597154788287,GOOGL,1229,510,63.869998931884766,59.91999816894531,1.0
2015-06-18,27.56458282470703,27.617611834365874,27.159177189668906,27.159177189668906,41192000,0.01752662070969979,GOOGL,1228,509,64.26000213623047,60.45000076293945,1.0
2015-06-19,27.63098907470703,27.650318409443564,27.3703020658244,27.58142929567892,59290000,0.0024091150017506724,GOOGL,1227,508,63.02000045776367,59.61000061035156,1.0
2015-06-22,27.738040924072266,28.031936061316575,27.69987947651755,27.72466125776834,34752000,0.003874340114130348,GOOGL,1224,505,63.34000015258789,59.68000030517578,1.0
2015-06-23,27.921911239624023,27.996748134353187,27.61265321703896,27.74349300424153,31396000,0.006628814055580579,GOOGL,1223,504,64.44999694824219,61.0099983215332,1.0
2015-06-24,27.683025360107422,27.88473746479678,27.595799474866098,27.876808354479632,28924000,-0.008555498850580046,GOOGL,1222,503,63.4900016784668,60.27000045776367,1.0
2015-06-25,27.652299880981445,27.909519559398742,27.628015324453695,27.76876744192622,26684000,-0.0011099032250374563,GOOGL,1221,502,63.20000076293945,59.70000076293945,1.0
2015-06-26,27.409950256347656,27.75390050141618,27.349982808657753,27.739528278542238,43676000,-0.00876417606046831,GOOGL,1220,501,63.2599983215332,59.630001068115234,1.0
2015-06-29,26.82464027404785,27.302899524996054,26.774583270275233,27.097222845597965,37756000,-0.021353923550600284,GOOGL,1217,498,62.0099983215332,58.33000183105469,1.0
2015-06-30,26.764671325683594,27.055095326147413,26.73988954645435,27.01495065875698,34510000,-0.0022355918943031128,GOOGL,1216,497,63.59000015258789,59.470001220703125,1.0
2015-07-01,26.926239013671875,27.050635681693773,26.750794678042162,26.944080458033753,30760000,0.006036602729854623,GOOGL,1215,496,62.0099983215332,56.959999084472656,1.0
2015-07-02,27.126462936401367,27.159171935603545,26.93961837931496,26.997604490784237,28124000,0.007436015205384949,GOOGL,1214,495,62.06999969482422,56.93000030517578,1.0
2015-07-06,27.041221618652344,27.18792152600106,26.86676793026259,26.87420170867222,25614000,-0.0031423675821234953,GOOGL,1210,491,56.540000915527344,52.529998779296875,1.0
2015-07-07,27.25977897644043,27.307852753644358,26.75525387292484,27.130922423314423,33578000,0.008082377374450056,GOOGL,1209,490,56.849998474121094,52.33000183105469,1.0
2015-07-08,26.846939086914062,27.17304785403097,26.82215919920629,27.040226748436872,27662000,-0.015144652855885954,GOOGL,1208,489,57.04999923706055,51.650001525878906,1.0
2015-07-09,26.993146896362305,27.202788136912982,26.99166089696587,27.191389803120202,29766000,0.005445976875609881,GOOGL,1207,488,58.61000061035156,52.779998779296875,1.0
2015-07-10,27.561111450195312,27.718714357895237,27.357417982206332,27.442165324407295,43436000,0.021041064830775502,GOOGL,1206,487,58.72999954223633,52.7400016784668,1.0
2015-07-13,28.335243225097656,28.390750779135566,27.68946879516083,27.729613461456506,41792000,0.028087828616826682,GOOGL,1203,484,57.849998474121094,52.20000076293945,1.0
2015-07-14,28.952272415161133,29.226342864162607,28.45617174161919,28.472527186718814,74832000,0.021776032948146673,GOOGL,1202,483,58.5099983215332,53.040000915527344,1.0
2015-07-15,28.941370010375977,29.175791129481436,28.75551800388741,28.930467010280154,41466000,-0.0003765647348443757,GOOGL,1201,482,57.04999923706055,51.40999984741211,1.0
2015-07-16,29.824539184570312,29.9593435209613,29.137629389055252,29.215935502528435,112642000,0.030515803981556733,GOOGL,1200,481,57.5099983215332,50.90999984741211,1.0
2015-07-17,34.67353439331055,34.84105148281093,33.60203832597083,33.701157866050806,257162000,0.16258407812211417,GOOGL,1199,480,57.52000045776367,50.88999938964844,-1.0
2015-07-20,34.337520599365234,34.58334195070391,33.78888811930254,34.14621992213215,102436000,-0.009690785777239364,GOOGL,1196,477,56.650001525878906,50.150001525878906,-1.0
2015-07-21,34.4619140625,34.96990643633919,33.906834802131655,33.943013018650646,75604000,0.0036226687589395734,GOOGL,1195,476,57.040000915527344,50.36000061035156,-1.0
2015-07-22,34.449520111083984,35.35300746467671,34.27704970521724,34.395993900015874,83100000,-0.0003596419918387994,GOOGL,1194,475,56.130001068115234,49.189998626708984,-1.0
2015-07-23,33.43997573852539,34.49759876525461,33.28435419423243,34.28845100231085,76232000,-0.029305034418571685,GOOGL,1193,474,55.27000045776367,48.45000076293945,-1.0
2015-07-24,32.45075225830078,33.591636814301346,32.37195269661923,33.54108636611897,82622000,-0.02958206333519997,GOOGL,1192,473,54.619998931884766,48.13999938964844,1.0
2015-07-27,32.62421798706055,33.060349372452855,32.29116883317396,32.29215949947337,58382000,0.005345507166644836,GOOGL,1189,470,53.470001220703125,47.38999938964844,1.0
2015-07-28,32.69310760498047,32.91315652421472,32.38335422908402,32.797184285541384,34364000,0.002111609784708035,GOOGL,1188,469,53.29999923706055,47.97999954223633,-1.0
2015-07-29,32.780818939208984,32.874985152450016,32.355093428647585,32.82195426822638,36756000,0.0026828692851197378,GOOGL,1187,468,53.380001068115234,48.790000915527344,-1.0
2015-07-30,32.93595504760742,33.108920858458205,32.298109589571,32.58308498014442,39606000,0.004732526929425829,GOOGL,1186,467,53.310001373291016,48.52000045776367,-1.0
2015-07-31,32.58605194091797,32.95775595545315,32.57118438532356,32.942888399858745,34922000,-0.010623742538623304,GOOGL,1185,466,52.209999084472656,47.119998931884766,1.0
2015-08-03,32.94387435913086,33.04051723785514,32.59397639487133,32.59397639487133,31348000,0.010980846003119993,GOOGL,1182,463,49.52000045776367,45.16999816894531,-1.0
2015-08-04,32.77339172363281,33.10644086790557,32.735232166361655,32.92504684878457,26188000,-0.005174941891763152,GOOGL,1181,462,49.9900016784668,45.7400016784668,-1.0
2015-08-05,33.36861038208008,33.69669857957778,32.98649685104336,32.99492129415121,36448000,0.018161643551163342,GOOGL,1180,461,49.59000015258789,45.150001525878906,-1.0
2015-08-06,33.21299362182617,33.440971638654986,32.74613269704463,33.40330741518573,40660000,-0.004663567300887017,GOOGL,1179,460,49.52000045776367,44.65999984741211,-1.0
2015-08-07,32.92752456665039,33.14608367748893,32.653949451820615,33.095533233684215,27544000,-0.008595101616741485,GOOGL,1178,459,48.61000061035156,43.869998931884766,-1.0
2015-08-10,32.865577697753906,33.28585086162707,32.72135634608677,33.0613401653713,34458000,-0.001881309625055283,GOOGL,1175,456,50.40999984741211,44.959999084472656,-1.0
2015-08-11,34.21163558959961,34.8906162581734,33.915263811712094,34.67155803513293,109880000,0.04095646527879815,GOOGL,1174,455,49.18000030517578,43.08000183105469,-1.0
2015-08-12,34.269622802734375,34.49412968459339,33.726439036613,34.41929279691754,58498000,0.0016949558866572456,GOOGL,1173,454,49.65999984741211,43.29999923706055,-1.0
2015-08-13,34.0238037109375,34.396498393418426,33.80920725770289,34.15712015996569,36354000,-0.007173090092408629,GOOGL,1172,453,49.220001220703125,42.22999954223633,-1.0
2015-08-14,34.16554260253906,34.308773267731304,33.844888164833215,33.901386385511735,27598000,0.004165874362718647,GOOGL,1171,452,49.029998779296875,42.5,-1.0
2015-08-17,34.40046691894531,34.4316880314919,33.852821304837896,34.09963333104184,24680000,0.006876059869419082,GOOGL,1168,449,49.029998779296875,41.869998931884766,-1.0
2015-08-18,34.13383865356445,34.482246996044694,33.96483548158724,34.24981091702681,27710000,-0.007750716465828589,GOOGL,1167,448,48.810001373291016,42.619998931884766,-1.0
2015-08-19,34.396995544433594,34.70228712828461,34.03817773243055,34.20222374884591,50194000,0.007709560402508586,GOOGL,1166,447,47.15999984741211,40.79999923706055,-1.0
2015-08-20,33.67539596557617,34.50206543959415,33.46724259755062,34.152171160509454,57798000,-0.02097856418666766,GOOGL,1165,446,46.619998931884766,41.13999938964844,-1.0
2015-08-21,31.91847038269043,33.348788168366774,31.872377936983362,33.25709861004432,91880000,-0.052172380829069276,GOOGL,1164,445,45.459999084472656,40.45000076293945,1.0
2015-08-24,30.633861541748047,31.10815620680049,29.393855656723332,29.766056878874625,129788000,-0.040246566503357006,GOOGL,1161,442,42.689998626708984,38.2400016784668,1.0
2015-08-25,30.354345321655273,32.06566847085396,30.314695981428674,32.039404469593805,71430000,-0.009124420037997738,GOOGL,1160,441,43.209999084472656,39.310001373291016,1.0
2015-08-26,32.69707107543945,32.83286798725461,31.241477839459183,31.87238294115942,87740000,0.07717925486315269,GOOGL,1159,440,43.13999938964844,38.599998474121094,1.0
2015-08-27,33.10445022583008,33.40280709495463,32.2688611776306,33.30417909994481,58974000,0.012459193958098247,GOOGL,1158,439,47.560001373291016,42.560001373291016,1.0
2015-08-28,32.6945915222168,33.056876657893376,32.40020105528255,32.99542131978527,38836000,-0.012380773606488815,GOOGL,1157,438,50.04999923706055,45.220001220703125,1.0
2015-08-31,32.1063117980957,32.92852334441065,32.03346000359286,32.42944677014216,38936000,-0.01799318164661401,GOOGL,1154,435,54.150001525878906,49.20000076293945,1.0
2015-09-01,31.201332092285156,31.938792363485042,30.978309299217,31.411963994955574,51458000,-0.02818697181730556,GOOGL,1153,434,49.560001373291016,45.40999984741211,1.0
2015-09-02,31.962081909179688,31.96951568661367,31.254854028018475,31.619619580042198,37630000,0.02438196595723663,GOOGL,1152,433,50.5,46.25,1.0
2015-09-03,31.572538375854492,32.27629703520695,31.41196159897669,32.111755703067914,34572000,-0.012187677086620496,GOOGL,1151,432,50.68000030517578,46.75,1.0
2015-09-04,31.17159652709961,31.446162336324935,31.049678402912033,31.208271976277192,40478000,-0.012699069171502209,GOOGL,1150,431,49.61000061035156,46.04999923706055,1.0
2015-09-08,31.911039352416992,31.968528245350733,31.366864858576886,31.768304005182337,39092000,0.02372168601228153,GOOGL,1146,427,49.52000045776367,45.939998626708984,1.0
2015-09-09,31.887744903564453,32.57911268977165,31.76334445418812,32.30752268742045,40978000,-0.0007299808882839098,GOOGL,1145,426,47.58000183105469,44.150001525878906,1.0
2015-09-10,32.26787567138672,32.45719501933185,31.802996074181628,31.912029861901487,27850000,0.011920904691500311,GOOGL,1144,425,48.88999938964844,45.91999816894531,1.0
2015-09-11,32.47701644897461,32.4775117820571,32.08598312028041,32.224755787917964,34892000,0.006481392816737097,GOOGL,1143,424,48.13999938964844,44.630001068115234,1.0
2015-09-14,32.336769104003906,32.50775358655027,32.189571958469905,32.49338136146936,29942000,-0.004318356804451251,GOOGL,1140,421,46.369998931884766,44.0,1.0
2015-09-15,32.96123123168945,33.148569261945255,32.3798840225711,32.546902049302936,35546000,0.019311209653540384,GOOGL,1139,420,46.630001068115234,44.59000015258789,1.0
2015-09-16,32.98352813720703,33.109906139914536,32.818986798433734,32.985014136520796,26252000,0.0006764585145757618,GOOGL,1138,419,46.61000061035156,47.150001525878906,1.0
2015-09-17,33.2883186340332,33.79978211635608,32.957750014113365,33.08115599693663,47752000,0.00924068812645773,GOOGL,1137,418,49.08000183105469,46.900001525878906,-1.0
2015-09-18,32.75554656982422,33.197625645860576,32.711435460129735,32.96072410671361,72544000,-0.016004775430871088,GOOGL,1136,417,47.470001220703125,44.68000030517578,1.0
2015-09-21,33.05588150024414,33.15599549556822,32.610830419017624,32.9830297289744,39094000,0.009168979359868157,GOOGL,1133,414,48.91999816894531,46.68000030517578,1.0
2015-09-22,32.37294006347656,32.651472286151616,31.968029842641396,32.58456450775222,54362000,-0.020660209492901704,GOOGL,1132,413,49.08000183105469,45.83000183105469,1.0
2015-09-23,32.377403259277344,32.72383016051654,32.250526141309656,32.358073924541806,29160000,0.000137868101940386,GOOGL,1131,412,47.75,44.47999954223633,1.0
2015-09-24,32.45768737792969,32.54987226837911,31.826288939385908,32.1633007154674,38692000,0.0024796342686728146,GOOGL,1130,411,48.16999816894531,44.90999984741211,1.0
2015-09-25,31.726177215576172,32.639579054980466,31.701892658504505,32.639579054980466,48480000,-0.022537346972259065,GOOGL,1129,410,48.599998474121094,45.70000076293945,1.0
2015-09-28,30.938159942626953,31.859987977860488,30.620477525524777,31.67165554714974,47646000,-0.024838078271917863,GOOGL,1126,407,47.34000015258789,44.43000030517578,1.0
2015-09-29,30.85688591003418,31.45508004817376,30.62989856584358,31.00011469356715,42130000,-0.002626983399901306,GOOGL,1125,406,48.22999954223633,45.22999954223633,1.0
2015-09-30,31.63796043395996,31.68454632470482,31.18101185089274,31.31383296888264,52954000,0.02531281109192518,GOOGL,1124,405,48.369998931884766,45.09000015258789,1.0
2015-10-01,31.8178653717041,31.90905960932847,31.278647963516832,31.616650455244166,42506000,0.005686363320406507,GOOGL,1123,404,47.689998626708984,44.7400016784668,1.0
2015-10-02,32.56077575683594,32.56127108995864,31.396599234081275,31.62011736040597,48788000,0.023348844319157624,GOOGL,1122,403,48.130001068115234,45.540000915527344,1.0
2015-10-05,33.288818359375,33.35572613748524,32.505265699364045,32.78925036593479,37960000,0.022359498065282146,GOOGL,1119,400,49.25,46.2599983215332,1.0
2015-10-06,33.286842346191406,33.64169373108518,32.86260272550762,33.17334677181,42774000,-5.935966732917297e-05,GOOGL,1118,399,51.91999816894531,48.529998779296875,1.0
2015-10-07,33.20555877685547,33.638718129263374,32.61628252768684,33.57230568073825,44354000,-0.0024419128882988694,GOOGL,1117,398,51.33000183105469,47.810001373291016,1.0
2015-10-08,33.0568733215332,33.29922731762536,32.43687133864488,33.17829798611714,39308000,-0.00447772785037126,GOOGL,1116,397,53.04999923706055,49.43000030517578,1.0
2015-10-09,33.26701736450195,33.40826293823937,32.826919524361536,33.08116533825804,32124000,0.006357045354070445,GOOGL,1115,396,52.650001525878906,49.630001068115234,1.0
2015-10-12,33.524234771728516,33.60105300332614,33.06877404682733,33.16541694805807,26684000,0.007731904679288526,GOOGL,1112,393,49.86000061035156,47.099998474121094,1.0
2015-10-13,33.858272552490234,34.12044745912008,33.35969140514747,33.416688744844,42446000,0.009964068771031842,GOOGL,1111,392,49.2400016784668,46.65999984741211,1.0
2015-10-14,33.72148513793945,34.1987518384409,33.64664824313249,33.8860264836559,31292000,-0.00403999980621339,GOOGL,1110,391,49.150001525878906,46.63999938964844,1.0
2015-10-15,34.3464469909668,34.402945221057735,33.91874003763145,33.96136137678184,47156000,0.0185330465271889,GOOGL,1109,390,48.709999084472656,46.380001068115234,1.0
2015-10-16,34.46043395996094,34.505040412734076,34.15217036169163,34.464400406426904,36316000,0.0033187412084900725,GOOGL,1108,389,48.72999954223633,47.2599983215332,1.0
2015-10-19,34.68989562988281,34.704267851376585,34.30629608488316,34.39500986038618,30172000,0.006658699370660326,GOOGL,1105,386,48.61000061035156,45.88999938964844,1.0
2015-10-20,33.701168060302734,34.59325931554314,33.38794356404704,34.587806869520776,52434000,-0.028501889429968785,GOOGL,1104,385,48.709999084472656,45.54999923706055,1.0
2015-10-21,33.29476547241211,33.944007230147726,33.24024858484378,33.86025056649631,31952000,-0.012059006001318262,GOOGL,1103,384,47.849998474121094,45.20000076293945,1.0
2015-10-22,33.757659912109375,34.10012412527046,33.289808369972846,33.47516503152422,88632000,0.013902919366733935,GOOGL,1102,383,48.08000183105469,45.380001068115234,1.0
2015-10-23,35.6503791809082,37.29430280178974,35.58149006711172,37.17337346222999,126726000,0.05606784574898449,GOOGL,1101,382,47.9900016784668,44.599998474121094,1.0
2015-10-26,36.23469924926758,36.42451770751591,35.684576990935064,35.684576990935064,48776000,0.016390290420032816,GOOGL,1098,379,47.540000915527344,43.97999954223633,1.0
2015-10-27,36.318946838378906,36.47456838648194,35.888763308780476,36.00919352252496,38778000,0.002325052804544203,GOOGL,1097,378,46.810001373291016,43.20000076293945,1.0
2015-10-28,36.522159576416016,36.54446091546125,36.04389832359527,36.32788307588291,39604000,0.005595226616603721,GOOGL,1096,377,49.04999923706055,45.939998626708984,1.0
2015-10-29,36.91516876220703,37.011316331431395,36.43492624924427,36.507781816485696,36520000,0.010760841920333775,GOOGL,1095,376,48.79999923706055,46.060001373291016,-1.0
2015-10-30,36.545440673828125,36.9875197815867,36.50281934139583,36.950350894272155,39984000,-0.010015614198069844,GOOGL,1094,375,49.560001373291016,46.59000015258789,1.0
2015-11-02,37.05839157104492,37.080197568914706,36.25104784863076,36.40369739605595,39914000,0.014035975152001612,GOOGL,1091,372,48.790000915527344,46.13999938964844,-1.0
2015-11-03,37.111915588378906,37.25464712275602,36.732278746306974,36.94390316391899,36306000,0.001444315715412925,GOOGL,1090,371,50.540000915527344,47.900001525878906,-1.0
2015-11-04,37.433570861816406,37.661053560571084,37.13075592996959,37.16544815697458,41840000,0.008667169784634332,GOOGL,1089,370,48.58000183105469,46.31999969482422,-1.0
2015-11-05,37.699214935302734,37.9807191831101,37.540621365667356,37.60703003608926,45486000,0.007096412855373435,GOOGL,1088,369,47.97999954223633,45.20000076293945,-1.0
2015-11-06,37.74530792236328,37.81568304002495,37.41969255284713,37.635778799576606,33544000,0.0012226511119568517,GOOGL,1087,368,47.41999816894531,44.290000915527344,-1.0
2015-11-09,37.40680694580078,37.82956055422192,37.12629713680896,37.59265896817112,35538000,-0.008968027953533908,GOOGL,1084,365,47.189998626708984,43.869998931884766,-1.0
2015-11-10,37.579769134521484,37.69574136007943,37.09160134799156,37.342871352393196,29798000,0.004623815899905903,GOOGL,1083,364,47.439998626708984,44.209999084472656,-1.0
2015-11-11,37.92620086669922,38.116015541307995,37.65361640668833,37.78396085814477,41866000,0.009218569995404602,GOOGL,1082,363,45.810001373291016,42.93000030517578,-1.0
2015-11-12,37.4940299987793,37.953457108021205,37.46082377615813,37.67492488564098,35452000,-0.011395047699053529,GOOGL,1081,362,44.060001373291016,41.75,-1.0
2015-11-13,36.67826843261719,37.43455892881181,36.64852953927133,37.37062692516379,48188000,-0.021757105496226115,GOOGL,1080,361,43.61000061035156,40.7400016784668,1.0
2015-11-16,37.19121170043945,37.25514369321806,36.39378222226086,36.685200640491274,50704000,0.013984936850675256,GOOGL,1077,358,43.58000183105469,41.7400016784668,-1.0
2015-11-17,36.971168518066406,37.41572809996909,36.87551629012614,37.29281742591975,38864000,-0.005916537061104843,GOOGL,1076,357,43.56999969482422,40.66999816894531,-1.0
2015-11-18,37.66649627685547,37.72051782663088,37.041041904838885,37.14908500438972,36266000,0.018807297325462713,GOOGL,1075,356,44.13999938964844,40.75,-1.0
2015-11-19,37.66303634643555,37.826087912696245,37.52872544515207,37.65510345403689,28078000,-9.185697534730419e-05,GOOGL,1074,355,44.18000030517578,40.540000915527344,-1.0
2015-11-20,38.5085334777832,38.62351503610486,37.86920591541211,38.126919028981426,55478000,0.02244899013373569,GOOGL,1073,354,44.65999984741211,40.38999938964844,-1.0
2015-11-23,38.4936637878418,38.80094044339874,38.33556557185525,38.531827121189934,34648000,-0.0003861401252786001,GOOGL,1070,351,44.83000183105469,41.75,-1.0
2015-11-24,38.143272399902344,38.45847818169952,37.57233483815401,38.308309068385604,47880000,-0.009102573085031263,GOOGL,1069,350,46.119998931884766,42.869998931884766,-1.0
2015-11-25,38.124935150146484,38.31029180751803,37.98963360038769,38.24536536448898,23612000,-0.0004807466324233678,GOOGL,1068,349,46.16999816894531,43.040000915527344,-1.0
2015-11-27,38.25924301147461,38.359852342927795,38.01292635186641,38.11997879444393,14434000,0.003522835141861469,GOOGL,1066,347,44.86000061035156,41.709999084472656,-1.0
2015-11-30,37.80725860595703,38.41090333313386,37.72151681740455,38.25429109375939,33586000,-0.011813731008269546,GOOGL,1063,344,44.61000061035156,41.650001525878906,-1.0
2015-12-01,38.84505081176758,38.9050201483614,37.960892557391354,38.00995700327039,40398000,0.0274495492155844,GOOGL,1062,343,44.439998626708984,41.849998474121094,-1.0
2015-12-02,38.55066680908203,39.30398533294963,38.48028791000234,38.917413736414346,46876000,-0.007578417238068513,GOOGL,1061,342,42.4900016784668,39.939998626708984,-1.0
2015-12-03,38.0723991394043,38.87924375413743,37.78742760328893,38.68496732278101,41950000,-0.012406210041613575,GOOGL,1060,341,43.84000015258789,41.08000183105469,-1.0
2015-12-04,38.61806106567383,38.777149950338305,37.93908419536366,38.147237522852826,49800000,0.014332218053072054,GOOGL,1059,340,43.0,39.970001220703125,-1.0
2015-12-07,38.3098030090332,38.706780387370905,37.99905519134044,38.6601926032575,36626000,-0.007982225107480145,GOOGL,1056,337,40.72999954223633,37.650001525878906,-1.0
2015-12-08,38.416351318359375,38.5903077598013,37.7908968809331,37.88902576778048,31082000,0.0027812283268866533,GOOGL,1055,336,40.2599983215332,37.5099983215332,-1.0
2015-12-09,37.792381286621094,38.46343280759247,37.27001287006978,38.21612548740037,46550000,-0.016242303350659015,GOOGL,1054,335,40.11000061035156,37.15999984741211,-1.0
2015-12-10,37.66798400878906,37.96683621191208,37.418200027384074,37.8439255534266,32458000,-0.0032915967080399122,GOOGL,1053,334,39.72999954223633,36.7599983215332,-1.0
2015-12-11,37.19121170043945,37.53912833466808,37.10348859702902,37.120836596962086,43184000,-0.012657229233143052,GOOGL,1052,333,37.93000030517578,35.619998931884766,-1.0
2015-12-14,37.79188537597656,37.871679371821706,36.489435467109004,37.232843415510786,53864000,0.016150957392173648,GOOGL,1049,330,37.91999816894531,36.310001373291016,-1.0
2015-12-15,37.67047119140625,38.39702660154202,37.566889847019496,38.05208567568139,49386000,-0.003212705144567729,GOOGL,1048,329,38.45000076293945,37.349998474121094,-1.0
2015-12-16,38.48822021484375,38.73156493003619,37.519809810586274,37.99162412078895,53120000,0.02170795845059814,GOOGL,1047,328,37.189998626708984,35.52000045776367,-1.0
2015-12-17,38.15318298339844,38.73601226496514,38.126915207227135,38.71470160043348,36510000,-0.008704929185478383,GOOGL,1046,327,37.18000030517578,34.95000076293945,-1.0
2015-12-18,37.509891510009766,38.36679513735825,37.49700528629999,38.024330886296674,67794000,-0.016860755069074806,GOOGL,1045,326,36.880001068115234,34.72999954223633,-1.0
2015-12-21,37.70566177368164,37.98072293676781,37.376083711160774,37.81717223846375,34848000,0.0052191636869871605,GOOGL,1042,323,36.349998474121094,34.7400016784668,-1.0
2015-12-22,38.019371032714844,38.178459922760425,37.725479698903165,37.87763014446441,36338000,0.008319951017334182,GOOGL,1041,322,36.11000061035156,36.13999938964844,-1.0
2015-12-23,38.0877685546875,38.255781019274465,37.54954183057608,38.19581167849152,30594000,0.0017990177142541697,GOOGL,1040,321,37.36000061035156,37.5,-1.0
2015-12-24,37.955448150634766,38.12197085826031,37.8835870230593,38.088269293930914,10412000,-0.0034740917904587665,GOOGL,1039,320,37.88999938964844,38.099998474121094,-1.0
2015-12-28,38.76823043823242,38.7969748815815,38.04910889675069,38.16161000474399,31156000,0.02141411384136327,GOOGL,1035,316,36.619998931884766,36.810001373291016,-1.0
2015-12-29,39.349082946777344,39.583504058033576,38.964492723571475,39.00364294351675,38430000,0.014982693354301135,GOOGL,1034,315,37.790000915527344,37.869998931884766,-1.0
2015-12-30,39.167694091796875,39.47298946788614,39.01405762802681,39.34908811809244,28566000,-0.0046097352567482375,GOOGL,1033,314,36.459999084472656,36.599998474121094,-1.0
2015-12-31,38.55858612060547,39.070049600075436,38.5243892366263,39.044772491561424,32752000,-0.015551284938139287,GOOGL,1032,313,37.279998779296875,37.040000915527344,-1.0
2016-01-04,37.63825225830078,37.775039816843936,37.04848069065021,37.775039816843936,67382000,-0.023868454601162492,GOOGL,1028,309,37.220001220703125,36.7599983215332,-1.0
2016-01-05,37.74183654785156,38.12196502838937,37.45042185407198,37.86920900632644,45216000,0.0027521014748483896,GOOGL,1027,308,36.41999816894531,35.970001220703125,-1.0
2016-01-06,37.63280487060547,37.9499920299941,37.07128611994566,37.18874435992907,48206000,-0.002888881072542815,GOOGL,1026,307,34.22999954223633,33.970001220703125,-1.0
2016-01-07,36.7243537902832,37.43356488866591,36.440868240395986,36.99644289815317,63132000,-0.024139871674349944,GOOGL,1025,306,33.75,33.27000045776367,-1.0
2016-01-08,36.22428894042969,37.17634554894805,36.1256609440653,37.06136399928371,47506000,-0.013616709301657703,GOOGL,1024,305,33.54999923706055,33.15999984741211,1.0
2016-01-11,36.33134078979492,36.43095946102782,35.66177899428217,36.27583323290967,50896000,0.0029552505375958216,GOOGL,1021,302,31.549999237060547,31.40999984741211,1.0
2016-01-12,36.93944549560547,37.08812860515437,36.497861727011106,36.7119628335669,46816000,0.016737744674189203,GOOGL,1020,301,30.860000610351562,30.440000534057617,-1.0
2016-01-13,35.662269592285156,37.31907919727576,35.523996051534446,37.13768521410877,51728000,-0.03457485314640829,GOOGL,1019,300,30.309999465942383,30.479999542236328,1.0
2016-01-14,36.248077392578125,36.66934115745359,34.94017498611325,35.90363184715325,55558000,0.016426542869826033,GOOGL,1018,299,31.030000686645508,31.200000762939453,1.0
2016-01-15,35.21226501464844,35.889755900212855,34.76721012583254,35.187483235583336,76676000,-0.028575650143082387,GOOGL,1017,298,31.010000228881836,29.420000076293945,1.0
2016-01-19,35.63798904418945,35.94873684367419,35.180547018054305,35.69101993729111,48724000,0.01209021996636439,GOOGL,1013,294,28.760000228881836,28.459999084472656,1.0
2016-01-20,35.61221694946289,36.02802826653734,34.08674233606714,34.9847774134782,82440000,-0.0007231635515294599,GOOGL,1012,293,27.8799991607666,26.549999237060547,1.0
2016-01-21,36.014156341552734,36.559321507615586,35.242994485192334,35.69201208578,51938000,0.011286559122680728,GOOGL,1011,292,29.25,29.530000686645508,1.0
2016-01-22,36.945396423339844,37.09903665794988,36.699578854067745,36.77391663401098,47146000,0.025857612016657372,GOOGL,1010,291,32.18000030517578,32.189998626708984,-1.0
2016-01-25,36.35860061645508,37.29232245691808,36.303093057461005,36.86511087344488,45340000,-0.01588278550758937,GOOGL,1007,288,30.5,30.34000015258789,1.0
2016-01-26,36.36701965332031,36.64802851952933,36.029017237226086,36.437398539010836,30940000,0.00023155558031628942,GOOGL,1006,287,31.799999237060547,31.450000762939453,1.0
2016-01-27,35.56365203857422,36.47110233263639,35.358966020838345,36.47110233263639,42428000,-0.022090554090063996,GOOGL,1005,286,33.099998474121094,32.29999923706055,1.0
2016-01-28,37.08614730834961,37.227888192584565,36.208923767274506,36.585089539222174,62104000,0.042810430945731115,GOOGL,1004,285,33.88999938964844,33.220001220703125,-1.0
2016-01-29,37.732913970947266,37.919261308278145,36.88294883872578,37.11885973545307,75808000,0.017439575408579655,GOOGL,1003,284,34.7400016784668,33.619998931884766,-1.0
2016-02-01,38.19977569580078,38.537778154883824,37.73440078494215,38.224058361754075,111522000,0.012372798062004309,GOOGL,1000,281,34.689998626708984,31.6200008392334,-1.0
2016-02-02,38.70232009887695,40.161382408654944,38.686953428685136,39.6732108235701,135846000,0.013155689894048583,GOOGL,999,280,32.720001220703125,29.8799991607666,-1.0
2016-02-03,37.13968276977539,39.223700802294246,36.489446396113856,38.96846429939019,131114000,-0.0403758049933266,GOOGL,998,279,35.040000915527344,32.279998779296875,-1.0
2016-02-04,36.18068313598633,36.93450085577868,35.812450169359465,36.90228529218986,104922000,-0.025821427709380007,GOOGL,997,278,34.459999084472656,31.719999313354492,1.0
2016-02-05,34.878719329833984,36.016627951836874,34.699310448037245,35.95616706792333,109556000,-0.03598505316383516,GOOGL,996,277,34.060001373291016,30.889999389648438,1.0
2016-02-08,34.8985481262207,34.9163914623654,33.80078025883181,34.08178917080497,89410000,0.0005685070085057475,GOOGL,993,274,32.880001068115234,29.690000534057617,1.0
2016-02-09,34.742923736572266,35.73116240356489,34.122426404442294,34.34297062627472,84300000,-0.00445933707859647,GOOGL,992,273,30.31999969482422,27.940000534057617,1.0
2016-02-10,35.03186798095703,35.84317456954782,34.959511525434124,35.2766986924489,60314000,0.008316635829949126,GOOGL,991,272,30.84000015258789,27.450000762939453,1.0
2016-02-11,35.00757598876953,35.30295707382791,34.25574361215605,34.510980033559434,65004000,-0.0006934255461542582,GOOGL,990,271,30.059999465942383,26.209999084472656,1.0
2016-02-12,35.03384780883789,35.485342040891325,34.77067846599984,35.297508703609395,46538000,0.0007504609881241464,GOOGL,989,270,33.36000061035156,29.440000534057617,1.0
2016-02-16,35.566619873046875,35.82631808715158,35.19689721827331,35.61667498149331,43444000,0.01520735224734815,GOOGL,985,266,32.18000030517578,29.040000915527344,1.0
2016-02-17,36.276824951171875,36.3655387343742,35.51557735433482,36.03050826976582,49154000,0.01996830400696048,GOOGL,984,265,34.5,30.65999984741211,1.0
2016-02-18,35.560176849365234,36.476550597063806,35.46303863066526,36.37544971377849,47276000,-0.019754984146799992,GOOGL,983,264,34.279998779296875,30.770000457763672,1.0
2016-02-19,35.78815841674805,35.88331531266133,35.34260816350773,35.48038639498227,34918000,0.006411148300767833,GOOGL,982,263,33.0099983215332,29.639999389648438,1.0
2016-02-22,36.13210678100586,36.41955878626943,35.85456900001686,36.154903446967474,37516000,0.009610675135964808,GOOGL,979,260,34.689998626708984,31.479999542236328,1.0
2016-02-23,35.54927062988281,36.22378947175091,35.46898508217872,35.98590104579814,41332000,-0.016130699343262056,GOOGL,978,259,33.27000045776367,31.8700008392334,1.0
2016-02-24,35.728187561035156,35.74404956379297,34.79248820741006,35.21820999298871,37092000,0.0050329283268597536,GOOGL,977,258,34.40999984741211,32.150001525878906,1.0
2016-02-25,36.13557434082031,36.15489989203504,35.348055292943855,35.82879303143744,36146000,0.011402391433632308,GOOGL,976,257,35.290000915527344,33.06999969482422,1.0
2016-02-26,35.9244499206543,36.484482612577,35.77973324722722,36.357609274710306,42474000,-0.005842564398582661,GOOGL,975,256,35.099998474121094,32.779998779296875,1.0
2016-02-29,35.545806884765625,36.20892557094318,35.52697288328393,35.733144889867106,45068000,-0.010539981453438374,GOOGL,972,253,35.970001220703125,33.75,1.0
2016-03-01,36.782344818115234,36.79027392922235,35.61618318536407,35.74801363779594,60112000,0.03478716736852494,GOOGL,971,252,35.959999084472656,34.400001525878906,-1.0
2016-03-02,36.649024963378906,36.82942453172639,36.3402622731228,36.81703742240117,36292000,-0.003624561060356024,GOOGL,970,251,36.93000030517578,34.65999984741211,-1.0
2016-03-03,36.257991790771484,36.72435738451275,36.160853561150574,36.64902515606832,40534000,-0.010669674650230276,GOOGL,969,250,37.06999969482422,34.56999969482422,1.0
2016-03-04,36.19009780883789,36.42699560867357,35.96211600549095,36.41708516473931,48516000,-0.0018725246098950654,GOOGL,968,249,38.720001220703125,35.91999816894531,1.0
2016-03-07,35.326751708984375,36.04092001602453,34.947118553748695,35.93882467011643,61690000,-0.02385586533680717,GOOGL,965,246,40.84000015258789,37.900001525878906,1.0
2016-03-08,35.36293029785156,35.7950990205075,34.89062068399552,35.108189154196516,52530000,0.0010241130904200535,GOOGL,964,245,39.650001525878906,36.5,1.0
2016-03-09,35.95170974731445,35.99284508425381,35.31981213693724,35.444208814018566,39544000,0.016649622768921457,GOOGL,963,244,41.06999969482422,38.290000915527344,1.0
2016-03-10,36.286739349365234,36.5033171389211,35.8466415442396,36.06966244552079,44616000,0.009318878139747078,GOOGL,962,243,40.04999923706055,37.84000015258789,1.0
2016-03-11,36.916160583496094,36.917646583019746,36.51125029090186,36.67232432069308,35380000,0.017345764469792968,GOOGL,961,242,40.38999938964844,38.5,-1.0
2016-03-14,37.18229675292969,37.38153031508607,36.85618607365355,36.92111252211319,32824000,0.007209204999302443,GOOGL,958,239,39.529998779296875,37.18000030517578,-1.0
2016-03-15,37.19865036010742,37.31957969896712,36.81554612385186,36.97314901838663,29832000,0.0004398224049042554,GOOGL,957,238,38.7400016784668,36.34000015258789,-1.0
2016-03-16,37.53517150878906,37.616451522331396,36.99694475740884,37.12332277623212,29306000,0.00904659565397914,GOOGL,956,237,40.33000183105469,38.459999084472656,-1.0
2016-03-17,37.590675354003906,37.930659150739736,37.53516779535316,37.5495400181346,44564000,0.0014787156414577396,GOOGL,955,236,41.540000915527344,40.20000076293945,-1.0
2016-03-18,37.43852615356445,37.7720668497483,37.26060324758979,37.74679351633985,56222000,-0.00404752505791961,GOOGL,954,235,41.20000076293945,39.439998626708984,-1.0
2016-03-21,37.77306365966797,37.83154322264555,37.23334712919507,37.36418692731438,28774000,0.008935648394152063,GOOGL,951,232,41.540000915527344,39.90999984741211,-1.0
2016-03-22,37.66848373413086,37.9138097466535,37.560939731292294,37.588693510240155,22096000,-0.002768637632344695,GOOGL,950,231,41.790000915527344,41.45000076293945,-1.0
2016-03-23,37.54507827758789,37.93313963659312,37.46925071748372,37.83203496273128,24678000,-0.003276093017546944,GOOGL,949,230,40.470001220703125,39.790000915527344,-1.0
2016-03-24,37.4102783203125,37.54508077994394,37.195186515983465,37.22987874248815,31116000,-0.003590349613303623,GOOGL,948,229,40.439998626708984,39.459999084472656,-1.0
2016-03-28,37.33295822143555,37.58175154241926,37.271502890787986,37.476185100756226,21676000,-0.0020668143181113985,GOOGL,944,225,40.27000045776367,39.38999938964844,-1.0
2016-03-29,37.95791244506836,38.02184822039779,37.08564984718286,37.352778046348895,40062000,0.01674001347350984,GOOGL,943,224,39.13999938964844,38.279998779296875,-1.0
2016-03-30,38.07933807373047,38.52389760821016,38.04167385501383,38.07289496272824,40396000,0.003198954337592541,GOOGL,942,223,39.2599983215332,38.31999969482422,-1.0
2016-03-31,37.80973815917969,38.116020435010334,37.579279671369484,38.07934687394664,32554000,-0.007079952756236851,GOOGL,941,222,39.599998474121094,38.34000015258789,-1.0
2016-04-01,38.145259857177734,38.16359474513441,37.428115802807774,37.525257812808825,31674000,0.008873949261047454,GOOGL,940,221,39.65999984741211,36.790000915527344,-1.0
2016-04-04,37.91975402832031,38.282538234804484,37.75471736918837,38.137322460662794,26924000,-0.005911765438268213,GOOGL,937,218,37.689998626708984,35.70000076293945,-1.0
2016-04-05,37.59513854980469,37.80824901513122,37.44794142227508,37.57333254825152,24478000,-0.008560590300063287,GOOGL,936,217,37.869998931884766,35.88999938964844,-1.0
2016-04-06,38.065956115722656,38.08330411628914,37.48262770609043,37.55895059001251,25312000,0.012523362968705376,GOOGL,935,216,39.84000015258789,37.75,-1.0
2016-04-07,37.67195129394531,38.129888603393354,37.54210218863811,37.9296643911301,25498000,-0.010350582567256295,GOOGL,934,215,39.43000030517578,37.2599983215332,-1.0
2016-04-08,37.639732360839844,38.019365419048114,37.45636083275876,37.95691942790948,23434000,-0.0008552499140294101,GOOGL,933,214,41.939998626708984,39.720001220703125,-1.0
2016-04-11,37.54408264160156,38.023829719360386,37.53417219935936,37.936106613668265,31774000,-0.0025411902061714953,GOOGL,930,211,42.83000183105469,40.36000061035156,-1.0
2016-04-12,37.88011169433594,37.909846808483316,37.24821405052019,37.58820165526021,27388000,0.008950253384591544,GOOGL,929,210,44.689998626708984,42.16999816894531,-1.0
2016-04-13,38.25627517700195,38.44658518949938,37.89349092576384,38.17697650258468,35426000,0.009930368888596997,GOOGL,928,209,44.18000030517578,41.7599983215332,-1.0
2016-04-14,38.42875289916992,38.637896953553515,38.321205091482035,38.42726689950669,26992000,0.004508481846963841,GOOGL,927,208,43.84000015258789,41.5,-1.0
2016-04-15,38.65721893310547,38.70331138207798,38.405945134580506,38.43419802865127,31712000,0.005945184704145845,GOOGL,926,207,43.099998474121094,40.36000061035156,-1.0
2016-04-18,39.037841796875,39.08096224604647,38.53876910609168,38.666633110755164,33540000,0.009846100528550172,GOOGL,923,204,42.90999984741211,39.779998779296875,-1.0
2016-04-19,38.471370697021484,39.19991126883139,38.17499886784176,39.17760993242968,43952000,-0.014510820111445333,GOOGL,922,203,44.029998779296875,41.08000183105469,-1.0
2016-04-20,38.40544891357422,38.64036915114674,38.22455401609145,38.615587370705235,34262000,-0.0017135283264645418,GOOGL,921,202,45.79999923706055,42.630001068115234,-1.0
2016-04-21,38.65721893310547,38.74048027243071,38.23843178967647,38.523902479793506,77628000,0.0065555806963177865,GOOGL,920,201,44.529998779296875,43.18000030517578,-1.0
2016-04-22,36.56427764892578,37.364679263945675,36.19753073330452,36.8685785600778,140798000,-0.05414102053749459,GOOGL,919,200,45.11000061035156,43.72999954223633,-1.0
2016-04-25,36.78431701660156,36.91664276929646,36.43194241535734,36.44433330264678,49442000,0.006017878153877554,GOOGL,916,197,44.47999954223633,42.63999938964844,-1.0
2016-04-26,35.94972229003906,36.951833980971884,35.699439197953254,36.893849765097826,55864000,-0.022688873798739517,GOOGL,915,196,45.7400016784668,44.040000915527344,1.0
2016-04-27,35.75595474243164,36.03795059988359,35.14239189233964,35.9472554626889,66262000,-0.005389959511901687,GOOGL,914,195,47.18000030517578,45.33000183105469,1.0
2016-04-28,34.943145751953125,36.1425134551976,34.85096464809777,35.846637029721535,62590000,-0.022732129412669666,GOOGL,913,194,48.13999938964844,46.029998779296875,1.0
2016-04-29,35.082908630371094,35.2925479460012,34.87970864440422,34.89656131164379,58278000,0.00399972227486578,GOOGL,912,193,48.130001068115234,45.91999816894531,1.0
2016-05-02,35.40654373168945,35.456103511833895,35.00758126259808,35.28313772386354,33476000,0.009224865153802941,GOOGL,909,190,48.099998474121094,44.779998779296875,1.0
2016-05-03,35.11066818237305,35.35499975761387,35.0556559553128,35.311883088071774,38620000,-0.008356521652001625,GOOGL,908,189,46.75,43.650001525878906,1.0
2016-05-04,35.25587463378906,35.438255508178365,34.89309043605963,35.02789665021826,34172000,0.004135678952669863,GOOGL,907,188,44.619998931884766,43.779998779296875,1.0
2016-05-05,35.42141342163086,35.56216365946104,35.160724500586255,35.435785645303554,29668000,0.004695353315193218,GOOGL,906,187,45.0099983215332,44.31999969482422,1.0
2016-05-06,35.940303802490234,35.980448466776664,35.284618962650164,35.29700985130672,39952000,0.0146490591632491,GOOGL,905,186,45.369998931884766,44.65999984741211,1.0
2016-05-09,36.136070251464844,36.39180201162871,35.85704271299202,36.015636257808204,38074000,0.005446989264488167,GOOGL,902,183,43.630001068115234,43.439998626708984,1.0
2016-05-10,36.644073486328125,36.67479926638615,36.2589878822856,36.42501523603503,32634000,0.014058065288454769,GOOGL,901,182,45.52000045776367,44.65999984741211,-1.0
2016-05-11,36.206451416015625,36.71444768996058,36.075116291978944,36.70057079973156,29834000,-0.01194250607743641,GOOGL,900,181,47.599998474121094,46.22999954223633,1.0
2016-05-12,36.08354187011719,36.44533547488468,35.89521317983098,36.27831367258135,27094000,-0.003394686336039787,GOOGL,899,180,48.08000183105469,46.70000076293945,1.0
2016-05-13,35.9229621887207,36.24312129779035,35.85754040932346,36.011675966793646,25244000,-0.00445021949271196,GOOGL,898,179,47.83000183105469,46.209999084472656,1.0
2016-05-16,36.194061279296875,36.31201484870104,35.68358832902154,35.897689465754084,22538000,0.007546679729582451,GOOGL,895,176,48.970001220703125,47.720001220703125,1.0
2016-05-17,35.6930046081543,36.469123617440545,35.58446992737269,36.23173047141519,33404000,-0.013843615594174352,GOOGL,894,175,49.279998779296875,48.310001373291016,1.0
2016-05-18,35.77180480957031,35.95963815434279,35.43677434186829,35.609244797523075,32536000,0.002207721156599174,GOOGL,893,174,48.93000030517578,48.189998626708984,1.0
2016-05-19,35.45113754272461,35.7083590519647,35.20333492274197,35.599325294185476,30598000,-0.008964246242334162,GOOGL,892,173,48.810001373291016,48.15999984741211,1.0
2016-05-20,35.768333435058594,36.065200563188185,35.436278749684575,35.5081436446972,34798000,0.008947410839827308,GOOGL,891,172,48.720001220703125,47.75,1.0
2016-05-23,35.54729461669922,35.857047974776364,35.53193172736978,35.682596184229425,24816000,-0.006179734897648892,GOOGL,888,169,48.349998474121094,48.08000183105469,1.0
2016-05-24,36.32936477661133,36.38734900750142,35.666242214345246,35.676156440194205,37884000,0.022000834897424548,GOOGL,887,168,48.61000061035156,48.619998931884766,-1.0
2016-05-25,36.58063507080078,36.66934886503092,36.30805435678422,36.42699859960655,32216000,0.006916451628992348,GOOGL,886,167,49.7400016784668,49.560001373291016,-1.0
2016-05-26,36.522640228271484,36.72930753892124,36.327868472798635,36.47654778783713,27202000,-0.0015853973671329236,GOOGL,885,166,49.59000015258789,49.47999954223633,-1.0
2016-05-27,37.05146026611328,37.06682315607613,36.52661131110884,36.55139309324433,34802000,0.01447923902917747,GOOGL,884,165,49.31999969482422,49.33000183105469,-1.0
2016-05-31,37.1134147644043,37.34287881469958,36.95085472666421,37.10895298443283,42484000,0.0016721202847618244,GOOGL,880,161,49.689998626708984,49.099998474121094,-1.0
2016-06-01,37.094078063964844,37.23829940116446,36.88988739091535,37.09457339706675,20788000,-0.0005210164724049893,GOOGL,879,160,49.709999084472656,49.0099983215332,-1.0
2016-06-02,36.88642120361328,37.03659032386361,36.526113625402196,36.97711631927044,33916000,-0.005598113531585236,GOOGL,878,159,50.040000915527344,49.16999816894531,-1.0
2016-06-03,36.46961212158203,36.748639669444856,36.37296923603814,36.748639669444856,24608000,-0.011299797281239643,GOOGL,877,158,49.63999938964844,48.619998931884766,-1.0
2016-06-06,36.18216323852539,36.600455039132164,36.09444390309238,36.600455039132164,29992000,-0.007881873876210865,GOOGL,874,155,50.54999923706055,49.689998626708984,1.0
2016-06-07,36.233211517333984,36.511739965032035,36.21883929516108,36.34125463134832,24314000,0.0014108686225327016,GOOGL,873,154,51.439998626708984,50.36000061035156,1.0
2016-06-08,36.820011138916016,36.8636231430743,36.46515976435017,36.65001733945805,32314000,0.016195076202431213,GOOGL,872,153,52.5099983215332,51.22999954223633,-1.0
2016-06-09,36.79969024658203,36.86957003064332,36.50133710760928,36.529586221116226,19180000,-0.0005518980496045378,GOOGL,871,152,51.95000076293945,50.560001373291016,-1.0
2016-06-10,36.33728790283203,36.65695168217192,36.20446679145563,36.47407546012849,29050000,-0.012565386845693527,GOOGL,870,151,50.540000915527344,49.06999969482422,-1.0
2016-06-13,36.272369384765625,36.62523942759257,36.170274038212575,36.170274038212575,23354000,-0.0017865537527181896,GOOGL,867,148,50.349998474121094,48.880001068115234,1.0
2016-06-14,36.34025573730469,36.47654794589002,36.0057244411424,36.144988647950726,26584000,0.0018715720447965989,GOOGL,866,147,49.83000183105469,48.4900016784668,-1.0
2016-06-15,36.28772735595703,36.53354490623551,36.244111576435685,36.423025129934736,23234000,-0.0014454598703810273,GOOGL,865,146,48.970001220703125,48.0099983215332,1.0
2016-06-16,35.89421844482422,36.198519338651344,35.46254510250856,36.0780853347088,45002000,-0.010844132157210251,GOOGL,864,145,47.189998626708984,46.209999084472656,1.0
2016-06-17,34.903011322021484,35.752477423089736,34.74788507951657,35.752477423089736,82262000,-0.02761467349752711,GOOGL,863,144,49.16999816894531,47.97999954223633,1.0
2016-06-20,34.996185302734375,35.47890450188707,34.96050240792923,35.20334800704552,45654000,0.002669511230800392,GOOGL,860,141,50.650001525878906,49.369998931884766,1.0
2016-06-21,35.132469177246094,35.454613382412084,34.92332519006179,35.1904533948385,30318000,0.0038942494255529425,GOOGL,859,140,50.619998931884766,48.849998474121094,1.0
2016-06-22,35.211273193359375,35.39662987357787,34.98379051052334,35.388700762412896,29058000,0.0022430537323097077,GOOGL,858,139,49.880001068115234,49.130001068115234,1.0
2016-06-23,35.42934036254883,35.42983569566795,34.704766319667236,35.21523923885496,42500000,0.0061931066221876385,GOOGL,857,138,50.90999984741211,50.11000061035156,1.0
2016-06-24,33.95887756347656,34.94017783883471,33.944505340796354,34.205194243838825,95436000,-0.04150409756504081,GOOGL,856,137,48.40999984741211,47.63999938964844,1.0
2016-06-27,33.757659912109375,33.8661983542022,33.33738681334,33.82456768890201,58146000,-0.005925332808514261,GOOGL,853,134,47.15999984741211,46.33000183105469,1.0
2016-06-28,34.25921630859375,34.33256720359244,33.94153384325508,34.26466875411095,38246000,0.014857558189466102,GOOGL,852,133,48.58000183105469,47.849998474121094,1.0
2016-06-29,34.45398712158203,34.667592907590276,34.32959045030317,34.40789845547613,43124000,0.005685209236366173,GOOGL,851,132,50.61000061035156,49.880001068115234,1.0
2016-06-30,34.8673210144043,34.879216571077094,34.43961411896773,34.57590634410154,42250000,0.011996692613939874,GOOGL,850,131,49.68000030517578,48.33000183105469,1.0
2016-07-01,35.200374603271484,35.313371062506796,34.877239667861545,34.94513812250244,30984000,0.009552026917399203,GOOGL,849,130,49.84000015258789,48.9900016784668,1.0
2016-07-05,34.934715270996094,35.09479478772492,34.64924845139868,34.94066304782467,28440000,-0.007547059804605016,GOOGL,845,126,47.959999084472656,46.599998474121094,1.0
2016-07-06,35.13693618774414,35.336665095322445,34.64281680730749,34.684447477718244,28902000,0.005788537710394337,GOOGL,844,125,48.79999923706055,47.43000030517578,1.0
2016-07-07,35.052181243896484,35.196402575199734,34.72557902815926,35.193430576709765,21174000,-0.0024121324464601024,GOOGL,843,124,46.400001525878906,45.13999938964844,1.0
2016-07-08,35.57355499267578,35.57950277015183,35.09430327509405,35.21572792740694,29946000,0.014874216961036746,GOOGL,842,123,46.7599983215332,45.40999984741211,1.0
2016-07-11,36.04042434692383,36.126162354660075,35.627584968812826,35.65484341634406,28822000,0.013124056742267465,GOOGL,839,120,46.25,44.7599983215332,1.0
2016-07-12,36.3035888671875,36.4567299895535,36.055290847819876,36.274349087941154,26468000,0.0073019262406697205,GOOGL,838,119,48.470001220703125,46.79999923706055,1.0
2016-07-13,36.15341567993164,36.45276322722042,36.13061901508468,36.45276322722042,20436000,-0.004136593431719682,GOOGL,837,118,46.2599983215332,44.75,1.0
2016-07-14,36.46664047241211,36.48348935938375,36.208428254636914,36.37445558363999,21408000,0.008663767629965236,GOOGL,836,117,47.369998931884766,45.68000030517578,1.0
2016-07-15,36.458221435546875,36.724359022029105,36.40915320425072,36.724359022029105,32342000,-0.0002308695497081903,GOOGL,835,116,47.61000061035156,45.95000076293945,1.0
2016-07-18,37.32899856567383,37.4251461342427,36.50183378855575,36.571218242041624,38698000,0.02388424601749617,GOOGL,832,113,46.959999084472656,45.2400016784668,1.0
2016-07-19,37.33940505981445,37.49700417610589,37.0955650451455,37.16395882670691,30436000,0.00027877774760853846,GOOGL,831,112,46.65999984741211,44.650001525878906,1.0
2016-07-20,37.52128982543945,37.6977267210247,37.371120709067064,37.371120709067064,22502000,0.004871121147582258,GOOGL,830,111,47.16999816894531,44.939998626708984,1.0
2016-07-21,37.38896560668945,37.574322287069656,37.24573492896354,37.517324947153064,19062000,-0.0035266436565910553,GOOGL,829,110,46.20000076293945,44.75,1.0
2016-07-22,37.63032531738281,37.63874976171075,37.3022332912003,37.53318708812583,20920000,0.006455372775816315,GOOGL,828,109,45.689998626708984,44.189998626708984,1.0
2016-07-25,37.54309844970703,37.6570893515757,37.37211398748853,37.55102756110182,21466000,-0.0023179939833123386,GOOGL,825,106,44.720001220703125,43.130001068115234,1.0
2016-07-26,37.54954147338867,37.629335482626004,37.306695894880036,37.543098361426374,23792000,0.0001716167271135216,GOOGL,824,105,44.869998931884766,42.91999816894531,1.0
2016-07-27,37.76364517211914,37.88655585972637,37.46430134618541,37.61496581608013,32172000,0.005701899153208068,GOOGL,823,104,43.470001220703125,41.91999816894531,1.0
2016-07-28,37.955448150634766,38.110574413192566,37.62091295457522,38.104131300254465,73464000,0.005079037726401392,GOOGL,822,103,42.70000076293945,41.13999938964844,1.0
2016-07-29,39.21923828125,39.843698350495174,39.15282582798798,39.53493942906403,101810000,0.03329667260414371,GOOGL,821,102,42.459999084472656,41.599998474121094,1.0
2016-08-01,39.69501495361328,40.019635846117126,38.90700049731334,38.98778516590981,60594000,0.012131206347032464,GOOGL,818,99,42.45000076293945,40.060001373291016,1.0
2016-08-02,39.654380798339844,39.76341459412957,39.37733831034851,39.516107220928454,39928000,-0.0010236588982500683,GOOGL,817,98,41.79999923706055,39.5099983215332,1.0
2016-08-03,39.59490203857422,39.625631597185055,39.302496695090355,39.473481146964616,29206000,-0.0014999291016066785,GOOGL,816,97,43.099998474121094,40.83000183105469,1.0
2016-08-04,39.51213455200195,39.65833721825531,39.347097884801826,39.56119899614677,21520000,-0.0020903571498076534,GOOGL,815,96,44.290000915527344,41.93000030517578,1.0
2016-08-05,39.99188232421875,40.00625454641869,39.539888981062546,39.653879873633365,36146000,0.012141783218150293,GOOGL,814,95,44.27000045776367,41.79999923706055,1.0
2016-08-08,39.90763473510742,40.025092972353924,39.73218848838331,39.945794293769914,24426000,-0.002106617248678666,GOOGL,811,92,45.38999938964844,43.02000045776367,1.0
2016-08-09,40.01913833618164,40.30906699038392,39.8496398975113,39.870950562966186,32154000,0.002794041837215877,GOOGL,810,91,44.97999954223633,42.77000045776367,1.0
2016-08-10,40.06919479370117,40.18764368094775,39.97007524028606,39.997829017735775,18370000,0.001250812976007376,GOOGL,809,90,44.04999923706055,41.709999084472656,1.0
2016-08-11,40.05482482910156,40.336329065313144,39.9457910454994,40.167325944496035,25646000,-0.0003586287339586436,GOOGL,808,89,46.040000915527344,43.4900016784668,1.0
2016-08-12,39.99783706665039,40.00477551240907,39.82883392134798,39.90069882602888,17946000,-0.0014227440188371299,GOOGL,807,88,46.970001220703125,44.4900016784668,1.0
2016-08-15,39.94381332397461,40.21144069487289,39.84816108811914,40.00576399924266,18596000,-0.0013506666019404978,GOOGL,804,85,48.349998474121094,45.7400016784668,1.0
2016-08-16,39.7074089050293,39.85955936280147,39.49974710575874,39.821891357624246,21158000,-0.005918423887771862,GOOGL,803,84,49.22999954223633,46.58000183105469,1.0
2016-08-17,39.91704177856445,39.9274513350216,39.46504847679377,39.6484237980805,21322000,0.005279439764920069,GOOGL,802,83,49.849998474121094,46.790000915527344,1.0
2016-08-18,39.78471755981445,40.044911107351545,39.72921000633118,39.91407133397404,17292000,-0.003314980591098249,GOOGL,801,82,50.88999938964844,48.220001220703125,1.0
2016-08-19,39.631080627441406,39.70938863343485,39.49380151273363,39.63801907220229,22416000,-0.003861707253345781,GOOGL,800,81,50.880001068115234,48.52000045776367,1.0
2016-08-22,39.49726867675781,39.61373623785701,39.36741955930739,39.574582235026604,17056000,-0.003376439616711857,GOOGL,797,78,49.15999984741211,47.04999923706055,1.0
2016-08-23,39.479427337646484,39.697990248322824,39.4496922247707,39.67221780054036,18350000,-0.00045171070580452,GOOGL,796,77,49.959999084472656,48.099998474121094,1.0
2016-08-24,39.331241607666016,39.572105842480816,39.19048759845139,39.49280717004967,25672000,-0.0037534923876457738,GOOGL,795,76,49.04999923706055,46.77000045776367,1.0
2016-08-25,39.217254638671875,39.386753110207785,39.015544386757746,39.25194686604247,24054000,-0.0028981279088815537,GOOGL,794,75,49.66999816894531,47.33000183105469,1.0
2016-08-26,39.31240463256836,39.61869062709114,39.123580638463466,39.276226412063025,24978000,0.0024262278115372293,GOOGL,793,74,49.91999816894531,47.63999938964844,1.0
2016-08-29,39.44126510620117,39.57507688623887,39.168680652757516,39.30398221327318,15474000,0.0032778578374230705,GOOGL,790,71,49.2599983215332,46.97999954223633,1.0
2016-08-30,39.247982025146484,39.549310943987535,39.12655734549554,39.2955604744987,23348000,-0.004900529446361435,GOOGL,789,70,48.369998931884766,46.349998474121094,1.0
2016-08-31,39.1453857421875,39.230628403602715,39.014050637432526,39.132994853194525,21428000,-0.0026140524344220317,GOOGL,788,69,47.040000915527344,44.70000076293945,1.0
2016-09-01,39.222206115722656,39.296052339503966,38.97093611526492,39.25095055981818,26070000,0.001962437515397042,GOOGL,787,68,47.04999923706055,43.15999984741211,1.0
2016-09-02,39.49330520629883,39.50470543106252,39.31439162913674,39.41401030960914,26998000,0.006911877668897892,GOOGL,786,67,46.83000183105469,44.439998626708984,1.0
2016-09-06,40.045902252197266,40.18813846911417,39.42193381995579,39.568631815748255,39790000,0.013992170141543525,GOOGL,782,63,47.2599983215332,44.83000183105469,1.0
2016-09-07,40.04441452026367,40.1737645092041,39.83279008865159,40.04143874075255,22906000,-3.715066585896487e-05,GOOGL,781,62,47.97999954223633,45.5,1.0
2016-09-08,39.789180755615234,40.06573167418405,39.69848563628367,39.90713810334589,23554000,-0.006373766921208945,GOOGL,780,61,49.9900016784668,47.619998931884766,1.0
2016-09-09,39.077491760253906,39.73516180638812,39.056181092467966,39.58746935008597,37752000,-0.017886495319733187,GOOGL,779,60,48.0099983215332,45.880001068115234,1.0
2016-09-12,39.5899543762207,39.65685838605393,38.83068423456009,38.88123846828171,37274000,0.013114009955163652,GOOGL,776,57,48.31999969482422,46.290000915527344,1.0
2016-09-13,39.089385986328125,39.439779331809724,38.87181375543551,39.351560883764755,36180000,-0.012643823358211237,GOOGL,775,56,47.099998474121094,44.900001525878906,1.0
2016-09-14,39.175621032714844,39.466544168850795,39.0304090217951,39.0304090217951,25842000,0.002206098771080134,GOOGL,774,55,45.849998474121094,43.58000183105469,1.0
2016-09-15,39.709388732910156,39.82932362660056,39.086410921042074,39.15331870324995,31144000,0.01362499651887017,GOOGL,773,54,46.59000015258789,43.90999984741211,1.0
2016-09-16,39.547821044921875,39.59986127352179,39.332233914655745,39.59986127352179,42612000,-0.004068752835129308,GOOGL,772,53,45.77000045776367,43.029998779296875,1.0
2016-09-19,39.419952392578125,39.8461732715595,39.32925728422973,39.70343794073971,22990000,-0.0032332666873986504,GOOGL,769,50,45.95000076293945,43.29999923706055,1.0
2016-09-20,39.63752365112305,39.784720771284974,39.56219142514791,39.6484285419383,20984000,0.00551931814574913,GOOGL,768,49,45.880001068115234,43.439998626708984,1.0
2016-09-21,39.89772033691406,39.94133612241402,39.451674724733486,39.710877647300265,26970000,0.006564403167089505,GOOGL,767,48,46.83000183105469,45.34000015258789,1.0
2016-09-22,40.43891906738281,40.5930508487446,40.03054149992169,40.14403327966249,35186000,0.013564652965097457,GOOGL,766,47,47.650001525878906,46.31999969482422,-1.0
2016-09-23,40.389854431152344,40.49095532045387,40.279334650563136,40.39877420816866,28234000,-0.0012133023671753174,GOOGL,765,46,45.88999938964844,44.47999954223633,-1.0
2016-09-26,39.779762268066406,40.147998940983115,39.6707284884015,40.13511271816795,29454000,-0.015105084474267838,GOOGL,762,43,47.349998474121094,45.93000030517578,1.0
2016-09-27,40.18021011352539,40.31699766914789,39.73912167053593,39.73912167053593,27346000,0.010066622388551716,GOOGL,761,42,45.970001220703125,44.66999816894531,-1.0
2016-09-28,40.147003173828125,40.15642206466654,39.7862040715392,39.850631402328354,29406000,-0.0008264501256574075,GOOGL,760,41,48.689998626708984,47.04999923706055,-1.0
2016-09-29,39.77927780151367,40.33782462715875,39.69105933125869,40.00676053296454,27000000,-0.009159472519587042,GOOGL,759,40,49.2400016784668,47.83000183105469,1.0
2016-09-30,39.84964370727539,40.04937260689852,39.72277036855375,39.82684704043529,33204000,0.0017689085788037406,GOOGL,758,39,49.060001373291016,48.2400016784668,1.0
2016-10-03,39.667259216308594,39.8238676524735,39.46158255675984,39.77480321025814,29784000,-0.0045768161017083475,GOOGL,755,36,49.099998474121094,48.810001373291016,1.0
2016-10-04,39.78670883178711,39.970579539220054,39.63208168878796,39.896237966898774,25174000,0.003011289860666899,GOOGL,754,35,50.869998931884766,48.689998626708984,1.0
2016-10-05,39.709388732910156,40.06969252826515,39.68361628625693,39.94579118848624,24276000,-0.0019433650368984035,GOOGL,753,34,51.86000061035156,49.83000183105469,1.0
2016-10-06,39.80106735229492,39.99286710599786,39.673698703630876,39.85062712305459,21998000,0.0023087391246792155,GOOGL,752,33,52.5099983215332,50.439998626708984,1.0
2016-10-07,39.683616638183594,39.94281954402184,39.490826182027234,39.942324210902484,23262000,-0.0029509438295141077,GOOGL,751,32,51.93000030517578,49.810001373291016,1.0
2016-10-10,40.35070037841797,40.50978927104781,39.75944280719498,39.843199475461454,29922000,0.01681005404110536,GOOGL,748,29,51.93000030517578,49.810001373291016,-1.0
2016-10-11,40.12272644042969,40.63270406059617,40.01369264823169,40.35070446903955,34432000,-0.005649813655036695,GOOGL,747,28,52.40999984741211,50.790000915527344,1.0
2016-10-12,40.23175811767578,40.3670559033372,40.072173884155006,40.24117322824246,18158000,0.0027174543436865317,GOOGL,746,27,51.810001373291016,50.18000030517578,-1.0
2016-10-13,39.85063552856445,39.97354620592103,39.580036173829214,39.94926353902926,27380000,-0.009473177582659087,GOOGL,745,26,52.029998779296875,50.439998626708984,1.0
2016-10-14,39.876399993896484,40.14848907472709,39.76340356410255,40.01764931230708,22238000,0.0006465258330337065,GOOGL,744,25,51.95000076293945,50.349998474121094,1.0
2016-10-17,39.9874267578125,40.31700481575607,39.838252067382044,39.94530075086518,21128000,0.0027842725003512925,GOOGL,741,22,51.52000045776367,49.939998626708984,1.0
2016-10-18,40.71348190307617,41.07626233040071,40.30906702976991,40.35267902685948,45786000,0.018157085967573927,GOOGL,740,21,51.68000030517578,50.290000915527344,-1.0
2016-10-19,40.978633880615234,41.12533567303027,40.782376088112784,40.782376088112784,30002000,0.006512633288655811,GOOGL,739,20,52.66999816894531,51.599998474121094,-1.0
2016-10-20,40.72042465209961,41.05941778444078,40.66689842563288,41.014316002207444,27878000,-0.0063010697054439735,GOOGL,738,19,51.380001068115234,50.43000030517578,-1.0
2016-10-21,40.840850830078125,40.85225105307842,40.55587928558725,40.63963594883086,32316000,0.00295739003233364,GOOGL,737,18,51.779998779296875,50.849998474121094,-1.0
2016-10-24,41.41971969604492,41.52875347649293,41.08766502371231,41.13970524844202,28952000,0.014173770971991573,GOOGL,734,15,51.459999084472656,50.52000045776367,-1.0
2016-10-25,41.06338119506836,41.55650607744015,40.90230719445374,41.55650607744015,37814000,-0.00860311232406985,GOOGL,733,14,50.790000915527344,49.959999084472656,-1.0
2016-10-26,40.74372482299805,41.021761787807954,40.45875319309727,40.992518221934056,35898000,-0.007784463012234899,GOOGL,732,13,49.97999954223633,49.18000030517578,-1.0
2016-10-27,40.508304595947266,40.96574662120339,40.37250769817948,40.78881816877954,59470000,-0.005778073263392414,GOOGL,731,12,50.470001220703125,49.720001220703125,-1.0
2016-10-28,40.617835998535156,41.58129299817785,40.49095887092723,41.1322753918429,87098000,0.0027039246317617227,GOOGL,730,11,49.709999084472656,48.70000076293945,-1.0
2016-10-31,40.13908004760742,40.76998701876254,40.04491759336466,40.76007279336702,44854000,-0.011786840415255018,GOOGL,727,8,48.29999923706055,46.86000061035156,1.0
2016-11-01,39.920013427734375,40.340290285741105,39.56218634558765,40.18714540672186,47118000,-0.005457689105311303,GOOGL,726,7,48.33000183105469,46.66999816894531,1.0
2016-11-02,39.07452392578125,39.9834640841097,38.90502545050653,39.9834640841097,47014000,-0.021179589618216976,GOOGL,725,6,46.86000061035156,45.34000015258789,1.0
2016-11-03,38.76576232910156,39.15282929592236,38.58932540308252,38.880244794685524,43504000,-0.007901864582308238,GOOGL,724,5,46.349998474121094,44.65999984741211,1.0
2016-11-04,38.71173095703125,39.077487160537174,38.21116853662078,38.22603609089175,39412000,-0.0013937910368333473,GOOGL,723,4,45.58000183105469,44.06999969482422,1.0
2016-11-07,39.74904251098633,39.89623586712337,39.29655376932058,39.39815378677338,39852000,0.026795793634401432,GOOGL,720,1,46.150001525878906,44.88999938964844,1.0
2016-11-08,40.242164611816406,40.44337951853798,39.62959633288325,39.749039679466506,35382000,0.012405886272450095,GOOGL,719,0,46.040000915527344,44.97999954223633,-1.0
2016-11-09,39.925472259521484,40.22878250545127,39.253929097339096,39.73912491173354,61970000,-0.007869664948438992,GOOGL,718,1455,46.36000061035156,45.27000045776367,1.0
2016-11-10,38.671592712402344,40.147008660336425,38.07389197576204,40.14403666145616,118192000,-0.03140550320779523,GOOGL,717,1454,45.84000015258789,44.65999984741211,1.0
2016-11-11,38.24834060668945,38.52290258569091,37.940568625876075,38.499115255462186,71852000,-0.010944780807467192,GOOGL,716,1453,45.84000015258789,44.65999984741211,1.0
2016-11-14,37.329986572265625,38.24983152032493,36.85271987668482,38.248840854084165,73766000,-0.02401029743662164,GOOGL,713,1450,44.43000030517578,43.31999969482422,1.0
2016-11-15,38.41733932495117,38.6691084170597,37.92470981131659,37.93709691870936,58878000,0.02912813136379211,GOOGL,712,1449,46.95000076293945,45.810001373291016,1.0
2016-11-16,38.656227111816406,38.83067889645165,37.97972685942796,38.18242775612099,35968000,0.006218228306875018,GOOGL,711,1448,46.630001068115234,45.56999969482422,1.0
2016-11-17,38.96250915527344,39.09830605066433,38.64978381055553,38.78111892679174,30674000,0.007923226510727188,GOOGL,710,1447,46.4900016784668,45.41999816894531,1.0
2016-11-18,38.457489013671875,39.21675527242447,38.42676323594743,39.0125683756859,36126000,-0.012961694525087109,GOOGL,709,1446,46.86000061035156,45.689998626708984,1.0
2016-11-21,38.89510726928711,38.98183593179108,38.47383972135615,38.56304883041384,32616000,0.011379272720058786,GOOGL,706,1443,48.900001525878906,47.4900016784668,1.0
2016-11-22,38.90502166748047,39.339667033850496,38.84257566290804,39.10276923921096,27884000,0.0002549009088654852,GOOGL,705,1442,49.119998931884766,48.029998779296875,1.0
2016-11-23,38.607662200927734,39.12904006030394,38.29295170680394,39.12904006030394,26260000,-0.0076432155492484055,GOOGL,704,1441,48.95000076293945,47.959999084472656,1.0
2016-11-25,38.66861343383789,38.80093920131015,38.56750877340696,38.78656698042313,12270000,0.0015787341018718148,GOOGL,702,1439,47.2400016784668,46.060001373291016,1.0
2016-11-28,38.944175720214844,39.63554355069087,38.56305279931008,38.57544368984835,51508000,0.007126252066121719,GOOGL,699,1436,48.2400016784668,47.08000183105469,1.0
2016-11-29,39.12506866455078,39.47199089524917,38.92186865716406,39.072533106258426,31240000,0.004644929337714654,GOOGL,698,1435,46.380001068115234,45.22999954223633,1.0
2016-11-30,38.453025817871094,39.227658718117254,38.31772804060884,39.108219162246705,45582000,-0.017176783827311026,GOOGL,697,1434,50.470001220703125,49.439998626708984,1.0
2016-12-01,37.8806037902832,38.5878336065136,37.33692465022491,38.585356940936016,57342000,-0.014886267476039716,GOOGL,696,1433,50.459999084472656,51.060001373291016,1.0
2016-12-02,37.887046813964844,38.18639438646964,37.61644746793734,37.76017347564853,34376000,0.00017008767118165125,GOOGL,695,1432,54.459999084472656,51.68000030517578,1.0
2016-12-05,38.56900405883789,38.65722251878257,38.01144796481699,38.161617101875095,33770000,0.017999746673886596,GOOGL,692,1429,54.939998626708984,51.790000915527344,1.0
2016-12-06,38.4678955078125,38.918898206831095,38.326154611274966,38.66663374400769,34682000,-0.002621497585759469,GOOGL,691,1428,53.93000030517578,50.93000030517578,1.0
2016-12-07,39.22568130493164,39.25194530512058,38.336562090933924,38.654743684930345,40588000,0.019699174782390694,GOOGL,690,1427,53.0,49.77000045776367,1.0
2016-12-08,39.40904998779297,39.598868441112515,39.04924153017298,39.299025538983344,32250000,0.004674709954324507,GOOGL,689,1426,53.88999938964844,50.84000015258789,1.0
2016-12-09,40.11677932739258,40.141561110092276,39.55178946859574,39.61374014417583,38090000,0.01795854860289281,GOOGL,688,1425,54.33000183105469,51.5,1.0
2016-12-12,40.039955139160156,40.21093958331621,39.87293714086699,39.88730936272097,32572000,-0.0019150138550619866,GOOGL,685,1422,55.689998626708984,52.83000183105469,1.0
2016-12-13,40.40868377685547,40.852748003181055,40.24017977755392,40.262481110196426,42564000,0.009209017253235752,GOOGL,684,1421,55.720001220703125,52.97999954223633,1.0
2016-12-14,40.53506851196289,40.85076964828635,40.2818133802911,40.43743494937671,35994000,0.003127662752029803,GOOGL,683,1420,53.900001525878906,51.040000915527344,1.0
2016-12-15,40.42405700683594,40.78832729045733,40.243158307371395,40.508804353332714,35394000,-0.002738653447549755,GOOGL,682,1419,54.02000045776367,50.900001525878906,1.0
2016-12-16,40.136104583740234,40.59998971310493,40.05085813360837,40.55588237929308,51978000,-0.007123293514231133,GOOGL,681,1418,55.209999084472656,51.900001525878906,1.0
2016-12-19,40.26793670654297,40.45230272271957,39.87145089419559,40.10835247157643,25272000,0.003284626751150599,GOOGL,678,1415,54.91999816894531,52.119998931884766,1.0
2016-12-20,40.40174102783203,40.465676801564655,40.19358771634222,40.31104592648063,25438000,0.0033228501937949684,GOOGL,677,1414,55.349998474121094,52.22999954223633,1.0
2016-12-21,40.25306701660156,40.42751879857945,39.901187672850476,40.42751879857945,29192000,-0.0036798911989472938,GOOGL,676,1413,54.459999084472656,52.4900016784668,1.0
2016-12-22,40.128173828125,40.197062939293644,39.94727515879461,40.099429384242015,22632000,-0.003102699936505582,GOOGL,675,1412,55.04999923706055,52.95000076293945,1.0
2016-12-23,40.03499984741211,40.19210740994424,39.90168339880181,40.045409405045106,15310000,-0.0023219093176771732,GOOGL,674,1411,55.15999984741211,53.02000045776367,1.0
2016-12-27,40.140560150146484,40.44139370118183,39.93587793417829,40.07860948461736,19520000,0.0026367004655103443,GOOGL,670,1407,56.09000015258789,53.900001525878906,1.0
2016-12-28,39.87492370605469,40.309073760674835,39.76936102718721,40.309073760674835,24296000,-0.006617656632049496,GOOGL,669,1406,56.220001220703125,54.060001373291016,1.0
2016-12-29,39.791160583496094,39.93339679840021,39.556244147853626,39.76390213988699,21148000,-0.0021006465912278838,GOOGL,668,1405,56.13999938964844,53.77000045776367,1.0
2016-12-30,39.27424621582031,39.811482218593085,39.13398754627137,39.80751577268925,34718000,-0.012990683360217914,GOOGL,667,1404,56.130001068115234,53.720001220703125,1.0
2017-01-03,40.04540252685547,40.21539250220092,39.49428971046314,39.6791472388717,39180000,0.01963516516135,GOOGL,663,1400,55.470001220703125,52.33000183105469,1.0
2017-01-04,40.033512115478516,40.31402567112572,39.852121894934385,40.13857944763602,30306000,-0.00029692325776919937,GOOGL,662,1399,56.459999084472656,53.2599983215332,1.0
2017-01-05,40.293704986572266,40.329387874135804,39.941825660562905,40.0201298799709,26810000,0.0064993765808807336,GOOGL,661,1398,56.88999938964844,53.7599983215332,1.0
2017-01-06,40.897850036621094,41.08370203879968,40.21837402767961,40.39133980705089,40342000,0.014993534356052773,GOOGL,660,1397,57.099998474121094,53.9900016784668,1.0
2017-01-09,40.9954833984375,41.156553620428234,40.71992695217719,40.95533873092082,28178000,0.00238724924975231,GOOGL,657,1394,54.939998626708984,51.959999084472656,1.0
2017-01-10,40.93749237060547,41.10600013886975,40.79525616015337,40.990027923893116,23948000,-0.0014145711435675778,GOOGL,656,1393,53.63999938964844,50.81999969482422,1.0
2017-01-11,41.12830352783203,41.13028486015535,40.712492202902794,40.96772864276651,26508000,0.004661036770380544,GOOGL,655,1392,55.099998474121094,52.25,1.0
2017-01-12,41.11194610595703,41.154072100875595,40.689687928366546,41.05494877650703,26990000,-0.0003977169120027435,GOOGL,654,1391,56.0099983215332,53.0099983215332,1.0
2017-01-13,41.18183135986328,41.3656982504215,41.111456247948716,41.18480335846444,25804000,0.0016998770558351861,GOOGL,653,1390,55.45000076293945,52.369998931884766,1.0
2017-01-17,41.009361267089844,41.14416371371589,40.798232148348184,41.13524393666642,28818000,-0.004188014157659126,GOOGL,649,1386,55.470001220703125,52.47999954223633,1.0
2017-01-18,41.086673736572266,41.12582773780253,40.84184306736323,41.12533240471116,20554000,0.0018852395427202406,GOOGL,648,1385,53.91999816894531,51.08000183105469,1.0
2017-01-19,40.85622024536133,41.28393096872298,40.83590402381334,41.08568805423583,21410000,-0.0056089595543433735,GOOGL,647,1384,54.15999984741211,51.369998931884766,1.0
2017-01-20,41.044551849365234,41.09758274480478,40.86761960763241,41.090145185351695,26124000,0.0046096188749933376,GOOGL,646,1383,55.4900016784668,52.41999816894531,1.0
2017-01-23,41.85040283203125,41.90541505595806,41.07081658690556,41.21503792479932,49148000,0.019633567583427824,GOOGL,643,1380,55.22999954223633,52.75,1.0
2017-01-24,42.10316467285156,42.20178890178117,41.74384775276099,41.97678288288327,33768000,0.006039651322707229,GOOGL,642,1379,55.439998626708984,53.18000030517578,1.0
2017-01-25,42.54523849487305,42.56208738147055,42.11356518034943,42.302392951398055,33108000,0.010499776571582409,GOOGL,641,1378,55.08000183105469,52.75,1.0
2017-01-26,42.47238540649414,42.67161896467169,42.15222629321086,42.574976074738686,69866000,-0.001712367610483212,GOOGL,640,1377,56.2400016784668,53.779998779296875,1.0
2017-01-27,41.8801383972168,42.96898266382683,41.72501594817724,42.572500649471166,75050000,-0.013944284117999861,GOOGL,639,1376,55.52000045776367,53.16999816894531,1.0
2017-01-30,40.82946014404297,41.49356954674457,40.690687459692654,41.485145102159066,70338000,-0.025087745489486113,GOOGL,636,1373,55.22999954223633,52.630001068115234,1.0
2017-01-31,40.64905548095703,40.79179082585236,40.312539010984466,40.61485858940405,40404000,-0.004418492491683357,GOOGL,635,1372,55.70000076293945,52.810001373291016,1.0
2017-02-01,40.40373611450195,40.83788617756218,40.25554831351611,40.83788617756218,45020000,-0.006035056990930654,GOOGL,634,1371,55.65999984741211,53.880001068115234,1.0
2017-02-02,40.553401947021484,40.86563574026151,40.245633714111534,40.391836386188395,33784000,0.0037042572522349992,GOOGL,633,1370,56.560001373291016,53.540000915527344,1.0
2017-02-03,40.64608383178711,40.94344630033324,40.60742516059685,40.794766956644644,30562000,0.0022854281099944362,GOOGL,632,1369,56.810001373291016,53.83000183105469,1.0
2017-02-06,40.71992874145508,40.758088297109275,40.35664916664008,40.6852365176018,27018000,0.0018167779698918807,GOOGL,629,1366,55.720001220703125,53.0099983215332,1.0
2017-02-07,41.097084045410156,41.230404285066534,40.80269734758303,40.91222647155495,33332000,0.009262179861604602,GOOGL,628,1365,55.04999923706055,52.16999816894531,1.0
2017-02-08,41.12929153442383,41.34587307413512,40.89288911042393,41.16150708843734,26044000,0.0007836928035596102,GOOGL,627,1364,55.119998931884766,52.34000015258789,1.0
2017-02-09,41.138214111328125,41.23337099953263,40.96178100473547,41.2209801101324,23884000,0.0002169397179339061,GOOGL,626,1363,55.630001068115234,53.0,1.0
2017-02-10,41.37561798095703,41.489605107870084,41.16052617061904,41.28145174302687,28302000,0.005770884195080539,GOOGL,625,1362,56.70000076293945,53.86000061035156,1.0
2017-02-13,41.579315185546875,41.71709343520138,41.44500426820846,41.51686539216377,25914000,0.0049231217448786335,GOOGL,622,1359,55.59000015258789,52.93000030517578,1.0
2017-02-14,41.63233184814453,41.729965398031496,41.42417852638019,41.61944562615411,27266000,0.001275073010728267,GOOGL,621,1358,55.970001220703125,53.20000076293945,1.0
2017-02-15,41.49802780151367,41.71857202844514,41.4435109111559,41.57187024511174,27144000,-0.0032259554213954766,GOOGL,620,1357,55.75,53.11000061035156,1.0
2017-02-16,41.73839569091797,41.76416435500744,41.495051022567885,41.55650635601559,20102000,0.005792272600374737,GOOGL,619,1356,55.650001525878906,53.36000061035156,1.0
2017-02-17,41.955474853515625,41.974804190248214,41.619949027165205,41.69577659344756,29224000,0.005200946490736547,GOOGL,618,1355,55.810001373291016,53.400001525878906,1.0
2017-02-21,42.09028244018555,42.23549446514243,41.95547619308204,42.02684576320654,25206000,0.0032131107356212496,GOOGL,614,1351,56.65999984741211,54.060001373291016,1.0
2017-02-22,42.19386291503906,42.31429315404586,41.963404433493515,42.02734022348931,24488000,0.0024609118506324634,GOOGL,613,1350,55.84000015258789,53.59000015258789,1.0
2017-02-23,42.17601776123047,42.256307104556726,41.75475393767762,42.179984207550014,27734000,-0.00042293244978608424,GOOGL,612,1349,56.58000183105469,54.45000076293945,1.0
2017-02-24,42.017921447753906,42.04517989658945,41.777552521068415,42.009992335920344,26924000,-0.0037484884033288646,GOOGL,611,1348,55.9900016784668,53.9900016784668,1.0
2017-02-27,42.110103607177734,42.1596633887827,41.78003024367549,41.87617780808009,20206000,0.0021938771897236364,GOOGL,608,1345,55.93000030517578,54.04999923706055,1.0
2017-02-28,41.87518310546875,42.06847268053751,41.70221731345511,41.995121784261,27662000,-0.005578720582129937,GOOGL,607,1344,55.59000015258789,54.0099983215332,1.0
2017-03-01,42.46099853515625,42.52294921654331,42.07789422073638,42.1948571374445,36374000,0.013989561029787989,GOOGL,606,1343,55.599998474121094,53.83000183105469,1.0
2017-03-02,42.1190185546875,42.44810121418315,42.06301566759092,42.43917765645255,25018000,-0.008053978763254976,GOOGL,605,1342,55.08000183105469,52.61000061035156,1.0
2017-03-03,42.08086395263672,42.167101081193,41.86428613663956,42.07392550694457,20100000,-0.0009058758575117842,GOOGL,604,1341,55.900001525878906,53.33000183105469,1.0
2017-03-06,41.991153717041016,42.07391972078429,41.688834147243874,41.970833715939264,20958000,-0.0021318534642414955,GOOGL,601,1338,56.0099983215332,53.20000076293945,1.0
2017-03-07,42.18345260620117,42.2914957329891,41.90442879241726,41.99066213564976,20774000,0.004579509542794957,GOOGL,600,1337,55.91999816894531,53.13999938964844,1.0
2017-03-08,42.30685806274414,42.46991341707875,42.188409160073036,42.281085614279405,20576000,0.002925447039506368,GOOGL,599,1336,53.11000061035156,50.279998779296875,1.0
2017-03-09,42.515010833740234,42.657250850313126,42.25878369558707,42.30933792551901,26954000,0.004920071603695675,GOOGL,598,1335,52.189998626708984,49.279998779296875,1.0
2017-03-10,42.69194030761719,42.831699868243035,42.50361163394986,42.75587230943153,26732000,0.004161576591591443,GOOGL,597,1334,51.369998931884766,48.4900016784668,1.0
2017-03-13,42.84904861450195,42.97542662099216,42.66270127004284,42.66319660316225,23332000,0.003680046063793796,GOOGL,594,1331,51.349998474121094,48.400001525878906,1.0
2017-03-14,42.91497039794922,42.99773641191834,42.62850901468363,42.80791793381227,21234000,0.0015384655104093703,GOOGL,593,1330,50.91999816894531,47.720001220703125,1.0
2017-03-15,43.03786849975586,43.111714720328585,42.68648451215611,43.01556716801301,26658000,0.0028637582798498595,GOOGL,592,1329,51.810001373291016,48.86000061035156,1.0
2017-03-16,43.11766815185547,43.25197905533206,42.994757472865295,43.14393593278652,22090000,0.001854172961657241,GOOGL,591,1328,51.7400016784668,48.75,1.0
2017-03-17,43.23512649536133,43.33672650621727,43.03688358619996,43.3000491669801,37366000,0.0027241348741815496,GOOGL,590,1327,51.7599983215332,48.779998779296875,1.0
2017-03-20,43.01409149169922,43.13452173694733,42.853516570978606,43.091900395520746,30844000,-0.00511239405500119,GOOGL,587,1324,51.619998931884766,48.220001220703125,1.0
2017-03-21,42.13339614868164,43.28964360204581,42.011971468197636,43.12064047188316,50760000,-0.02047457734141689,GOOGL,586,1323,50.959999084472656,47.34000015258789,1.0
2017-03-22,42.11654281616211,42.391603926924134,41.977770146891686,42.10068081383004,27334000,-0.00039999938433776805,GOOGL,585,1322,50.63999938964844,48.040000915527344,1.0
2017-03-23,41.613502502441406,41.714607176249935,41.28392826337118,41.699739620342264,65754000,-0.011944007748130314,GOOGL,584,1321,50.560001373291016,47.70000076293945,1.0
2017-03-24,41.389984130859375,41.82909124642192,41.09064035218255,41.72996791020843,42114000,-0.005371294366988688,GOOGL,583,1320,50.79999923706055,47.970001220703125,1.0
2017-03-27,41.557003021240234,41.699243026638804,40.852749001209965,41.040582339191225,38692000,0.004035248959091353,GOOGL,580,1317,50.75,47.72999954223633,1.0
2017-03-28,41.662071228027344,41.89847366187221,41.24774213070934,41.61548345132188,30384000,0.002528291242114067,GOOGL,579,1316,51.33000183105469,48.369998931884766,1.0
2017-03-29,42.12001037597656,42.20525304165275,41.69924193042801,41.76714037558182,29146000,0.01099175183688783,GOOGL,578,1315,52.41999816894531,49.5099983215332,1.0
2017-03-30,42.100685119628906,42.22557713169372,41.96637799675448,42.22458646541576,18988000,-0.00045881414024240286,GOOGL,577,1314,52.959999084472656,50.349998474121094,1.0
2017-03-31,42.01742172241211,42.10464950580158,41.89054838399907,41.96934794210027,28820000,-0.001977720718325693,GOOGL,576,1313,52.83000183105469,50.599998474121094,1.0
2017-04-03,42.46099853515625,42.57250900541905,42.0040479800449,42.064512661811285,39388000,0.0105569736209572,GOOGL,573,1310,53.119998931884766,50.2400016784668,1.0
2017-04-04,42.25382614135742,42.27513680788109,42.0030476928391,42.02733413909203,26970000,-0.0048791220401304125,GOOGL,572,1309,54.16999816894531,51.029998779296875,1.0
2017-04-05,42.07243347167969,42.65130016133401,42.003544357821276,42.35988548407028,37104000,-0.004292928859765177,GOOGL,571,1308,54.36000061035156,51.150001525878906,1.0
2017-04-06,41.88360595703125,42.30437438274066,41.82908907024227,42.10166972301874,30672000,-0.004488152908377452,GOOGL,570,1307,54.88999938964844,51.70000076293945,1.0
2017-04-07,41.73492431640625,41.92226231410342,41.49703587585484,41.87865031560833,22232000,-0.0035498767889644567,GOOGL,569,1306,55.2400016784668,52.2400016784668,1.0
2017-04-10,41.7150993347168,41.96488711093005,41.67000133730689,41.70717022424739,20924000,-0.00047502138830191054,GOOGL,566,1303,55.97999954223633,53.08000183105469,1.0
2017-04-11,41.62490463256836,41.860316434613516,41.36322504933803,41.715104419551565,19486000,-0.002162159591775792,GOOGL,565,1302,56.22999954223633,53.400001525878906,1.0
2017-04-12,41.703208923339844,41.81521470207392,41.51140914188397,41.55452580837863,22716000,0.0018811884726870343,GOOGL,564,1301,55.86000061035156,53.11000061035156,1.0
2017-04-13,41.6397705078125,41.81571207639956,41.52429739175912,41.68239184329021,21474000,-0.0015211878693546232,GOOGL,563,1300,55.88999938964844,53.18000030517578,1.0
2017-04-17,42.38069534301758,42.40597245299335,41.68189007019142,41.699238070276515,20982000,0.017793682005669664,GOOGL,559,1296,55.36000061035156,52.650001525878906,1.0
2017-04-18,42.32420349121094,42.4927074999402,42.188406593053166,42.2523385960061,18724000,-0.0013329618910075114,GOOGL,558,1295,54.88999938964844,52.40999984741211,1.0
2017-04-19,42.449092864990234,42.63196908518163,42.30140041878583,42.492704863825914,21606000,0.002950779069126108,GOOGL,557,1294,52.93000030517578,50.439998626708984,1.0
2017-04-20,42.626033782958984,42.816839152661956,42.49816597773435,42.60918111099263,23776000,0.004168308579208357,GOOGL,556,1293,52.9900016784668,50.27000045776367,1.0
2017-04-21,42.57001876831055,42.742988328144904,42.50955788161798,42.652784768861736,23458000,-0.0013141033701059568,GOOGL,555,1292,51.959999084472656,49.619998931884766,1.0
2017-04-24,43.56023406982422,43.61128362223445,42.92486924575924,43.04034612381335,33930000,0.023260861286037215,GOOGL,552,1289,51.599998474121094,49.22999954223633,1.0
2017-04-25,44.05138397216797,44.22038329669791,43.57758465769824,43.72527331676111,40760000,0.011275189696099197,GOOGL,551,1288,52.099998474121094,49.560001373291016,1.0
2017-04-26,44.066253662109375,44.25706277559072,43.868506104159046,44.17776410670597,26466000,0.0003375532980030016,GOOGL,550,1287,51.81999969482422,49.619998931884766,1.0
2017-04-27,44.180240631103516,44.276388187176515,43.96911529915087,44.108874854270034,46846000,0.0025867179422187636,GOOGL,549,1286,51.439998626708984,48.970001220703125,1.0
2017-04-28,45.819705963134766,46.38370129282146,45.75527484990753,46.0417361843028,76918000,0.03710856501938209,GOOGL,548,1285,51.72999954223633,49.33000183105469,1.0
2017-05-01,46.23105239868164,46.37973550099962,45.63533688563568,45.80136420722869,46556000,0.008977500551353046,GOOGL,545,1282,51.52000045776367,48.84000015258789,1.0
2017-05-02,46.44268035888672,46.735089474021684,46.140856133815674,46.25336102579873,35026000,0.004577615027667292,GOOGL,544,1281,50.459999084472656,47.65999984741211,1.0
2017-05-03,47.00569152832031,47.092420198641435,46.349511264168214,46.39114193340288,36496000,0.01212271051289271,GOOGL,543,1280,50.790000915527344,47.81999969482422,1.0
2017-05-04,47.31643295288086,47.5354911780535,46.95216272647354,47.09687939461371,38752000,0.006610719137560839,GOOGL,542,1279,48.380001068115234,45.52000045776367,1.0
2017-05-05,47.09638595581055,47.50080086615173,46.988342838162104,47.41555441527387,32310000,-0.004650540696705563,GOOGL,541,1278,49.099998474121094,46.220001220703125,1.0
2017-05-08,47.51319122314453,47.627178336887035,46.95365008738095,46.956130534094115,37534000,0.00885004780887133,GOOGL,538,1275,49.34000015258789,46.43000030517578,1.0
2017-05-09,47.41505813598633,47.68714725713561,47.30057569013471,47.64403059002704,33758000,-0.0020653861513389993,GOOGL,537,1274,48.72999954223633,45.880001068115234,1.0
2017-05-10,47.322383880615234,47.415060330649936,47.07458119479416,47.39077766389666,22920000,-0.001954532146840493,GOOGL,536,1273,50.220001220703125,47.33000183105469,1.0
2017-05-11,47.37442398071289,47.4785044442131,47.01362481529875,47.14644594591605,20622000,0.001099693122581069,GOOGL,535,1272,50.77000045776367,47.83000183105469,1.0
2017-05-12,47.337249755859375,47.47799998244411,47.18460397229969,47.47156065201552,24298000,-0.0007846897488115179,GOOGL,534,1271,50.84000015258789,47.84000015258789,1.0
2017-05-15,47.53945541381836,47.711925865625524,47.22226828908867,47.34468362851508,26754000,0.004271597082674994,GOOGL,531,1268,51.81999969482422,48.849998474121094,1.0
2017-05-16,47.80658721923828,47.87051922078462,47.59546187985211,47.7540554415305,22030000,0.005619159981842703,GOOGL,530,1267,51.650001525878906,48.65999984741211,1.0
2017-05-17,46.6944465637207,47.62717384443515,46.58987078891105,47.56324184890123,48982000,-0.02326333503827338,GOOGL,529,1266,52.209999084472656,49.06999969482422,1.0
2017-05-18,47.10728454589844,47.289665418006585,46.64983880414691,46.74549101880296,36010000,0.00884126513019834,GOOGL,528,1265,52.5099983215332,49.349998474121094,1.0
2017-05-19,47.31296157836914,47.55630624850174,47.18162646684459,47.222266467381985,27206000,0.004366140703149668,GOOGL,527,1264,53.61000061035156,50.33000183105469,1.0
2017-05-22,47.77982711791992,47.81699979043075,47.407627746685776,47.42943374835091,27748000,0.009867603379202228,GOOGL,524,1261,53.869998931884766,50.72999954223633,1.0
2017-05-23,48.100975036621094,48.2972328096382,47.801132150861164,48.071735260134865,30908000,0.00672141232132506,GOOGL,523,1260,54.150001525878906,51.470001220703125,1.0
2017-05-24,48.45087814331055,48.47615147664205,48.15450633902321,48.33441057699143,22660000,0.007274345404080895,GOOGL,522,1259,53.959999084472656,51.36000061035156,1.0
2017-05-25,49.15711212158203,49.35139235833887,48.461282523692184,48.51976586231771,39082000,0.0145762885077656,GOOGL,521,1258,51.459999084472656,48.900001525878906,-1.0
2017-05-26,49.226993560791016,49.38162067313246,48.93408910951656,49.164048445636034,32728000,0.0014215936655543882,GOOGL,520,1257,52.150001525878906,49.79999923706055,-1.0
2017-05-30,49.37071990966797,49.44258480776615,49.13233610978371,49.18883433704789,30324000,0.00291966538032562,GOOGL,516,1253,51.84000015258789,49.65999984741211,-1.0
2017-05-31,48.920711517333984,49.54071357856738,48.65258882391832,49.37270489662494,34482000,-0.009114884149093894,GOOGL,515,1252,50.310001373291016,48.31999969482422,1.0
2017-06-01,48.98018264770508,49.22055154658194,48.6332566316464,49.11250843007246,26128000,0.0012156636427911316,GOOGL,514,1251,50.33000183105469,48.36000061035156,1.0
2017-06-02,49.36824035644531,49.38608369193357,48.91971811537373,48.995050341042834,34710000,0.007922749319482447,GOOGL,513,1250,49.95000076293945,47.65999984741211,-1.0
2017-06-05,49.75283432006836,49.927286117281035,49.335037825254716,49.45596717433367,27578000,0.007790311359007873,GOOGL,510,1247,49.470001220703125,47.400001525878906,-1.0
2017-06-06,49.39599609375,49.98725369866325,49.30282431006738,49.72458345521274,31042000,-0.007172219054350948,GOOGL,509,1246,50.119998931884766,48.189998626708984,-1.0
2017-06-07,49.6348762512207,49.75431580885932,49.35584868643712,49.51543291241337,27482000,0.004836022681217411,GOOGL,508,1245,48.060001373291016,45.720001220703125,-1.0
2017-06-08,49.77265930175781,49.838077308184594,49.39302614394868,49.77017885483475,33758000,0.0027759321860647557,GOOGL,507,1244,47.86000061035156,45.63999938964844,-1.0
2017-06-09,48.07966995239258,49.83312279649786,47.2495294230105,49.8326274633588,72958000,-0.0340144443378263,GOOGL,506,1243,48.150001525878906,45.83000183105469,1.0
2017-06-12,47.66781997680664,47.974601334339155,46.4283112185291,47.51467885518779,84042000,-0.008565990074260954,GOOGL,503,1240,48.290000915527344,46.08000183105469,1.0
2017-06-13,48.0984992980957,48.465741520541656,47.677727071292765,48.17482218698075,40108000,0.009035011911570745,GOOGL,502,1239,48.720001220703125,46.459999084472656,1.0
2017-06-14,47.97113037109375,48.554458861456006,47.55382922648001,48.34630551286104,30110000,-0.002648085259637112,GOOGL,501,1238,47.0,44.72999954223633,1.0
2017-06-15,47.5870361328125,47.6118179142151,46.605244267306134,46.98438207951829,48552000,-0.008006778979565143,GOOGL,500,1237,46.91999816894531,44.459999084472656,1.0
2017-06-16,47.50972366333008,47.57564078342845,47.01808471957113,47.47453610412424,51184000,-0.0016246540185156366,GOOGL,499,1236,47.369998931884766,44.7400016784668,1.0
2017-06-19,48.33243179321289,48.53463737637281,47.98451507530999,48.05637619519245,29376000,0.017316626291342008,GOOGL,496,1233,46.90999984741211,44.20000076293945,1.0
2017-06-20,48.02366256713867,48.60847701590778,47.98450856580027,48.33688323433996,25946000,-0.006388447976200862,GOOGL,495,1232,46.02000045776367,43.22999954223633,1.0
2017-06-21,48.49944305419922,48.54702149910372,48.046459052009,48.112871497872675,23232000,0.009907209521876625,GOOGL,494,1231,44.81999969482422,42.529998779296875,1.0
2017-06-22,48.40181350708008,48.59410863498552,48.23776749236839,48.41420061654638,20190000,-0.0020130034691333565,GOOGL,493,1230,45.220001220703125,42.7400016784668,1.0
2017-06-23,48.871150970458984,48.897418751054204,48.29476092143153,48.34630581636087,31280000,0.009696691701649884,GOOGL,492,1229,45.540000915527344,43.0099983215332,1.0
2017-06-26,48.17729568481445,49.26267250761452,48.090067911323004,49.06492496337523,30358000,-0.014197645683932114,GOOGL,489,1226,45.83000183105469,43.380001068115234,1.0
2017-06-27,46.987850189208984,47.935944292584104,46.93829040675244,47.65741581960673,48872000,-0.024688922005648872,GOOGL,488,1225,46.650001525878906,44.2400016784668,1.0
2017-06-28,47.62816619873047,47.73868597420335,46.39658666647233,47.11521665475445,54912000,0.013627267622227546,GOOGL,487,1224,47.310001373291016,44.7400016784668,1.0
2017-06-29,46.47886657714844,47.164785812767484,46.071479615643554,47.14942292190334,64134000,-0.02413067126679902,GOOGL,486,1223,47.41999816894531,44.93000030517578,1.0
2017-06-30,46.075443267822266,46.83470957946583,46.07197215461578,46.78465446331391,45754000,-0.00867971486904795,GOOGL,485,1222,47.91999816894531,46.040000915527344,1.0
2017-07-03,45.568931579589844,46.30143853515024,45.36325489435197,46.25088430623894,33896000,-0.010993094201790399,GOOGL,482,1219,49.68000030517578,47.06999969482422,1.0
2017-07-05,46.203304290771484,46.403033190473344,45.52779469892269,45.803846491367764,41882000,0.013921167102056264,GOOGL,480,1217,47.790000915527344,45.130001068115234,1.0
2017-07-06,45.976810455322266,46.3955975731588,45.58825756221596,45.84349401015739,40298000,-0.0049021133645296144,GOOGL,479,1216,48.11000061035156,45.52000045776367,1.0
2017-07-07,46.627052307128906,46.81786144499741,46.08089267547793,46.140366684742816,33266000,0.014142822117652276,GOOGL,478,1215,46.709999084472656,44.22999954223633,1.0
2017-07-10,47.1320686340332,47.23763508563493,46.68354639151031,46.68354639151031,29030000,0.010830972620310408,GOOGL,475,1212,46.880001068115234,44.400001525878906,1.0
2017-07-11,47.25746154785156,47.324864670752405,46.84065948118025,47.10828685893178,29224000,0.002660458525425735,GOOGL,474,1211,47.52000045776367,45.040000915527344,1.0
2017-07-12,47.9577522277832,48.05538579720419,47.43142104013507,47.62074039985543,32042000,0.014818626667506107,GOOGL,473,1210,47.7400016784668,45.4900016784668,1.0
2017-07-13,48.01673126220703,48.504902894116135,47.81601167591156,48.113374166022226,30492000,0.0012298123178020592,GOOGL,472,1209,48.41999816894531,46.08000183105469,1.0
2017-07-14,48.41618728637695,48.44740839936554,48.081156801169975,48.27196593581249,21592000,0.008319100731547069,GOOGL,471,1208,48.90999984741211,46.540000915527344,1.0
2017-07-17,48.36909484863281,48.735346376253275,48.1133630903834,48.38693818202301,33210000,-0.0009726589470085978,GOOGL,468,1205,48.41999816894531,46.02000045776367,1.0
2017-07-18,48.91377258300781,49.107058377746775,48.1748262960982,48.240244300221576,28266000,0.011260862666120364,GOOGL,467,1204,48.84000015258789,46.400001525878906,1.0
2017-07-19,49.20221710205078,49.34247200737529,48.916746397546156,49.06542952878845,28242000,0.005897000043361356,GOOGL,466,1203,49.70000076293945,47.119998931884766,-1.0
2017-07-20,49.17346954345703,49.4951146723652,48.798294407025764,49.41185333411142,28368000,-0.0005842736422654315,GOOGL,465,1202,49.29999923706055,46.790000915527344,-1.0
2017-07-21,49.255245208740234,49.318186545968054,48.77599339631597,49.01537163596626,29266000,0.0016630037709852719,GOOGL,464,1201,48.060001373291016,45.77000045776367,-1.0
2017-07-24,49.476783752441406,49.867321809262656,49.07831658388898,49.26813505695364,79690000,0.004497765522480046,GOOGL,461,1198,48.599998474121094,46.34000015258789,-1.0
2017-07-25,48.02564239501953,48.407256828750754,47.76643951122752,48.10840839293821,118672000,-0.02932974311108627,GOOGL,460,1197,50.20000076293945,47.88999938964844,1.0
2017-07-26,47.841278076171875,48.26948030235561,47.58951274204777,48.211496080939156,44432000,-0.003838872520043113,GOOGL,459,1196,50.970001220703125,48.75,1.0
2017-07-27,47.20690155029297,48.04992818691261,46.441192246690896,48.03307551901065,74358000,-0.013260024635396772,GOOGL,458,1195,51.4900016784668,49.040000915527344,1.0
2017-07-28,47.49534225463867,47.66682201919209,46.850063193545665,46.98288807434725,36276000,0.006110138451649982,GOOGL,457,1194,52.52000045776367,49.709999084472656,1.0
2017-07-31,46.85948181152344,47.63708663468073,46.67263537999679,47.57810797154296,45670000,-0.013387848427455662,GOOGL,454,1191,52.650001525878906,50.16999816894531,1.0
2017-08-01,46.91202163696289,47.30503633750342,46.83272674293715,46.97397230902038,28052000,0.0011212207947748354,GOOGL,453,1190,52.630001068115234,49.15999984741211,1.0
2017-08-02,46.965545654296875,47.037905881065036,46.216189846116826,47.001723877096566,40788000,0.0011409445908809879,GOOGL,452,1189,52.36000061035156,49.59000015258789,1.0
2017-08-03,46.60176467895508,47.082502413851856,46.55914335012263,47.03789975284161,22478000,-0.007745698900626152,GOOGL,451,1188,52.0099983215332,49.029998779296875,1.0
2017-08-04,46.873863220214844,46.960591894503786,46.57699607648318,46.782668985288716,25092000,0.005838803382968161,GOOGL,450,1187,52.41999816894531,49.58000183105469,1.0
2017-08-07,46.87187957763672,47.030972270022026,46.76036911795436,46.959602702136756,28916000,-4.231873461779667e-05,GOOGL,447,1184,52.369998931884766,49.38999938964844,1.0
2017-08-08,46.794559478759766,47.2059128141903,46.70981214621997,46.79951659083578,30102000,-0.0016496052552977813,GOOGL,446,1183,52.13999938964844,49.16999816894531,1.0
2017-08-09,46.59086990356445,46.77325079908729,46.28557455411366,46.51008523231916,28018000,-0.004352847370809543,GOOGL,445,1182,52.70000076293945,49.560001373291016,1.0
2017-08-10,45.773616790771484,46.40352927799407,45.68391234009637,46.33910194132853,54148000,-0.01754105717460419,GOOGL,444,1181,51.900001525878906,48.59000015258789,1.0
2017-08-11,46.09576416015625,46.25782506963513,45.65616165439506,45.779567671722695,32334000,0.007037839523524658,GOOGL,443,1180,52.099998474121094,48.81999969482422,1.0
2017-08-14,46.533870697021484,46.638442696940295,46.31382180682496,46.540809141476615,23012000,0.009504268881259215,GOOGL,440,1177,50.72999954223633,47.59000015258789,1.0
2017-08-15,46.49174880981445,46.73905616661617,46.420383026582655,46.63795148939698,22130000,-0.0009051876961038152,GOOGL,439,1176,50.79999923706055,47.54999923706055,1.0
2017-08-16,46.798526763916016,47.07755054575072,46.58888364654658,46.64885298211903,26906000,0.006598546235731195,GOOGL,438,1175,50.27000045776367,46.779998779296875,1.0
2017-08-17,45.97532272338867,46.77572425964751,45.97433205723299,46.73310292794221,33914000,-0.017590383660582964,GOOGL,437,1174,51.029998779296875,47.09000015258789,1.0
2017-08-18,45.901973724365234,46.141847284811,45.76667594634429,45.94162305923549,26748000,-0.0015953993289996582,GOOGL,436,1173,52.720001220703125,48.5099983215332,1.0
2017-08-21,45.6388053894043,46.0045615955936,45.52630428424928,45.88165471483993,26024000,-0.005733268389312096,GOOGL,433,1170,51.65999984741211,47.369998931884766,1.0
2017-08-22,46.60673141479492,46.68404497854546,45.90148288657587,45.940636892182404,35502000,0.021208399675056944,GOOGL,432,1169,51.869998931884766,47.63999938964844,1.0
2017-08-23,46.71477127075195,46.85601683106976,46.3509963645414,46.43822036629247,22690000,0.002318116990343899,GOOGL,431,1168,52.56999969482422,48.40999984741211,1.0
2017-08-24,46.432777404785156,46.89963459200873,46.12797735082754,46.77077990600492,25892000,-0.0060365031936558955,GOOGL,430,1167,52.040000915527344,47.43000030517578,1.0
2017-08-25,46.11608123779297,46.62308305137097,46.09625656923257,46.54775082330902,23746000,-0.006820530338543795,GOOGL,429,1166,52.40999984741211,47.869998931884766,1.0
2017-08-28,45.998619079589844,46.331664408163554,45.89850507908296,46.184471077660405,20988000,-0.002547097564457923,GOOGL,426,1163,51.88999938964844,46.56999969482422,1.0
2017-08-29,46.37626647949219,46.49719581148799,45.561492721843514,45.593212944659875,23172000,0.008209972548282707,GOOGL,425,1162,52.0,46.439998626708984,1.0
2017-08-30,46.76680374145508,46.87732351475696,46.292013759786286,46.372303091145284,22406000,0.008421058692501537,GOOGL,424,1161,50.86000061035156,45.959999084472656,1.0
2017-08-31,47.34220886230469,47.43934709229802,46.89665860177395,46.89913526742773,33866000,0.012303708502951594,GOOGL,423,1160,52.380001068115234,47.22999954223633,1.0
2017-09-01,47.18113708496094,47.4953522385374,47.09638974155409,47.452730900256846,20858000,-0.00340228690664246,GOOGL,422,1159,52.31999969482422,47.290000915527344,1.0
2017-09-05,46.66025161743164,47.151395165415344,46.368833174520205,46.92688450036222,29148000,-0.011040121110080903,GOOGL,418,1155,53.380001068115234,48.65999984741211,1.0
2017-09-06,46.6870231628418,46.80993006943579,46.22412486045601,46.77870895490736,27830000,0.0005737548444799678,GOOGL,417,1154,54.20000076293945,49.15999984741211,1.0
2017-09-07,47.077056884765625,47.10729111075989,46.46448862786199,46.79753775990316,22332000,0.008354221269653683,GOOGL,416,1153,54.4900016784668,49.09000015258789,1.0
2017-09-08,46.65678405761719,47.11720186485649,46.58739960906142,47.0676420846265,19998000,-0.008927338600991375,GOOGL,415,1152,53.779998779296875,47.47999954223633,1.0
2017-09-11,46.74995803833008,47.215329161023206,46.63646247771097,46.943739154607016,26748000,0.001997008207806017,GOOGL,412,1149,53.84000015258789,48.06999969482422,1.0
2017-09-12,46.916481018066406,46.98784679715842,46.463001668046026,46.92986257429225,25696000,0.0035619920685232564,GOOGL,411,1148,54.27000045776367,48.22999954223633,1.0
2017-09-13,47.104312896728516,47.22375623284393,46.82181800659212,46.85948600856691,21908000,0.004003537234384291,GOOGL,410,1147,55.15999984741211,49.29999923706055,1.0
2017-09-14,46.593345642089844,46.984874319225526,46.50562252785623,46.884264982004495,28548000,-0.0108475683693533,GOOGL,409,1146,55.470001220703125,49.88999938964844,1.0
2017-09-15,46.35346984863281,46.67363273199346,46.153245631201095,46.591362067009804,39886000,-0.0051482843773369424,GOOGL,408,1145,55.619998931884766,49.88999938964844,1.0
2017-09-18,46.07891082763672,46.43128553737296,45.863323690861876,46.339599749304405,29474000,-0.005923160054525978,GOOGL,405,1142,55.47999954223633,49.90999984741211,1.0
2017-09-19,46.43128204345703,46.484808269052216,45.9257662424894,46.26030137129054,24854000,0.007647125539455457,GOOGL,404,1141,55.13999938964844,49.47999954223633,1.0
2017-09-20,46.960594177246094,47.0825141977243,46.463007431964776,46.47440765717696,40080000,0.011399903480882934,GOOGL,403,1140,56.290000915527344,50.40999984741211,1.0
2017-09-21,46.961090087890625,47.22128368894305,46.55618357649454,46.989838317858826,27414000,1.0560144163784813e-05,GOOGL,402,1139,56.43000030517578,50.54999923706055,1.0
2017-09-22,46.74846649169922,47.0825062682508,46.62853160526294,46.7241838270284,21496000,-0.0045276546134995765,GOOGL,401,1138,56.86000061035156,50.65999984741211,1.0
2017-09-25,46.30341720581055,46.574511879532245,45.819208299770416,46.5596443240609,37468000,-0.009520083101927979,GOOGL,398,1135,59.02000045776367,52.220001220703125,1.0
2017-09-26,46.459529876708984,46.789107884135284,46.345047431969284,46.422856321484545,33454000,0.0033715151131188392,GOOGL,397,1134,58.439998626708984,51.880001068115234,1.0
2017-09-27,47.573158264160156,47.84722872867903,46.68354753517249,46.72270153900915,46692000,0.02396985915282479,GOOGL,396,1133,57.900001525878906,52.13999938964844,1.0
2017-09-28,47.816505432128906,47.88440010420826,47.35757359684891,47.39226582319821,28018000,0.005115219944354266,GOOGL,395,1132,57.40999984741211,51.560001373291016,1.0
2017-09-29,48.258087158203125,48.36166849958184,47.875478237584396,47.875478237584396,40622000,0.009234922587578076,GOOGL,394,1131,57.540000915527344,51.66999816894531,1.0
2017-10-02,47.94832992553711,48.45731681381766,47.67475481398698,48.35373548080953,30782000,-0.006418763173321573,GOOGL,391,1128,56.119998931884766,50.58000183105469,1.0
2017-10-03,48.17680740356445,48.19465073978872,47.712426921460825,47.952792049759275,21666000,0.004765076873004093,GOOGL,390,1127,56.0,50.41999816894531,1.0
2017-10-04,47.91413497924805,48.29178677220643,47.85614697503477,48.160946989356134,21156000,-0.005452258845549229,GOOGL,389,1126,55.79999923706055,49.97999954223633,1.0
2017-10-05,48.82654571533203,48.8919675018557,48.087104081371635,48.21199609436879,35618000,0.019042621482766142,GOOGL,388,1125,57.0,50.790000915527344,1.0
2017-10-06,49.24533462524414,49.276064187029185,48.495483406256206,48.569329640003204,31060000,0.008577074289746633,GOOGL,387,1124,55.619998931884766,49.290000915527344,1.0
2017-10-09,49.17941665649414,49.58333245194883,49.139271987271755,49.31273310628624,25910000,-0.0013385627136384137,GOOGL,384,1121,55.790000915527344,49.58000183105469,1.0
2017-10-10,48.955894470214844,49.4351462517006,48.62433513576794,49.32759847210188,23268000,-0.0045450353313570835,GOOGL,383,1120,56.61000061035156,50.91999816894531,1.0
2017-10-11,49.84055709838867,49.9357139984548,48.962838110251894,49.01735500547375,36300000,0.018070604934244727,GOOGL,382,1119,56.939998626708984,51.29999923706055,1.0
2017-10-12,49.84055709838867,50.13246712946255,49.61505573916815,49.75085264407854,30614000,0.0,GOOGL,381,1118,56.25,50.599998474121094,1.0
2017-10-13,49.95057678222656,50.29204656328234,49.910432114362486,50.01203211676503,26552000,0.002207432866785597,GOOGL,380,1117,57.16999816894531,51.45000076293945,1.0
2017-10-16,50.02392578125,50.155260899103,49.635868206247544,50.03780267082565,21420000,0.0014684314726378656,GOOGL,377,1114,57.81999969482422,51.869998931884766,1.0
2017-10-17,50.10569763183594,50.28213451911361,49.86037541575914,49.92926452572682,20260000,0.001634654803853719,GOOGL,376,1113,57.880001068115234,51.880001068115234,1.0
2017-10-18,50.19193649291992,50.36886493827821,49.82419515077243,50.10817982526025,25596000,0.001721138815742096,GOOGL,375,1112,58.150001525878906,52.040000915527344,1.0
2017-10-19,49.651729583740234,49.923323395125706,49.42672733753675,49.79595093410311,34284000,-0.010762822615060674,GOOGL,374,1111,57.22999954223633,51.290000915527344,1.0
2017-10-20,49.81180953979492,49.9892333235861,49.67303686351847,49.90993843259693,32120000,0.003224055987510077,GOOGL,373,1110,57.75,51.470001220703125,1.0
2017-10-23,48.84389114379883,49.84749275548873,48.722961802318444,49.817258529534215,32786000,-0.0194315043950134,GOOGL,370,1107,57.369998931884766,51.900001525878906,1.0
2017-10-24,48.99009323120117,49.02825656773262,48.42460809612858,48.891469005822216,28902000,0.002993252256908052,GOOGL,369,1106,58.33000183105469,52.470001220703125,1.0
2017-10-25,49.13728713989258,49.2844804686767,48.45632515467068,48.8800655878684,30574000,0.0030045647800005515,GOOGL,368,1105,58.439998626708984,52.18000030517578,1.0
2017-10-26,49.13530349731445,49.883173282175626,49.08822038529001,49.484706167546626,47396000,-4.036939549545426e-05,GOOGL,367,1104,59.29999923706055,52.63999938964844,1.0
2017-10-27,51.22924041748047,52.71357991226411,50.89123793690241,51.09641929303544,103682000,0.04261573188981038,GOOGL,366,1103,60.439998626708984,53.900001525878906,1.0
2017-10-30,51.20248031616211,51.534535012877924,50.6672255989322,51.00572340757499,46804000,-0.0005223599081360941,GOOGL,363,1100,60.900001525878906,54.150001525878906,1.0
2017-10-31,51.19801712036133,51.592517811723035,50.86397731917697,51.19603578787521,30326000,-8.716757026661082e-05,GOOGL,362,1099,61.369998931884766,54.380001068115234,1.0
2017-11-01,51.67182159423828,51.93251052635454,51.245600635111906,51.36058221054593,43262000,0.009254352034046232,GOOGL,361,1098,61.290000915527344,54.29999923706055,1.0
2017-11-02,51.690147399902344,51.81652917838621,50.98093629711548,51.542458736492776,26694000,0.00035465762767117326,GOOGL,360,1097,60.619998931884766,54.540000915527344,1.0
2017-11-03,52.03806686401367,52.07127308823468,51.426489282121246,51.67924907152025,27770000,0.006730866163325855,GOOGL,359,1096,62.06999969482422,55.63999938964844,1.0
2017-11-06,51.675777435302734,52.16692478659665,51.64207587831288,51.99395900370159,18294000,-0.006962007825111471,GOOGL,356,1093,64.2699966430664,57.349998474121094,1.0
2017-11-07,52.157005310058594,52.207559531037035,51.691634232934945,52.02120842956346,26104000,0.009312445765491395,GOOGL,355,1092,63.689998626708984,57.20000076293945,1.0
2017-11-08,52.44942092895508,52.667484716600114,51.89236023094733,52.04103957054593,24276000,0.0056064495489753785,GOOGL,354,1091,63.4900016784668,56.810001373291016,1.0
2017-11-09,51.925567626953125,52.08217608112281,51.33728202346956,51.93944451687545,35892000,-0.009987780469712604,GOOGL,353,1090,63.93000030517578,57.16999816894531,1.0
2017-11-10,51.74863815307617,51.871548836428055,51.60342613426594,51.73476126241287,19442000,-0.0034073671596247523,GOOGL,352,1089,63.52000045776367,56.7400016784668,1.0
2017-11-13,51.60243225097656,51.97611760928071,51.506284688636356,51.58260758252644,18814000,-0.0028253091736852864,GOOGL,349,1086,63.15999984741211,56.7599983215332,1.0
2017-11-14,51.62423324584961,51.65694413467874,51.014141705845034,51.429956807514095,21012000,0.0004224799863505879,GOOGL,348,1085,62.209999084472656,55.70000076293945,1.0
2017-11-15,51.36503601074219,51.524620245493345,51.08501776435594,51.29515622772036,18106000,-0.005020844258800894,GOOGL,347,1084,61.869998931884766,55.33000183105469,1.0
2017-11-16,51.962738037109375,52.12579338904986,51.44384064923059,51.48100954076352,23768000,0.011636359531456142,GOOGL,346,1083,61.36000061035156,55.13999938964844,1.0
2017-11-17,51.339256286621094,52.08811668735012,51.232207628176056,52.028646470825684,26712000,-0.011998631597184506,GOOGL,345,1082,62.720001220703125,56.54999923706055,1.0
2017-11-20,51.2783088684082,51.478533112806375,51.18017618820376,51.3447175403317,17526000,-0.0011871503917514348,GOOGL,342,1079,62.220001220703125,56.09000015258789,1.0
2017-11-21,52.05343246459961,52.05789424399179,51.500338191404104,51.54494086065001,22206000,0.01511601324802947,GOOGL,341,1078,62.56999969482422,56.83000183105469,1.0
2017-11-22,52.13371658325195,52.30767302575227,51.90226747222542,52.09604858168285,14538000,0.0015423405307026794,GOOGL,340,1077,63.31999969482422,58.02000045776367,1.0
2017-11-24,52.361698150634766,52.53763971864151,52.133720136841156,52.25613547853203,16492000,0.004373015820169801,GOOGL,338,1075,63.86000061035156,58.95000076293945,1.0
2017-11-27,53.129390716552734,53.180440279049044,52.274967522851114,52.463299987766014,35430000,0.014661338211558128,GOOGL,335,1072,63.84000015258789,58.11000061035156,1.0
2017-11-28,52.69721984863281,53.525375168035886,52.26356518870659,53.227517395810125,36424000,-0.00813430875248633,GOOGL,334,1071,63.61000061035156,57.9900016784668,1.0
2017-11-29,51.413108825683594,52.473208670871344,51.03000457792416,52.344845550400976,55866000,-0.024367718574863972,GOOGL,333,1070,63.11000061035156,57.29999923706055,1.0
2017-11-30,51.3531379699707,51.74813776329169,51.05082218501505,51.53998442368206,45092000,-0.0011664506792659068,GOOGL,332,1069,63.56999969482422,57.400001525878906,1.0
2017-12-01,50.80302429199219,51.406173700528456,50.398114017266984,51.06767587995481,37762000,-0.010712367339658968,GOOGL,331,1068,63.4900016784668,58.36000061035156,1.0
2017-12-04,50.1488151550293,51.11376182533822,50.01748004407032,50.93831560122074,38778000,-0.012877365985198064,GOOGL,328,1065,62.45000076293945,57.470001220703125,1.0
2017-12-05,50.53192138671875,51.37841542120458,49.675516908877654,50.10520514712618,38998000,0.00763938750108295,GOOGL,327,1064,62.86000061035156,57.619998931884766,1.0
2017-12-06,51.182159423828125,51.5221432259628,50.31930802310826,50.3792773619489,28710000,0.01286786687039121,GOOGL,326,1063,61.220001220703125,55.959999084472656,1.0
2017-12-07,51.769447326660156,51.9850344394333,51.312995988568474,51.34818354419263,30866000,0.011474465115252963,GOOGL,325,1062,62.20000076293945,56.689998626708984,1.0
2017-12-08,52.00783920288086,52.356742789506576,51.83338362839903,52.12826943495088,31170000,0.004604875820220178,GOOGL,324,1061,63.400001525878906,57.36000061035156,1.0
2017-12-11,52.13619613647461,52.3359250351989,51.747147896751756,52.09357480168191,23254000,0.00246803050388289,GOOGL,321,1058,64.69000244140625,57.9900016784668,1.0
2017-12-12,51.97760009765625,52.65806676609606,51.78431431978478,52.03856009825964,33882000,-0.0030419564634751595,GOOGL,320,1057,63.34000015258789,57.13999938964844,1.0
2017-12-13,52.107452392578125,52.31015329271311,51.869064820762155,52.14164928372909,27680000,0.0024982356760971935,GOOGL,319,1056,62.439998626708984,56.599998474121094,1.0
2017-12-14,52.408775329589844,52.88505130466422,52.21697556112646,52.31064644657039,30962000,0.005782722493157921,GOOGL,318,1055,63.310001373291016,57.040000915527344,1.0
2017-12-15,53.12889099121094,53.289964995580945,52.53862787409119,52.72150409703904,63760000,0.013740364225120816,GOOGL,317,1054,63.22999954223633,57.29999923706055,1.0
2017-12-18,53.77764129638672,53.84702574165754,53.04811017368036,53.34943528692706,30292000,0.012210876099090884,GOOGL,314,1051,63.40999984741211,57.15999984741211,1.0
2017-12-19,53.51447296142578,53.77169452802481,53.142273615457626,53.67505163592749,26350000,-0.004893638482776241,GOOGL,313,1050,63.79999923706055,57.459999084472656,1.0
2017-12-20,53.20621109008789,53.58633955901612,52.960389739453646,53.570976669893696,28728000,-0.0057603458331747515,GOOGL,312,1049,64.55999755859375,58.09000015258789,1.0
2017-12-21,53.071903228759766,53.40247193622086,52.98021744072983,53.29690925764038,25640000,-0.0025242891492633923,GOOGL,311,1048,64.9000015258789,58.36000061035156,1.0
2017-12-22,52.9732780456543,53.11501894752111,52.91281337186269,53.0297762731444,17788000,-0.001858331378853273,GOOGL,310,1047,65.25,58.470001220703125,1.0
2017-12-26,52.824092864990234,52.97327130734269,52.46676109458915,52.96236641727744,18376000,-0.0028162346407086813,GOOGL,306,1043,67.0199966430664,59.970001220703125,1.0
2017-12-27,52.54408264160156,52.9440395857863,52.45388285239109,52.86127357505362,22324000,-0.005300805147839149,GOOGL,305,1042,66.44000244140625,59.63999938964844,1.0
2017-12-28,52.33345031738281,52.77404346668098,52.20607786020906,52.64568034324291,19884000,-0.004008678306469893,GOOGL,304,1041,66.72000122070312,59.84000015258789,1.0
2017-12-29,52.207069396972656,52.43752786701146,52.172377171298635,52.31065452202332,23606000,-0.0024149166478362183,GOOGL,303,1040,66.5999984741211,60.41999816894531,1.0
2018-01-02,53.18886184692383,53.32614474191771,52.18823602727993,52.18823602727993,31766000,0.018805737638437625,GOOGL,299,1036,66.56999969482422,60.369998931884766,1.0
2018-01-03,54.096317291259766,54.32330464034864,53.19976811908015,53.22454611875664,31318000,0.017061005120725614,GOOGL,298,1035,67.83999633789062,61.630001068115234,1.0
2018-01-04,54.30644989013672,54.71879390313872,54.23211211278629,54.372367004712004,26052000,0.0038844159713420368,GOOGL,297,1034,68.06999969482422,62.0099983215332,1.0
2018-01-05,55.026573181152344,55.18962854209171,54.605804668633915,54.68758001568852,30250000,0.013260363961784538,GOOGL,296,1033,67.62000274658203,61.439998626708984,-1.0
2018-01-08,55.220848083496094,55.466174117671756,55.012199389859326,55.06175917361636,24644000,0.0035305651635653135,GOOGL,293,1030,67.77999877929688,61.72999954223633,-1.0
2018-01-09,55.15046691894531,55.430485149176526,54.92298424681651,55.430485149176526,26808000,-0.0012745397253653978,GOOGL,292,1029,68.81999969482422,62.959999084472656,-1.0
2018-01-10,55.019134521484375,55.14997430893061,54.71384294449946,54.863512953067634,20734000,-0.0023813469730720183,GOOGL,291,1028,69.19999694824219,63.56999969482422,-1.0
2018-01-11,55.11379623413086,55.252565133136116,54.83774443550206,55.1266824577769,22424000,0.0017205234773280953,GOOGL,290,1027,69.26000213623047,63.79999923706055,-1.0
2018-01-12,56.035621643066406,56.06783342050424,54.91357113017225,55.01715246966422,38586000,0.01672585580966901,GOOGL,289,1026,69.87000274658203,64.30000305175781,-1.0
2018-01-16,56.0380973815918,56.93910831091455,55.837873150761055,56.51437340212776,36462000,4.418151263063663e-05,GOOGL,285,1022,69.1500015258789,63.72999954223633,-1.0
2018-01-17,56.454410552978516,56.46531166311695,55.68076825718777,56.31861365061576,27830000,0.007429109674295997,GOOGL,284,1021,69.37999725341797,63.970001220703125,-1.0
2018-01-18,56.29928207397461,56.52825075179581,55.72883982129823,56.46679541498418,27498000,-0.002747854020339613,GOOGL,283,1020,69.30999755859375,63.95000076293945,-1.0
2018-01-19,56.67247772216797,56.686354613111284,56.12731252889379,56.401383015608864,30552000,0.006628781654853144,GOOGL,282,1019,68.61000061035156,63.369998931884766,-1.0
2018-01-22,57.69639205932617,57.83119828621252,56.58920914320012,56.68833248096029,29550000,0.01806722377973058,GOOGL,279,1016,69.02999877929688,63.4900016784668,-1.0
2018-01-23,58.29161071777344,58.40758294017349,57.849531608708695,58.01654960732735,39138000,0.01031639305686971,GOOGL,278,1015,69.95999908447266,64.47000122070312,-1.0
2018-01-24,58.04975891113281,58.83083495210644,57.85696845704402,58.72824427996772,37128000,-0.004148998520757674,GOOGL,277,1014,70.52999877929688,65.61000061035156,-1.0
2018-01-25,58.587486267089844,58.72923093256369,58.07701338802162,58.5166158249372,29984000,0.009263214284493948,GOOGL,276,1013,70.41999816894531,65.51000213623047,-1.0
2018-01-26,58.856109619140625,58.856109619140625,57.88819466183439,58.8546236197648,42170000,0.004584995349112164,GOOGL,275,1012,70.5199966430664,66.13999938964844,-1.0
2018-01-29,58.802581787109375,59.373519332145875,58.68264312073924,58.87791400810849,31494000,-0.0009094694225906252,GOOGL,272,1009,69.45999908447266,65.55999755859375,-1.0
2018-01-30,58.3510856628418,58.87444478078804,58.20934099291107,58.368433664699566,37338000,-0.007678168382167061,GOOGL,271,1008,69.0199966430664,64.5,-1.0
2018-01-31,58.591461181640625,58.79466120894524,58.08990800669046,58.67026074563445,36022000,0.0041194695191746344,GOOGL,270,1007,69.05000305175781,64.7300033569336,-1.0
2018-02-01,58.56023025512695,58.85065804242788,57.954105130048816,58.282692471951954,73514000,-0.0005330286339310097,GOOGL,269,1006,69.08000183105469,65.80000305175781,-1.0
2018-02-02,55.468143463134766,56.067825413687316,55.07017171727825,55.87553031808463,117842000,-0.0528018209375376,GOOGL,268,1005,68.58000183105469,65.44999694824219,-1.0
2018-02-05,52.65262222290039,55.259507731117665,52.37260773820917,54.54682539901895,83550000,-0.050759247821330566,GOOGL,265,1002,67.62000274658203,64.1500015258789,1.0
2018-02-06,53.74493408203125,53.89113676019656,51.04784896541088,51.24460587228022,76630000,0.020745630759027467,GOOGL,264,1001,66.86000061035156,63.38999938964844,-1.0
2018-02-07,52.30668258666992,53.84900613964487,52.26752858567198,53.77169258499447,51942000,-0.026760689540824778,GOOGL,263,1000,65.51000213623047,61.790000915527344,1.0
2018-02-08,49.94265365600586,52.72894425301344,49.79347519024082,52.527729337653724,66792000,-0.04519554316500518,GOOGL,262,999,64.80999755859375,61.150001525878906,1.0
2018-02-09,51.853702545166016,52.12380656455772,49.41185391718766,50.84316246892013,98360000,0.03826486478518043,GOOGL,261,998,62.790000915527344,59.20000076293945,1.0
2018-02-12,52.264564514160156,52.81022503960695,51.815051558812875,52.3691365292094,56240000,0.007923483740361004,GOOGL,258,995,62.59000015258789,59.290000915527344,1.0
2018-02-13,52.24374008178711,52.59462874012493,51.88591297919828,52.0385587527206,31586000,-0.00039844266505661974,GOOGL,257,994,62.720001220703125,59.189998626708984,1.0
2018-02-14,53.1635856628418,53.30086856023521,52.02865270819885,52.2526642754772,41304000,0.01760680953573912,GOOGL,256,993,64.36000061035156,60.599998474121094,1.0
2018-02-15,54.0883903503418,54.22418725497885,52.89249355221588,53.696366307379144,37396000,0.01739545359797634,GOOGL,255,992,64.33000183105469,61.34000015258789,-1.0
2018-02-16,54.29357147216797,54.928441093507054,54.09780522751951,54.18850034754381,39948000,0.0037934410785229744,GOOGL,254,991,64.83999633789062,61.68000030517578,-1.0
2018-02-20,54.694515228271484,55.32393240316555,54.0209869356843,54.1577745058597,33754000,0.007384737184015444,GOOGL,250,987,65.25,61.900001525878906,-1.0
2018-02-21,55.19805145263672,56.31068693741469,54.8887934106377,54.967596756482514,41486000,0.009206338556319471,GOOGL,249,986,65.41999816894531,61.68000030517578,-1.0
2018-02-22,55.007240295410156,55.77840214888827,54.77182849516846,55.466667452553175,28010000,-0.0034568458886685693,GOOGL,248,985,66.38999938964844,62.77000045776367,-1.0
2018-02-23,55.90874099731445,55.953842776520204,54.934878334242946,55.44138477568381,25292000,0.016388764407428758,GOOGL,247,984,67.30999755859375,63.54999923706055,-1.0
2018-02-26,56.68238830566406,56.707166305802616,55.97069668563071,56.095588696095604,30912000,0.013837680737378344,GOOGL,244,981,67.5,63.90999984741211,-1.0
2018-02-27,55.384395599365234,56.70964614749459,55.3487127083516,56.682387700814786,42964000,-0.022899400415157256,GOOGL,243,980,66.62999725341797,63.0099983215332,-1.0
2018-02-28,54.71086120605469,55.88693316560795,54.66526787642419,55.606914952047134,49292000,-0.01216108591637799,GOOGL,242,979,65.77999877929688,61.63999938964844,-1.0
2018-03-01,53.09965515136719,55.07513821541549,52.8954644654591,54.989400209360795,55338000,-0.029449473453164954,GOOGL,241,978,65.70999908447266,60.9900016784668,1.0
2018-03-02,53.73055648803711,53.866848708791686,52.04401162575586,52.43405050625236,50162000,0.01188145826694087,GOOGL,240,977,64.37000274658203,61.25,1.0
2018-03-05,54.25688552856445,54.57506328848854,53.142268921536555,53.43269668645087,28648000,0.00979571169422977,GOOGL,237,974,65.54000091552734,62.56999969482422,-1.0
2018-03-06,54.56119155883789,54.79561646049672,54.24400443505079,54.62066556248626,23382000,0.005608615889189483,GOOGL,236,973,65.79000091552734,62.599998474121094,-1.0
2018-03-07,55.26197814941406,55.31947082051519,54.01652165628858,54.16074299539671,30748000,0.012844048499572436,GOOGL,235,972,64.33999633789062,61.150001525878906,-1.0
2018-03-08,55.97267532348633,56.07476687336261,55.36902689491043,55.36902689491043,33862000,0.01286050912167358,GOOGL,234,971,63.61000061035156,60.119998931884766,-1.0
2018-03-09,57.531856536865234,57.53978564845376,56.21602481709393,56.474233292133135,42662000,0.027856113797809945,GOOGL,233,970,65.48999786376953,62.040000915527344,-1.0
2018-03-12,57.78411102294922,58.390236104962916,57.45056659256767,57.74049524500006,44306000,0.004384605352033777,GOOGL,230,967,64.94999694824219,61.36000061035156,-1.0
2018-03-13,56.49454116821289,58.382304557478676,56.229889637846604,58.07651391620849,43140000,-0.02231703199905888,GOOGL,229,966,64.63999938964844,60.709999084472656,-1.0
2018-03-14,56.939605712890625,57.478327755534465,56.615480131437934,56.78646459024372,41870000,0.007878009724028967,GOOGL,228,965,64.88999938964844,60.959999084472656,-1.0
2018-03-15,57.02484130859375,57.61411750664317,56.283913787273335,56.973300201367906,33382000,0.0014969474171091512,GOOGL,227,964,65.12000274658203,61.189998626708984,-1.0
2018-03-16,56.22246551513672,57.332125161283194,56.070810391656835,57.259768712621806,58656000,-0.01407063614811166,GOOGL,226,963,66.20999908447266,62.34000015258789,-1.0
2018-03-19,54.52006149291992,55.47657622148134,53.967458786173076,55.396785995831834,63656000,-0.03027978240759399,GOOGL,223,960,66.05000305175781,62.060001373291016,-1.0
2018-03-20,54.308433532714844,54.791647978247894,53.64531108359431,54.437288197411235,54598000,-0.003881652999099483,GOOGL,222,959,67.41999816894531,63.400001525878906,-1.0
2018-03-21,54.2192268371582,54.947767317272806,53.88271037610836,54.14835639030033,44898000,-0.0016425937879961383,GOOGL,221,958,69.47000122070312,65.16999816894531,-1.0
2018-03-22,52.194679260253906,53.71965488321748,52.02071902766322,53.525873763821735,69312000,-0.03734003037307809,GOOGL,220,957,68.91000366210938,64.30000305175781,1.0
2018-03-23,50.87635803222656,52.870179320260355,50.79309671043908,52.106451423017894,49880000,-0.025257770460738183,GOOGL,219,956,70.44999694824219,65.87999725341797,1.0
2018-03-26,52.24126052856445,52.49798675141057,50.0848827665195,52.068294752408676,65984000,0.026827834167558073,GOOGL,216,953,70.12000274658203,65.55000305175781,1.0
2018-03-27,49.90449142456055,52.7591796534125,49.44258757430282,52.72745942485945,60816000,-0.04473033537784199,GOOGL,215,952,70.11000061035156,65.25,1.0
2018-03-28,49.817256927490234,50.79905250697186,48.76756668270334,49.655196036702556,77698000,-0.0017480289765537949,GOOGL,214,951,69.52999877929688,64.37999725341797,1.0
2018-03-29,51.401214599609375,51.94192176063902,49.760762009410854,50.11611248693816,69338000,0.03179536108189618,GOOGL,213,950,70.2699966430664,64.94000244140625,1.0
2018-04-02,50.18648147583008,51.51966098902449,49.27556017332155,50.92939411853054,65068000,-0.023632381710072092,GOOGL,209,946,67.63999938964844,63.0099983215332,1.0
2018-04-03,50.486324310302734,50.79954876939422,49.42424315623296,50.36093697251171,51322000,0.005974573742872691,GOOGL,208,945,68.12000274658203,63.5099983215332,1.0
2018-04-04,51.03297805786133,51.183147172381375,49.387568471925825,49.47281113887131,50724000,0.010827758903553919,GOOGL,207,944,68.0199966430664,63.369998931884766,1.0
2018-04-05,51.17818832397461,51.87550386777479,50.749986109043334,51.859645646827275,35836000,0.002845420189835801,GOOGL,206,943,68.33000183105469,63.540000915527344,1.0
2018-04-06,50.05366134643555,51.344711105425375,49.87028601428037,50.70537978004866,40134000,-0.021972778137835602,GOOGL,205,942,67.11000061035156,62.060001373291016,1.0
2018-04-09,50.55620574951172,51.77043730300339,50.51209463641893,50.55372530289858,33220000,0.010040112742161211,GOOGL,202,939,68.6500015258789,63.41999816894531,1.0
2018-04-10,51.36949157714844,51.60292201289803,50.32425939467992,51.06023358881892,36620000,0.01608676552323307,GOOGL,201,938,71.04000091552734,65.51000213623047,1.0
2018-04-11,50.80252456665039,51.33827462945518,50.51210053356448,51.14647482893592,34060000,-0.011037037609113898,GOOGL,200,937,72.05999755859375,66.81999969482422,1.0
2018-04-12,51.40864181518555,51.77340735685457,50.85158495069181,51.12020294036423,32896000,0.011930848982513842,GOOGL,199,936,72.0199966430664,67.06999969482422,1.0
2018-04-13,51.34669494628906,52.18625053198667,51.05478493722999,51.88443007962059,25410000,-0.0012049894085742752,GOOGL,198,935,72.58000183105469,67.38999938964844,1.0
2018-04-16,51.84527587890625,52.109432108293085,51.24162741414493,51.81801743345529,29776000,0.009710088120349791,GOOGL,195,932,71.41999816894531,66.22000122070312,1.0
2018-04-17,53.49365997314453,53.773182885291824,52.38994810994456,52.593643460641715,54584000,0.03179429690158031,GOOGL,194,931,71.58000183105469,66.5199966430664,1.0
2018-04-18,53.296905517578125,53.62449842197895,53.055545949331936,53.4763144158446,31126000,-0.0036780892476825366,GOOGL,193,930,73.4800033569336,68.47000122070312,1.0
2018-04-19,53.99373245239258,54.39319030081582,52.981210940041905,52.981210940041905,39884000,0.01307443514867157,GOOGL,192,929,73.77999877929688,68.29000091552734,1.0
2018-04-20,53.39255905151367,54.256397339384904,53.13385147438286,53.737004633781005,42434000,-0.011134133047923211,GOOGL,191,928,74.05999755859375,68.37999725341797,1.0
2018-04-23,53.21859359741211,53.921860697233896,52.8652282723081,53.673063588212145,69590000,-0.003258234053432729,GOOGL,188,925,74.70999908447266,68.63999938964844,1.0
2018-04-24,50.682586669921875,52.75669389830559,50.19788619922888,52.494518994754245,128220000,-0.04765264837087979,GOOGL,187,924,73.86000061035156,67.69999694824219,1.0
2018-04-25,50.69993591308594,51.348187076453996,50.4035603301651,51.03496260478963,57860000,0.00034231171500875845,GOOGL,186,923,74.0,68.05000305175781,1.0
2018-04-26,51.707000732421875,52.13867406727597,50.574045396276794,51.20693361948677,50926000,0.019863236534703566,GOOGL,185,922,74.73999786376953,68.19000244140625,1.0
2018-04-27,51.11920928955078,52.12281082314026,50.92790862988598,51.81751927566657,40746000,-0.011367734243818317,GOOGL,184,921,74.63999938964844,68.0999984741211,1.0
2018-04-30,50.48137664794922,51.462177908141406,50.467499756981894,51.26641543510291,34492000,-0.012477357346995177,GOOGL,181,918,75.16999816894531,68.56999969482422,1.0
2018-05-01,51.58013153076172,51.628700649193874,50.08637685534407,50.3683764546177,35326000,0.021765549114777016,GOOGL,180,917,75.16999816894531,67.25,1.0
2018-05-02,50.851593017578125,51.740213124323994,50.7083623330023,51.24559839757205,34698000,-0.014124402004463743,GOOGL,179,916,73.36000061035156,67.93000030517578,1.0
2018-05-03,50.863975524902344,51.08154775498181,49.951568166064874,50.817886859212855,39282000,0.00024350284011620538,GOOGL,178,915,73.62000274658203,68.43000030517578,1.0
2018-05-04,52.0881233215332,52.13173910453042,50.45510454455853,50.53241810458835,36892000,0.024067088425511196,GOOGL,177,914,74.87000274658203,69.72000122070312,1.0
2018-05-07,52.50741195678711,52.781977785849534,52.05195120624707,52.2313601281816,34400000,0.008049601492948533,GOOGL,174,911,76.16999816894531,70.7300033569336,1.0
2018-05-08,52.46428680419922,52.79336947934582,52.11984124058492,52.76313525434269,26030000,-0.0008213155244326531,GOOGL,173,910,74.8499984741211,69.05999755859375,1.0
2018-05-09,53.96894073486328,54.219223846406585,52.63873696716326,52.73736496875704,47160000,0.028679584195617558,GOOGL,172,909,77.20999908447266,71.13999938964844,1.0
2018-05-10,54.78768539428711,54.98295629979746,54.21328046432782,54.268788023782,36414000,0.015170663872135837,GOOGL,171,908,77.47000122070312,71.36000061035156,1.0
2018-05-11,54.684104919433594,54.9631325016699,54.37881333760094,54.53691157415763,30504000,-0.001890579499901901,GOOGL,170,907,77.12000274658203,70.69999694824219,1.0
2018-05-14,54.84368896484375,55.41611252991021,54.75447985203023,54.79263940641136,39338000,0.0029182894306356566,GOOGL,167,904,78.2300033569336,70.95999908447266,1.0
2018-05-15,53.76673126220703,54.47297031828315,53.464907063569264,54.36294588256962,35738000,-0.019636857457328905,GOOGL,166,903,78.43000030517578,71.30999755859375,1.0
2018-05-16,53.72807693481445,54.23805827169057,53.60616071489885,53.77764049312645,25628000,-0.000718926490138827,GOOGL,165,902,79.27999877929688,71.48999786376953,1.0
2018-05-17,53.58782958984375,54.070548768892344,53.347955999797506,53.59774381536908,25738000,-0.002610317602486645,GOOGL,164,901,79.30000305175781,71.48999786376953,1.0
2018-05-18,53.01192855834961,53.21463323157747,52.76611099952149,52.83152899932591,35482000,-0.010746862410775604,GOOGL,163,900,78.51000213623047,71.27999877929688,1.0
2018-05-21,53.72411346435547,54.18453123601435,53.42625569170418,53.475815468104265,25180000,0.01343442740857781,GOOGL,160,897,79.22000122070312,72.23999786376953,1.0
2018-05-22,53.29293441772461,54.110188613209,53.14177464492723,54.0110690623645,22226000,-0.00802580105704187,GOOGL,159,896,79.56999969482422,72.12999725341797,1.0
2018-05-23,53.82075500488281,53.92185966865022,52.87910415217166,53.02976859109892,23740000,0.009904138192522893,GOOGL,158,895,79.80000305175781,71.83999633789062,1.0
2018-05-24,53.79548645019531,53.87825246003901,53.143767929904314,53.867351349600916,20604000,-0.00046949461569623097,GOOGL,157,894,78.79000091552734,70.70999908447266,1.0
2018-05-25,53.72758102416992,53.999670134196904,53.654233916006895,53.84999635702785,22224000,-0.0012622885395461303,GOOGL,156,893,76.44000244140625,67.87999725341797,1.0
2018-05-29,52.934120178222656,53.59179020131426,52.68681283654335,53.327134857439034,36076000,-0.014768222034606704,GOOGL,152,889,75.38999938964844,66.7300033569336,1.0
2018-05-30,53.399986267089844,53.475318486115796,52.85878384569728,53.202238719500656,28686000,0.008800865817712111,GOOGL,151,888,77.5,68.20999908447266,1.0
2018-05-31,54.5165901184082,55.012195483121005,53.42625982850758,53.62449894945762,79368000,0.020910189859103312,GOOGL,150,887,77.58999633789062,67.04000091552734,1.0
2018-06-01,56.25121307373047,56.4078253183441,55.11181447089963,55.15443959061594,63202000,0.031818258470581506,GOOGL,149,886,77.58999633789062,65.80999755859375,1.0
2018-06-04,57.14528274536133,57.384165656018176,56.35032978563712,56.424671348332794,44754000,0.0158942291690487,GOOGL,146,883,75.29000091552734,64.75,1.0
2018-06-05,57.045162200927734,57.54473396634421,56.868729096833015,57.22556553196357,32964000,-0.0017520351571227444,GOOGL,145,882,75.37999725341797,65.5199966430664,1.0
2018-06-06,56.84345626831055,57.228046509321615,56.31662980054046,57.13189894906885,34934000,-0.0035358990111505895,GOOGL,144,881,75.36000061035156,64.7300033569336,1.0
2018-06-07,56.22246551513672,56.78993200477697,55.81111214714587,56.726000000493585,36108000,-0.010924577672452696,GOOGL,143,880,77.31999969482422,65.94999694824219,1.0
2018-06-08,56.137718200683594,56.43854800095758,55.667881492631246,56.06337663830065,27284000,-0.0015073567776978658,GOOGL,142,879,76.45999908447266,65.73999786376953,1.0
2018-06-11,56.543617248535156,56.882614179444104,56.072793639516924,56.14911653699386,24796000,0.007230415856956274,GOOGL,139,876,76.45999908447266,66.0999984741211,1.0
2018-06-12,56.9049072265625,56.93266100342097,56.549556791224404,56.549556791224404,26092000,0.006389580214497315,GOOGL,138,875,75.87999725341797,66.36000061035156,1.0
2018-06-13,56.708648681640625,57.27413758686546,56.66652268104479,57.10761113571733,34302000,-0.0034488861240118407,GOOGL,137,874,76.73999786376953,66.63999938964844,1.0
2018-06-14,57.49567794799805,57.78709264817432,57.02435522350119,57.10414923437208,35422000,0.01387846976879592,GOOGL,136,873,75.94000244140625,66.88999938964844,1.0
2018-06-15,57.45404815673828,57.68400751955307,57.177501009106074,57.48625993653372,44438000,-0.0007240507938252039,GOOGL,135,872,73.44000244140625,65.05999755859375,1.0
2018-06-18,58.65885543823242,58.68611388213804,57.0441716989696,57.12792836299418,33038000,0.020969928493242973,GOOGL,132,869,75.33999633789062,65.8499984741211,1.0
2018-06-19,58.41651153564453,58.62069843929563,57.57001746502966,57.99128127723076,47282000,-0.00413141205666856,GOOGL,131,868,75.08000183105469,65.06999969482422,1.0
2018-06-20,58.68313980102539,59.5464864732717,58.58203891404472,58.64498024715416,51686000,0.004564262027494825,GOOGL,130,867,74.73999786376953,66.22000122070312,1.0
2018-06-21,57.958072662353516,58.993390704556724,57.662691538508525,58.75451158577601,44966000,-0.012355629591912276,GOOGL,129,866,73.05000305175781,65.54000091552734,1.0
2018-06-22,57.95063400268555,58.23362421260231,57.472868243034256,58.05966777641099,34220000,-0.00012834553197282883,GOOGL,128,865,75.55000305175781,68.58000183105469,1.0
2018-06-25,56.46332550048828,57.29148083846557,55.50284060341305,57.24241639411734,57682000,-0.025665094572189462,GOOGL,125,862,74.7300033569336,68.08000183105469,1.0
2018-06-26,56.13325500488281,56.83949037677736,55.95384610589819,56.70419259344681,34688000,-0.005845750187041587,GOOGL,124,861,76.30999755859375,70.52999877929688,1.0
2018-06-27,55.35614776611328,56.806785690036946,55.344252208444104,56.30077074881717,34538000,-0.013843972502608937,GOOGL,123,860,77.62000274658203,72.76000213623047,1.0
2018-06-28,55.84382247924805,56.20164961626298,54.81742418325818,55.13064487084305,29726000,0.00880976608407158,GOOGL,122,859,77.8499984741211,73.44999694824219,1.0
2018-06-29,55.9632568359375,56.56640993578383,55.85571284028926,56.11788772342906,31562000,0.002138721014913303,GOOGL,121,858,79.44000244140625,74.1500015258789,1.0
2018-07-02,56.60358428955078,56.64720007288589,54.84369215844048,55.277346857975495,23216000,0.01144192618186013,GOOGL,118,855,77.30000305175781,73.94000244140625,1.0
2018-07-03,55.32343292236328,56.990153192018866,55.23174714303591,56.96587052644478,16448000,-0.022616083120090003,GOOGL,117,854,77.76000213623047,74.13999938964844,1.0
2018-07-05,56.56294631958008,56.70419567032475,55.66243066280072,55.73578156105257,28594000,0.022404853273588987,GOOGL,115,852,77.38999938964844,72.94000244140625,1.0
2018-07-06,57.24638748168945,57.301895041910846,56.3622254020404,56.58673608975874,21820000,0.012082842330170429,GOOGL,114,851,77.11000061035156,73.80000305175781,1.0
2018-07-09,57.85102462768555,57.88324018814147,57.352942569918206,57.49022547525545,21584000,0.01056201399938983,GOOGL,111,848,78.06999969482422,73.8499984741211,1.0
2018-07-10,57.84408187866211,58.1592876710228,57.61709453525378,57.985331219841854,21334000,-0.00012001082207480085,GOOGL,110,847,78.86000061035156,74.11000061035156,1.0
2018-07-11,58.05818176269531,58.503232852715584,57.260752240428694,57.273139348302024,33252000,0.003701327380082109,GOOGL,109,846,73.4000015258789,70.37999725341797,1.0
2018-07-12,59.53508758544922,59.57126580776698,58.1394619918808,58.22668977309405,44148000,0.025438375400568924,GOOGL,108,845,74.44999694824219,70.33000183105469,1.0
2018-07-13,59.69170379638672,59.990056934189376,59.23921508657484,59.611414454417236,32612000,0.0026306539099771875,GOOGL,107,844,75.33000183105469,71.01000213623047,-1.0
2018-07-16,59.29967498779297,59.904314107248204,59.145539428186986,59.661464768340004,26784000,-0.006567559370243337,GOOGL,104,841,71.83999633789062,68.05999755859375,1.0
2018-07-17,60.12089157104492,60.40239579577614,58.58054933626401,58.617226672156946,40162000,0.01384858489394758,GOOGL,103,840,72.16000366210938,68.08000183105469,-1.0
2018-07-18,60.112464904785156,60.542648446049114,59.69863491732243,59.89538802068597,38948000,-0.00014016203086086865,GOOGL,102,839,72.9000015258789,68.76000213623047,-1.0
2018-07-19,59.42803955078125,60.289401137992186,59.360141103344006,59.80222023017883,38338000,-0.01138574761637201,GOOGL,101,838,72.58000183105469,69.45999908447266,1.0
2018-07-20,59.36758041381836,60.00641649782446,59.30364462528399,59.43498353442949,37938000,-0.0010173503521216931,GOOGL,100,837,73.06999969482422,70.45999908447266,1.0
2018-07-23,60.01780319213867,60.221003187271585,59.07664766574211,59.257546329068276,65446000,0.010952489115910957,GOOGL,97,834,73.05999755859375,67.88999938964844,-1.0
2018-07-24,62.35459899902344,63.18969294681697,61.660255300771084,62.99145001663229,107600000,0.03893504398026426,GOOGL,96,833,73.44000244140625,68.5199966430664,-1.0
2018-07-25,63.23627471923828,63.350261840961494,61.90359034941436,62.080522592059964,51104000,0.014139706362776172,GOOGL,95,832,73.93000030517578,69.30000305175781,-1.0
2018-07-26,63.71007537841797,63.80424161394269,62.594963233739726,62.80212592695883,54686000,0.007492545398717798,GOOGL,94,831,74.54000091552734,69.61000061035156,-1.0
2018-07-27,62.093902587890625,64.00445919209274,61.67759210645797,63.88948140697358,48362000,-0.025367616988800967,GOOGL,93,830,74.29000091552734,68.69000244140625,-1.0
2018-07-30,60.9614372253418,62.09389722498142,60.67051789341434,61.705340557125105,43896000,-0.018237947936125987,GOOGL,90,827,74.97000122070312,70.12999725341797,-1.0
2018-07-31,60.82168197631836,61.515034913991315,60.27503082888282,61.04420754612253,39382000,-0.002292518933023846,GOOGL,89,826,74.25,68.76000213623047,-1.0
2018-08-01,61.10764694213867,61.74746986091492,60.70868447690941,61.41095717984236,36994000,0.004701694470265583,GOOGL,88,825,74.25,67.66000366210938,-1.0
2018-08-02,61.51106262207031,61.67362261914477,60.367701541046735,60.38950753990997,34704000,0.00660172171763751,GOOGL,87,824,73.44999694824219,68.95999908447266,-1.0
2018-08-03,61.36387634277344,61.77820171227437,60.930716970703656,61.71178926073466,21264000,-0.002392842409522311,GOOGL,86,823,73.20999908447266,68.48999786376953,-1.0
2018-08-06,61.3395881652832,61.57698507031156,60.98572747853054,61.53485906816259,22114000,-0.0003958057889720257,GOOGL,83,820,73.75,69.01000213623047,-1.0
2018-08-07,62.24010467529297,62.74760560322747,62.03988043832837,62.050286215151715,42506000,0.01468083723652125,GOOGL,82,819,74.6500015258789,69.16999816894531,-1.0
2018-08-08,62.51219177246094,63.027122680520485,62.05573663959463,62.28371464888826,34344000,0.004371571972564103,GOOGL,81,818,72.27999877929688,66.94000244140625,-1.0
2018-08-09,62.66731262207031,63.03901662839848,62.45123017527633,62.58157462215687,27326000,0.0024814495414591242,GOOGL,80,817,72.06999969482422,66.80999755859375,-1.0
2018-08-10,62.07506561279297,62.50574829674128,61.80991871592981,62.405634291518375,26602000,-0.009450652732614029,GOOGL,79,816,72.80999755859375,67.62999725341797,-1.0
2018-08-13,61.88326644897461,62.74215137879093,61.80347622502818,62.01014356794544,27500000,-0.003089793976453481,GOOGL,76,813,72.61000061035156,67.19999694824219,-1.0
2018-08-14,62.35409927368164,62.47552017672534,61.432272927249265,62.07457634588189,28080000,0.007608402912849588,GOOGL,75,812,72.45999908447266,67.04000091552734,-1.0
2018-08-15,61.069480895996094,62.04879601342514,60.77310911621707,61.667181567651326,37052000,-0.02060198756215148,GOOGL,74,811,70.76000213623047,65.01000213623047,-1.0
2018-08-16,60.66507339477539,61.6384446336868,60.44551981049334,61.55369350929004,32176000,-0.006622088403034354,GOOGL,73,810,71.43000030517578,65.45999908447266,-1.0
2018-08-17,60.25817108154297,60.808293277396345,59.670879999956966,60.56495240148501,33092000,-0.006707357140813497,GOOGL,72,809,71.83000183105469,65.91000366210938,-1.0
2018-08-20,60.560489654541016,60.756751199109516,59.90381414264019,60.49655765963563,22218000,0.0050170552403414614,GOOGL,69,806,72.20999908447266,66.43000030517578,-1.0
2018-08-21,60.33548355102539,61.09623950217586,60.21753000375736,60.61352042352781,23082000,-0.003715394389958604,GOOGL,68,805,72.62999725341797,67.3499984741211,-1.0
2018-08-22,60.55058670043945,60.78748449084421,60.12783311785306,60.17739289788937,22296000,0.003565118513256804,GOOGL,67,804,74.77999877929688,67.86000061035156,-1.0
2018-08-23,60.52134323120117,61.21568682937405,60.43163878141544,60.45790656141297,24666000,-0.0004829593044730629,GOOGL,66,803,74.7300033569336,67.83000183105469,-1.0
2018-08-24,61.29399490356445,61.32620668102879,60.53422952112296,60.76121686857708,24454000,0.0127665982133216,GOOGL,65,802,75.81999969482422,68.72000122070312,-1.0
2018-08-27,62.26141357421875,62.34071224621682,61.48876576119388,61.66024554727935,28580000,0.015783253680501153,GOOGL,62,799,76.20999908447266,68.87000274658203,-1.0
2018-08-28,61.74549102783203,62.27578863216442,61.60226034730332,62.24307773941749,27330000,-0.008286393076696097,GOOGL,61,798,75.94999694824219,68.52999877929688,-1.0
2018-08-29,62.67672348022461,62.80161925455858,62.0894324000408,62.198466172820744,36926000,0.015081788757219883,GOOGL,60,797,77.13999938964844,69.51000213623047,-1.0
2018-08-30,62.170719146728516,62.91660385525779,61.812396681776775,62.614779615086384,30104000,-0.008073241634204864,GOOGL,59,796,77.7699966430664,70.25,-1.0
2018-08-31,61.04867172241211,62.07705138797801,60.74882879956025,62.060202498783596,42308000,-0.018047843739241176,GOOGL,58,795,77.41999816894531,69.80000305175781,-1.0
2018-09-04,60.03316879272461,60.85389413951963,59.797757012510694,60.588743467717634,41458000,-0.016634316538531535,GOOGL,54,791,78.16999816894531,69.87000274658203,-1.0
2018-09-05,59.42803955078125,60.20960713363354,58.25047772595047,59.92958889988555,53988000,-0.010079915055503319,GOOGL,53,790,77.2699966430664,68.72000122070312,-1.0
2018-09-06,58.67918014526367,59.422588186507085,57.669135421665715,59.401772852100315,46854000,-0.012601112390350333,GOOGL,52,789,76.5,67.7699966430664,-1.0
2018-09-07,58.36199188232422,58.905175679976615,57.94964786713791,58.0849456475674,32658000,-0.005405465143756838,GOOGL,51,788,76.83000183105469,67.75,-1.0
2018-09-10,58.236595153808594,58.81149912077219,58.016050945019785,58.68957912714683,27670000,-0.0021486026174100115,GOOGL,48,785,77.37000274658203,67.54000091552734,-1.0
2018-09-11,58.97653579711914,59.023618905949505,57.78510097997163,58.040337408839854,29254000,0.012705767590915906,GOOGL,47,784,79.05999755859375,69.25,-1.0
2018-09-12,58.06512451171875,59.01123342912516,57.795512055893596,58.580550747320544,35716000,-0.015453794853866443,GOOGL,46,783,79.73999786376953,70.37000274658203,-1.0
2018-09-13,58.587486267089844,58.87097559803753,57.94716427880943,58.466560715658176,40068000,0.00899613597256077,GOOGL,45,782,78.18000030517578,68.58999633789062,-1.0
2018-09-14,58.38132095336914,58.87792078186746,58.16028137690929,58.87792078186746,24176000,-0.0035189308648749806,GOOGL,44,781,78.08999633789062,68.98999786376953,-1.0
2018-09-17,57.48179244995117,58.571627304111814,57.4138940071399,58.370907755290006,34096000,-0.015407813470621035,GOOGL,41,778,78.05000305175781,68.91000366210938,-1.0
2018-09-18,57.84259796142578,58.54735113102218,57.56109371632407,57.62205372169056,32314000,0.006276866049171215,GOOGL,40,777,79.02999877929688,69.8499984741211,-1.0
2018-09-19,58.197452545166016,58.29657210634794,57.4218289338848,57.93428697185783,25962000,0.006134831356933157,GOOGL,39,776,79.4000015258789,71.12000274658203,-1.0
2018-09-20,59.05485153198242,59.1752855499603,58.2955852082251,58.51464346063572,29244000,0.014732586209868836,GOOGL,38,775,78.69999694824219,70.80000305175781,-1.0
2018-09-21,58.09088897705078,59.30313914974062,58.08791697863613,59.220868486246985,91222000,-0.016323172947265596,GOOGL,37,774,78.80000305175781,70.77999877929688,-1.0
2018-09-24,58.459632873535156,58.73865669502745,57.0689642022654,57.460988266399916,31150000,0.006347706206218495,GOOGL,34,771,81.19999694824219,72.08000183105469,-1.0
2018-09-25,59.16982650756836,59.31701984307357,58.18852626069421,58.69206449767602,33152000,0.012148444988861806,GOOGL,33,770,81.87000274658203,72.27999877929688,-1.0
2018-09-26,59.17825698852539,59.831465293153904,58.74906404691643,59.15992209958486,37650000,0.000142479392870154,GOOGL,32,769,81.33999633789062,71.56999969482422,-1.0
2018-09-27,59.83740997314453,60.308233562102814,59.37600149474461,59.47264439063263,36274000,0.011138431886342115,GOOGL,31,768,81.72000122070312,72.12000274658203,-1.0
2018-09-28,59.82353210449219,59.89143055329956,59.365095632347476,59.67534431659836,35612000,-0.00023192629257473563,GOOGL,30,767,82.72000122070312,73.25,-1.0
2018-10-01,59.895389556884766,60.67200377685793,59.6307380038181,60.11692822550655,33164000,0.0012011569672460976,GOOGL,27,764,84.9800033569336,75.30000305175781,-1.0
2018-10-02,59.851287841796875,60.687871474368755,59.45579647434442,59.80321405962955,40180000,-0.0007363123508197233,GOOGL,26,763,84.80000305175781,75.2300033569336,-1.0
2018-10-03,60.044071197509766,60.17540630465015,59.57919165347561,60.06736319555159,26246000,0.003221039390538527,GOOGL,25,762,86.29000091552734,76.41000366210938,-1.0
2018-10-04,58.33622360229492,59.7650517538794,57.68103397695857,59.721935083474726,46576000,-0.028443234463516376,GOOGL,24,761,84.58000183105469,74.33000183105469,-1.0
2018-10-05,57.87828063964844,58.58055335984854,57.20871881167546,58.28319089338021,31852000,-0.007850061837538447,GOOGL,23,760,84.16000366210938,74.33999633789062,-1.0
2018-10-08,57.28801727294922,58.27625223168303,56.271034087111275,57.49022284191507,46190000,-0.01019835696872562,GOOGL,20,757,83.91000366210938,74.29000091552734,-1.0
2018-10-09,56.75524139404297,57.56704326191691,56.70568161145632,57.059542315917426,33690000,-0.009299953188601995,GOOGL,19,756,85.0,74.95999908447266,-1.0
2018-10-10,54.12803268432617,56.351318194933405,54.095817128337245,56.320588638181995,58980000,-0.04629015127389713,GOOGL,18,755,83.08999633789062,73.16999816894531,-1.0
2018-10-11,54.057655334472656,55.31253068053545,53.32168110589757,53.477797997161574,67696000,-0.0013002015104438547,GOOGL,17,754,80.26000213623047,70.97000122070312,-1.0
2018-10-12,55.53456497192383,55.79673988188645,54.270274423304,55.48995852207989,49370000,0.02732100806653648,GOOGL,16,753,80.43000030517578,71.33999633789062,-1.0
2018-10-15,54.63752365112305,55.597014228574075,54.428375841974265,55.40868553676069,30074000,-0.01615284681268847,GOOGL,13,750,80.77999877929688,71.77999877929688,-1.0
2018-10-16,56.15605545043945,56.31911080517514,55.09893132049518,55.184669329646496,38378000,0.02779283719029224,GOOGL,12,749,81.41000366210938,71.91999816894531,-1.0
2018-10-17,55.88396453857422,56.84593167168672,55.21043629864681,56.49900944196669,35652000,-0.004845263964549096,GOOGL,11,748,80.05000305175781,69.75,-1.0
2018-10-18,54.41300964355469,56.119874667752995,53.839595376943095,56.00340710270076,46152000,-0.02632159166166881,GOOGL,10,747,79.29000091552734,68.6500015258789,-1.0
2018-10-19,54.7733154296875,55.55488685474241,54.369399607612905,54.700463645484554,41286000,0.006621684565751407,GOOGL,9,746,79.77999877929688,69.12000274658203,-1.0
2018-10-22,55.08009338378906,55.59155696560373,54.516589575483515,55.136591608320536,27116000,0.005600865160250823,GOOGL,6,743,79.83000183105469,69.16999816894531,-1.0
2018-10-23,55.25553894042969,55.408683848644095,53.476317413826656,54.08491925686056,37686000,0.0031852806678840384,GOOGL,5,742,76.44000244140625,66.43000030517578,-1.0
2018-10-24,52.39142990112305,55.34028389764265,52.28933456741099,55.25999456332015,49286000,-0.05183388116790244,GOOGL,4,741,76.16999816894531,66.81999969482422,1.0
2018-10-25,54.694515228271484,55.399759966530695,53.304837305994695,53.54024910750814,72956000,0.04395919965335904,GOOGL,3,740,76.88999938964844,67.33000183105469,-1.0
2018-10-26,53.71123123168945,55.35911755170512,51.65347755213339,51.95579712615013,106438000,-0.017977744065894474,GOOGL,2,739,77.62000274658203,67.58999633789062,-1.0
2018-10-29,51.281776428222656,54.95421419171303,49.91737560307921,54.345113230013254,81290000,-0.045231783888681876,GOOGL,1462,736,77.33999633789062,67.04000091552734,1.0
2018-10-30,52.014278411865234,52.08316752938317,50.25290025037115,50.55224405445162,59768000,0.014283865237543658,GOOGL,1461,735,75.91000366210938,66.18000030517578,1.0
2018-10-31,54.04973220825195,54.91307897959648,52.94056785451772,52.94056785451772,70916000,0.03913259702017524,GOOGL,1460,734,75.47000122070312,65.30999755859375,-1.0
2018-11-01,53.821754455566406,54.5116363181823,53.417339515658476,54.09037248881403,40132000,-0.004217925665332745,GOOGL,1459,733,75.5,63.689998626708984,-1.0
2018-11-02,53.10361862182617,54.41746888733465,52.91380016975293,53.97142331655281,43438000,-0.013342854409049476,GOOGL,1458,732,72.83000183105469,63.13999938964844,-1.0
2018-11-05,52.322540283203125,53.19579738468106,51.24559163053158,53.15515738482531,45358000,-0.01470857088262556,GOOGL,1455,729,73.16999816894531,63.099998474121094,1.0
2018-11-06,53.00846481323242,53.51646108225636,52.21747829667191,52.28735808027902,28660000,0.013109541821108683,GOOGL,1454,728,72.12999725341797,62.209999084472656,-1.0
2018-11-07,54.924964904785156,55.00872157192472,53.55461644355465,53.69834244575057,43388000,0.036154604708988236,GOOGL,1453,727,72.06999969482422,61.66999816894531,-1.0
2018-11-08,54.25044250488281,54.92397069251891,53.74145564233035,54.8783773636776,33694000,-0.012280798013647454,GOOGL,1452,726,70.6500015258789,60.66999816894531,-1.0
2018-11-09,53.377689361572266,53.939208047606066,52.74529644823808,53.72461159561041,34860000,-0.016087484322952705,GOOGL,1451,725,70.18000030517578,60.189998626708984,-1.0
2018-11-12,52.00684356689453,53.23297454810507,51.560306426195,53.18490076676925,34002000,-0.02568199955962569,GOOGL,1448,722,70.12000274658203,59.93000030517578,1.0
2018-11-13,51.93795394897461,52.86473734212154,51.56278259363126,52.2769508618454,25750000,-0.0013246260144842426,GOOGL,1447,721,65.47000122070312,55.689998626708984,1.0
2018-11-14,52.26554870605469,52.82112338828887,51.597968244023455,52.53416671302797,34666000,0.006307425151978796,GOOGL,1446,720,66.12000274658203,56.25,1.0
2018-11-15,53.08181381225586,53.469376054780525,51.606889506378266,52.11092309230952,41584000,0.01561765113749991,GOOGL,1445,719,66.62000274658203,56.459999084472656,-1.0
2018-11-16,52.944034576416016,53.15070191711665,52.28140743892691,52.79337012616156,35366000,-0.0025956015053885118,GOOGL,1444,718,66.76000213623047,56.459999084472656,-1.0
2018-11-19,50.91947937011719,52.9306488422052,50.69398182681054,52.70217173815396,45684000,-0.038239533924765645,GOOGL,1441,715,66.79000091552734,56.7599983215332,1.0
2018-11-20,51.06966018676758,51.411629140494796,49.67007170473233,49.92183708304915,54458000,0.002949378479673248,GOOGL,1440,714,62.529998779296875,53.43000030517578,1.0
2018-11-21,51.712947845458984,52.271989838240096,51.51619095744244,51.806119620338215,29698000,0.012596278423213203,GOOGL,1439,713,63.47999954223633,54.630001068115234,1.0
2018-11-23,51.052310943603516,51.69164233367512,50.97400293458793,51.22081495682277,14178000,-0.012775077217213382,GOOGL,1437,711,58.79999923706055,50.41999816894531,1.0
2018-11-26,52.332950592041016,52.38548236782315,51.53155458783973,51.74119770138357,31558000,0.02508485168971486,GOOGL,1434,708,60.47999954223633,51.630001068115234,1.0
2018-11-27,52.151554107666016,52.86919341138596,51.8155367921466,52.104970112356234,33048000,-0.003466200210820669,GOOGL,1433,707,60.209999084472656,51.560001373291016,1.0
2018-11-28,54.109703063964844,54.16273396165135,51.6891649292483,52.40829037006148,46042000,0.037547279075447415,GOOGL,1432,706,58.7599983215332,50.290000915527344,-1.0
2018-11-29,54.24797439575195,54.52402620233028,53.62450121735956,53.70032878086884,31004000,0.0025553888481637532,GOOGL,1431,705,59.5099983215332,51.45000076293945,-1.0
2018-11-30,54.994850158691406,54.994850158691406,53.68298490261027,54.30001497294839,59668000,0.013767809236356232,GOOGL,1430,704,58.709999084472656,50.93000030517578,-1.0
2018-12-03,55.3274040222168,56.25121168131936,55.09793621629191,56.11046144473248,57532000,0.00604700008393122,GOOGL,1427,701,61.689998626708984,52.95000076293945,-1.0
2018-12-04,52.656578063964844,55.22232771575548,52.57282140200891,55.160377052151766,45630000,-0.048273111768979415,GOOGL,1426,700,62.08000183105469,53.25,-1.0
2018-12-06,53.43022155761719,53.4966340062969,51.66586770011712,51.79075970534888,47436000,0.014692247808290038,GOOGL,1424,698,60.060001373291016,51.4900016784668,-1.0
2018-12-07,51.86906051635742,53.7746635898791,51.51172874543162,53.14028938089352,42682000,-0.029218689268886266,GOOGL,1423,697,61.66999816894531,52.61000061035156,1.0
2018-12-10,52.1961669921875,52.5143447942165,51.19603647013022,51.68866606248355,33652000,0.0063063890607180095,GOOGL,1420,694,59.970001220703125,51.0,1.0
2018-12-11,52.615943908691406,53.04959860207512,52.04352031841192,52.87811881343425,33852000,0.00804229392106004,GOOGL,1419,693,60.20000076293945,51.650001525878906,-1.0
2018-12-12,53.214637756347656,54.10672518413741,53.12740996802285,53.38066510723212,28960000,0.011378563286733145,GOOGL,1418,692,60.150001525878906,51.150001525878906,-1.0
2018-12-13,53.20521545410156,53.94267948952978,52.78147499288261,53.31078190544962,24986000,-0.00017706222654823023,GOOGL,1417,691,61.45000076293945,52.58000183105469,-1.0
2018-12-14,52.12331008911133,53.11501614131917,52.00733786023985,52.5351587781306,36358000,-0.020334573514199206,GOOGL,1416,690,60.279998779296875,51.20000076293945,1.0
2018-12-17,50.831764221191406,52.65212095785888,50.38472798120905,51.89037426011331,49932000,-0.02477866171031473,GOOGL,1413,687,59.61000061035156,49.880001068115234,1.0
2018-12-18,51.71195602416992,52.5188006627195,51.071134931743245,51.24559048360209,43640000,0.017315783082963998,GOOGL,1412,686,56.2599983215332,46.2400016784668,1.0
2018-12-19,51.317955017089844,53.31276748688265,50.523501142395304,51.90425553350229,58264000,-0.007619147241228363,GOOGL,1411,685,57.2400016784668,47.20000076293945,1.0
2018-12-20,50.72917938232422,51.91169467656769,49.95008837386859,50.84911428827779,53674000,-0.01147309230403959,GOOGL,1410,684,54.349998474121094,45.880001068115234,1.0
2018-12-21,49.12688064575195,51.42747984878357,48.62830329379818,51.14845606158276,104656000,-0.0315853470543338,GOOGL,1409,683,53.81999969482422,45.59000015258789,1.0
2018-12-24,48.800777435302734,50.161211813035855,48.453356059911194,48.783429431664416,36360000,-0.006637979170725505,GOOGL,1406,680,50.470001220703125,42.529998779296875,1.0
2018-12-26,51.9320068359375,51.96174194605953,49.19626326965174,49.46091860571116,46318000,0.06416351470601,GOOGL,1404,678,54.470001220703125,46.220001220703125,1.0
2018-12-27,52.182289123535156,52.20409512427059,49.907458541178066,50.85902371181773,45996000,0.0048194226036428756,GOOGL,1403,677,52.15999984741211,44.61000061035156,1.0
2018-12-28,51.8740234375,52.74380951627864,51.64207897069144,52.50938838379632,34398000,-0.0059074772535443465,GOOGL,1402,676,52.20000076293945,45.33000183105469,1.0
2018-12-31,51.788780212402344,52.68235739680241,51.19801794154297,52.42662181757519,33110000,-0.0016432738285735438,GOOGL,1399,673,53.79999923706055,45.40999984741211,1.0
2019-01-02,52.270511627197266,52.57332655771862,50.81343053702723,50.908587439587016,31868000,0.009301849026356335,GOOGL,1397,671,54.90999984741211,46.540000915527344,1.0
2019-01-03,50.82284164428711,52.84441709717071,50.66920519192251,52.071769274946,41960000,-0.027695730113284522,GOOGL,1396,670,55.95000076293945,47.09000015258789,1.0
2019-01-04,53.42972183227539,53.52537405136797,51.387331238986945,51.66982611745576,46022000,0.05129347560362785,GOOGL,1395,669,57.060001373291016,47.959999084472656,1.0
2019-01-07,53.323177337646484,53.65919471164255,52.66501191794435,53.573456702107286,47446000,-0.001994105358874343,GOOGL,1392,666,57.33000183105469,48.52000045776367,1.0
2019-01-08,53.79152297973633,54.187014353029106,52.94800088966492,53.822744092306515,35414000,0.008783153320445214,GOOGL,1391,665,58.720001220703125,49.779998779296875,1.0
2019-01-09,53.607154846191406,54.10226487887618,53.246351931681716,53.92136997908412,26998000,-0.003427457029137715,GOOGL,1390,664,61.439998626708984,52.36000061035156,1.0
2019-01-10,53.46739196777344,53.51596107886595,52.7661099648934,53.27460152267623,26598000,-0.0026071683680839453,GOOGL,1389,663,61.68000030517578,52.59000015258789,1.0
2019-01-11,52.755706787109375,53.196795286176545,52.35723962602877,53.024820153608665,30864000,-0.01331063952199163,GOOGL,1388,662,60.47999954223633,51.59000015258789,1.0
2019-01-14,52.113399505615234,52.457349745213584,51.96670149930838,52.2040946206828,28490000,-0.012175124182983832,GOOGL,1385,659,58.9900016784668,50.5099983215332,1.0
2019-01-15,53.848018646240234,53.93524643013607,52.258611888034565,52.43554412141433,37518000,0.03328547277822658,GOOGL,1384,658,60.63999938964844,52.11000061035156,1.0
2019-01-16,53.996700286865234,54.63355501884388,53.92236250436648,54.02098673533876,38280000,0.002761134845123525,GOOGL,1383,657,61.31999969482422,52.310001373291016,1.0
2019-01-17,54.47297668457031,54.55128090841665,53.68694354161793,53.921368442386935,24896000,0.008820472272838664,GOOGL,1382,656,61.18000030517578,52.06999969482422,1.0
2019-01-18,54.87838363647461,55.40868122487252,54.48090716644396,54.94231563947383,44892000,0.007442349887575084,GOOGL,1381,655,62.70000076293945,53.79999923706055,1.0
2019-01-22,53.45748519897461,54.465548678322584,53.073885587645876,54.31835154407501,39632000,-0.025891769096413553,GOOGL,1377,651,61.5,52.56999969482422,1.0
2019-01-23,53.74393844604492,54.16718355200719,52.90934000933146,53.865359331761276,25194000,0.005358524554682997,GOOGL,1376,650,61.13999938964844,52.619998931884766,1.0
2019-01-24,53.72361373901367,53.921856609574924,53.03075624871682,53.64976752294887,29114000,-0.00037817673246365313,GOOGL,1375,649,61.09000015258789,53.130001068115234,1.0
2019-01-25,54.59142303466797,54.68310881048512,54.11018992785401,54.23062014724432,23260000,0.016153218952657644,GOOGL,1374,648,61.63999938964844,53.689998626708984,1.0
2019-01-28,53.51844024658203,54.18800205710422,53.258246677265326,54.024455162568955,29334000,-0.01965478693245537,GOOGL,1371,645,59.93000030517578,51.9900016784668,1.0
2019-01-29,53.032745361328125,53.759799844010175,52.83252112922512,53.57691983324791,19704000,-0.009075281024934712,GOOGL,1370,644,61.31999969482422,53.310001373291016,1.0
2019-01-30,54.41697692871094,54.4928044913876,53.35885838319014,53.39454127483169,29452000,0.02610145030116051,GOOGL,1369,643,61.650001525878906,54.22999954223633,1.0
2019-01-31,55.79970932006836,55.8879277682799,54.776782174572446,55.12320907469218,40232000,0.02540994500978755,GOOGL,1368,642,61.88999938964844,53.790000915527344,1.0
2019-02-01,55.43940353393555,56.22147020160237,55.22282575781473,55.621289087983165,33116000,-0.0064571265786724785,GOOGL,1367,641,61.869998931884766,55.2599983215332,1.0
2019-02-04,56.56938934326172,56.61498646067175,55.38439743543495,55.458738999859754,78408000,0.020382358706916515,GOOGL,1364,638,62.5099983215332,54.560001373291016,1.0
2019-02-05,57.0872917175293,57.13189816525388,55.68621744950641,55.98506590270298,82296000,0.009155169965243237,GOOGL,1363,637,61.97999954223633,53.65999984741211,1.0
2019-02-06,55.651031494140625,57.19285981317814,55.42652081207824,56.95843868754115,48256000,-0.025159018411581968,GOOGL,1362,636,62.689998626708984,54.0099983215332,1.0
2019-02-07,54.80949401855469,55.11081914301035,54.198907096289624,55.102394698878804,38298000,-0.01512168692999949,GOOGL,1361,635,61.630001068115234,52.63999938964844,1.0
2019-02-08,54.63454055786133,54.769346782323446,54.23112011299676,54.26283655557469,21766000,-0.003192028385340162,GOOGL,1360,634,62.099998474121094,52.720001220703125,1.0
2019-02-11,54.62165832519531,55.182190149293774,54.51659098443572,54.70244299915539,18498000,-0.00023578916440913922,GOOGL,1357,631,61.5099983215332,52.40999984741211,1.0
2019-02-12,55.88346862792969,56.14514818740517,55.06224794643094,55.06224794643094,35036000,0.02310091530400027,GOOGL,1356,630,62.41999816894531,53.099998474121094,1.0
2019-02-13,55.935508728027344,56.64026189800341,55.8051642728651,56.154071635364986,28042000,0.0009312253046449559,GOOGL,1355,629,63.61000061035156,53.900001525878906,1.0
2019-02-14,55.9637565612793,56.30721147033604,55.363579193970516,55.755603216750615,21106000,0.0005050071751255825,GOOGL,1354,628,64.56999969482422,54.40999984741211,1.0
2019-02-15,55.489463806152344,56.464321008850604,55.34524245929537,56.464321008850604,27826000,-0.008474998539592549,GOOGL,1353,627,66.25,55.59000015258789,1.0
2019-02-19,55.830440521240234,55.98556297395831,55.341278267413735,55.341278267413735,21980000,0.006144891150490439,GOOGL,1349,623,66.44999694824219,56.09000015258789,1.0
2019-02-20,55.53704071044922,56.049498745540966,55.09892801757924,55.947898738140964,24090000,-0.005255194264129015,GOOGL,1348,622,67.08000183105469,56.91999816894531,1.0
2019-02-21,54.725242614746094,55.46567871474324,54.416479906503056,55.44734004449686,33272000,-0.014617237168533248,GOOGL,1347,621,67.06999969482422,56.959999084472656,1.0
2019-02-22,55.33731460571289,55.371511498655586,54.541374738250376,54.997330790040316,29436000,0.011184454590282167,GOOGL,1346,620,67.12000274658203,57.2599983215332,1.0
2019-02-25,55.37546920776367,55.775422301559566,55.21588499293355,55.603447197687906,26208000,0.0006894913915256318,GOOGL,1343,617,64.76000213623047,55.47999954223633,1.0
2019-02-26,55.60741424560547,55.82696780950887,54.848643329872075,55.228771787399616,35026000,0.004188588217131972,GOOGL,1342,616,65.20999908447266,55.5,1.0
2019-02-27,55.651031494140625,55.791781723679335,54.940829672376765,55.21093368851873,22092000,0.0007843782906808983,GOOGL,1341,615,66.38999938964844,56.939998626708984,1.0
2019-02-28,55.83241653442383,56.20114852474559,55.42899610423238,55.458235880285606,27422000,0.0032593293495790654,GOOGL,1340,614,66.02999877929688,57.220001220703125,1.0
2019-03-01,56.921268463134766,56.99461936094752,56.05296837179371,56.05296837179371,34086000,0.019502145819527694,GOOGL,1339,613,65.06999969482422,55.79999923706055,1.0
2019-03-04,57.16411590576172,57.76379794864619,56.41227962663273,57.22061413135729,35490000,0.004266374400708095,GOOGL,1336,610,65.66999816894531,56.59000015258789,1.0
2019-03-05,57.945682525634766,58.30747610261752,57.144290260692664,57.291978933950915,40094000,0.013672329353636936,GOOGL,1335,609,65.86000061035156,56.560001373291016,1.0
2019-03-06,57.73505401611328,58.22074516470668,57.64138311830009,58.07305648761124,23602000,-0.0036349301680639323,GOOGL,1334,608,65.98999786376953,56.220001220703125,1.0
2019-03-07,57.036739349365234,57.66764623960241,56.58375534858364,57.51500046237742,30086000,-0.01209515914808279,GOOGL,1333,607,66.30000305175781,56.65999984741211,1.0
2019-03-08,56.99312973022461,57.16560018173033,56.01331546458372,56.19669080684739,23694000,-0.0007645882222246936,GOOGL,1332,606,65.73999786376953,56.06999969482422,1.0
2019-03-11,58.44475555419922,58.476967329547385,57.07242200177658,57.0937326680358,30032000,0.02547018966752379,GOOGL,1329,603,66.58000183105469,56.790000915527344,1.0
2019-03-12,59.336341857910156,59.75562426082682,58.59541437843712,58.59541437843712,42220000,0.015255197754811656,GOOGL,1328,602,66.66999816894531,56.869998931884766,1.0
2019-03-13,59.426055908203125,59.82551371065459,59.36906235006115,59.76653882003293,25888000,0.0015119578909634779,GOOGL,1327,601,67.55000305175781,58.2599983215332,1.0
2019-03-14,59.1024284362793,59.70558161435647,59.0380010971497,59.42407736112218,27302000,-0.005445885091612701,GOOGL,1326,600,67.2300033569336,58.61000061035156,1.0
2019-03-15,58.99190902709961,59.5578895360771,58.82885367389795,59.37352729524492,51886000,-0.0018699639270972623,GOOGL,1325,599,67.16000366210938,58.52000045776367,1.0
2019-03-18,58.905174255371094,59.22236136997121,58.55478091755831,58.96167247755781,24442000,-0.001470282504142606,GOOGL,1322,596,67.54000091552734,59.09000015258789,1.0
2019-03-19,59.594566345214844,59.6416494618808,58.950277830825264,59.06228361960449,29788000,0.011703421618872278,GOOGL,1321,595,67.61000061035156,59.029998779296875,1.0
2019-03-20,60.78252410888672,60.958960999987475,59.4523203246817,59.54202476950778,41508000,0.019933994599278693,GOOGL,1320,594,68.5,59.83000183105469,-1.0
2019-03-21,61.26326370239258,61.278626591033266,60.29435433428484,60.46385278594522,28150000,0.00790917456215956,GOOGL,1319,593,67.86000061035156,59.97999954223633,-1.0
2019-03-22,59.85177993774414,61.13936242847157,59.77000460105238,60.902464643554005,34422000,-0.02303964365178468,GOOGL,1318,592,67.02999877929688,59.040000915527344,1.0
2019-03-25,59.3427848815918,59.94048548832726,58.97702869685355,59.45082798279731,27576000,-0.00850425929992027,GOOGL,1315,589,67.20999908447266,58.81999969482422,1.0
2019-03-26,58.96910858154297,59.851780848264944,58.56866011714988,59.729860841033144,30752000,-0.006296912097981777,GOOGL,1314,588,67.97000122070312,59.939998626708984,1.0
2019-03-27,58.382808685302734,59.072195171422834,57.69986152973623,59.072195171422834,29428000,-0.009942492100410427,GOOGL,1313,587,67.83000183105469,59.40999984741211,1.0
2019-03-28,58.09832763671875,58.34513964794122,57.66021495319524,58.25841097953711,22402000,-0.004872685213166195,GOOGL,1312,586,67.81999969482422,59.29999923706055,1.0
2019-03-29,58.32730484008789,58.67819355065065,57.80642232948979,58.49035641367044,30890000,0.003941201282090301,GOOGL,1311,585,68.38999938964844,60.13999938964844,1.0
2019-04-01,59.422096252441406,59.48255714548465,58.7966417370592,58.85512129752241,27706000,0.018769792558648746,GOOGL,1308,582,69.01000213623047,61.59000015258789,1.0
2019-04-02,59.7472038269043,59.76058538221272,59.038488072136474,59.475114723078725,18288000,0.00547115626957595,GOOGL,1307,581,69.37000274658203,62.58000183105469,1.0
2019-04-03,60.008392333984375,60.49358812897417,59.724411434921,60.10205944667609,22180000,0.004371560346769998,GOOGL,1306,580,69.30999755859375,62.459999084472656,1.0
2019-04-04,60.43659591674805,60.49111280924098,59.920670551711964,60.0321810022952,21022000,0.007135728289144216,GOOGL,1305,579,69.4000015258789,62.099998474121094,-1.0
2019-04-05,60.04011535644531,60.483188979922126,59.96974023564593,60.429167415831174,20012000,-0.0065602728659451826,GOOGL,1304,578,70.33999633789062,63.08000183105469,-1.0
2019-04-08,59.88300323486328,60.164008345840536,59.70557567686853,60.023258123804965,21750000,-0.002616785804778865,GOOGL,1301,575,71.0999984741211,64.4000015258789,1.0
2019-04-09,59.60596466064453,59.82700424629346,59.39235885352696,59.56631910220037,19668000,-0.004626330665684852,GOOGL,1300,574,70.61000061035156,63.97999954223633,1.0
2019-04-10,59.79231262207031,59.91571864057137,59.50535969306198,59.72491328145135,15510000,0.0031263307705313714,GOOGL,1299,573,71.7300033569336,64.61000061035156,1.0
2019-04-11,59.94792556762695,60.10404245821148,59.697646234535476,59.91372867849581,16998000,0.0026025577324668703,GOOGL,1298,572,70.83000183105469,63.58000183105469,1.0
2019-04-12,60.599159240722656,60.61501746375043,60.13130763088175,60.246780752733265,24312000,0.01086332290783032,GOOGL,1297,571,71.55000305175781,63.88999938964844,-1.0
2019-04-15,60.7874870300293,60.92476993297739,60.194248081831006,60.666557683013956,23796000,0.003107762412322135,GOOGL,1294,568,71.18000030517578,63.400001525878906,-1.0
2019-04-16,61.054115295410156,61.25582550913173,60.71363241731271,60.95945374251923,22622000,0.004386236023363521,GOOGL,1293,567,71.72000122070312,64.05000305175781,-1.0
2019-04-17,61.462005615234375,61.707826972891674,61.103187803811146,61.306384043569125,30366000,0.006680799776569435,GOOGL,1292,566,71.62000274658203,63.7599983215332,-1.0
2019-04-18,61.527915954589844,61.74945083948574,61.4258206222395,61.702863061629785,24750000,0.0010723753430383898,GOOGL,1291,565,71.97000122070312,64.0,-1.0
2019-04-22,62.13701629638672,62.165760741296786,61.12647625838535,61.29002693191078,19084000,0.009899577002517201,GOOGL,1287,561,74.04000091552734,65.69999694824219,-1.0
2019-04-23,62.97111129760742,63.16142505901152,62.048294494117826,62.27974358513956,31868000,0.013423480091837137,GOOGL,1286,560,74.51000213623047,66.30000305175781,-1.0
2019-04-24,62.448753356933594,63.14012496632759,62.43686158073098,62.97112184100096,23396000,-0.008295199654411611,GOOGL,1285,559,74.56999969482422,65.88999938964844,-1.0
2019-04-25,62.8100471496582,63.08064648305482,62.34715270413668,62.9567451492081,31344000,0.005785444437290677,GOOGL,1284,558,74.3499984741211,65.20999908447266,-1.0
2019-04-26,63.30962371826172,63.38346995170677,62.69408341161792,63.1093994684094,27228000,0.00795376840608264,GOOGL,1283,557,72.1500015258789,63.29999923706055,-1.0
2019-04-29,64.24036407470703,64.27853119264928,63.026627793364206,63.46275914712026,72368000,0.014701404016982611,GOOGL,1280,554,72.04000091552734,63.5,-1.0
2019-04-30,59.421112060546875,59.52122230311276,58.630125440490986,59.00827263563107,133178000,-0.0750190644709875,GOOGL,1279,553,72.80000305175781,63.90999984741211,-1.0
2019-05-01,58.15036392211914,59.43546966973313,58.06908392344109,59.348737226037684,74340000,-0.021385465440850626,GOOGL,1278,552,72.18000030517578,63.599998474121094,-1.0
2019-05-02,57.812862396240234,58.45070777675976,57.40745681106529,58.11468664076694,45098000,-0.005803945205414718,GOOGL,1277,551,70.75,61.810001373291016,-1.0
2019-05-03,58.95473861694336,59.046424401851816,58.161770768787754,58.35307144991088,41588000,0.019751248655997866,GOOGL,1276,550,70.8499984741211,61.939998626708984,-1.0
2019-05-06,59.14851379394531,59.24614734780272,58.04331224905807,58.08494291510392,31774000,0.0032868465122202206,GOOGL,1273,547,71.23999786376953,62.25,-1.0
2019-05-07,58.424930572509766,59.213436563359515,57.738020800367394,58.769376124750195,36604000,-0.012233328870380089,GOOGL,1272,546,69.87999725341797,61.400001525878906,-1.0
2019-05-08,58.02448654174805,58.69305769705968,57.86836964135155,58.347122338108534,25520000,-0.006853992411077647,GOOGL,1271,545,70.37000274658203,62.119998931884766,-1.0
2019-05-09,57.88521957397461,58.18753915543784,57.22457751787143,57.61908199810237,29556000,-0.002400141320910043,GOOGL,1270,544,70.38999938964844,61.70000076293945,-1.0
2019-05-10,57.868865966796875,58.29706822424379,56.814713878832414,57.92833997300798,31650000,-0.00028251783958144205,GOOGL,1269,543,70.62000274658203,61.65999984741211,-1.0
2019-05-13,56.33000564575195,57.09224765690935,55.78038253011659,56.75870698729838,45626000,-0.026592197640919135,GOOGL,1266,540,70.2300033569336,61.040000915527344,-1.0
2019-05-14,55.74866485595703,56.74037091442283,55.68274773950584,56.61399290816184,40392000,-0.010320268622922901,GOOGL,1265,539,71.23999786376953,61.779998779296875,-1.0
2019-05-15,58.025474548339844,58.39717855611781,55.57718294046831,55.63417649626703,59302000,0.04084061382035986,GOOGL,1264,538,71.7699966430664,62.02000045776367,-1.0
2019-05-16,58.7044563293457,59.18321282512615,57.909011804030314,58.077020486795625,35308000,0.01170144296605824,GOOGL,1263,537,72.62000274658203,62.869998931884766,-1.0
2019-05-17,57.925357818603516,58.7931624623442,57.80839493274456,58.274760476951634,25362000,-0.013271539495592344,GOOGL,1262,536,72.20999908447266,62.7599983215332,-1.0
2019-05-20,56.72996520996094,57.14329990146067,56.40683030134103,57.14329990146067,30602000,-0.020636775561853504,GOOGL,1259,533,71.97000122070312,63.099998474121094,-1.0
2019-05-21,57.21466827392578,57.39110518272423,56.66305999382111,57.21664960649212,20562000,0.008544039506650947,GOOGL,1258,532,72.18000030517578,62.9900016784668,-1.0
2019-05-22,57.2845458984375,57.67756059152762,57.04417699291759,57.056567883327986,18826000,0.0012213235979481318,GOOGL,1257,531,70.98999786376953,61.41999816894531,-1.0
2019-05-23,56.7636604309082,56.99709087925702,56.160015757276604,56.79984243398992,25214000,-0.009092949230195546,GOOGL,1256,530,67.76000213623047,57.90999984741211,-1.0
2019-05-24,56.43012237548828,57.21069931124929,56.33595614636287,57.09373641510665,18554000,-0.005875908158281984,GOOGL,1255,529,68.69000244140625,58.630001068115234,-1.0
2019-05-28,56.477203369140625,57.316263612047834,56.43309225495322,56.57236026093217,20948000,0.000834323791450764,GOOGL,1251,525,70.11000061035156,59.13999938964844,-1.0
2019-05-29,55.504825592041016,56.25120559403535,55.108835144160835,56.13721470312618,36230000,-0.017217172931599523,GOOGL,1250,524,69.44999694824219,58.810001373291016,-1.0
2019-05-30,55.57768249511719,55.84481452164873,55.304602689770476,55.515236489311384,18088000,0.0013126228629500858,GOOGL,1249,523,66.87000274658203,56.59000015258789,-1.0
2019-05-31,54.83873748779297,55.180702637743735,54.68262057903494,54.79611614998246,31582000,-0.013295714649295465,GOOGL,1248,522,64.48999786376953,53.5,1.0
2019-06-03,51.48051452636719,52.881093573067986,50.900161794703344,52.87762624104899,96890000,-0.06123815235850971,GOOGL,1245,519,61.279998779296875,53.25,1.0
2019-06-04,52.26108932495117,52.456855563196314,51.34620148086811,51.76548395586114,60512000,0.01516252908047755,GOOGL,1244,518,61.970001220703125,53.47999954223633,1.0
2019-06-05,51.77291488647461,52.376068009204204,51.19603332376587,52.286363563329914,46988000,-0.00934106894406983,GOOGL,1243,517,60.630001068115234,51.68000030517578,1.0
2019-06-06,51.927547454833984,52.038562570995836,51.32043164773946,51.85072922935905,29020000,0.0029867464232686824,GOOGL,1242,516,61.66999816894531,52.59000015258789,1.0
2019-06-07,52.94898986816406,53.19976833285925,52.09555736130382,52.25068359643469,43828000,0.019670530641149986,GOOGL,1241,515,63.290000915527344,53.9900016784668,1.0
2019-06-10,53.66217041015625,54.260861820040674,53.29145702898412,53.37669970523659,28510000,0.013469200144665905,GOOGL,1238,512,62.290000915527344,53.2599983215332,1.0
2019-06-11,53.576927185058594,54.71533517901255,53.50407539556066,54.36741844537092,33508000,-0.0015885161641080447,GOOGL,1237,511,62.290000915527344,53.27000045776367,1.0
2019-06-12,53.480777740478516,53.65027241899154,53.00995036632593,53.522903743541775,23670000,-0.0017946054324461391,GOOGL,1236,510,59.970001220703125,51.13999938964844,1.0
2019-06-13,54.0710334777832,54.34758057312921,53.65274550333002,53.75880349612939,20814000,0.011036782975912818,GOOGL,1235,509,61.310001373291016,52.279998779296875,1.0
2019-06-14,53.837608337402344,54.256890800358164,53.59872921830184,54.00809745670591,24582000,-0.004317009041019504,GOOGL,1234,508,62.0099983215332,52.5099983215332,1.0
2019-06-17,54.21377182006836,54.580023375204505,53.92186182122396,53.97637871042667,19770000,0.006987002102853079,GOOGL,1231,505,60.939998626708984,51.93000030517578,1.0
2019-06-18,54.77628707885742,55.447334881797815,54.555742847957134,55.08653575767853,34526000,0.010375873876770747,GOOGL,1230,504,62.13999938964844,53.900001525878906,1.0
2019-06-19,54.74010467529297,54.983944685210766,54.319831550644146,54.8754062364344,26714000,-0.0006605486697621732,GOOGL,1229,503,61.81999969482422,53.7599983215332,1.0
2019-06-20,55.17078399658203,55.642601984797146,54.86350733737669,55.59204776177893,24018000,0.007867710956048768,GOOGL,1228,502,64.44999694824219,56.650001525878906,1.0
2019-06-21,55.77394485473633,55.83341508138536,54.998321212056794,55.00525965724378,50774000,0.010932613504126776,GOOGL,1227,501,65.19999694824219,57.43000030517578,1.0
2019-06-24,55.3442497253418,55.684732634870436,55.1762410507709,55.50780040186352,24236000,-0.0077042269560396726,GOOGL,1224,498,64.86000061035156,57.900001525878906,1.0
2019-06-25,53.90105056762695,55.29469111706797,53.75335811004404,55.263965338513984,31644000,-0.026076767954702484,GOOGL,1223,497,65.05000305175781,57.83000183105469,1.0
2019-06-26,53.541236877441406,54.2747344708787,53.21265330808006,54.070543792942544,34698000,-0.006675448556129893,GOOGL,1222,496,66.48999786376953,59.380001068115234,1.0
2019-06-27,53.358360290527344,53.94466075953343,53.31970162089973,53.859913423621485,24078000,-0.0034156212590432666,GOOGL,1221,495,66.55000305175781,59.43000030517578,1.0
2019-06-28,53.66414260864258,53.66414260864258,53.21809707135729,53.388090842944386,33672000,0.005730729288724312,GOOGL,1220,494,66.55000305175781,58.470001220703125,1.0
2019-07-01,54.5165901184082,54.94231570143417,54.28514099136783,54.568131231127936,29196000,0.015884862187816706,GOOGL,1217,491,65.05999755859375,59.09000015258789,1.0
2019-07-02,55.14105224609375,55.15542446848692,54.50023489215925,54.75596667777286,20630000,0.011454533864448058,GOOGL,1216,490,62.400001525878906,56.25,1.0
2019-07-03,55.655982971191406,55.90378562832317,55.25255876316285,55.43345364414187,20154000,0.009338427616497613,GOOGL,1215,489,63.81999969482422,57.34000015258789,1.0
2019-07-05,56.1357307434082,56.2338596354491,55.38389826892284,55.47657471559063,29794000,0.00861987780298712,GOOGL,1213,487,64.2300033569336,57.5099983215332,1.0
2019-07-08,55.34870529174805,55.86512592891415,55.09941664001515,55.79871348705948,29888000,-0.014020044653156538,GOOGL,1210,484,64.11000061035156,57.65999984741211,1.0
2019-07-09,55.72041702270508,55.8973492604674,54.87094717312913,55.02805474218913,29472000,0.006715816187527812,GOOGL,1209,483,64.16000366210938,57.83000183105469,1.0
2019-07-10,56.54411697387695,56.61498742633515,56.03612068633995,56.118391363637365,30710000,0.014782731271308247,GOOGL,1208,482,67.01000213623047,60.43000030517578,1.0
2019-07-11,56.70121765136719,57.15519235099968,56.47572008209479,56.804303658897304,26004000,0.0027783735231521334,GOOGL,1207,481,66.5199966430664,60.20000076293945,1.0
2019-07-12,56.7636604309082,56.87071287852547,56.42764309515108,56.64422087470115,21878000,0.0011012599398649847,GOOGL,1206,480,66.72000122070312,60.209999084472656,1.0
2019-07-15,57.0198974609375,57.028321905658885,56.49901495129465,56.76366653789222,21164000,0.0045141033556350685,GOOGL,1203,477,66.4800033569336,59.58000183105469,1.0
2019-07-16,57.166099548339844,57.419850021817865,56.83255506449351,56.83255506449351,25352000,0.002564053846334957,GOOGL,1202,476,64.3499984741211,57.619998931884766,1.0
2019-07-17,56.83304977416992,57.412907127041954,56.827101995722224,57.0402124477823,19538000,-0.005826001367966183,GOOGL,1201,475,63.65999984741211,56.779998779296875,1.0
2019-07-18,56.85783386230469,56.903926314334115,56.145155318337636,56.59813560223208,25450000,0.00043608583796306277,GOOGL,1200,474,61.93000030517578,55.29999923706055,1.0
2019-07-19,56.08022689819336,57.07292367051012,56.065359341587055,56.96091788165153,23184000,-0.01367633818049585,GOOGL,1199,473,62.470001220703125,55.630001068115234,1.0
2019-07-22,56.45985412597656,56.49999879330321,55.76600968268364,56.2744974586487,28914000,0.006769359697355926,GOOGL,1196,470,63.2599983215332,56.220001220703125,1.0
2019-07-23,56.89797592163086,56.93812059273154,56.14465740616326,56.66999790009238,20648000,0.007759881821103098,GOOGL,1195,469,63.83000183105469,56.77000045776367,1.0
2019-07-24,56.48562240600586,56.76960327372444,55.92955244502778,56.13324776518207,27192000,-0.007247244017835719,GOOGL,1194,468,63.18000030517578,55.880001068115234,1.0
2019-07-25,56.297794342041016,56.67693212783193,55.691669217875564,56.4469690096886,54762000,-0.003325236687927058,GOOGL,1193,467,63.38999938964844,56.02000045776367,1.0
2019-07-26,61.71377182006836,62.86208631623326,60.86033933505423,60.86033933505423,121216000,0.09620230315102951,GOOGL,1192,466,63.459999084472656,56.20000076293945,-1.0
2019-07-29,61.54625701904297,61.900616828766026,60.96937163592329,61.57896791155889,41382000,-0.0027143828044378093,GOOGL,1189,463,63.709999084472656,56.869998931884766,-1.0
2019-07-30,60.86034393310547,61.30192776469341,60.72751902548873,60.810780368739714,28616000,-0.011144675877288068,GOOGL,1188,462,64.72000122070312,58.04999923706055,1.0
2019-07-31,60.3746452331543,61.20280061587695,59.87804920339233,60.70521391987625,39960000,-0.007980544777811738,GOOGL,1187,461,65.16999816894531,58.58000183105469,1.0
2019-08-01,60.05646896362305,61.27169128892185,59.81956738563338,60.346397654914995,35426000,-0.005270031290494859,GOOGL,1186,460,60.5,53.95000076293945,1.0
2019-08-02,59.29025650024414,59.94346091286778,58.977032067919666,59.62132048533071,34910000,-0.01275820035045705,GOOGL,1185,459,61.88999938964844,55.65999984741211,1.0
2019-08-05,57.23003005981445,58.32680726802884,56.635305120848756,58.13302235950556,47840000,-0.034748145176622836,GOOGL,1182,456,59.810001373291016,54.689998626708984,1.0
2019-08-06,58.03935623168945,58.55081983916508,57.56605218187536,57.76379975882566,36014000,0.014141634575923323,GOOGL,1181,455,58.939998626708984,53.630001068115234,1.0
2019-08-07,58.27873229980469,58.474990088824434,57.03624777151568,57.38118868283496,30686000,0.004124374969971312,GOOGL,1180,454,56.22999954223633,51.09000015258789,1.0
2019-08-08,59.779422760009766,59.78388075791878,58.184068276743524,58.80010384530423,30116000,0.025750224841629032,GOOGL,1179,453,57.380001068115234,52.540000915527344,1.0
2019-08-09,58.922523498535156,59.69368535107968,58.723785256582595,59.472150441304976,20418000,-0.014334351552953484,GOOGL,1178,452,58.529998779296875,54.5,1.0
2019-08-12,58.2088508605957,58.75946847267966,57.92239327773425,58.48143533436757,22064000,-0.012112051479892805,GOOGL,1175,449,58.56999969482422,54.93000030517578,1.0
2019-08-13,59.310577392578125,59.741755408780435,58.134013799288674,58.201413132278304,28434000,0.01892713076609165,GOOGL,1174,448,61.29999923706055,57.099998474121094,1.0
2019-08-14,57.70085144042969,58.619701867209486,57.5432485539342,58.28665654098117,35430000,-0.02714062184041177,GOOGL,1173,447,59.47999954223633,55.22999954223633,1.0
2019-08-15,57.95212173461914,58.30400106323773,57.63890107349603,57.90801440320925,28506000,0.004354706870294045,GOOGL,1172,446,58.22999954223633,54.470001220703125,1.0
2019-08-16,58.44227981567383,58.67174761330674,58.13451157225545,58.520587823797115,24916000,0.008457983355627086,GOOGL,1171,445,58.63999938964844,54.869998931884766,1.0
2019-08-19,59.49444580078125,59.938014690087954,58.99685913675256,59.06772957995668,24450000,0.01800350685199037,GOOGL,1168,442,59.7400016784668,56.209999084472656,1.0
2019-08-20,58.65638732910156,59.37353146496362,58.63259999289975,59.24219632974923,20206000,-0.014086331259996032,GOOGL,1167,441,60.029998779296875,56.34000015258789,1.0
2019-08-21,59.05534362792969,59.50039855370916,58.87395339234102,59.26548209084223,14152000,0.006801583203372541,GOOGL,1166,440,60.29999923706055,55.68000030517578,1.0
2019-08-22,59.052371978759766,59.41218045329354,58.42741281307858,59.165368431532706,17352000,-5.031973378466503e-05,GOOGL,1165,439,59.91999816894531,55.349998474121094,1.0
2019-08-23,57.17204666137695,59.25804953847052,56.99461908714988,58.737662373468076,36254000,-0.03184165604828093,GOOGL,1164,438,59.34000015258789,54.16999816894531,1.0
2019-08-26,58.0443000793457,58.07800163323653,57.23497879641141,57.462956782357764,21166000,0.015256641469125753,GOOGL,1161,435,58.70000076293945,53.63999938964844,1.0
2019-08-27,58.02646255493164,58.72923053710072,57.716213896237164,58.63011098537049,23460000,-0.00030730880361518054,GOOGL,1160,434,59.5099983215332,54.93000030517578,1.0
2019-08-28,58.17168045043945,58.4070922455493,57.50261395548607,57.73158263877487,16810000,0.0025026149986369095,GOOGL,1159,433,60.4900016784668,55.779998779296875,1.0
2019-08-29,59.18717575073242,59.43249798171872,58.74311150706316,58.79960973109826,19636000,0.017456867197744863,GOOGL,1158,432,61.08000183105469,56.709999084472656,1.0
2019-08-30,59.00330352783203,59.48998909332239,58.764915966654016,59.48998909332239,18064000,-0.0031066226858800228,GOOGL,1157,431,60.43000030517578,55.099998474121094,1.0
2019-09-03,57.963523864746094,58.93143877153899,57.67409052559713,58.573116319883106,25908000,-0.017622397406875212,GOOGL,1153,427,58.2599983215332,53.939998626708984,1.0
2019-09-04,58.593929290771484,58.72328306671025,58.06165041346439,58.45416973899573,21312000,0.010875898910087,GOOGL,1152,426,60.70000076293945,56.2599983215332,1.0
2019-09-05,60.07678985595703,60.16649430936751,59.110357089491124,59.158430872186315,26394000,0.025307409541129644,GOOGL,1151,425,60.95000076293945,56.29999923706055,1.0
2019-09-06,59.78586959838867,60.11445317976544,59.63421069314769,59.92562916495769,18972000,-0.004842473412209336,GOOGL,1150,424,61.540000915527344,56.52000045776367,1.0
2019-09-09,59.733829498291016,60.49111445401143,59.13414744573212,59.82353395054993,31854000,-0.0008704414679795436,GOOGL,1147,421,62.59000015258789,57.849998474121094,1.0
2019-09-10,59.75514221191406,59.96825268261143,59.27489970782787,59.27886615419613,27922000,0.0003567946974445402,GOOGL,1146,420,62.380001068115234,57.400001525878906,1.0
2019-09-11,60.4638557434082,60.58627108775235,59.58564144603767,59.665435454120896,23522000,0.01186029361256935,GOOGL,1145,419,60.810001373291016,55.75,1.0
2019-09-12,61.20577621459961,61.5749997893835,60.59072751009033,60.6358292920011,31644000,0.012270478984005129,GOOGL,1144,418,60.380001068115234,55.09000015258789,1.0
2019-09-13,61.45655059814453,61.50710482527738,60.814742564855344,61.06403124403574,23676000,0.004097233938601841,GOOGL,1143,417,60.220001220703125,54.849998474121094,1.0
2019-09-16,61.040245056152344,61.406496637334875,60.721072808839686,60.981266383780465,28218000,-0.006773981584393685,GOOGL,1140,414,69.0199966430664,62.900001525878906,1.0
2019-09-17,60.95351028442383,61.20726073791632,60.629880051304234,61.04024273315963,20806000,-0.0014209440287915598,GOOGL,1139,413,64.55000305175781,59.34000015258789,1.0
2019-09-18,61.09079360961914,61.26871650630097,60.288906022946065,60.97135405037176,17440000,0.002252262823826179,GOOGL,1138,412,63.599998474121094,58.11000061035156,1.0
2019-09-19,61.39311981201172,61.6701622968845,61.07395132127059,61.074446654433565,16554000,0.004948801358261923,GOOGL,1137,411,64.4000015258789,58.130001068115234,1.0
2019-09-20,60.9515266418457,61.593829971512335,60.64127797668327,61.13985530652676,37692000,-0.00719287717448136,GOOGL,1136,410,64.27999877929688,58.09000015258789,1.0
2019-09-23,61.191898345947266,61.439205689900824,60.65119121063101,60.78946477168961,20798000,0.003943653544791426,GOOGL,1133,407,64.7699966430664,58.63999938964844,1.0
2019-09-24,60.38108825683594,61.807439674243646,59.99996912431239,61.45506498727683,35804000,-0.013250284940130919,GOOGL,1132,406,63.099998474121094,57.290000915527344,1.0
2019-09-25,61.74945831298828,61.85254432397838,59.92860234092421,60.266109487642346,26798000,0.022662229112729193,GOOGL,1131,405,62.38999938964844,56.4900016784668,1.0
2019-09-26,61.56855773925781,61.68651508439093,61.04966036820678,61.5611239611923,23166000,-0.0029295896461721815,GOOGL,1130,404,62.7400016784668,56.40999984741211,1.0
2019-09-27,60.75874328613281,61.702375614305154,60.22596522411003,61.59532315628802,34122000,-0.013153052188660252,GOOGL,1129,403,61.90999984741211,55.90999984741211,1.0
2019-09-30,60.52035140991211,60.83109542237174,60.137746284839075,60.493588297306076,24470000,-0.003923581419352895,GOOGL,1126,400,60.779998779296875,54.06999969482422,1.0
2019-10-01,59.77000427246094,61.101202537473505,59.747702939259085,60.587258520609794,24504000,-0.012398261410760392,GOOGL,1125,399,58.88999938964844,53.619998931884766,1.0
2019-10-02,58.37834167480469,59.41118297863368,58.11616679366222,59.29917720496014,33030000,-0.023283628880338858,GOOGL,1124,398,57.689998626708984,52.63999938964844,1.0
2019-10-03,58.948787689208984,59.02659657988289,57.64584230969986,58.64696345554862,28368000,0.00977153509398998,GOOGL,1123,397,57.709999084472656,52.45000076293945,1.0
2019-10-04,60.01582336425781,60.09016491997894,59.02510803751147,59.189649370035795,24282000,0.01810106224193242,GOOGL,1122,396,58.369998931884766,52.810001373291016,1.0
2019-10-07,59.88151168823242,60.40982790071452,59.68872124767629,59.8195610228065,17040000,-0.0022379377386894106,GOOGL,1119,393,58.349998474121094,52.75,1.0
2019-10-08,58.98347854614258,59.81311988849005,58.95126298908241,59.41168077323603,20086000,-0.014996834862242125,GOOGL,1118,392,58.2400016784668,52.630001068115234,1.0
2019-10-09,59.591583251953125,59.89192147053786,59.37946347700178,59.53855614409171,15948000,0.010309746403559972,GOOGL,1117,391,58.31999969482422,52.59000015258789,1.0
2019-10-10,59.941978454589844,60.24677468043726,59.36658289240566,59.40325644739945,12842000,0.005879944507519497,GOOGL,1116,390,59.099998474121094,53.54999923706055,1.0
2019-10-11,60.251243591308594,60.897513455663706,60.14865291063316,60.66358764663134,22330000,0.005159408225956952,GOOGL,1115,389,60.5099983215332,54.70000076293945,1.0
2019-10-14,60.353336334228516,60.75527081360676,60.061426309275504,60.16104120555129,13296000,0.0016944503853302262,GOOGL,1112,386,59.349998474121094,53.59000015258789,1.0
2019-10-15,61.566078186035156,61.808428414409434,60.50944949117995,60.53819393584094,27584000,0.020094031671930246,GOOGL,1111,385,58.7400016784668,52.810001373291016,1.0
2019-10-16,61.6037483215332,62.15832857672024,61.38220963816174,61.54476964969111,22986000,0.0006118651148157017,GOOGL,1110,384,59.41999816894531,53.36000061035156,1.0
2019-10-17,62.089439392089844,62.632127870614525,61.94422738344138,62.020054943628764,20958000,0.007884115557735827,GOOGL,1109,383,59.90999984741211,53.93000030517578,1.0
2019-10-18,61.67362976074219,62.35260670842632,61.46200529642791,62.1831120286566,31624000,-0.006696946138003423,GOOGL,1108,382,59.41999816894531,53.779998779296875,1.0
2019-10-21,61.66718292236328,62.124624934248146,61.45456780462975,61.88624115161413,18094000,-0.00010453152188250048,GOOGL,1105,379,58.959999084472656,53.310001373291016,1.0
2019-10-22,61.5145378112793,61.88772782557242,61.44763002985822,61.67709403795767,22862000,-0.00247530540313734,GOOGL,1104,378,59.70000076293945,54.15999984741211,1.0
2019-10-23,62.32881546020508,62.34913546091626,61.46547254945289,61.46547254945289,21282000,0.013237157880042982,GOOGL,1103,377,61.16999816894531,55.970001220703125,1.0
2019-10-24,62.40216827392578,62.5900016171364,62.06713780900959,62.40216827392578,20224000,0.001176868406356002,GOOGL,1102,376,61.66999816894531,56.22999954223633,1.0
2019-10-25,62.659385681152344,62.84276102517835,61.908543864862274,62.049789425950415,27104000,0.004121930604998436,GOOGL,1101,375,62.02000045776367,56.65999984741211,1.0
2019-10-28,63.88254165649414,64.39103327521435,63.05637133582272,63.18968779546607,65428000,0.019520714447567755,GOOGL,1098,372,61.56999969482422,55.810001373291016,1.0
2019-10-29,62.47898483276367,63.47713397488909,62.22870171169887,63.23924174377669,52654000,-0.02197089826634635,GOOGL,1097,371,61.59000015258789,55.540000915527344,1.0
2019-10-30,62.48096466064453,62.843748886416854,61.982882658369164,62.205903547467116,29204000,3.168790091834239e-05,GOOGL,1096,370,60.61000061035156,55.060001373291016,1.0
2019-10-31,62.38679885864258,62.769407754215464,61.92489507485113,62.446272860682996,31904000,-0.001507111846198228,GOOGL,1095,369,60.22999954223633,54.18000030517578,1.0
2019-11-01,63.05339431762695,63.090566990184044,62.43190625413657,62.733730508182425,28812000,0.010684879993518637,GOOGL,1094,368,61.689998626708984,56.20000076293945,1.0
2019-11-04,63.913761138916016,64.05699181177549,63.244694669262756,63.244694669262756,30632000,0.013645051635999605,GOOGL,1091,365,62.130001068115234,56.540000915527344,1.0
2019-11-05,64.00445556640625,64.29190757525862,63.9023640108169,63.99256000959573,25148000,0.0014190125236583917,GOOGL,1090,364,62.959999084472656,57.22999954223633,1.0
2019-11-06,63.983150482177734,64.08127938150476,63.54999487986171,63.93755714570713,24626000,-0.00033286876733773507,GOOGL,1089,363,61.7400016784668,56.349998474121094,1.0
2019-11-07,64.77265930175781,65.55125504620854,64.11895558717978,64.14521959079758,45140000,0.012339323925601109,GOOGL,1088,362,62.290000915527344,57.150001525878906,1.0
2019-11-08,64.8747329711914,65.27667118223397,64.50401964958242,64.50401964958242,30392000,0.0015758758484512025,GOOGL,1087,361,62.5099983215332,57.2400016784668,1.0
2019-11-11,64.34345245361328,64.67154446385774,64.22401289593664,64.62693423524343,17234000,-0.00818932877633649,GOOGL,1084,358,62.18000030517578,56.86000061035156,1.0
2019-11-12,64.29042053222656,64.8920876877892,64.14322718981167,64.35782364879786,28852000,-0.0008242007440454335,GOOGL,1083,357,62.060001373291016,56.79999923706055,1.0
2019-11-13,64.2393798828125,64.55359504237842,64.03965096393655,64.09069674798155,20538000,-0.0007939075369475246,GOOGL,1082,356,62.369998931884766,57.119998931884766,1.0
2019-11-14,64.88215637207031,65.20777542613008,64.12834274141683,64.18087828808768,28948000,0.010005957255975861,GOOGL,1081,355,62.279998779296875,56.77000045776367,1.0
2019-11-15,66.0909652709961,66.0909652709961,65.01797533171812,65.1745913589685,39286000,0.018630837298221126,GOOGL,1080,354,63.29999923706055,57.720001220703125,1.0
2019-11-18,65.41197204589844,66.10978672468397,65.22959115607703,66.03147872144557,27984000,-0.01027361640601776,GOOGL,1077,351,62.439998626708984,57.04999923706055,1.0
2019-11-19,65.05266571044922,65.74849152659021,65.0120257076676,65.74849152659021,21864000,-0.005492975126894173,GOOGL,1076,350,60.90999984741211,55.209999084472656,1.0
2019-11-20,64.5208969116211,65.08340640543395,63.89395628586564,64.99172060218606,28892000,-0.008174435175263062,GOOGL,1075,349,62.400001525878906,57.11000061035156,1.0
2019-11-21,64.43565368652344,64.9798245027003,63.970274884212266,64.39154256099522,25546000,-0.001321172351562594,GOOGL,1074,348,63.970001220703125,58.58000183105469,1.0
2019-11-22,64.11497497558594,64.77065983947482,63.90136920577825,64.57737406908203,27776000,-0.004976727829868688,GOOGL,1073,347,63.38999938964844,57.77000045776367,1.0
2019-11-25,64.70822143554688,64.9446276928493,64.21113381502923,64.24334937614718,23590000,0.009252853333980626,GOOGL,1070,344,63.650001525878906,58.0099983215332,1.0
2019-11-26,65.0729751586914,65.12303026378767,64.62891476116123,64.91983028283337,21910000,0.005636899223197656,GOOGL,1069,343,64.2699966430664,58.40999984741211,1.0
2019-11-27,65.02986907958984,65.30295267218251,64.89804240112413,65.19292821457594,18808000,-0.0006624267446884158,GOOGL,1068,342,64.05999755859375,58.11000061035156,1.0
2019-11-29,64.63140106201172,64.9218250921024,64.58877972481791,64.7558015227708,12802000,-0.0061274614760555846,GOOGL,1066,340,62.43000030517578,55.16999816894531,1.0
2019-12-02,63.876590728759766,64.69830674310012,63.456313830417564,64.55556762557949,26538000,-0.011678693651213545,GOOGL,1063,337,60.91999816894531,55.959999084472656,1.0
2019-12-03,64.16799926757812,64.29140903903541,63.29127489510686,63.37106510888503,25270000,0.004562055292771872,GOOGL,1062,336,60.81999969482422,56.099998474121094,1.0
2019-12-04,65.36737060546875,65.63153061632272,64.5798514663001,64.73101503038244,35506000,0.018691113196303455,GOOGL,1061,335,63.0,58.43000030517578,1.0
2019-12-05,65.76485443115234,65.8154086629345,65.13841301033878,65.7668357637966,24408000,0.006080768156985439,GOOGL,1060,334,63.38999938964844,58.43000030517578,1.0
2019-12-06,66.3808822631836,66.5335280445516,65.97647114352957,66.05179958683928,32968000,0.009367128344762943,GOOGL,1059,333,64.38999938964844,59.20000076293945,1.0
2019-12-09,66.5593032836914,67.2809091155048,66.21634370373974,66.35462104976114,30842000,0.0026878374379000203,GOOGL,1056,330,64.25,59.02000045776367,1.0
2019-12-10,66.5543441772461,66.80759928466084,66.11374729265123,66.40814151393428,17606000,-7.450658586638514e-05,GOOGL,1055,329,64.33999633789062,59.2400016784668,1.0
2019-12-11,66.62174987792969,66.90126899298782,66.46563298459978,66.82246943725745,20480000,0.0010127918998656948,GOOGL,1054,328,63.720001220703125,58.7599983215332,1.0
2019-12-12,66.8318862915039,67.1337067474379,66.32191249314344,66.57020672354811,29114000,0.003154171332323985,GOOGL,1053,327,64.19999694824219,59.18000030517578,1.0
2019-12-13,66.75160217285156,66.9736324221348,66.49339369766332,66.80264795563977,33170000,-0.0012012846428149926,GOOGL,1052,326,65.22000122070312,60.06999969482422,1.0
2019-12-16,67.43702697753906,67.57727809571605,66.93695982340492,67.15452828398682,28128000,0.010268289934264097,GOOGL,1049,323,65.33999633789062,60.209999084472656,1.0
2019-12-17,67.14907836914062,67.61692998157208,66.94488767655888,67.52177308054043,32948000,-0.004269888832648894,GOOGL,1048,322,66.0999984741211,60.939998626708984,1.0
2019-12-18,67.00137329101562,67.37406793225061,66.92951596737431,67.2536377197703,23330000,-0.002199659052846803,GOOGL,1047,321,66.16999816894531,60.93000030517578,1.0
2019-12-19,67.22589111328125,67.27991645266661,66.84477198828064,67.00138043639537,28922000,0.0033509435887297823,GOOGL,1046,320,66.54000091552734,61.220001220703125,1.0
2019-12-20,66.9671859741211,67.60056957774427,66.9429033073999,67.55596690931648,50090000,-0.0038482961679781047,GOOGL,1045,319,66.13999938964844,60.439998626708984,1.0
2019-12-23,66.93795776367188,67.49402409017587,66.80761329394315,67.3393969509009,19936000,-0.0004364557062396246,GOOGL,1042,316,66.38999938964844,60.52000045776367,1.0
2019-12-24,66.63066864013672,67.00634289086061,66.61778997900616,66.91712999282349,13468000,-0.004590655792339193,GOOGL,1041,315,67.19999694824219,61.11000061035156,1.0
2019-12-26,67.52473449707031,67.5609202794814,66.68418830496807,66.7357331937693,23662000,0.013418233302780136,GOOGL,1039,313,67.91999816894531,61.68000030517578,1.0
2019-12-27,67.13668060302734,67.7517254677275,67.05540060541519,67.60056191429713,23212000,-0.005746840723376834,GOOGL,1038,312,68.16000366210938,61.720001220703125,1.0
2019-12-30,66.39673614501953,67.25363966980721,66.30405970566383,67.24422456030106,19994000,-0.0110214632502168,GOOGL,1035,309,68.44000244140625,61.68000030517578,1.0
2019-12-31,66.3808822631836,66.4438235977551,66.02107380979206,66.20246403579617,19514000,-0.00023877501751456975,GOOGL,1034,308,66.0,61.060001373291016,1.0
2020-01-02,67.83251953125,67.83251953125,66.73277402795259,66.82793093236997,27278000,0.02186830332129408,GOOGL,1032,306,66.25,61.18000030517578,1.0
2020-01-03,67.4776611328125,68.08379009099887,66.77390239021686,66.80760773096915,23408000,-0.005231390502515865,GOOGL,1031,305,68.5999984741211,63.04999923706055,1.0
2020-01-06,69.2762222290039,69.30149556378939,66.95629344220531,66.98751077493854,46768000,0.026654170669184962,GOOGL,1028,302,68.91000366210938,63.27000045776367,1.0
2020-01-07,69.14239501953125,69.55821012407621,68.96645724727993,69.40754568235849,34330000,-0.0019317913876750747,GOOGL,1027,301,68.2699966430664,62.70000076293945,1.0
2020-01-08,69.6345443725586,69.97205154999614,69.01949936379778,69.12803404922425,35314000,0.007117910117060866,GOOGL,1026,300,65.44000244140625,59.61000061035156,1.0
2020-01-09,70.36554718017578,70.80613648268411,69.8907534284605,70.47160139102655,33200000,0.010497703606792808,GOOGL,1025,299,65.37000274658203,59.560001373291016,1.0
2020-01-10,70.82002258300781,71.11639816188107,70.3561412229082,70.84530347811571,26258000,0.006458777356883383,GOOGL,1024,298,64.9800033569336,59.040000915527344,-1.0
2020-01-13,71.36865997314453,71.44051730380278,70.64210083819175,71.1317546271615,30730000,0.007746924812028544,GOOGL,1021,295,64.19999694824219,58.08000183105469,-1.0
2020-01-14,70.90081024169922,71.49751649539529,70.76104311691866,71.36717204334909,26076000,-0.006555394645511914,GOOGL,1020,294,64.48999786376953,58.22999954223633,-1.0
2020-01-15,71.32752990722656,71.40583792168397,70.95384451597616,71.02124763841545,21550000,0.006018544274355442,GOOGL,1019,293,64.0,57.810001373291016,-1.0
2020-01-16,71.87071228027344,71.89747539401914,71.3671740127522,71.63727803469492,26080000,0.007615325720004229,GOOGL,1018,292,64.62000274658203,58.52000045776367,-1.0
2020-01-17,73.32579040527344,73.37683617620014,72.18738652790725,72.48425360694407,52424000,0.02024577298365493,GOOGL,1017,291,64.8499984741211,58.540000915527344,-1.0
2020-01-21,73.46111297607422,73.83926013588128,72.8643991173482,73.30003517222072,48930000,0.0018454976080428676,GOOGL,1013,287,64.58999633789062,58.34000015258789,-1.0
2020-01-22,73.54138946533203,74.36954862534002,73.48142768998797,73.831821043348,28458000,0.001092775293017434,GOOGL,1012,286,63.209999084472656,56.7400016784668,-1.0
2020-01-23,73.58201599121094,74.0186501633295,73.365438242496,73.72376442243804,26650000,0.0005524307627891023,GOOGL,1011,285,62.040000915527344,55.59000015258789,-1.0
2020-01-24,72.66416931152344,74.05334797496889,72.51597775102503,73.98495419699645,29786000,-0.012473790875709767,GOOGL,1010,284,60.689998626708984,54.189998626708984,-1.0
2020-01-27,70.95732116699219,71.19769011279396,70.35119213207136,70.94790605491029,34132000,-0.023489543205451158,GOOGL,1007,281,59.31999969482422,53.13999938964844,-1.0
2020-01-28,71.8875503540039,72.10065700330917,70.88939752782218,71.45339660181743,29724000,0.013109699911338257,GOOGL,1006,280,59.5099983215332,53.47999954223633,-1.0
2020-01-29,72.19482421875,72.56355620090642,71.63429624956653,72.28204821190393,21566000,0.004274368277023655,GOOGL,1005,279,59.810001373291016,53.33000183105469,-1.0
2020-01-30,72.07341766357422,72.1229736667599,71.11937574477422,71.27301221062503,27110000,-0.0016816517872240144,GOOGL,1004,278,58.290000915527344,52.13999938964844,-1.0
2020-01-31,71.00935363769531,72.83763974165787,70.72586425069801,72.74793528121658,43822000,-0.014763612721208297,GOOGL,1003,277,58.15999984741211,51.560001373291016,-1.0
2020-02-03,73.47844696044922,73.66182608356632,72.19036913116597,72.44015314026151,71636000,0.03477138146266956,GOOGL,1000,274,54.45000076293945,50.11000061035156,-1.0
2020-02-04,71.63528442382812,72.72214343718149,70.47656052595002,72.08529638672556,95880000,-0.02508439702887566,GOOGL,999,273,53.959999084472656,49.61000061035156,-1.0
2020-02-05,71.66699981689453,72.58535483314986,70.85569723570985,72.53728106020947,36376000,0.00044273423804330747,GOOGL,998,272,55.279998779296875,50.75,-1.0
2020-02-06,73.14987182617188,73.42691809405072,71.88657563140107,71.96091341803267,37822000,0.020691141153752923,GOOGL,997,271,54.93000030517578,50.95000076293945,-1.0
2020-02-07,73.30547332763672,73.60977419551057,72.62649648623446,72.72462536770595,28360000,0.0021271602749297625,GOOGL,996,270,54.470001220703125,50.31999969482422,-1.0
2020-02-10,74.77001190185547,74.78091679492809,73.11171948324092,73.21232884346149,38302000,0.01997857059967445,GOOGL,993,267,53.27000045776367,49.56999969482422,-1.0
2020-02-11,74.8393783569336,75.82167304144915,74.61090502112194,74.99846724762173,34852000,0.0009277309621025243,GOOGL,992,266,54.0099983215332,49.939998626708984,-1.0
2020-02-12,75.26412200927734,75.34688423463207,74.7704979689078,75.12683532807398,31042000,0.005675403265885004,GOOGL,991,265,55.790000915527344,51.16999816894531,-1.0
2020-02-13,75.00443267822266,75.62691146706999,74.53905391439585,74.83642019839783,22914000,-0.0034503734863562396,GOOGL,990,264,56.34000015258789,51.41999816894531,-1.0
2020-02-14,75.26907348632812,75.33449526939701,74.6158614465477,75.06092014232502,23198000,0.003528335575055941,GOOGL,989,263,57.31999969482422,52.04999923706055,-1.0
2020-02-18,75.30426025390625,75.85537316720415,74.8864637897621,75.05150424505347,25642000,0.0004674797489638838,GOOGL,985,259,57.75,52.04999923706055,-1.0
2020-02-19,75.57337951660156,75.8643026659883,75.38059282964247,75.68885642045224,22746000,0.003573758799142457,GOOGL,984,258,59.119998931884766,53.290000915527344,-1.0
2020-02-20,75.18283081054688,75.6823987740962,74.55192018289029,75.2829410240114,25962000,-0.0051678078782873005,GOOGL,983,257,59.310001373291016,53.779998779296875,-1.0
2020-02-21,73.52107238769531,74.8834956332235,73.27475947782071,74.56779071017739,42520000,-0.022102897761844376,GOOGL,982,256,58.5,53.380001068115234,-1.0
2020-02-24,70.36902618408203,71.18777031653599,69.72127408586704,70.52712443129799,49560000,-0.042872690797976176,GOOGL,979,253,56.29999923706055,51.43000030517578,-1.0
2020-02-25,68.70677185058594,71.21106293016649,68.4143664703446,70.92113799695146,51580000,-0.023621960166788636,GOOGL,978,252,54.95000076293945,49.900001525878906,-1.0
2020-02-26,68.91242980957031,70.06223775405306,68.22254806781541,69.13594979993545,49776000,0.0029932705822885985,GOOGL,977,251,53.43000030517578,48.72999954223633,-1.0
2020-02-27,65.16963195800781,67.8682070863749,65.13444439685422,67.35971544400063,62290000,-0.05431237676432521,GOOGL,976,250,52.18000030517578,47.09000015258789,-1.0
2020-02-28,66.37394714355469,66.53253692106605,62.85316484722115,63.15548440926263,80198000,0.01847969904637292,GOOGL,975,249,50.52000045776367,44.7599983215332,-1.0
2020-03-02,68.70677185058594,68.76376163348303,65.67763179244827,66.97562400936349,55430000,0.035146692451268224,GOOGL,972,246,51.900001525878906,46.75,-1.0
2020-03-03,66.29811096191406,69.79063991140406,65.8778341158577,69.26976130406855,56602000,-0.03505711043898119,GOOGL,971,245,51.86000061035156,47.18000030517578,-1.0
2020-03-04,68.47283172607422,68.5313112774351,66.26242870695833,67.35077754870201,47598000,0.03280215277037768,GOOGL,970,244,51.130001068115234,46.779998779296875,-1.0
2020-03-05,65.16020965576172,67.08663199651346,64.50997717418309,66.68617596648993,54380000,-0.04837863407730314,GOOGL,969,243,49.9900016784668,45.900001525878906,-1.0
2020-03-06,64.21756744384766,64.56498121361302,62.307997902917315,62.93940012057122,64640000,-0.014466531291013274,GOOGL,968,242,45.27000045776367,41.279998779296875,-1.0
2020-03-09,60.25520706176758,62.085973437860574,59.37550676498299,59.718466349939796,69252000,-0.061702125131799734,GOOGL,965,239,34.36000061035156,31.1299991607666,-1.0
2020-03-10,63.1981086730957,63.23181023125932,60.19176558217221,62.16824305070715,54872000,0.048840619007604724,GOOGL,964,238,37.220001220703125,34.36000061035156,-1.0
2020-03-11,60.012855529785156,62.2941293736132,59.03354029669556,61.86493643205561,54732000,-0.05040108335815674,GOOGL,963,237,35.790000915527344,32.97999954223633,-1.0
2020-03-12,55.089012145996094,58.91508605796514,54.93636636348303,55.63764838838644,94326000,-0.08204647721429115,GOOGL,962,236,33.220001220703125,31.5,1.0
2020-03-13,60.179874420166016,60.18631753199108,55.125688027826726,58.23313582495067,79400000,0.09241157312238957,GOOGL,961,235,33.849998474121094,31.729999542236328,-1.0
2020-03-16,53.17844772338867,56.77009620061681,52.88504797774711,54.00164584986106,96520000,-0.11634166345869268,GOOGL,958,232,30.049999237060547,28.700000762939453,1.0
2020-03-17,55.41164779663086,55.805157781992705,51.99395547610947,54.05269962443052,83194000,0.04199445769568766,GOOGL,957,231,28.729999542236328,26.950000762939453,1.0
2020-03-18,54.07997131347656,54.76390545531568,51.394282304440196,52.53120432285132,93044000,-0.024032428850370047,GOOGL,956,230,24.8799991607666,20.3700008392334,1.0
2020-03-19,55.0949592590332,57.12396841730102,52.313622306797946,53.932764120819286,74064000,0.018768278179609688,GOOGL,955,229,28.469999313354492,25.219999313354492,1.0
2020-03-20,52.941062927246094,56.4236822135708,52.638248003789414,56.048011724837686,82878000,-0.03909425400716604,GOOGL,954,228,26.979999542236328,22.43000030517578,1.0
2020-03-23,52.243247985839844,52.8766315654061,50.00013767795823,52.35426310073486,83672000,-0.013180977162570717,GOOGL,951,225,27.030000686645508,23.360000610351562,1.0
2020-03-24,56.00389862060547,56.1684399560884,53.84404970701331,54.71383949660357,72468000,0.07198347690375084,GOOGL,950,224,27.149999618530273,24.010000228881836,1.0
2020-03-25,54.59687805175781,56.80479702099747,53.67455646153341,55.73478676010555,90324000,-0.02512361823914111,GOOGL,949,223,27.389999389648438,24.489999771118164,1.0
2020-03-26,57.63494110107422,58.05918070033342,54.121596084192674,55.24612330659313,76562000,0.05564536211093096,GOOGL,948,222,26.34000015258789,22.600000381469727,1.0
2020-03-27,55.025081634521484,57.04665709426184,54.71483294886179,55.878018798817905,62794000,-0.045282591023661056,GOOGL,947,221,24.93000030517578,21.510000228881836,1.0
2020-03-30,56.811744689941406,57.04418451497633,54.441760661598245,56.134253667043026,58736000,0.032469975552003705,GOOGL,944,218,22.760000228881836,20.09000015258789,1.0
2020-03-31,57.58686447143555,58.154330943122716,56.33645085139658,56.93167488332719,65228000,0.013643653891012741,GOOGL,943,217,22.739999771118164,20.479999542236328,1.0
2020-04-01,54.62066650390625,55.974661472404435,54.19395025688407,55.706043456891315,51970000,-0.051508238810269,GOOGL,942,216,24.739999771118164,20.309999465942383,1.0
2020-04-02,55.36061096191406,55.645087218791915,54.17611436881151,54.51659352115847,56410000,0.01354696867265237,GOOGL,941,215,29.940000534057617,25.31999969482422,1.0
2020-04-03,54.15479278564453,55.4478276673134,53.28153946046502,55.24562211424247,51374000,-0.02178115731235497,GOOGL,940,214,34.11000061035156,28.34000015258789,1.0
2020-04-06,58.63953399658203,59.014210036271294,55.755606124149715,56.1520919468335,63320000,0.08281337588510396,GOOGL,937,211,33.04999923706055,26.079999923706055,1.0
2020-04-07,58.608306884765625,60.50251369057454,58.34514131104988,60.315667229775336,61620000,-0.0005325266025856257,GOOGL,936,210,31.8700008392334,23.6299991607666,1.0
2020-04-08,59.81956100463867,60.211089663751835,58.677190583284805,59.62627523106197,40334000,0.02066693587061974,GOOGL,935,209,32.84000015258789,25.09000015258789,1.0
2020-04-09,59.798255920410156,60.56247930945825,59.09697386880248,60.373655297137006,54028000,-0.0003561558104190343,GOOGL,934,208,31.479999542236328,22.760000228881836,1.0
2020-04-13,59.98856735229492,60.192262693866695,58.59690819494701,59.54698356017191,38702000,0.0031825582361142413,GOOGL,930,204,31.739999771118164,22.40999984741211,1.0
2020-04-14,62.705482482910156,63.22685654351929,60.88710314879472,61.45358277533107,63358000,0.04529054869171323,GOOGL,929,203,29.600000381469727,20.110000610351562,1.0
2020-04-15,62.31245803833008,63.19513022880909,61.15769674468202,61.77769872269355,42236000,-0.006267784394884401,GOOGL,928,202,27.690000534057617,19.8700008392334,1.0
2020-04-16,62.31889724731445,63.10839766356857,61.36584995080172,62.80013034091247,57896000,0.00010333742540558077,GOOGL,927,201,27.81999969482422,19.8700008392334,1.0
2020-04-17,63.38792419433594,63.93308931599049,62.74363573527321,63.52173597337611,51050000,0.017154137737370734,GOOGL,926,200,28.079999923706055,18.270000457763672,1.0
2020-04-20,62.50326919555664,63.27988346361511,62.26983873721597,62.93642855436658,35292000,-0.013956207117101771,GOOGL,923,197,25.56999969482422,-37.630001068115234,1.0
2020-04-21,60.07529830932617,61.95066721324188,59.72044319356517,61.58937276726455,49648000,-0.038845502282992106,GOOGL,922,196,19.329999923706055,10.010000228881836,1.0
2020-04-22,62.36748123168945,63.43154382404846,61.316301082632826,61.510082220526535,46296000,0.038155165049050366,GOOGL,921,195,20.3700008392334,13.779999732971191,1.0
2020-04-23,62.9998664855957,63.84140722065894,62.472544668602076,62.73075313152235,34202000,0.010139663193339477,GOOGL,920,194,21.329999923706055,16.5,1.0
2020-04-24,63.26897430419922,63.323986522653996,61.65329997024948,62.19846504307865,37402000,0.004271561728865558,GOOGL,919,193,21.440000534057617,16.940000534057617,1.0
2020-04-27,62.984500885009766,64.1362902612002,62.697048874068805,64.03220981010499,44186000,-0.004496254638516772,GOOGL,916,190,19.989999771118164,12.779999732971191,1.0
2020-04-28,61.08781814575195,63.673388769392936,60.97828903607546,63.5960789970159,80700000,-0.030113483676254993,GOOGL,915,189,20.459999084472656,12.34000015258789,1.0
2020-04-29,66.51915740966797,67.40975873675693,65.75344808139765,66.65891696341713,108358000,0.08891034953903842,GOOGL,914,188,22.540000915527344,15.0600004196167,1.0
2020-04-30,66.74317169189453,66.90672236515653,65.49424409029045,65.98291477764961,55842000,0.003367665661291097,GOOGL,913,187,25.270000457763672,18.84000015258789,1.0
2020-05-01,65.2870864868164,66.97760179374693,64.90745711448741,65.62261230338001,48872000,-0.021816242293666077,GOOGL,912,186,26.440000534057617,19.780000686645508,1.0
2020-05-04,65.56362915039062,65.64144560406487,64.23094864842768,64.83162512222222,30806000,0.004235794219888511,GOOGL,909,183,27.200000762939453,20.389999389648438,1.0
2020-05-05,66.85814666748047,67.94798532924645,66.16480134457395,66.28721289666468,39666000,0.019744445721887383,GOOGL,908,182,30.969999313354492,24.559999465942383,1.0
2020-05-06,66.68022155761719,67.83300144803609,66.66535400404054,67.30319927689018,31732000,-0.0026612330543380747,GOOGL,907,181,29.719999313354492,23.989999771118164,1.0
2020-05-07,67.86225128173828,68.19530421185752,67.0326098611395,67.4672552406405,30652000,0.017726841580748554,GOOGL,906,180,29.459999084472656,23.549999237060547,1.0
2020-05-08,68.6086196899414,69.21821202703752,67.9975375726668,68.48372771203395,33326000,0.010998285410610542,GOOGL,905,179,30.969999313354492,24.739999771118164,1.0
2020-05-11,69.56266021728516,70.15441305900524,68.1705096660743,68.23444165998997,32718000,0.013905549064465728,GOOGL,902,176,29.6299991607666,24.139999389648438,1.0
2020-05-12,68.1546630859375,70.09495481486462,68.12145686010034,69.79214367959435,33918000,-0.02024070279873791,GOOGL,901,175,29.979999542236328,25.780000686645508,1.0
2020-05-13,66.8239517211914,68.65769754561923,65.81688281069327,68.20322375431489,40368000,-0.019524876281292403,GOOGL,900,174,29.190000534057617,25.290000915527344,1.0
2020-05-14,67.24671173095703,67.27198506358019,65.5834587375986,66.08996899266552,36660000,0.006326474248776748,GOOGL,899,173,31.1299991607666,27.559999465942383,1.0
2020-05-15,68.0495834350586,68.1249118737089,66.36154882389845,66.82048436815816,41544000,0.011939196481661751,GOOGL,898,172,32.5,29.43000030517578,1.0
2020-05-18,68.65027618408203,69.02594292518434,67.11488697978334,67.48064705708735,47094000,0.008827280325627518,GOOGL,895,169,34.810001373291016,31.81999969482422,1.0
2020-05-19,68.11601257324219,69.01255809121812,68.0842961241777,68.66514424524233,31586000,-0.007782395651362628,GOOGL,894,168,34.650001525878906,32.5,1.0
2020-05-20,69.83872985839844,69.98096987690036,68.76128572867,68.84751907073908,38262000,0.025290929695919617,GOOGL,893,167,35.75,33.4900016784668,1.0
2020-05-21,69.71928405761719,70.20051340358503,69.10671203417986,69.92941872936086,30894000,-0.0017103088934096178,GOOGL,892,166,36.060001373291016,33.91999816894531,1.0
2020-05-22,70.04092407226562,70.22726760663576,69.18402059567988,69.57802589109073,28544000,0.004613357968257903,GOOGL,891,165,35.130001068115234,33.25,1.0
2020-05-26,70.44385528564453,71.62042645531723,70.34622550732381,71.46430955805518,44590000,0.00575279693573405,GOOGL,887,161,36.16999816894531,34.349998474121094,1.0
2020-05-27,70.38984680175781,70.64112062612338,69.11713546623467,70.3759699104432,31684000,-0.0007666883600807584,GOOGL,886,160,34.7400016784668,32.810001373291016,1.0
2020-05-28,70.28874206542969,71.58821644638739,69.33916194732967,69.38475528420979,35170000,-0.0014363539760623434,GOOGL,885,159,35.290000915527344,33.709999084472656,1.0
2020-05-29,71.04601287841797,71.20510175495606,70.17672227813974,70.3972627024626,37044000,0.010773714121720346,GOOGL,884,158,35.33000183105469,35.4900016784668,1.0
2020-06-01,71.1129150390625,71.44546878558273,70.48894665645001,70.65844886621701,25162000,0.0009416736834904071,GOOGL,881,155,38.31999969482422,35.439998626708984,1.0
2020-06-02,71.48165130615234,71.5158481937541,70.45574467809989,71.1193624308014,23442000,0.0051852222185984065,GOOGL,880,154,39.56999969482422,36.810001373291016,1.0
2020-06-03,71.33000183105469,71.8137116263457,70.9518547053143,71.50098628255836,27732000,-0.0021215161139486183,GOOGL,879,153,39.790000915527344,37.290000915527344,1.0
2020-06-04,70.09345245361328,71.43258345102366,69.68259827012282,71.20757368873142,26982000,-0.017335613987087495,GOOGL,878,152,39.9900016784668,37.40999984741211,1.0
2020-06-05,71.3681640625,71.67940719980339,69.76239993864283,70.1598764140095,42642000,0.018185887044589455,GOOGL,877,151,42.29999923706055,39.54999923706055,1.0
2020-06-08,71.76564025878906,71.81321492577551,70.59799261823765,70.6872055170517,33878000,0.005569376787400326,GOOGL,874,148,40.79999923706055,38.189998626708984,1.0
2020-06-09,71.96585845947266,72.74495316037958,71.48412999551343,71.62686911667684,33624000,0.0027898894228715054,GOOGL,873,147,41.18000030517578,38.939998626708984,1.0
2020-06-10,72.59131622314453,72.99126556620439,72.07886198518231,72.43321799548916,31762000,0.008691034569178413,GOOGL,872,146,41.72999954223633,39.599998474121094,1.0
2020-06-11,69.4789047241211,71.94206354627978,69.305938967106,71.4182053825884,47144000,-0.04287581023404974,GOOGL,871,145,38.54999923706055,36.34000015258789,1.0
2020-06-12,70.02507781982422,71.09508812261465,68.68099326977082,70.6663867539515,36676000,0.007860991733704026,GOOGL,870,144,38.72999954223633,36.2599983215332,1.0
2020-06-15,70.41264343261719,70.62376878994888,68.75038100177098,68.86387657318849,30468000,0.005534668790946329,GOOGL,867,141,39.720001220703125,37.119998931884766,1.0
2020-06-16,71.68782806396484,72.21812185182957,70.82150937457023,71.81321161861592,30648000,0.018110165577975623,GOOGL,866,140,40.959999084472656,38.380001068115234,1.0
2020-06-17,71.98866271972656,72.46741921038576,71.12581508481102,72.00849116981989,30610000,0.004196453761903474,GOOGL,865,139,40.709999084472656,37.959999084472656,1.0
2020-06-18,71.07575988769531,72.00997330472221,70.68521806962335,71.85534618092774,34862000,-0.012681202810857273,GOOGL,864,138,41.5099983215332,38.84000015258789,1.0
2020-06-19,70.6059341430664,71.59020277508219,70.32640741745521,71.36718184428655,52784000,-0.006610210645250469,GOOGL,863,137,42.189998626708984,39.75,1.0
2020-06-22,71.8954849243164,71.90986092830514,70.33582083244812,70.62426351742366,29442000,0.018264056653326532,GOOGL,860,134,43.08000183105469,40.459999084472656,1.0
2020-06-23,72.55563354492188,73.11170737614935,71.61497701926105,71.96189927090062,37752000,0.009182059503463957,GOOGL,859,133,42.630001068115234,40.369998931884766,1.0
2020-06-24,71.00537109375,73.14092954173177,70.87155554973336,72.52093138540484,31592000,-0.021366534553268757,GOOGL,858,132,40.310001373291016,38.0099983215332,1.0
2020-06-25,71.42169189453125,71.48215278669201,70.35316378712089,70.93203051023997,23958000,0.0058632297017584545,GOOGL,857,131,41.04999923706055,38.720001220703125,1.0
2020-06-26,67.52821350097656,71.21948135641514,67.15452813817328,71.00191289630564,97640000,-0.05451394793761266,GOOGL,856,130,41.02000045776367,38.4900016784668,1.0
2020-06-29,69.24449157714844,69.28563069385827,66.98849501522294,67.41917770561653,45074000,0.025415718663237774,GOOGL,853,127,41.709999084472656,39.70000076293945,1.0
2020-06-30,70.27930450439453,70.57419025687216,68.73698108421948,69.23011349005918,40286000,0.014944335696264854,GOOGL,852,126,41.150001525878906,39.27000045776367,1.0
2020-07-01,71.46630096435547,71.78745836250906,70.08752781778017,70.3348389789325,42182000,0.016889701290181636,GOOGL,851,125,42.029998779296875,39.81999969482422,1.0
2020-07-02,72.85051727294922,73.77185199898827,71.91580477152797,71.95397188987388,57218000,0.019368797459996534,GOOGL,850,124,43.13999938964844,40.650001525878906,1.0
2020-07-06,74.32344818115234,74.83640148976822,73.19991179517179,73.75350510202594,44712000,0.02021853740151891,GOOGL,846,120,43.099998474121094,40.630001068115234,1.0
2020-07-07,73.84123229980469,75.39743275025508,73.83032740946122,74.1490043020227,42364000,-0.006488071976589738,GOOGL,845,119,43.08000183105469,40.619998931884766,1.0
2020-07-08,74.51923370361328,74.89440889434763,73.95919714065299,74.38046478643815,31766000,0.009181880944995946,GOOGL,844,118,43.290000915527344,40.900001525878906,1.0
2020-07-09,75.26560974121094,75.78500626699903,74.12225223661837,74.83294567449893,41836000,0.010015884497232452,GOOGL,843,117,42.349998474121094,39.619998931884766,1.0
2020-07-10,76.27415466308594,76.38963154936391,74.37648449858449,74.99747336522512,35918000,0.01339981068834395,GOOGL,842,116,43.2400016784668,40.54999923706055,1.0
2020-07-13,74.94693756103516,78.12525214839029,74.6659286390458,76.81586355325133,42954000,-0.017400613719198765,GOOGL,839,113,42.720001220703125,40.099998474121094,1.0
2020-07-14,75.37464141845703,75.47078898613607,73.64349364825239,73.98348124835574,38108000,0.005706755623918092,GOOGL,838,112,42.900001525878906,40.290000915527344,1.0
2020-07-15,75.17738342285156,76.14133186204778,74.23325586952488,75.49209008651471,31026000,-0.002617033950587655,GOOGL,837,111,43.790000915527344,41.20000076293945,1.0
2020-07-16,75.08025360107422,75.12931805048628,73.7594610074224,74.41514596762937,26484000,-0.0012920085450569552,GOOGL,836,110,43.369998931884766,40.75,1.0
2020-07-17,75.17589569091797,75.50200636800437,74.24663566725596,75.1788676895288,34264000,0.0012738647681176385,GOOGL,835,109,43.13999938964844,40.59000015258789,1.0
2020-07-20,77.50475311279297,77.76098024738981,74.47462260455251,75.08421510478026,30166000,0.030978778509670013,GOOGL,832,106,43.279998779296875,40.810001373291016,1.0
2020-07-21,77.11222076416016,78.65504339573445,76.94867010071032,78.55493317782401,27486000,-0.005064622914952799,GOOGL,831,105,44.31999969482422,41.959999084472656,1.0
2020-07-22,77.5548095703125,77.66037224765607,76.48330944923406,77.10182551895637,24482000,0.005739541693474903,GOOGL,830,104,44.290000915527344,41.900001525878906,1.0
2020-07-23,75.17093658447266,77.82738133717842,74.76651793434812,77.60832312561183,33910000,-0.0307379129553349,GOOGL,829,103,43.310001373291016,41.06999969482422,1.0
2020-07-24,74.74769592285156,75.10552305492557,73.72575942026643,74.30066345548695,29902000,-0.00563037632430563,GOOGL,828,102,43.34000015258789,41.290000915527344,1.0
2020-07-27,75.79936218261719,76.20229106815995,74.95188130787318,74.99797375278568,27124000,0.01406954751957934,GOOGL,825,99,43.40999984741211,41.599998474121094,1.0
2020-07-28,74.52169799804688,75.62986776248196,74.3665717756482,75.57981265274391,30910000,-0.016855869861967188,GOOGL,824,98,43.220001220703125,41.040000915527344,1.0
2020-07-29,75.50596618652344,75.99264795596048,74.4899737531513,74.58860175422343,22676000,0.013207806785378917,GOOGL,823,97,43.75,41.27000045776367,1.0
2020-07-30,76.2424545288086,76.36734655138768,74.10143546344366,74.24020437742044,36042000,0.00975404169341787,GOOGL,822,96,42.939998626708984,39.91999816894531,1.0
2020-07-31,73.74360656738281,74.58960537091131,72.0610240717086,74.19460930846472,91468000,-0.03277501986090414,GOOGL,821,95,43.29999923706055,40.27000045776367,1.0
2020-08-03,73.48639678955078,74.22831521002722,72.93924641742329,73.89477823575307,45482000,-0.003487892575433027,GOOGL,818,92,44.150001525878906,41.0099983215332,1.0
2020-08-04,73.01754760742188,73.99934333821604,72.55812041402446,73.68215617116527,37212000,-0.006380081247847724,GOOGL,817,91,44.43000030517578,41.70000076293945,1.0
2020-08-05,73.30447387695312,73.8451808886987,72.91443128192094,73.19197656916673,29134000,0.0039295522642570635,GOOGL,816,90,45.16999816894531,42.189998626708984,1.0
2020-08-06,74.58612823486328,74.65155001959869,72.94815610602834,73.15878990214848,33306000,0.017483985494002763,GOOGL,815,89,45.09000015258789,41.95000076293945,1.0
2020-08-07,74.2600326538086,75.33648618211498,73.66034676370316,74.7888443063818,27718000,-0.004372067417520942,GOOGL,814,88,44.400001525878906,41.220001220703125,1.0
2020-08-10,74.18319702148438,74.69515210121888,73.2251850652829,73.8848401459376,20546000,-0.0010346835246143327,GOOGL,811,85,44.9900016784668,41.939998626708984,1.0
2020-08-11,73.37635803222656,74.8582208141743,73.25989046753106,74.04343941326381,31098000,-0.010876303821526379,GOOGL,810,84,44.5,41.61000061035156,1.0
2020-08-12,74.69962310791016,74.9191804606546,73.59739725191154,73.7024683730162,22512000,0.018033943236899663,GOOGL,809,83,45.43000030517578,42.66999816894531,1.0
2020-08-13,75.16598510742188,76.17306163204127,74.74769707911409,74.74769707911409,22388000,0.006243164022903036,GOOGL,808,82,44.959999084472656,42.2400016784668,1.0
2020-08-14,74.57026672363281,75.32160764285088,74.29123915630834,75.01531784878155,21942000,-0.007925371867842923,GOOGL,807,81,44.79999923706055,42.0099983215332,1.0
2020-08-17,75.14566802978516,75.51936096663643,74.58861108119994,75.13229025369915,19990000,0.007716229690915011,GOOGL,804,78,45.369998931884766,42.88999938964844,1.0
2020-08-18,77.10528564453125,77.18408519615916,75.41477814265448,75.6353185768315,28378000,0.026077585922442914,GOOGL,803,77,45.459999084472656,42.88999938964844,1.0
2020-08-19,76.55169677734375,77.75354125629191,76.32322343836007,76.94223100784141,30472000,-0.007179648743403155,GOOGL,802,76,45.369998931884766,42.93000030517578,1.0
2020-08-20,78.11979675292969,78.31407321175054,76.048661480078,76.32173749907452,26382000,0.020484196191586257,GOOGL,801,75,44.900001525878906,42.58000183105469,1.0
2020-08-21,78.08609771728516,78.89442843243806,77.42892300821778,77.89924747722306,34838000,-0.00043137638659140887,GOOGL,800,74,44.349998474121094,42.34000015258789,1.0
2020-08-24,78.56087493896484,79.73199354637043,78.0598171870898,78.92365536175714,25638000,0.006080176056417086,GOOGL,797,71,45.130001068115234,42.619998931884766,1.0
2020-08-25,79.5867919921875,79.7369573344737,78.20057765629728,78.31060210938294,25150000,0.01305888018711232,GOOGL,796,70,45.86000061035156,43.349998474121094,-1.0
2020-08-26,81.48395538330078,81.9131558254161,79.3454247617791,79.60908564477356,52188000,0.023837666321561368,GOOGL,795,69,45.63999938964844,43.38999938964844,-1.0
2020-08-27,80.7103271484375,81.67526631440305,80.22909022649999,81.60687253223567,31350000,-0.009494240077376315,GOOGL,794,68,45.09000015258789,43.040000915527344,-1.0
2020-08-28,81.25102996826172,81.34618686734322,80.56610901540381,80.75741347984508,22418000,0.006699301550714631,GOOGL,793,67,45.04999923706055,42.970001220703125,-1.0
2020-08-31,80.7603759765625,81.50229418365015,80.55222264754329,81.45620173894997,26422000,-0.006038741809068493,GOOGL,790,64,45.279998779296875,42.61000061035156,-1.0
2020-09-01,82.02664184570312,82.23182317096844,80.7603739027677,80.89071834189023,22652000,0.01567929636073151,GOOGL,789,63,45.58000183105469,42.7599983215332,-1.0
2020-09-02,85.1147689819336,85.54644234376782,82.27990568952355,82.66746793542667,49522000,0.03764785521805725,GOOGL,788,62,44.43000030517578,41.5099983215332,-1.0
2020-09-03,80.7593765258789,84.25289608533707,79.67895310248736,84.22910497536927,63726000,-0.051170819214455765,GOOGL,787,61,44.06999969482422,41.369998931884766,-1.0
2020-09-04,78.36561584472656,81.03097686022531,76.22261573733604,79.74289901970272,55850000,-0.029640653310210707,GOOGL,786,60,42.65999984741211,39.77000045776367,-1.0
2020-09-08,75.51043701171875,77.09389228963359,75.15855385977208,75.57982146335551,54032000,-0.03643407637687757,GOOGL,782,56,39.779998779296875,36.7599983215332,-1.0
2020-09-09,76.6815414428711,77.25098539159461,75.58823174833185,76.76430365502023,39242000,0.015509173003072307,GOOGL,781,55,40.790000915527344,38.04999923706055,-1.0
2020-09-10,75.63186645507812,77.99144475392224,75.33202727974195,76.82776716754222,33024000,-0.013688757007773389,GOOGL,780,54,40.060001373291016,37.29999923706055,-1.0
2020-09-11,75.12188720703125,76.25880159487603,73.99487948244801,75.73594152014101,30706000,-0.006742915016513251,GOOGL,779,53,39.83000183105469,37.33000183105469,-1.0
2020-09-14,74.7784194946289,77.16575111984385,74.59405726973172,75.9093897485379,42660000,-0.004572139028613198,GOOGL,776,50,39.61000061035156,37.2599983215332,1.0
2020-09-15,76.08136749267578,76.86789598953742,75.43609590207801,75.7230488068471,23042000,0.01742411790530629,GOOGL,775,49,40.529998779296875,38.279998779296875,-1.0
2020-09-16,74.93999481201172,77.03541281613771,74.91521303018398,76.44614030970467,22128000,-0.015002000072802835,GOOGL,774,48,42.220001220703125,40.15999984741211,1.0
2020-09-17,73.69849395751953,74.27438863369424,72.48029972090434,73.63753395614539,40008000,-0.016566599151848327,GOOGL,773,47,43.29999923706055,40.970001220703125,1.0
2020-09-18,71.91680145263672,74.10292221630368,70.951862206745,73.76095327714144,63056000,-0.02417542624289981,GOOGL,772,46,43.150001525878906,41.11000061035156,1.0
2020-09-21,70.87850952148438,71.3701446598767,69.51757609828891,70.95185663516155,56908000,-0.014437404197350845,GOOGL,769,43,41.439998626708984,39.310001373291016,1.0
2020-09-22,72.34945678710938,72.555137240123,70.84678253105847,71.87863322198784,33950000,0.020753078409177617,GOOGL,768,42,41.720001220703125,39.599998474121094,1.0
2020-09-23,69.8501205444336,72.01542196505994,69.51757431347869,71.9663575191047,37726000,-0.03454533528883508,GOOGL,767,41,41.77000045776367,39.93000030517578,1.0
2020-09-24,70.51770782470703,71.26755903816468,69.49130946306941,69.5175810262179,34552000,0.009557424884453436,GOOGL,766,40,41.939998626708984,40.310001373291016,1.0
2020-09-25,71.32058715820312,71.6615578347478,69.76537731139764,70.62624357149211,30326000,0.011385499589576797,GOOGL,765,39,41.91999816894531,40.25,1.0
2020-09-28,72.2919692993164,73.00217110673873,71.6784141659313,72.95261510869759,30784000,0.013619940326045965,GOOGL,762,36,42.43000030517578,40.599998474121094,1.0
2020-09-29,72.65673828125,72.95310628877834,72.0610151428717,72.55216627798126,31816000,0.005045774592518093,GOOGL,761,35,41.029998779296875,39.290000915527344,1.0
2020-09-30,72.63592529296875,73.65687119404856,72.14825279198409,72.40497148553358,40924000,-0.00028645640822311247,GOOGL,760,34,40.95000076293945,40.220001220703125,1.0
2020-10-01,73.74111938476562,74.09647363654604,73.19099712373635,73.5309847051695,32884000,0.015215529881930978,GOOGL,759,33,40.93000030517578,38.720001220703125,1.0
2020-10-02,72.14031219482422,73.3015166577609,71.73143930114331,72.34004108666224,31222000,-0.02170847423116451,GOOGL,758,32,39.27000045776367,37.04999923706055,1.0
2020-10-05,73.4898452758789,73.582521715312,72.3628377612094,72.4897110883713,21602000,0.0187070590630396,GOOGL,755,29,41.290000915527344,39.220001220703125,1.0
2020-10-06,71.91331481933594,73.57358785450597,71.61545709524182,73.12655549244805,26096000,-0.021452357813854683,GOOGL,754,28,42.650001525878906,40.66999816894531,1.0
2020-10-07,72.31576538085938,72.80294632471846,71.03165012534033,72.3241898254817,36108000,0.00559632889311934,GOOGL,753,27,41.9900016784668,39.95000076293945,1.0
2020-10-08,73.51959228515625,73.747566532025,72.62849172768487,72.62849172768487,26076000,0.016646811355128133,GOOGL,752,26,43.34000015258789,41.189998626708984,1.0
2020-10-09,74.85870361328125,74.92808805462509,73.69650854901934,73.98693253652546,32966000,0.01821434649597986,GOOGL,751,25,42.849998474121094,40.599998474121094,1.0
2020-10-12,77.54191589355469,78.72294124362386,75.79292119611887,76.22410298533136,55344000,0.0358436915249678,GOOGL,748,22,41.720001220703125,39.43000030517578,1.0
2020-10-13,77.6648178100586,78.56137061464591,77.24652985318345,78.15745109713406,39072000,0.0015849739471567315,GOOGL,747,21,42.45000076293945,40.20000076293945,1.0
2020-10-14,77.48492431640625,78.49645507443054,76.61563357234498,78.0380261496372,33174000,-0.0023162803792613484,GOOGL,746,20,43.31999969482422,41.040000915527344,1.0
2020-10-15,77.08992004394531,77.8794204762289,76.37922672671863,76.54624094186421,31210000,-0.005097820975444867,GOOGL,745,19,43.15999984741211,40.959999084472656,1.0
2020-10-16,77.69605255126953,78.1921494513825,77.19846587067573,77.40512942894904,34194000,0.007862668776653203,GOOGL,744,18,42.93000030517578,40.880001068115234,1.0
2020-10-19,75.82514953613281,78.5004327006998,75.47674503291947,78.1039468484506,29734000,-0.02407976922511168,GOOGL,741,15,42.619998931884766,40.83000183105469,1.0
2020-10-20,76.87235260009766,78.00035081850514,75.35679216195857,75.48614593995441,41670000,0.013810761605762778,GOOGL,740,14,43.15999984741211,41.459999084472656,1.0
2020-10-21,78.60250854492188,80.04720230384581,77.66829522867764,77.80260233594682,60322000,0.022506868676502867,GOOGL,739,13,41.72999954223633,40.029998779296875,1.0
2020-10-22,79.62692260742188,79.96194925473011,78.18074668147393,78.55344132865221,30512000,0.01303284184517528,GOOGL,738,12,42.459999084472656,40.63999938964844,1.0
2020-10-23,80.93135833740234,80.98785655651626,79.88711304408893,80.04273837552317,30548000,0.016381842814793046,GOOGL,737,11,41.77000045776367,39.849998474121094,-1.0
2020-10-26,78.51826477050781,80.76285741115254,77.70001980831707,80.04026846122382,35826000,-0.029816545977572217,GOOGL,734,8,40.459999084472656,38.560001373291016,1.0
2020-10-27,79.2413558959961,79.39598302527754,78.15647798175637,78.74823094631225,25902000,0.009209209189756429,GOOGL,733,7,41.20000076293945,39.56999969482422,1.0
2020-10-28,74.87606048583984,77.00765664920016,74.7610827015147,76.81933175028874,45174000,-0.05508860065299337,GOOGL,732,6,39.119998931884766,37.38999938964844,1.0
2020-10-29,77.1598129272461,78.73880642032361,75.16103405027546,75.18432605139941,55406000,0.030500435340587106,GOOGL,731,5,37.650001525878906,36.16999816894531,1.0
2020-10-30,80.09527587890625,83.32712413026837,79.37466827076221,82.63922363317832,99878000,0.038043935570813314,GOOGL,730,4,37.459999084472656,35.790000915527344,1.0
2020-11-02,80.5021743774414,82.18326693567796,80.00259878301561,80.46351570683841,44228000,0.0050801809978198165,GOOGL,727,1,38.970001220703125,36.810001373291016,1.0
2020-11-03,81.55978393554688,82.22092126461291,79.89703016999084,80.82133683336055,31432000,0.013137652073182293,GOOGL,726,0,39.709999084472656,37.65999984741211,1.0
2020-11-04,86.52525329589844,87.72362652985768,84.40158280313088,84.52944679060947,71342000,0.060881345201644343,GOOGL,725,1462,41.22999954223633,39.150001525878906,1.0
2020-11-05,87.3504409790039,88.80355922055054,86.28637474344528,87.74444631593936,39758000,0.00953695772820784,GOOGL,724,1461,40.93000030517578,38.790000915527344,1.0
2020-11-06,87.21316528320312,87.64781063793222,86.0707909999368,86.79735014914868,28622000,-0.0015715512625034123,GOOGL,723,1460,39.45000076293945,37.13999938964844,1.0
2020-11-09,87.29691314697266,90.04603445916274,87.10511715128658,89.00972958301574,53440000,0.000960266302657109,GOOGL,720,1457,42.400001525878906,40.290000915527344,1.0
2020-11-10,86.12232971191406,87.1958110224123,85.05182039988732,85.72832438783556,43022000,-0.013455039734120655,GOOGL,719,1456,43.61000061035156,41.36000061035156,1.0
2020-11-11,86.5936508178711,87.37025744779257,86.38697971158325,86.65163125520539,31838000,0.005472693406386453,GOOGL,718,1455,43.79999923706055,41.45000076293945,1.0
2020-11-12,86.37508392333984,87.47334698979937,86.13471504428473,86.33444392472282,26474000,-0.0025240521962857088,GOOGL,717,1454,43.529998779296875,41.119998931884766,1.0
2020-11-13,87.83415222167969,88.07551178373636,86.03610062019943,86.63181619049185,29744000,0.016892235955855206,GOOGL,716,1453,42.779998779296875,40.130001068115234,1.0
2020-11-16,87.921875,88.92845236010726,87.29245409409869,87.43172210004694,25468000,0.000998731997764457,GOOGL,713,1450,43.81999969482422,41.34000015258789,1.0
2020-11-17,87.30880737304688,88.07600646877577,87.20126337757758,87.61608025286607,21314000,-0.006972867980273634,GOOGL,712,1449,43.75,41.43000030517578,1.0
2020-11-18,86.26704406738281,87.47434095308526,86.16445340083658,87.06001562220402,20108000,-0.011931938334845071,GOOGL,711,1448,44.34000015258789,41.81999969482422,1.0
2020-11-19,87.1556625366211,87.39950253324328,85.74071145834314,85.89980034337418,20106000,0.01030078726870709,GOOGL,710,1447,44.20000076293945,41.7400016784668,1.0
2020-11-20,86.05592346191406,87.64086843006233,85.9875296804616,87.32566263564391,27694000,-0.012618102400919096,GOOGL,709,1446,44.959999084472656,42.150001525878906,1.0
2020-11-23,85.6187973022461,86.53219912341163,84.7574394883768,86.24623688977317,22530000,-0.005079559222456398,GOOGL,706,1443,46.060001373291016,43.060001373291016,1.0
2020-11-24,87.41983795166016,87.54770196946366,85.28030873158976,85.61583456207863,27984000,0.02103557520267585,GOOGL,705,1442,47.86000061035156,44.90999984741211,1.0
2020-11-25,87.43122100830078,87.74097434206601,86.6496534535001,87.61360945809936,19600000,0.0001302113674348515,GOOGL,704,1441,48.61000061035156,45.709999084472656,1.0
2020-11-27,88.56566619873047,89.06078000238365,87.45154481486274,87.45154481486274,14790000,0.012975287058177853,GOOGL,702,1439,48.18000030517578,45.529998779296875,1.0
2020-11-30,86.94900512695312,88.23460252032878,86.62388510850603,88.00216651160646,32418000,-0.018253812579580808,GOOGL,699,1436,47.59000015258789,45.34000015258789,1.0
2020-12-01,88.97899627685547,90.28541271304861,87.37670339819209,87.55661139988837,37350000,0.02334691635560837,GOOGL,698,1435,47.41999816894531,44.54999923706055,1.0
2020-12-02,90.44649505615234,90.83158444204322,88.47398769607074,88.97900820349736,29424000,0.016492642541513947,GOOGL,697,1434,48.25,45.279998779296875,1.0
2020-12-03,90.29137420654297,91.38120542558583,90.05149684455593,90.22694308661454,24728000,-0.001715056503992396,GOOGL,696,1433,48.709999084472656,45.63999938964844,1.0
2020-12-04,90.38652801513672,90.67100047469899,89.88249064101637,90.21108177907736,20544000,0.0010538527011016985,GOOGL,695,1432,49.25,46.2599983215332,1.0
2020-12-07,90.052978515625,90.66058963378225,89.3596256167209,89.97962384343904,22288000,-0.0036902567986222268,GOOGL,692,1429,48.790000915527344,45.7599983215332,1.0
2020-12-08,89.7704849243164,90.00044805346998,88.77680130408386,89.63122447433899,19936000,-0.0031369711026224545,GOOGL,691,1428,48.84000015258789,45.599998474121094,1.0
2020-12-09,88.11168670654297,90.61499424253762,87.32565738141666,89.7224040243927,31728000,-0.01847821384915027,GOOGL,690,1427,48.86000061035156,45.52000045776367,1.0
2020-12-10,87.60567474365234,87.96944584482684,85.91466810867063,87.35539163522937,28688000,-0.005742847308960353,GOOGL,689,1426,50.25,46.779998779296875,1.0
2020-12-11,87.96002960205078,88.08443004562467,86.86672741795577,87.2265358498586,18628000,0.004044884757012923,GOOGL,688,1425,49.970001220703125,46.56999969482422,1.0
2020-12-14,86.84294128417969,88.70344266311149,86.68781505650074,87.7578328663275,33050000,-0.012699953864556801,GOOGL,685,1422,50.290000915527344,46.9900016784668,1.0
2020-12-15,87.28006744384766,87.42478033349926,86.31810030713507,87.21959899351037,21352000,0.005033525502522451,GOOGL,684,1421,50.7599983215332,47.619998931884766,1.0
2020-12-16,87.08726501464844,87.67802719914428,86.68434371266123,87.67802719914428,24676000,-0.0022090087100730127,GOOGL,683,1420,51.08000183105469,47.81999969482422,1.0
2020-12-17,86.2605972290039,87.5590882829779,85.79671592245012,87.42131006736186,34880000,-0.009492407248126167,GOOGL,682,1419,51.5,48.36000061035156,1.0
2020-12-18,85.5523910522461,86.64966362908457,84.99632476660608,86.54112895212512,85256000,-0.008210077364496748,GOOGL,681,1418,52.2599983215332,49.099998474121094,1.0
2020-12-21,85.9657211303711,86.08665047301542,83.95554588894409,84.70539704892414,33974000,0.004831309482309809,GOOGL,678,1415,50.90999984741211,47.7400016784668,1.0
2020-12-22,85.25502014160156,85.86907434812254,84.53936593674798,85.70651435079037,20370000,-0.008267260245414798,GOOGL,677,1414,50.08000183105469,47.02000045776367,1.0
2020-12-23,85.6520004272461,86.43902043412434,85.30358842239465,85.43889376166366,22974000,0.004656386040202465,GOOGL,676,1413,51.20000076293945,48.119998931884766,1.0
2020-12-24,85.94588470458984,86.35475754472874,85.45969453747551,85.6901491758019,9312000,0.0034311431826203886,GOOGL,675,1412,51.290000915527344,48.22999954223633,1.0
2020-12-28,87.91840362548828,88.56467341724073,86.32553337453282,86.47867070685578,27650000,0.022950708200611514,GOOGL,671,1408,50.86000061035156,47.619998931884766,1.0
2020-12-29,87.11553192138672,88.63753562271515,86.98419679793523,88.57608406440532,19726000,-0.009132009579264078,GOOGL,670,1407,51.09000015258789,48.0,1.0
2020-12-30,86.04947662353516,87.61112952417417,85.64060373303981,87.4743419671934,21026000,-0.012237258664890782,GOOGL,669,1406,51.34000015258789,48.400001525878906,1.0
2020-12-31,86.86177825927734,87.10263870414872,86.04154446235164,86.10003157948303,21070000,0.009439936971330942,GOOGL,668,1405,51.79999923706055,48.52000045776367,1.0
2021-01-04,85.54792785644531,87.34994209759138,84.60677228691033,87.22653987680384,37324000,-0.01512575990454934,GOOGL,664,1401,51.09000015258789,47.619998931884766,1.0
2021-01-05,86.23780822753906,86.57382555725187,85.09048067381308,85.49638156177933,20360000,0.008064255773107876,GOOGL,663,1400,53.599998474121094,49.93000030517578,1.0
2021-01-06,85.38684844970703,86.43208444826773,84.05962045926168,84.26579245837004,46588000,-0.009867595145585883,GOOGL,662,1399,54.29999923706055,50.630001068115234,1.0
2021-01-07,87.93724822998047,88.10971491007409,85.57915243705426,85.57915243705426,41936000,0.029868765817907317,GOOGL,661,1398,54.380001068115234,50.83000183105469,1.0
2021-01-08,89.10142517089844,89.1772527342026,87.2870085349712,88.07700817599742,35484000,0.013238723798512764,GOOGL,660,1397,55.9900016784668,52.2400016784668,1.0
2021-01-11,87.04267120361328,88.43482947963955,86.83699831013621,88.07006012945878,34796000,-0.023105735551776196,GOOGL,657,1394,55.65999984741211,52.25,1.0
2021-01-12,86.10795593261719,87.61806393795727,85.06470881881626,86.500970600687,29528000,-0.01073858669628347,GOOGL,656,1393,56.58000183105469,53.209999084472656,1.0
2021-01-13,86.59464263916016,87.04762662802848,85.60689554864183,85.60689554864183,23432000,0.0056520527200043524,GOOGL,655,1392,56.060001373291016,52.90999984741211,1.0
2021-01-14,85.78530883789062,87.60071580176646,85.54493996879263,86.67491942949295,29212000,-0.00934623409258728,GOOGL,654,1391,56.41999816894531,53.56999969482422,1.0
2021-01-15,85.62176513671875,86.6129758011432,84.83326292154278,85.69114958073497,31444000,-0.0019064301730372657,GOOGL,653,1390,55.099998474121094,52.36000061035156,1.0
2021-01-19,88.43930053710938,89.39928644937088,85.8799935070657,86.38402335551918,41660000,0.032906766122978715,GOOGL,649,1386,55.900001525878906,52.97999954223633,1.0
2021-01-20,93.17727661132812,94.15113930596509,90.17589074243995,90.51587074805265,64152000,0.0535731970452511,GOOGL,648,1385,56.08000183105469,53.2400016784668,1.0
2021-01-21,93.37948608398438,95.75492235156246,93.1445696134799,93.85031725362155,58634000,0.002170158648226339,GOOGL,647,1384,56.099998474121094,53.130001068115234,1.0
2021-01-22,93.7962875366211,94.38258801925332,93.00034392716495,93.74177064385457,32744000,0.0044635226655869165,GOOGL,646,1383,55.40999984741211,52.27000045776367,1.0
2021-01-25,93.88152313232422,95.24642668111035,92.14096048462264,94.79641468314033,50586000,0.0009087310163511386,GOOGL,643,1380,55.880001068115234,52.77000045776367,1.0
2021-01-26,94.55902862548828,94.94560022121779,92.98201646312953,93.47067962234644,31462000,0.007216600994096822,GOOGL,642,1379,55.90999984741211,52.61000061035156,1.0
2021-01-27,90.14765167236328,93.1971117881308,89.07417014164034,92.92155529316787,82512000,-0.04665209676166149,GOOGL,641,1378,55.810001373291016,52.849998474121094,1.0
2021-01-28,91.8455810546875,93.56978632762217,90.74533664502225,90.74533664502225,55278000,0.018834981841737264,GOOGL,640,1377,55.529998779296875,52.34000015258789,1.0
2021-01-29,90.56494140625,91.56507572986428,89.28628617453063,90.89501477242058,44530000,-0.013943399712120774,GOOGL,639,1376,55.880001068115234,52.20000076293945,1.0
2021-02-01,93.82156372070312,94.9351859580172,91.41886545698281,91.41886545698281,40252000,0.035958973349795365,GOOGL,636,1373,56.349998474121094,53.54999923706055,1.0
2021-02-02,95.11261749267578,96.61182068763402,94.48071611878922,94.81575036485842,66332000,0.013760736026698472,GOOGL,635,1372,57.459999084472656,54.7599983215332,1.0
2021-02-03,102.03919982910156,104.40522092105503,99.79261830171446,102.37274430388717,97882000,0.07282506274164069,GOOGL,634,1371,58.459999084472656,55.689998626708984,1.0
2021-02-04,101.77899932861328,102.55560597377604,100.86063667469075,102.12542242838796,48596000,-0.0025500053011399126,GOOGL,633,1370,58.84000015258789,56.22999954223633,1.0
2021-02-05,103.52352905273438,103.87590372687838,101.59909567696245,102.07289124062606,29866000,0.01714037017094805,GOOGL,632,1369,59.34000015258789,56.849998474121094,1.0
2021-02-08,103.30992126464844,104.82052838312552,102.26073015453102,104.07712038040832,28828000,-0.002063374288342912,GOOGL,629,1366,60.560001373291016,57.970001220703125,1.0
2021-02-09,102.85743713378906,104.00327492261671,102.59030513019513,102.82819357536142,21892000,-0.004379871026135462,GOOGL,628,1365,61.09000015258789,58.36000061035156,1.0
2021-02-10,103.40706634521484,104.02161972399544,101.71011556158754,103.24153433379384,25102000,0.005343602045138063,GOOGL,627,1364,61.470001220703125,58.68000030517578,1.0
2021-02-11,103.51956939697266,103.7797591856027,102.5338111240634,103.63108362772132,20480000,0.001087962899771533,GOOGL,626,1363,61.13999938964844,58.2400016784668,1.0
2021-02-12,103.830810546875,104.05234166129615,102.76723583999629,103.07451629921232,18990000,0.0030065923932585115,GOOGL,625,1362,62.43000030517578,59.470001220703125,1.0
2021-02-16,104.607421875,106.31428677278258,103.668247646045,103.668247646045,31004000,0.007479584566802533,GOOGL,621,1358,63.349998474121094,60.04999923706055,1.0
2021-02-17,104.99993896484375,105.18926208138022,103.49974516060348,103.77876516091223,20294000,0.0037522871972963667,GOOGL,620,1357,64.33999633789062,61.13999938964844,1.0
2021-02-18,104.36506652832031,105.16696166739435,103.74655051019732,104.32492564110814,22546000,-0.006046407672065435,GOOGL,619,1356,63.93000030517578,60.52000045776367,1.0
2021-02-19,103.52253723144531,104.99795680679689,103.2559043418766,104.46320124720552,37938000,-0.008072905282404785,GOOGL,618,1355,62.90999984741211,59.2400016784668,1.0
2021-02-22,101.81022644042969,103.10227454350802,101.49998153147995,101.77751932937039,29466000,-0.016540463910649783,GOOGL,615,1352,65.23999786376953,61.4900016784668,1.0
2021-02-23,102.10064697265625,102.71420966814658,98.6368619382917,99.81442376891242,34658000,0.002852567393084815,GOOGL,614,1351,65.37000274658203,61.66999816894531,1.0
2021-02-24,103.27473449707031,103.49825450138255,100.48547224750138,100.60986513415875,22608000,0.01149931522694958,GOOGL,613,1350,67.04000091552734,63.220001220703125,1.0
2021-02-25,99.91156005859375,103.23459480191558,99.44271782605095,101.89299077097074,41548000,-0.03256531672392693,GOOGL,612,1349,66.87999725341797,63.529998779296875,1.0
2021-02-26,100.20694732666016,101.9222368684854,99.17113386865907,100.60541448673561,40042000,0.00295648739638521,GOOGL,611,1348,66.12999725341797,61.5,1.0
2021-03-01,102.57344818115234,102.89905971367365,100.82693407602981,101.49996692019756,26060000,0.02361613558367104,GOOGL,608,1345,63.689998626708984,60.63999938964844,1.0
2021-03-02,102.31673431396484,103.81643661615159,101.92967118650496,102.33457386845907,25564000,-0.002502732156709042,GOOGL,607,1344,62.70000076293945,59.75,1.0
2021-03-03,99.68655395507812,102.88716945584571,98.82369885225702,101.69573836758674,33892000,-0.025706257891459416,GOOGL,606,1343,64.06999969482422,61.279998779296875,1.0
2021-03-04,100.80267333984375,102.8178020839043,99.39019490310947,99.8580465289273,49216000,0.011196288170103541,GOOGL,605,1342,66.73999786376953,63.83000183105469,1.0
2021-03-05,103.93190002441406,104.38438487608283,100.49785050979133,102.15168816314645,53100000,0.031043092220585322,GOOGL,604,1341,69.36000061035156,66.08999633789062,1.0
2021-03-08,99.49276733398438,104.75807471002265,99.37828111434924,103.28712454282332,36868000,-0.042711936271605855,GOOGL,601,1338,68.23999786376953,65.05000305175781,1.0
2021-03-09,101.121337890625,102.28898556679057,100.88543075632072,101.58671660958481,33920000,0.016368733127843704,GOOGL,600,1337,67.5199966430664,64.01000213623047,1.0
2021-03-10,100.91466522216797,102.16408434665642,100.07907232110979,102.16408434665642,27100000,-0.0020438086833916014,GOOGL,599,1336,67.9000015258789,64.44000244140625,1.0
2021-03-11,104.10388946533203,104.63567305247624,101.9187671112629,102.00649022859612,27702000,0.03160317914292099,GOOGL,598,1335,69.62999725341797,66.0199966430664,1.0
2021-03-12,101.59910583496094,102.96747311515301,100.72783372970525,102.90800288778321,33818000,-0.024060423133424047,GOOGL,597,1334,69.22000122070312,65.61000061035156,1.0
2021-03-15,101.81914520263672,101.84639986684593,100.49836027807162,101.35030296707097,26168000,0.0021657608683409713,GOOGL,594,1331,68.87999725341797,65.38999938964844,1.0
2021-03-16,103.27871704101562,104.75511989536767,102.05952443443275,102.39157914363233,31900000,0.01433494492095888,GOOGL,593,1330,68.38999938964844,64.80000305175781,1.0
2021-03-17,103.19593048095703,104.02755311828832,101.30767543125644,102.51447316939472,26382000,-0.0008015839316217743,GOOGL,592,1329,68.0,64.5999984741211,1.0
2021-03-18,100.17869567871094,102.52835937144968,100.07164322644284,101.50889575281752,31700000,-0.029237924288137207,GOOGL,591,1328,63.279998779296875,60.0,1.0
2021-03-19,100.45722198486328,100.95679000162345,99.26628238475064,100.59450866025328,46072000,0.002780294794869631,GOOGL,590,1327,64.52999877929688,61.41999816894531,1.0
2021-03-22,100.6420669555664,101.51680995689094,99.81489861185989,100.49041186355059,33536000,0.001840036654915389,GOOGL,587,1324,64.62000274658203,61.54999923706055,1.0
2021-03-23,101.16941833496094,102.29840741354518,100.50878000501446,101.10102454547118,28510000,0.005239870318118234,GOOGL,586,1323,60.790000915527344,57.7599983215332,1.0
2021-03-24,100.7332763671875,102.47135862894248,100.55832169065704,101.6863199422794,25218000,-0.004311005983343885,GOOGL,585,1322,64.41000366210938,61.18000030517578,1.0
2021-03-25,100.72980499267578,101.38300944915922,98.92728405832933,100.56080187614467,35616000,-3.4461050378853386e-05,GOOGL,584,1321,61.95000076293945,58.560001373291016,1.0
2021-03-26,100.3467025756836,101.07325412851259,99.31187234420693,100.69659679630594,27978000,-0.003803267732128024,GOOGL,583,1320,64.56999969482422,60.970001220703125,1.0
2021-03-29,101.39045715332031,101.55995940740273,99.39118661186053,100.2193458581718,26492000,0.010401483564938196,GOOGL,580,1317,64.9800033569336,61.560001373291016,1.0
2021-03-30,101.42415618896484,102.22703448790296,100.91269258418674,101.74679577665506,27312000,0.0003323689091723203,GOOGL,579,1316,64.13999938964844,60.54999923706055,1.0
2021-03-31,102.21959686279297,103.39616804886353,101.45041637085228,101.81716706219301,42570000,0.007842714238076809,GOOGL,578,1315,63.540000915527344,59.15999984741211,1.0
2021-04-01,105.55303192138672,105.84890836816066,103.6523896883466,103.69302968898464,39880000,0.03261052832235434,GOOGL,577,1314,64.86000061035156,61.45000076293945,1.0
2021-04-05,109.97284698486328,110.4699421342313,106.31775738977792,106.4139049523274,48510000,0.04187293328313224,GOOGL,573,1310,62.150001525878906,58.650001525878906,1.0
2021-04-06,109.49211120605469,110.42087973789896,109.12189695310158,109.57438188030405,35240000,-0.004371404323785133,GOOGL,572,1309,62.7400016784668,59.33000183105469,1.0
2021-04-07,110.96753692626953,111.23863163081371,109.68243096173272,109.68243096173272,24134000,0.013475178293331336,GOOGL,571,1308,63.15999984741211,59.77000045776367,1.0
2021-04-08,111.53251647949219,112.59113031315094,111.1647751250388,112.20505028993573,28664000,0.0050913949148754245,GOOGL,570,1307,63.20000076293945,59.599998474121094,1.0
2021-04-09,112.5356216430664,112.69917231745536,110.87980246049328,111.28521181469488,26146000,0.008993836015155798,GOOGL,569,1306,62.95000076293945,59.31999969482422,1.0
2021-04-12,111.24456787109375,111.85267053734381,110.4119469730089,111.7153914284989,25024000,-0.01147240094400992,GOOGL,566,1303,63.279998779296875,59.70000076293945,1.0
2021-04-13,111.73075103759766,112.17878171242072,111.16675191989482,111.56026570494154,25682000,0.004370399164723926,GOOGL,565,1302,63.66999816894531,60.18000030517578,1.0
2021-04-14,111.11026000976562,112.37504587455774,110.81835377243557,112.37504587455774,21002000,-0.005553449001906685,GOOGL,564,1301,66.58000183105469,63.150001525878906,1.0
2021-04-15,113.25821685791016,113.79099869324847,111.56919891951989,112.1034629731022,29174000,0.019331759712881036,GOOGL,563,1300,66.94000244140625,63.459999084472656,1.0
2021-04-16,113.13430786132812,113.70375943501823,112.54800739975896,113.45595676086148,26282000,-0.001094039797019608,GOOGL,562,1299,66.7699966430664,63.130001068115234,1.0
2021-04-19,113.48173522949219,114.19193706583053,112.51134359641581,112.51134359641581,30290000,0.003070928480774393,GOOGL,559,1296,67.05000305175781,63.380001068115234,1.0
2021-04-20,112.94895935058594,113.93967097136371,111.86408150000248,113.8648340768763,22288000,-0.004694816111410538,GOOGL,558,1295,66.56999969482422,62.439998626708984,1.0
2021-04-21,112.91625213623047,112.99802369437015,111.25448135103781,112.60401833502164,23204000,-0.0002895751722151729,GOOGL,557,1294,65.31999969482422,61.349998474121094,1.0
2021-04-22,111.63609313964844,113.43811493653551,111.03145402181963,112.77003537095592,24146000,-0.011337243066104952,GOOGL,556,1293,65.4000015258789,61.43000030517578,1.0
2021-04-23,113.98575592041016,114.29253725619483,112.06875636037209,112.35372791548767,29066000,0.02104751890432488,GOOGL,555,1292,66.11000061035156,62.13999938964844,1.0
2021-04-26,114.48137664794922,115.2049638616611,113.85641745009418,114.21325394420712,32038000,0.0043480935274502475,GOOGL,552,1289,65.6500015258789,61.90999984741211,1.0
2021-04-27,113.54219818115234,114.90362311481388,113.3033115017685,114.86298311307249,44386000,-0.00820376636179887,GOOGL,551,1288,66.41999816894531,62.939998626708984,1.0
2021-04-28,116.915283203125,120.50048895349634,116.62684053810642,118.57357518868605,81106000,0.029707765711837197,GOOGL,550,1287,67.2699966430664,63.86000061035156,1.0
2021-04-29,118.58645629882812,119.15144604811134,117.64926345388002,118.41150919786686,41234000,0.014293880576756512,GOOGL,549,1286,68.55999755859375,65.01000213623047,-1.0
2021-04-30,116.64073181152344,118.04576886027662,116.29678154912857,117.36034878239039,44856000,-0.01640764508892667,GOOGL,548,1285,67.25,63.58000183105469,1.0
2021-05-03,116.12430572509766,118.03089969909728,115.74863902173213,117.20621161359489,28242000,-0.00442749353853733,GOOGL,545,1282,67.55999755859375,64.48999786376953,1.0
2021-05-04,114.32772827148438,115.22774474351102,111.84226774409919,114.66077361466583,44818000,-0.015471157759740173,GOOGL,544,1281,68.87999725341797,65.69000244140625,1.0
2021-05-05,114.72124481201172,115.7238519784705,114.39959590373067,115.40815462993878,26636000,0.0034420043717906523,GOOGL,543,1280,68.95999908447266,65.62999725341797,1.0
2021-05-06,115.84033203125,115.84033203125,113.64430455736381,114.30296155275988,25190000,0.009754838531189858,GOOGL,542,1279,68.08999633789062,64.70999908447266,1.0
2021-05-07,116.56290435791016,117.52041727105686,116.2769421311953,117.15565548855925,28898000,0.006237657592911949,GOOGL,541,1278,68.27999877929688,64.9000015258789,1.0
2021-05-10,113.58035278320312,115.52560521194692,113.22301722709163,115.38385676397111,30914000,-0.025587485067710802,GOOGL,538,1275,68.31999969482422,64.91999816894531,1.0
2021-05-11,112.50537872314453,113.01188892902981,110.71426189771958,111.16774499673892,34186000,-0.009464436706852375,GOOGL,537,1274,68.55000305175781,65.27999877929688,1.0
2021-05-12,109.04556274414062,111.41109213197748,108.71697918414294,110.33116766435154,46376000,-0.03075244951192857,GOOGL,536,1273,69.31999969482422,66.08000183105469,1.0
2021-05-13,110.47241973876953,110.98784598165807,109.36622368361735,110.32769928437514,33204000,0.013084961540129836,GOOGL,535,1272,67.05000305175781,63.81999969482422,1.0
2021-05-14,112.91773223876953,113.23194736658283,111.51120550382073,111.93445441533588,31996000,0.022135049687354913,GOOGL,534,1271,68.70999908447266,65.37000274658203,1.0
2021-05-17,113.44009399414062,113.48271532640354,111.7842748978031,112.18373267154185,21598000,0.004626038311383418,GOOGL,531,1268,69.45999908447266,66.2699966430664,1.0
2021-05-18,112.12922668457031,114.36986421874587,112.11534979452306,114.10570419354653,22204000,-0.011555590826978879,GOOGL,530,1267,68.70999908447266,65.48999786376953,1.0
2021-05-19,112.57676696777344,112.74973277358107,110.29401459764928,110.44219862024461,23684000,0.00399129019646316,GOOGL,529,1266,66.66000366210938,63.36000061035156,1.0
2021-05-20,114.33367156982422,114.58394711106348,113.17246716937612,113.54318048882286,32352000,0.01560628049083812,GOOGL,528,1265,65.11000061035156,62.04999923706055,1.0
2021-05-21,113.69830322265625,114.92542855828297,113.45892500037012,114.85207388727218,40632000,-0.005557141115510755,GOOGL,527,1264,66.44000244140625,63.58000183105469,1.0
2021-05-24,117.01441192626953,117.23792438170847,114.58197841685045,114.72719042691061,31832000,0.029165859204770328,GOOGL,524,1261,68.45999908447266,66.05000305175781,1.0
2021-05-25,117.1051025390625,118.15231234760691,116.7150598583625,117.55758744041395,22440000,0.0007750379743831637,GOOGL,523,1260,68.6500015258789,66.06999969482422,1.0
2021-05-26,117.96944427490234,118.39962785894154,117.28302600020656,117.28599799895012,21572000,0.0073809058452558585,GOOGL,522,1259,68.87000274658203,66.20999908447266,1.0
2021-05-27,117.09569549560547,118.40260362591235,116.77751768614968,118.40260362591235,35224000,-0.007406568579409356,GOOGL,521,1258,69.45999908447266,66.8499984741211,1.0
2021-05-28,116.80674743652344,117.75929948137693,116.60850831851938,117.6775279248431,21482000,-0.0024676232363544104,GOOGL,520,1257,69.62999725341797,66.31999969482422,1.0
2021-06-01,118.0125503540039,118.23706102476314,116.67937078079298,117.67851435164249,23354000,0.010323058761102288,GOOGL,516,1253,70.25,67.72000122070312,1.0
2021-06-02,117.48770904541016,118.6300757232831,116.58421391694786,118.40754638485407,21158000,-0.004447334686178528,GOOGL,515,1252,71.3499984741211,68.83000183105469,1.0
2021-06-03,116.3473129272461,116.81516447592351,115.45224982960987,116.25562715192257,18696000,-0.009706514216932138,GOOGL,514,1251,71.30999755859375,68.80999755859375,1.0
2021-06-04,118.62660217285156,118.89720528416072,117.08229729733962,117.42228485227457,24458000,0.01959039008516461,GOOGL,513,1250,71.88999938964844,69.62000274658203,1.0
2021-06-07,119.05928039550781,119.16881330030914,118.00364606009472,118.42193410416897,24120000,0.0036473962393848147,GOOGL,510,1247,71.48999786376953,69.2300033569336,1.0
2021-06-08,118.86796569824219,119.9127026145582,118.68657547258344,119.54050705313709,24240000,-0.0016068860539899532,GOOGL,509,1246,72.22000122070312,70.05000305175781,1.0
2021-06-09,119.33881378173828,119.58363692856481,118.79166346607776,119.51177958807104,17942000,0.0039611015527210025,GOOGL,508,1245,72.22000122070312,69.95999908447266,1.0
2021-06-10,120.68634796142578,120.7294684105752,119.1326278842615,119.2882456679508,25904000,0.011291667287325557,GOOGL,507,1244,72.5199966430664,70.29000091552734,1.0
2021-06-11,120.4420166015625,121.01295040637044,119.88495212398634,120.92770773649222,21958000,-0.0020245153158613416,GOOGL,506,1243,72.69000244140625,70.91000366210938,1.0
2021-06-14,121.36930084228516,121.36979239425413,119.83738291214934,120.54411364612498,22098000,0.007699009588906458,GOOGL,503,1240,72.86000061035156,70.87999725341797,1.0
2021-06-15,120.35231018066406,121.6963871144153,119.99200260970889,121.37374754662788,21562000,-0.008379307242962875,GOOGL,502,1239,73.98999786376953,72.12000274658203,1.0
2021-06-16,119.71099090576172,120.8147064780467,118.41994111291582,120.5034633601868,26472000,-0.005328682714437649,GOOGL,501,1238,74.38999938964844,72.1500015258789,1.0
2021-06-17,120.6734619140625,121.44561439859767,119.44089162710867,119.6366578615454,25842000,0.00803995523734713,GOOGL,500,1237,73.08000183105469,71.04000091552734,1.0
2021-06-18,119.05530548095703,120.5341886020674,118.96014859064296,120.30026282219889,46116000,-0.013409381047324587,GOOGL,499,1236,73.51000213623047,71.63999938964844,1.0
2021-06-21,120.74186706542969,120.92771909272383,118.84468811884209,119.44140198870178,27414000,0.014166202653962623,GOOGL,496,1233,74.9000015258789,73.66000366210938,1.0
2021-06-22,121.25531005859375,121.32420295984515,119.99994678817278,120.67991442988735,22390000,0.004252402299575353,GOOGL,495,1232,74.80999755859375,73.05999755859375,1.0
2021-06-23,121.05359649658203,122.01358237189528,120.76367158155908,121.02039027033481,19148000,-0.0016635441525344463,GOOGL,494,1231,75.19000244140625,73.08000183105469,1.0
2021-06-24,121.42330932617188,121.9739231126459,121.22507021343145,121.6215484389123,21362000,0.003054125117218476,GOOGL,493,1230,75.55999755859375,73.30000305175781,1.0
2021-06-25,121.4317398071289,121.55514959738011,120.49653574308054,120.92770999401274,34594000,6.94304990023209e-05,GOOGL,492,1229,76.18000030517578,74.05000305175781,1.0
2021-06-28,121.45899963378906,121.70581164707463,120.33843513053769,121.6002414137362,28526000,0.00022448683271325542,GOOGL,489,1226,74.68000030517578,72.91000366210938,1.0
2021-06-29,121.19781494140625,121.93974078212915,120.62142867598224,121.59231941946096,23108000,-0.002150393903871395,GOOGL,488,1225,74.76000213623047,72.9800033569336,1.0
2021-06-30,121.01642608642578,121.18245721557813,120.28788557536772,120.92225985457858,24474000,-0.0014966346964931931,GOOGL,487,1224,75.12999725341797,73.47000122070312,1.0
2021-07-01,121.36830139160156,121.5095431679097,120.46332403287062,120.65512003494412,18110000,0.002907665649657165,GOOGL,486,1223,75.83999633789062,75.2300033569336,1.0
2021-07-02,124.15656280517578,124.30177479669551,121.97788381815009,122.06758825744845,25982000,0.022973555546252022,GOOGL,485,1222,76.16999816894531,75.16000366210938,1.0
2021-07-06,125.08087921142578,125.31678632682912,123.48750228216251,124.5441347516448,26404000,0.007444764782192248,GOOGL,481,1218,74.52999877929688,73.37000274658203,1.0
2021-07-07,125.36238098144531,126.16525922771358,125.04420319403772,126.0443374513042,24060000,0.002250557973322964,GOOGL,480,1217,73.43000030517578,72.19999694824219,1.0
2021-07-08,123.94495391845703,124.49160506602671,122.93194096335237,122.93590362834043,23790000,-0.011306638019248139,GOOGL,479,1216,74.12000274658203,72.94000244140625,1.0
2021-07-09,124.41527557373047,124.62937290029038,123.45677202918988,123.92611335864795,18632000,0.003794601074141868,GOOGL,478,1215,75.55000305175781,74.55999755859375,1.0
2021-07-12,125.85948944091797,125.95266501095732,124.50698036288892,125.06899821973363,17668000,0.011608010837315774,GOOGL,475,1212,75.16000366210938,74.0999984741211,1.0
2021-07-13,126.22225189208984,126.93195455191068,125.5611145618093,125.92191366993266,19240000,0.002882281286721522,GOOGL,474,1211,76.48999786376953,75.25,1.0
2021-07-14,127.10989379882812,128.18982590812473,126.79022621114098,126.83334666215922,23742000,0.007032372608097193,GOOGL,473,1210,74.76000213623047,73.12999725341797,1.0
2021-07-15,125.88870239257812,127.56880409528097,125.41787885934153,127.51825743542209,24218000,-0.009607367056593819,GOOGL,472,1209,73.47000122070312,71.6500015258789,1.0
2021-07-16,125.8540267944336,126.68812995291671,125.04470541650979,126.54093661242045,20424000,-0.0002754464656915534,GOOGL,471,1208,73.58999633789062,71.80999755859375,1.0
2021-07-19,123.48304748535156,125.09574617911319,122.41947279512615,124.98125995365034,27968000,-0.018839121555917493,GOOGL,468,1205,68.62000274658203,66.41999816894531,1.0
2021-07-20,125.10021209716797,125.92638235763302,123.25755022531956,124.42419961251387,26312000,0.013096247985038056,GOOGL,467,1204,69.3499984741211,67.41999816894531,1.0
2021-07-21,126.42793273925781,126.47451673659734,124.91583584769378,125.02486962588229,20746000,0.010613256523166914,GOOGL,466,1203,72.2300033569336,70.30000305175781,1.0
2021-07-22,127.29276275634766,127.35373032326339,126.37837781235324,126.72034672526937,14302000,0.00684049796870001,GOOGL,465,1202,73.79000091552734,71.91000366210938,1.0
2021-07-23,131.84591674804688,132.22654439411656,128.65967646118105,129.2841290409823,41506000,0.035769150524405324,GOOGL,464,1201,74.0999984741211,72.06999969482422,1.0
2021-07-26,132.85693359375,133.05715404694908,131.13866459340358,132.1566459971667,30572000,0.007668169562164984,GOOGL,461,1198,74.5,71.91000366210938,1.0
2021-07-27,130.7406768798828,133.21772036685556,128.9604724988499,133.0705270393317,54710000,-0.015928839064871636,GOOGL,460,1197,74.4800033569336,71.6500015258789,1.0
2021-07-28,134.89781188964844,137.08145178263484,134.0884905988958,135.11389810308486,95130000,0.03179679889209197,GOOGL,459,1196,74.73999786376953,72.38999938964844,1.0
2021-07-29,134.58409118652344,135.459824888862,134.35165520894898,134.95331470842268,31716000,-0.0023256174338960323,GOOGL,458,1195,76.05000305175781,73.62000274658203,1.0
2021-07-30,133.54234313964844,134.11526579950234,133.07499070592388,133.84813380324206,25576000,-0.00774049917557651,GOOGL,457,1194,76.33000183105469,73.94999694824219,1.0
2021-08-02,133.66921997070312,134.1469781657833,132.6180400189408,133.92940973358665,21634000,0.0009500869018150837,GOOGL,454,1191,72.88999938964844,71.26000213623047,1.0
2021-08-03,134.43792724609375,134.53902058511594,132.1477335764231,133.94726760946617,20762000,0.005750817395052454,GOOGL,453,1190,72.41000366210938,70.55999755859375,1.0
2021-08-04,133.9378662109375,134.45726275713403,133.30497408561808,134.15989647499984,19676000,-0.003719642554744773,GOOGL,452,1189,70.37999725341797,68.1500015258789,1.0
2021-08-05,135.05393981933594,135.15158472085915,133.66079088435984,134.48795935776522,17870000,0.008332771306366338,GOOGL,451,1188,71.29000091552734,69.08999633789062,1.0
2021-08-06,134.54542541503906,135.27298265571096,134.0215823867946,134.84627027355822,20488000,-0.0037652689360793135,GOOGL,450,1187,70.69999694824219,68.27999877929688,1.0
2021-08-09,135.70960998535156,135.97823930808275,134.1499385485314,134.7476505132301,17760000,0.008652725031128128,GOOGL,447,1184,69.04000091552734,66.4800033569336,1.0
2021-08-10,135.6045684814453,136.56158228756237,135.16595290851137,136.13485470912244,19414000,-0.0007740166957784789,GOOGL,446,1183,70.62999725341797,68.29000091552734,1.0
2021-08-11,135.08120727539062,136.47235972924676,135.07376593544024,135.97577128495558,15352000,-0.0038594658861090814,GOOGL,445,1182,71.44000244140625,69.25,1.0
2021-08-12,135.9881591796875,136.0932302954075,134.23520937229634,134.7803631501877,16506000,0.006714123471282418,GOOGL,444,1181,71.30999755859375,69.08999633789062,1.0
2021-08-13,136.5169677734375,136.6448469030297,135.82858330220628,136.04367130953105,15948000,0.0038886370470774256,GOOGL,443,1180,70.58999633789062,68.44000244140625,1.0
2021-08-16,137.09385681152344,137.14639993489493,134.10981879520125,136.31625185991177,22384000,0.004225768030852617,GOOGL,440,1177,69.51000213623047,67.29000091552734,1.0
2021-08-17,135.46034240722656,137.0502482689052,134.8859374907993,136.53927624045247,21716000,-0.01191529979744188,GOOGL,439,1176,69.02999877929688,66.58999633789062,1.0
2021-08-18,134.25851440429688,135.89946615420885,134.13213260953893,135.30027185515118,19258000,-0.008872176030064183,GOOGL,438,1175,68.2300033569336,65.45999908447266,1.0
2021-08-19,134.48745727539062,135.1540470600647,133.07003326839052,133.25390393778633,21782000,0.0017052391210312656,GOOGL,437,1174,66.44999694824219,63.689998626708984,1.0
2021-08-20,136.2216033935547,136.34500562415587,134.06125518787377,134.80466325730745,31194000,0.012894482156897702,GOOGL,436,1173,65.18000030517578,62.31999969482422,1.0
2021-08-23,138.81065368652344,139.63632491734674,136.39804086783937,136.75685870008374,28454000,0.01900616516375009,GOOGL,433,1170,68.75,65.63999938964844,-1.0
2021-08-24,140.01991271972656,140.83121539533298,139.10502114709683,139.37561670216243,19268000,0.008711572210689189,GOOGL,432,1169,71.05000305175781,67.54000091552734,-1.0
2021-08-25,140.83023071289062,140.9397636176069,140.13342175774235,140.38022622324365,15848000,0.005787162535846324,GOOGL,431,1168,72.25,68.36000061035156,-1.0
2021-08-26,140.1973419189453,141.1657446019955,140.1145645733413,140.50411569948363,20610000,-0.004493983931870282,GOOGL,430,1167,71.06999969482422,67.41999816894531,-1.0
2021-08-27,142.73829650878906,143.2423262781944,140.25332765406952,140.40746320935864,28780000,0.018124128140124096,GOOGL,429,1166,72.69999694824219,68.73999786376953,-1.0
2021-08-30,143.3196563720703,144.68753203308154,142.89590833586342,143.13082479723923,24434000,0.004072907394165659,GOOGL,426,1163,73.41000366210938,69.20999908447266,-1.0
2021-08-31,143.4257049560547,143.89553786032653,143.01287695186656,143.8712627569478,22448000,0.0007399444477389494,GOOGL,425,1162,72.98999786376953,68.5,-1.0
2021-09-01,143.93914794921875,144.96851813744988,143.61006529217806,143.72554217822025,21936000,0.0035798533695294843,GOOGL,424,1161,71.58999633789062,68.58999633789062,-1.0
2021-09-02,142.02761840820312,144.2404946102544,141.9265099500036,143.9396648071746,32342000,-0.01328012266468337,GOOGL,423,1160,73.02999877929688,69.98999786376953,-1.0
2021-09-03,142.4761199951172,142.8879648593255,141.14888450599227,141.82291558838094,19850000,0.003157847691461102,GOOGL,422,1159,72.61000061035156,69.29000091552734,-1.0
2021-09-07,143.01239013671875,143.29438972638894,142.3567051696293,142.57031097305716,20124000,0.0037639299948646343,GOOGL,418,1155,71.69000244140625,68.3499984741211,-1.0
2021-09-08,142.42803955078125,143.1308075175627,141.7431186990499,142.8334564312198,18344000,-0.004086013703979541,GOOGL,417,1154,72.5999984741211,69.30000305175781,-1.0
2021-09-09,142.2793731689453,143.04211051634226,141.9190731671668,142.57624028484273,15314000,-0.0010437999589465452,GOOGL,416,1153,71.44999694824219,68.13999938964844,-1.0
2021-09-10,139.63780212402344,143.4465279342337,139.5010145668301,142.9449634747417,36840000,-0.018566085765539753,GOOGL,415,1152,72.91999816894531,69.72000122070312,-1.0
2021-09-13,141.08154296875,141.6936084973966,140.00855283336458,140.70189838946368,22094000,0.010339183392791274,GOOGL,412,1149,73.51000213623047,70.44999694824219,-1.0
2021-09-14,141.2916259765625,142.10294377890315,140.50411441226078,141.73866598781828,19674000,0.0014890892415249102,GOOGL,411,1148,73.5999984741211,70.45999908447266,-1.0
2021-09-15,143.1600799560547,143.1808915102632,140.10516764345076,141.51664778400357,27408000,0.013224095671473979,GOOGL,410,1147,75.45999908447266,72.61000061035156,-1.0
2021-09-16,142.34776306152344,143.03170083482422,141.14988885441545,142.68527016924585,26190000,-0.005674185811998744,GOOGL,409,1146,75.66999816894531,72.61000061035156,-1.0
2021-09-17,139.56246948242188,142.18917178562248,139.23536813670114,141.7733642211635,53384000,-0.019566823666191002,GOOGL,408,1145,75.33999633789062,71.97000122070312,-1.0
2021-09-20,137.50027465820312,137.77831160755642,135.12385505551097,136.9471803209948,46518000,-0.014776141693870537,GOOGL,405,1142,73.91999816894531,70.29000091552734,1.0
2021-09-21,137.81100463867188,138.78090469038185,137.06263570579478,138.5211988911411,25332000,0.002259849889326926,GOOGL,404,1141,74.36000061035156,70.55999755859375,1.0
2021-09-22,139.0504913330078,139.64868731901853,137.33371982330885,138.07960825207437,25056000,0.00899410535164269,GOOGL,403,1140,76.19000244140625,72.2300033569336,-1.0
2021-09-23,139.97482299804688,140.45109904539308,139.16748291766282,139.74833097489636,20952000,0.006647453426291028,GOOGL,402,1139,77.25,73.30000305175781,-1.0
2021-09-24,140.96502685546875,141.07952064576384,139.00837789075337,139.30326368063228,22984000,0.007074156882025173,GOOGL,401,1138,78.08999633789062,73.9800033569336,-1.0
2021-09-27,139.8320770263672,140.69096191409616,138.83640458295432,139.56692635866548,21882000,-0.00803709866464375,GOOGL,398,1135,79.52999877929688,75.44999694824219,-1.0
2021-09-28,134.63613891601562,137.87392316936433,134.17026871953288,137.4363058631819,45772000,-0.03715841329719938,GOOGL,397,1134,79.08999633789062,75.29000091552734,1.0
2021-09-29,133.17263793945312,135.94555070244238,132.68843655514806,135.77604845611555,30848000,-0.010870045653013083,GOOGL,396,1133,78.63999938964844,74.83000183105469,1.0
2021-09-30,132.50106811523438,134.35116361737062,132.3821276786133,133.08143210735338,37996000,-0.005042851404085558,GOOGL,395,1132,78.5199966430664,75.02999877929688,1.0
2021-10-01,135.34291076660156,135.7071886414203,132.89461860515644,133.26582358259782,35360000,0.02144769617174469,GOOGL,394,1131,79.27999877929688,75.87999725341797,1.0
2021-10-04,132.48472595214844,134.7654966784679,129.89816454860028,134.7654966784679,51202000,-0.021118097713902828,GOOGL,391,1128,81.26000213623047,77.62000274658203,1.0
2021-10-05,134.8274688720703,136.01841621357198,132.86289428566997,132.86289428566997,32404000,0.017683117076968013,GOOGL,390,1127,82.55999755859375,78.93000030517578,1.0
2021-10-06,136.35589599609375,136.53926754708024,133.3673964801773,133.5656355859823,24364000,0.011336170120301414,GOOGL,389,1126,81.08000183105469,77.43000030517578,1.0
2021-10-07,138.00131225585938,138.81113270818318,137.4323522466048,137.67123135730094,25110000,0.012067070864414609,GOOGL,388,1125,81.94999694824219,78.30000305175781,1.0
2021-10-08,138.55690002441406,139.0975920679396,137.9938839590629,138.35022132641475,26526000,0.004025960039601761,GOOGL,387,1124,82.38999938964844,79.3499984741211,1.0
2021-10-11,137.6930694580078,139.47527073185262,137.638544994846,138.06775309903637,17954000,-0.006234482485203086,GOOGL,384,1121,83.6500015258789,80.5199966430664,1.0
2021-10-12,135.24972534179688,138.28084658816041,134.56677058487705,138.25407591116456,36332000,-0.017744859097327925,GOOGL,383,1120,83.41999816894531,80.63999938964844,1.0
2021-10-13,136.37274169921875,136.78706701680704,135.31908129001275,136.19481503512776,19654000,0.008303280132982538,GOOGL,382,1119,83.18000030517578,80.44000244140625,1.0
2021-10-14,139.91036987304688,140.09522363408612,137.6048099997412,138.24810774301423,31894000,0.025940874472045516,GOOGL,381,1118,84.0,81.30999755859375,-1.0
2021-10-15,140.12548828125,140.47241812017668,139.51788463580564,140.3698274367065,30274000,0.001537544417889336,GOOGL,380,1117,84.86000061035156,82.27999877929688,-1.0
2021-10-18,141.5230712890625,141.5409184042978,139.8295917986677,139.83653402400074,20396000,0.009973795809420372,GOOGL,377,1114,84.33000183105469,82.44000244140625,-1.0
2021-10-19,141.97805786132812,142.39982458163402,141.3466631289933,142.12723254261542,20164000,0.0032149286199161242,GOOGL,376,1113,85.08000183105469,82.95999908447266,-1.0
2021-10-20,140.52296447753906,142.28435409702513,140.13391241428846,142.07817450186778,23288000,-0.010248720159352187,GOOGL,375,1112,85.81999969482422,83.87000274658203,-1.0
2021-10-21,140.63893127441406,140.90656241415812,139.26511158996246,140.52295525974566,26292000,0.0008252515687108275,GOOGL,374,1111,84.61000061035156,82.5,-1.0
2021-10-22,136.35739135742188,139.34737337961698,134.86016945665278,137.926969706927,50588000,-0.030443490136014106,GOOGL,373,1110,85.52999877929688,83.76000213623047,1.0
2021-10-25,136.2389373779297,136.7870707005219,134.23370805453146,136.3410289296942,34412000,-0.0008687022999852578,GOOGL,370,1107,85.98999786376953,83.76000213623047,1.0
2021-10-26,138.08409118652344,138.85177438830706,137.08891772648917,138.03948851571823,49236000,0.013543512920063838,GOOGL,369,1106,86.4000015258789,84.6500015258789,1.0
2021-10-27,144.93234252929688,147.34345760422508,138.17971995180935,138.17971995180935,85782000,0.04959478882706958,GOOGL,368,1105,84.58000183105469,82.66000366210938,-1.0
2021-10-28,144.5670623779297,145.86456263741096,143.35580299969573,145.84127064212495,36206000,-0.002520349460944815,GOOGL,367,1104,84.31999969482422,82.80999755859375,-1.0
2021-10-29,146.7447967529297,146.93907321937613,143.37814969215017,143.8028808506359,43320000,0.01506383500625419,GOOGL,366,1103,84.37999725341797,83.56999969482422,-1.0
2021-11-01,142.2357635498047,146.74479239872048,141.96665019325252,146.74479239872048,46924000,-0.03072703975130875,GOOGL,363,1100,84.70999908447266,84.05000305175781,-1.0
2021-11-02,144.1542510986328,145.3204089612238,143.0668927959046,143.3087514833836,33482000,0.01348808134429813,GOOGL,362,1099,84.72000122070312,83.91000366210938,-1.0
2021-11-03,145.3094940185547,145.3798691219165,143.32013065722106,144.6181149674315,27494000,0.008013935843844466,GOOGL,361,1098,81.98999786376953,80.86000061035156,-1.0
2021-11-04,146.96432495117188,148.41744313308732,145.0220445618424,145.83136586908142,38412000,0.011388319419830095,GOOGL,360,1097,80.54000091552734,78.80999755859375,-1.0
2021-11-05,147.543701171875,149.00622700469464,146.89445936853247,147.85840028668068,38354000,0.003942291579236201,GOOGL,359,1096,82.73999786376953,81.2699966430664,-1.0
2021-11-08,147.72113037109375,149.29120778593392,147.1258987759427,148.50814284863625,23052000,0.0012025535336954718,GOOGL,356,1093,83.43000030517578,81.93000030517578,-1.0
2021-11-09,147.609619140625,148.5175685400609,145.9508203469495,147.92135382889896,19530000,-0.0007548766394396278,GOOGL,355,1092,84.77999877929688,84.1500015258789,-1.0
2021-11-10,144.61117553710938,146.768558932235,143.26710632236433,146.20356163758896,29970000,-0.02031333473368735,GOOGL,354,1091,82.63999938964844,81.33999633789062,-1.0
2021-11-11,144.48533630371094,146.2388007014772,144.32079493376511,145.20198891260358,16518000,-0.000870190238970503,GOOGL,353,1090,82.87000274658203,81.58999633789062,-1.0
2021-11-12,147.3712158203125,147.54171627859984,144.13293221150644,145.32684378573572,22360000,0.019973511433266644,GOOGL,352,1089,82.16999816894531,80.79000091552734,-1.0
2021-11-15,147.14720153808594,148.2350588729297,146.27791087379003,147.59176109433906,23508000,-0.0015200680877851536,GOOGL,349,1086,82.05000305175781,80.87999725341797,-1.0
2021-11-16,146.5762939453125,147.45499226873417,146.0177396467435,146.84738864467752,18904000,-0.0038798399616568613,GOOGL,348,1085,82.43000030517578,80.76000213623047,-1.0
2021-11-17,146.74575805664062,147.2537504824228,145.9458594225756,146.72642872326313,19594000,0.001156149516178706,GOOGL,347,1084,80.27999877929688,78.36000061035156,-1.0
2021-11-18,148.52154541015625,149.25702820435575,146.58472464481926,146.9385815884133,35608000,0.012101115405531493,GOOGL,346,1083,81.23999786376953,79.01000213623047,-1.0
2021-11-19,147.6175537109375,149.63963221382073,147.59029904384553,148.65732984777023,33682000,-0.006086603103423793,GOOGL,345,1082,78.88999938964844,76.0999984741211,-1.0
2021-11-22,145.01611328125,148.51260548030166,144.86297594328792,148.0199796793374,30594000,-0.017622839318836014,GOOGL,342,1079,79.69999694824219,76.75,-1.0
2021-11-23,144.50067138671875,145.3709602825968,142.84833094604366,144.86841272271184,27218000,-0.0035543767024811546,GOOGL,341,1078,82.30999755859375,78.5,-1.0
2021-11-24,144.83572387695312,144.9640870123925,143.1040844590682,144.1949064284518,18040000,0.0023186915812847264,GOOGL,340,1077,82.25,78.38999938964844,-1.0
2021-11-26,140.93333435058594,143.28696106170008,140.5958271690256,143.07979835205043,30470000,-0.026943556616477515,GOOGL,338,1075,72.72000122070312,68.1500015258789,-1.0
2021-11-29,144.2513885498047,145.0116454494308,142.6287680714975,142.73433830106399,32596000,0.023543430761133965,GOOGL,335,1072,73.44000244140625,69.94999694824219,-1.0
2021-11-30,140.65032958984375,144.71676490782465,140.3569260142656,143.73397863340372,42068000,-0.024963773286089563,GOOGL,334,1071,70.56999969482422,66.18000030517578,-1.0
2021-12-01,139.811767578125,144.66771130937158,139.67349778643103,142.73435417388086,34020000,-0.0059620337482615415,GOOGL,333,1070,68.87000274658203,65.56999969482422,-1.0
2021-12-02,141.7094268798828,142.60002820764856,138.98210021683846,140.00850599610223,29194000,0.013572958375606126,GOOGL,332,1069,69.66999816894531,66.5,-1.0
2021-12-03,140.75343322753906,143.13085117342362,139.06787856966974,142.41817632795144,41230000,-0.006746154249526959,GOOGL,331,1068,69.87999725341797,66.26000213623047,-1.0
2021-12-06,141.89675903320312,142.5881230149532,138.9181661975633,141.78326347810582,30618000,0.008122898173402282,GOOGL,328,1065,73.08000183105469,69.48999786376953,-1.0
2021-12-07,145.97511291503906,146.23431960919498,143.95105317379645,144.31681320908484,32240000,0.02874169860977327,GOOGL,327,1064,75.44000244140625,72.05000305175781,-1.0
2021-12-08,146.88401794433594,147.0887152685384,145.11918035220566,146.2992073386308,24270000,0.006226438268459367,GOOGL,326,1063,75.81999969482422,72.36000061035156,-1.0
2021-12-09,146.34088134765625,147.78953800523445,145.8219839399429,146.29379822913546,23270000,-0.003697724260821378,GOOGL,325,1062,74.41999816894531,70.94000244140625,-1.0
2021-12-10,146.70065307617188,147.66807257838894,145.41455669964134,147.3930152629516,24458000,0.0024584499232374046,GOOGL,324,1061,75.1500015258789,71.66999816894531,-1.0
2021-12-13,144.54478454589844,146.66943824103194,144.23849477412142,146.48258801928816,27070000,-0.01469569824719208,GOOGL,321,1058,74.38999938964844,71.29000091552734,-1.0
2021-12-14,142.6421661376953,143.2101279735769,139.9738254109234,142.70263459263393,38446000,-0.01316282987435613,GOOGL,320,1057,73.69999694824219,70.7300033569336,-1.0
2021-12-15,145.1538848876953,145.43142268224105,140.43274769467823,142.148536251989,36370000,0.017608529216917468,GOOGL,319,1056,73.87999725341797,70.87000274658203,-1.0
2021-12-16,143.17544555664062,146.37903341060957,142.34479835563232,145.8769849184342,33650000,-0.013629944059612265,GOOGL,318,1055,75.0199966430664,72.37999725341797,-1.0
2021-12-17,140.47935485839844,142.57031110994896,140.05808724892535,141.2475371685675,50416000,-0.018830677898436177,GOOGL,317,1054,73.5199966430664,70.86000061035156,-1.0
2021-12-20,140.3623809814453,140.52841967849685,138.09647759296158,138.7695105661895,27192000,-0.0008326766382934503,GOOGL,314,1051,71.5199966430664,68.2300033569336,-1.0
2021-12-21,142.21145629882812,142.60447091071424,139.26755981675234,140.80492226584903,28756000,0.01317358187039619,GOOGL,313,1050,73.9800033569336,71.12000274658203,-1.0
2021-12-22,145.1280975341797,145.2123570924687,141.81003144963466,141.81003144963466,26322000,0.0205091861883675,GOOGL,312,1049,75.29000091552734,72.76000213623047,-1.0
2021-12-23,145.62522888183594,146.94056153124288,145.1648034683037,145.21238570176314,26384000,0.003425465889120183,GOOGL,311,1048,76.8499984741211,73.79000091552734,-1.0
2021-12-27,146.60650634765625,147.0401610488901,145.87598451208166,145.96172629853862,15976000,0.006738375440539457,GOOGL,307,1044,78.5999984741211,75.56999969482422,-1.0
2021-12-28,145.39773559570312,146.99556692664365,144.77080262744354,146.93311713711037,18200000,-0.008245000730640828,GOOGL,306,1043,78.94000244140625,75.9800033569336,-1.0
2021-12-29,145.36599731445312,146.12130842393856,144.36736044495242,145.35559153853998,17788000,-0.00021828593904826832,GOOGL,305,1042,79.2300033569336,76.55999755859375,-1.0
2021-12-30,144.91549682617188,146.0053355046696,144.71131371891346,145.40465905246458,15688000,-0.0030990774775667695,GOOGL,304,1041,79.31999969482422,76.98999786376953,-1.0
2021-12-31,143.57887268066406,145.40914004664086,143.57887268066406,144.7663412906992,18136000,-0.009223472815409917,GOOGL,303,1040,77.77999877929688,75.20999908447266,-1.0
2022-01-03,143.71714782714844,144.56909064299023,142.44988137611608,143.78008160886833,28646000,0.0009630605388015745,GOOGL,300,1037,78.9800033569336,76.08000183105469,-1.0
2022-01-04,143.1303253173828,145.1974901309125,142.45332978624396,144.1180572750369,28400000,-0.0040831767025560906,GOOGL,299,1036,80.0,76.98999786376953,-1.0
2022-01-05,136.56405639648438,143.22945569243274,136.47783061916755,143.15065613098375,54618000,-0.04587615452098037,GOOGL,298,1035,80.80000305175781,77.8499984741211,-1.0
2022-01-06,136.53677368164062,138.71000766618633,135.3582289281207,135.79436399283284,37348000,-0.00019977961671369115,GOOGL,297,1034,81.98999786376953,79.45999908447266,-1.0
2022-01-07,135.8126983642578,137.23161957664905,134.57318602487607,136.93127381706194,29760000,-0.0053031523878770415,GOOGL,296,1033,81.75,78.9000015258789,-1.0
2022-01-10,137.45069885253906,137.59938954533916,131.9940937569273,133.89077354018556,44408000,0.012060731492780086,GOOGL,293,1030,80.87000274658203,78.2300033569336,-1.0
2022-01-11,138.50782775878906,138.98361984255865,135.49108996730467,136.7940355023196,28730000,0.0076909678530199255,GOOGL,292,1029,83.72000122070312,81.22000122070312,-1.0
2022-01-12,140.18740844726562,141.35456438559447,139.45788494003665,139.90937157216942,26108000,0.012126251026054247,GOOGL,291,1028,84.66999816894531,82.63999938964844,-1.0
2022-01-13,137.3689422607422,141.59447455601426,137.1924977773982,140.2959756507741,31436000,-0.020104988156505188,GOOGL,290,1027,84.47000122070312,82.12000274658203,-1.0
2022-01-14,138.25457763671875,139.50499514618633,135.79439774836212,135.87418041718718,29662000,0.006447129616063529,GOOGL,289,1026,86.05999755859375,83.81999969482422,-1.0
2022-01-18,134.80267333984375,135.92620981691346,134.24809688423744,134.9781195690153,34872000,-0.024967739628450558,GOOGL,285,1022,87.51000213623047,85.43000030517578,1.0
2022-01-19,133.92892456054688,136.74693894623502,133.82881433443535,135.3235557494751,28648000,-0.006481687325993302,GOOGL,284,1021,88.44000244140625,86.95999908447266,1.0
2022-01-20,132.1358184814453,136.41637384209355,131.79583090485298,135.05246087078947,29908000,-0.013388490088942162,GOOGL,283,1020,88.37999725341797,86.9000015258789,1.0
2022-01-21,129.20579528808594,133.68011249754008,128.94312507327743,131.42809390052594,55652000,-0.02217432961805743,GOOGL,282,1019,87.88999938964844,85.13999938964844,1.0
2022-01-24,129.6543426513672,130.04983783070446,123.40574871292903,124.87075517822278,76622000,0.003471573099961489,GOOGL,279,1016,86.2699966430664,83.30999755859375,1.0
2022-01-25,125.8193359375,128.26168373746512,125.38866078931534,127.60847923176541,46960000,-0.02957869852596684,GOOGL,278,1015,88.19999694824219,85.5999984741211,1.0
2022-01-26,128.0971221923828,131.8310108586025,126.0244974232128,129.96654697196033,49130000,0.018103626425228336,GOOGL,277,1014,89.95999908447266,87.3499984741211,1.0
2022-01-27,127.87112426757812,131.48655634744904,127.7992518215496,130.14991337232922,31950000,-0.0017642701173666842,GOOGL,276,1013,89.33999633789062,86.61000061035156,1.0
2022-01-28,132.17892456054688,132.18438456774498,127.35569637367115,128.51937364185733,34362000,0.033688608883694515,GOOGL,275,1012,90.02999877929688,86.81999969482422,1.0
2022-01-31,134.1143035888672,134.28232364001818,131.04750282086047,132.98284153048613,39986000,0.014642115108401965,GOOGL,272,1009,91.20999908447266,88.1500015258789,1.0
2022-02-01,136.43418884277344,136.5818812789118,133.1874810681943,136.38512440213515,68644000,0.017297821275036762,GOOGL,271,1008,89.16000366210938,88.19999694824219,1.0
2022-02-02,146.69918823242188,150.21451067811546,144.24347030048295,149.92062310914736,123200000,0.0752377353265743,GOOGL,270,1007,89.47000122070312,88.26000213623047,-1.0
2022-02-03,141.8323211669922,148.3594496248234,141.41155275115443,144.4248414458833,71518000,-0.03317582819694198,GOOGL,269,1006,91.11000061035156,90.2699966430664,-1.0
2022-02-04,142.0335693359375,143.6016655574309,139.27998583713477,142.1837422499907,57998000,0.0014189161348376889,GOOGL,268,1005,93.2699966430664,92.30999755859375,-1.0
2022-02-07,137.9775390625,142.98215841687698,137.6791745678362,142.98215841687698,54974000,-0.02855684252955848,GOOGL,265,1002,92.69000244140625,91.31999969482422,-1.0
2022-02-08,138.17381286621094,138.76952857119244,135.80978027079303,137.80458921906825,54284000,0.001422505467516988,GOOGL,264,1001,90.77999877929688,89.36000061035156,-1.0
2022-02-09,140.34750366210938,141.27181794404441,138.95485380934457,139.72453341095786,40144000,0.015731568455761957,GOOGL,263,1000,91.55000305175781,89.66000366210938,-1.0
2022-02-10,137.401611328125,140.24093608556134,136.74444425283198,138.47559928783693,39330000,-0.020989987403528754,GOOGL,262,999,91.41000366210938,89.87999725341797,-1.0
2022-02-11,133.10226440429688,137.93341878729322,132.22751362039665,137.38182183921865,39958000,-0.03129036757480941,GOOGL,261,998,94.44000244140625,93.0999984741211,-1.0
2022-02-14,134.33482360839844,135.10202275464846,132.08527017678978,132.08527017678978,34302000,0.009260242187598466,GOOGL,258,995,96.4800033569336,95.45999908447266,-1.0
2022-02-15,135.40782165527344,136.8946378100411,134.62773623845976,136.36135685706915,26680000,0.00798748990063003,GOOGL,257,994,93.27999877929688,92.06999969482422,-1.0
2022-02-16,136.52737426757812,136.87230757588372,133.73809706927898,135.44546098409901,25022000,0.008268005486085528,GOOGL,256,993,94.80999755859375,93.66000366210938,-1.0
2022-02-17,131.37408447265625,135.90837156390384,131.31411513265346,135.04552392763165,38950000,-0.0377454691600676,GOOGL,255,992,92.97000122070312,91.76000213623047,1.0
2022-02-18,129.25685119628906,132.89162828166567,129.05216896587058,132.293916239701,45620000,-0.01611606493674833,GOOGL,254,991,93.54000091552734,91.06999969482422,1.0
2022-02-22,128.67254638671875,131.01873151195204,127.09650976671601,128.6968214918031,44990000,-0.0045204939170534475,GOOGL,250,987,96.83999633789062,92.3499984741211,1.0
2022-02-23,126.46659851074219,130.8903696827922,126.40662916955034,130.49141097359714,32786000,-0.017143889181665095,GOOGL,249,986,96.83999633789062,92.0999984741211,1.0
2022-02-24,131.5247344970703,131.8310242930199,123.85524617381691,123.85524617381691,54456000,0.03999582534750057,GOOGL,248,985,99.08000183105469,92.80999755859375,1.0
2022-02-25,133.27772521972656,134.08258496199525,130.5935183573774,132.37820011756196,36406000,0.013328220956760672,GOOGL,247,984,97.93000030517578,91.58999633789062,-1.0
2022-02-28,133.8699493408203,134.5583337933557,131.427102602085,131.88058572904305,38864000,0.004443534132334559,GOOGL,244,981,100.98999786376953,95.72000122070312,-1.0
2022-03-01,132.88319396972656,135.0579106140199,132.04761612674722,133.69301448970344,26496000,-0.0073709998095358165,GOOGL,243,980,104.97000122070312,103.41000366210938,-1.0
2022-03-02,133.38868713378906,134.07360790585835,131.9018713763087,133.44469379424999,23520000,0.0038040413460986855,GOOGL,242,979,112.93000030517578,110.5999984741211,-1.0
2022-03-03,132.7226104736328,135.2402787650286,131.8562842947509,134.8145494526599,24604000,-0.004993501881371487,GOOGL,241,978,110.45999908447266,107.66999816894531,-1.0
2022-03-04,130.74713134765625,132.6750434625872,129.19192148220066,131.75916874799498,30430000,-0.014884269672867934,GOOGL,240,977,118.11000061035156,115.68000030517578,1.0
2022-03-07,125.2677230834961,130.57714191731998,125.18495329978524,130.3323188037654,45112000,-0.04190843965509594,GOOGL,237,974,123.20999908447266,119.4000015258789,1.0
2022-03-08,125.98735809326172,130.09642281399925,124.56992628887089,125.14036861156119,40428000,0.005744776004956709,GOOGL,236,973,127.9800033569336,123.69999694824219,1.0
2022-03-09,132.24732971191406,132.56006261647792,128.75876292905036,130.0964043089668,37026000,0.0496872996893738,GOOGL,235,972,111.13999938964844,108.69999694824219,1.0
2022-03-10,131.26556396484375,132.1006579109377,129.76189877245108,130.11229217718827,27102000,-0.007423709417868629,GOOGL,234,971,109.33000183105469,106.0199966430664,1.0
2022-03-11,128.72903442382812,132.61953964393146,128.49213662745805,132.31523116771578,31526000,-0.01932364791191521,GOOGL,233,970,112.66999816894531,109.33000183105469,1.0
2022-03-14,124.84396362304688,129.26278069161833,124.17391033444304,129.1051815929941,38812000,-0.030180221720532918,GOOGL,230,967,106.9000015258789,103.01000213623047,1.0
2022-03-15,128.06243896484375,128.71317811067638,124.61550282436785,125.85996865327388,30920000,0.025779983656356142,GOOGL,229,966,99.91000366210938,96.44000244140625,1.0
2022-03-16,132.1090545654297,132.16108344524727,127.6030057057171,129.58394480607387,35576000,0.03159877035995562,GOOGL,228,965,98.0199966430664,95.04000091552734,1.0
2022-03-17,132.66265869140625,132.90203693206857,131.02318923079633,131.97872086094247,28264000,0.004190508574886342,GOOGL,227,964,106.63999938964844,102.9800033569336,-1.0
2022-03-18,134.92906188964844,135.0465201210338,131.09604557963877,132.25179767226226,44566000,0.017083957313973164,GOOGL,226,963,107.93000030517578,104.69999694824219,-1.0
2022-03-21,134.9052734375,135.84543842143734,132.9139283478914,134.96672499602926,26832000,-0.00017630339835827957,GOOGL,223,960,115.62000274658203,112.12000274658203,-1.0
2022-03-22,138.638671875,139.81028984562343,134.905281506743,134.905281506743,35496000,0.027674221639894858,GOOGL,222,959,115.4800033569336,111.76000213623047,-1.0
2022-03-23,137.06015014648438,138.3616132811459,136.6235310367747,137.48339904374487,25154000,-0.011385868799571708,GOOGL,221,958,121.5999984741211,114.93000030517578,-1.0
2022-03-24,140.32769775390625,140.37428175630868,136.53978312219112,137.97653660408002,26396000,0.02384024535161866,GOOGL,220,957,119.02999877929688,112.33999633789062,-1.0
2022-03-25,140.42779541015625,140.78661319393285,138.50930604145182,140.6686558555551,24126000,0.0007133136070225365,GOOGL,219,956,120.6500015258789,113.9000015258789,-1.0
2022-03-28,140.2122344970703,140.75442393883623,138.58267148561245,139.6621045995767,35050000,-0.0015350302442357355,GOOGL,216,953,112.4800033569336,105.95999908447266,-1.0
2022-03-29,141.2529754638672,142.52966445696305,140.79008476675781,141.39374081978931,34318000,0.007422611661028977,GOOGL,215,952,110.2300033569336,104.23999786376953,-1.0
2022-03-30,140.6909637451172,141.46608819585558,140.3554379628545,141.20787975036384,19884000,-0.003978760213045995,GOOGL,214,951,113.44999694824219,107.81999969482422,-1.0
2022-03-31,137.84523010253906,140.85900377297975,137.80260875876402,140.80447930729167,37524000,-0.020226840209393915,GOOGL,213,950,107.91000366210938,100.27999877929688,-1.0
2022-04-01,138.91867065429688,139.23634932313234,137.0918670617453,138.27389064424523,25942000,0.007787288330247666,GOOGL,212,949,104.38999938964844,99.2699966430664,-1.0
2022-04-04,141.71487426757812,142.4488747295106,139.07726712649293,139.12484935301754,25942000,0.02012834991949841,GOOGL,209,946,107.52999877929688,103.27999877929688,-1.0
2022-04-05,139.3553009033203,141.73370131663094,139.14863735319742,141.61327865957014,21418000,-0.016650146122294762,GOOGL,208,945,106.63999938964844,101.95999908447266,-1.0
2022-04-06,135.3478546142578,138.13563495181108,134.32591048530927,137.53049665262756,32468000,-0.028757042344895956,GOOGL,207,944,101.06999969482422,96.2300033569336,-1.0
2022-04-07,134.69415283203125,135.95893878121728,133.0477410449295,134.81457550647184,26234000,-0.004829790498634967,GOOGL,206,943,100.58000183105469,96.02999877929688,-1.0
2022-04-08,132.11599731445312,134.4775488545769,131.7968213100517,134.39180707525873,25142000,-0.01914081245080612,GOOGL,205,942,102.77999877929688,98.26000213623047,-1.0
2022-04-11,127.69124603271484,130.93151135411028,127.53760956872993,130.66487843192186,36884000,-0.03349141187805438,GOOGL,202,939,98.4800033569336,94.29000091552734,-1.0
2022-04-12,126.59197998046875,130.4433348003117,125.67461550166297,130.4433348003117,32710000,-0.00860878162285661,GOOGL,201,938,104.63999938964844,100.5999984741211,-1.0
2022-04-13,128.75233459472656,129.18846977250948,126.618257834774,126.87498409735159,27928000,0.01706549352171538,GOOGL,200,937,108.77999877929688,104.25,-1.0
2022-04-14,125.61614990234375,129.3326989063027,125.48827832283405,129.3326989063027,31598000,-0.024358274374243982,GOOGL,199,936,111.69999694824219,106.94999694824219,-1.0
2022-04-18,126.55431365966797,127.0855981275949,125.07295002814799,125.88376118192888,20808000,0.007468496352209142,GOOGL,195,932,113.16000366210938,108.20999908447266,-1.0
2022-04-19,128.86630249023438,129.187444684176,125.8832479970726,126.5691670682094,26490000,0.018268747731379875,GOOGL,194,931,107.25,102.55999755859375,-1.0
2022-04-20,126.91461944580078,130.24410511069215,126.3793722886123,129.7415575029072,31696000,-0.015145022451323098,GOOGL,193,930,106.80000305175781,102.75,-1.0
2022-04-21,123.71746826171875,128.95502227336507,123.43199758034922,128.11398446155997,36446000,-0.025191354613385397,GOOGL,192,929,108.33000183105469,103.79000091552734,-1.0
2022-04-22,118.58399963378906,124.2998191633257,117.87974930996148,123.90135199182903,56884000,-0.04149348269130493,GOOGL,191,928,106.6500015258789,102.06999969482422,-1.0
2022-04-25,121.99227905273438,122.19398930690228,117.46938809472454,118.05419885374349,46128000,0.028741478019553623,GOOGL,188,925,102.31999969482422,98.54000091552734,-1.0
2022-04-26,117.60716247558594,121.43323675370941,117.46938423541988,121.21963094813664,73054000,-0.03594585338677747,GOOGL,187,924,104.98999786376953,101.69999694824219,-1.0
2022-04-27,113.2899398803711,116.2115281359682,111.74563485499026,113.46339722510035,91820000,-0.03670884072312397,GOOGL,186,923,105.31999969482422,102.0199966430664,-1.0
2022-04-28,117.48077392578125,118.59786733984906,113.11201138291597,115.39179910794181,48884000,0.03699211112509615,GOOGL,185,922,107.58999633789062,105.36000061035156,-1.0
2022-04-29,113.1065673828125,116.88357727541786,112.81416200788513,115.7084957674143,42676000,-0.03723338208286031,GOOGL,184,921,109.33999633789062,104.69000244140625,1.0
2022-05-02,115.55831909179688,115.71938932068893,111.61032511577044,112.4082500446914,35534000,0.021676475254406302,GOOGL,181,918,107.58000183105469,105.16999816894531,-1.0
2022-05-03,116.30272674560547,117.4009899974836,115.01464880494734,115.4071644067974,24968000,0.006441835253914174,GOOGL,180,917,104.97000122070312,102.41000366210938,-1.0
2022-05-04,121.1864242553711,121.77470610616302,114.10421890918515,116.00288759831987,49916000,0.041991255462547894,GOOGL,179,916,110.13999938964844,107.80999755859375,-1.0
2022-05-05,115.48149871826172,119.97515308141593,113.99468267182898,119.1474930563822,45840000,-0.04707561570665397,GOOGL,178,915,110.9000015258789,108.26000213623047,-1.0
2022-05-06,114.72916412353516,116.53812813658617,113.01338323041298,114.17210723502704,39710000,-0.006514762997335333,GOOGL,177,914,112.38999938964844,109.7699966430664,-1.0
2022-05-09,111.52210998535156,114.06555854767906,111.0160988528587,112.25461312851758,40802000,-0.027953259859283763,GOOGL,174,911,105.94000244140625,103.08999633789062,1.0
2022-05-10,113.38954162597656,115.22824075207245,111.90817806145773,114.4922665247754,39900000,0.01674494538231297,GOOGL,173,910,102.45999908447266,99.76000213623047,-1.0
2022-05-11,112.6040267944336,115.34175207633706,112.2412463004195,112.2412463004195,37534000,-0.006927577449197586,GOOGL,172,909,107.51000213623047,105.70999908447266,-1.0
2022-05-12,111.8521957397461,113.29043907288383,108.85923393706668,110.39858573493113,53836000,-0.006676768816269996,GOOGL,171,908,107.44999694824219,106.12999725341797,1.0
2022-05-13,115.0304946899414,116.83895961506994,112.60649331317624,113.52633065893913,35038000,0.028415168152715387,GOOGL,170,907,111.55000305175781,110.48999786376953,-1.0
2022-05-16,113.4391098022461,115.14894677053942,112.88849600182488,113.94512093552153,25990000,-0.013834460957373174,GOOGL,167,904,114.23999786376953,114.19999694824219,-1.0
2022-05-17,115.44927978515625,115.87252867662438,113.8603722292567,115.81355000837539,23054000,0.017720255266586715,GOOGL,166,903,111.93000030517578,112.4000015258789,-1.0
2022-05-18,110.91597747802734,114.38571397191099,110.57499924968252,113.98922818748704,35126000,-0.039266614010629586,GOOGL,165,902,109.11000061035156,109.58999633789062,1.0
2022-05-19,109.41381072998047,112.01672963021842,109.03318313781098,110.4521046016662,34144000,-0.013543285486930512,GOOGL,164,901,112.04000091552734,112.20999908447266,1.0
2022-05-20,107.95076751708984,111.19748304933411,104.86661954709218,110.96702082393216,48962000,-0.013371650280065928,GOOGL,163,900,112.55000305175781,113.2300033569336,1.0
2022-05-23,110.50810241699219,111.16180602376643,107.7852448693059,108.62430893865206,37184000,0.023689826007929904,GOOGL,160,897,113.41999816894531,110.29000091552734,1.0
2022-05-24,105.03861236572266,105.52282133432277,100.98901793756491,104.84235455827432,76780000,-0.049494018371891935,GOOGL,159,896,113.55999755859375,109.7699966430664,1.0
2022-05-25,104.87505340576172,105.56394457254443,102.94367769195411,104.0627524475445,40258000,-0.0015571317659019979,GOOGL,158,895,114.02999877929688,110.33000183105469,1.0
2022-05-26,106.84508514404297,107.69454740943145,104.3001467738534,104.74817746889774,37948000,0.01878456004841489,GOOGL,157,894,117.4000015258789,114.08999633789062,1.0
2022-05-27,111.3293228149414,111.3308125955402,108.17925358101334,108.52073095633479,37914000,0.041969526860810014,GOOGL,156,893,119.43000030517578,115.06999969482422,1.0
2022-05-31,112.76211547851562,114.71777381462744,111.0934100457265,111.75553808376368,50012000,0.012869858787840638,GOOGL,152,889,122.83999633789062,114.66999816894531,-1.0
2022-06-01,112.8909683227539,116.07226223773644,112.25461274183665,113.84550925646737,36606000,0.0011426962299481147,GOOGL,151,888,116.29000091552734,115.26000213623047,-1.0
2022-06-02,116.58868408203125,116.86324988341372,111.95378769453289,112.9980255582533,37992000,0.03275475278682727,GOOGL,150,887,117.61000061035156,116.87000274658203,-1.0
2022-06-03,113.53426361083984,115.2991165371884,112.52075159132542,115.04239030742981,26136000,-0.026198258392232443,GOOGL,149,886,119.72000122070312,118.87000274658203,-1.0
2022-06-06,115.79373931884766,118.2980302082557,115.14300770312117,115.6787539707655,33542000,0.019901267125425504,GOOGL,146,883,119.51000213623047,118.5,-1.0
2022-06-07,116.11984252929688,116.65658702589174,114.0407818998257,114.46551304706918,31590000,0.0028162421592696774,GOOGL,145,882,120.56999969482422,119.41000366210938,-1.0
2022-06-08,116.16395568847656,117.52836028330441,115.57517473426661,115.73525430628604,26108000,0.0003798933775556179,GOOGL,144,881,123.58000183105469,122.11000061035156,-1.0
2022-06-09,113.82617950439453,117.25923874880715,113.76720083398786,115.3050626696795,25798000,-0.020124798352695317,GOOGL,143,880,123.06999969482422,121.51000213623047,-1.0
2022-06-10,110.1844711303711,112.28336016383942,109.39596129686058,111.45669077399432,41452000,-0.03199359224635001,GOOGL,142,879,122.01000213623047,120.66999816894531,1.0
2022-06-13,105.45738983154297,107.83529887701552,105.18629514776413,105.84792407779678,47252000,-0.04290152006297698,GOOGL,139,876,122.2699966430664,120.93000030517578,1.0
2022-06-14,105.77754211425781,106.97591545107889,104.87009189196922,105.59863233927445,33706000,0.003035844934397236,GOOGL,138,875,121.16999816894531,118.93000030517578,1.0
2022-06-15,108.79975128173828,110.44416645951732,106.7231636370719,107.59096455911155,39698000,0.0285713688092315,GOOGL,137,874,118.51000213623047,115.30999755859375,1.0
2022-06-16,105.10154724121094,107.69356127238406,104.21391782028991,106.27861002380959,51684000,-0.033990923664437456,GOOGL,136,873,119.80999755859375,117.58999633789062,1.0
2022-06-17,106.20178985595703,107.7441135350495,104.12272168588028,105.10154532268795,51376000,0.010468376951873193,GOOGL,135,872,113.12000274658203,109.55999755859375,1.0
2022-06-21,110.56360626220703,111.50079919576064,107.64548168742688,107.97208392269314,47416000,0.041071025376935744,GOOGL,131,868,114.6500015258789,110.6500015258789,1.0
2022-06-22,110.50760650634766,112.35026079420923,109.41231534981758,109.58478958192295,30774000,-0.0005064935719134578,GOOGL,130,867,111.73999786376953,106.19000244140625,1.0
2022-06-23,111.25546264648438,111.75156708607098,109.52927601369151,111.2450568706106,28362000,0.006767463017070874,GOOGL,129,866,110.05000305175781,104.2699966430664,1.0
2022-06-24,116.9380874633789,117.04117725395231,111.95973234728507,112.00186213185698,41164000,0.05107726561662096,GOOGL,128,865,113.12000274658203,107.62000274658203,-1.0
2022-06-27,114.81541442871094,117.53727377160598,114.16715569950595,117.23347197127057,36420000,-0.018152110067070515,GOOGL,125,862,115.08999633789062,109.56999969482422,-1.0
2022-06-28,111.02303314208984,116.27843425509606,110.86493491306922,114.78467596630205,35792000,-0.03303024515907482,GOOGL,124,861,117.9800033569336,111.76000213623047,1.0
2022-06-29,110.71971893310547,112.16589494206592,109.8980029257133,110.57153493394433,24716000,-0.002731993536838284,GOOGL,123,860,116.26000213623047,109.77999877929688,1.0
2022-06-30,108.00529479980469,109.91337852535331,105.81174794310992,109.03318289219757,43170000,-0.02451617615594548,GOOGL,122,859,114.80999755859375,105.76000213623047,1.0
2022-07-01,107.78178405761719,108.28977655197615,105.7924202926031,106.9843506377648,35476000,-0.002069442452814818,GOOGL,121,858,111.62999725341797,108.43000030517578,1.0
2022-07-05,112.26750183105469,112.38049828174634,104.80219643466671,106.15916719622534,39342000,0.04161851478575973,GOOGL,117,854,102.7699966430664,99.5,-1.0
2022-07-06,113.56498718261719,114.57354585155757,110.49619829116553,112.30615296257244,37432000,0.01155708758457119,GOOGL,116,853,100.69000244140625,98.52999877929688,-1.0
2022-07-07,117.7389907836914,118.14191973236039,113.82421022402528,114.06854181319488,40936000,0.036754317546500825,GOOGL,115,852,104.6500015258789,102.7300033569336,-1.0
2022-07-08,118.30447387695312,118.63305746114801,115.87402164356276,116.21946167906191,38238000,0.004802853239167071,GOOGL,114,851,107.0199966430664,104.79000091552734,-1.0
2022-07-11,114.6597900390625,116.9608884830124,114.31683045021927,116.9608884830124,31196000,-0.030807658564809715,GOOGL,111,848,107.0999984741211,104.08999633789062,-1.0
2022-07-12,113.01834106445312,115.94588075015933,112.69074816289236,115.19354915850505,29960000,-0.014315820516069055,GOOGL,110,847,99.48999786376953,95.83999633789062,-1.0
2022-07-13,110.37477111816406,113.1922860695284,110.22410668182415,110.71921287301893,43722000,-0.02339062776351908,GOOGL,109,846,99.56999969482422,96.30000305175781,1.0
2022-07-14,109.39745330810547,110.11657870733588,107.4204842436842,109.24183551851672,37004000,-0.008854539856869126,GOOGL,108,845,99.0999984741211,95.77999877929688,1.0
2022-07-15,110.79505157470703,112.14607830712104,109.92526931854086,111.01609870201857,46770000,0.012775418662310134,GOOGL,107,844,101.16000366210938,97.58999633789062,1.0
2022-07-18,108.07170104980469,112.68083230186653,107.41750592240679,111.6499722698316,43164600,-0.024580073624191012,GOOGL,104,841,106.2699966430664,102.5999984741211,1.0
2022-07-19,112.80970001220703,113.01785337509594,108.5970540642529,109.87571691828899,36530900,0.04384125461501576,GOOGL,103,840,107.3499984741211,104.22000122070312,-1.0
2022-07-20,112.8989028930664,114.38571897797333,111.49138548098223,112.1753157376498,35600400,0.0007907376834590529,GOOGL,102,839,106.91999816894531,102.26000213623047,-1.0
2022-07-21,113.33502197265625,113.54318286379541,110.13341581141034,113.27555175366626,32676200,0.0038629168965700345,GOOGL,101,838,103.86000061035156,96.3499984741211,-1.0
2022-07-22,106.95162200927734,111.3525917974338,105.56392569889036,110.0243732636322,48901200,-0.0563232781206765,GOOGL,100,837,103.19999694824219,94.69999694824219,1.0
2022-07-25,106.56507110595703,108.90432910851514,105.36570699180157,107.45716230393901,34690900,-0.0036142593824970426,GOOGL,97,834,105.1500015258789,96.69999694824219,1.0
2022-07-26,104.0969467163086,106.25778639316266,103.1552995551691,105.66306147231995,47991000,-0.02316072578034878,GOOGL,96,833,104.4000015258789,94.9800033569336,1.0
2022-07-27,112.0662841796875,112.9088193610781,107.06067446511638,108.29968789382276,59858500,0.07655688005045369,GOOGL,95,832,106.62000274658203,97.26000213623047,1.0
2022-07-28,113.2160873413086,113.33502778538879,110.48034369240179,111.3823490591432,32816600,0.01026002753671662,GOOGL,94,831,107.13999938964844,96.41999816894531,-1.0
2022-07-29,115.2976303100586,115.68420188473884,112.06628125487264,112.08610970412361,37223400,0.01838557591621104,GOOGL,93,830,110.01000213623047,98.62000274658203,-1.0
2022-08-01,113.85045623779297,115.69410865783321,113.33502246319186,114.28659134517281,26034300,-0.012551637604119703,GOOGL,90,827,100.02999877929688,93.88999938964844,-1.0
2022-08-02,114.11808776855469,115.32736606008014,112.72048458212805,112.9980223744773,20236000,0.002350728662893875,GOOGL,89,826,100.54000091552734,94.41999816894531,-1.0
2022-08-03,117.04216003417969,117.57741471400418,114.46501375387983,114.69298797756183,28499000,0.02562321471382667,GOOGL,88,825,96.77999877929688,90.66000366210938,-1.0
2022-08-04,117.15120697021484,117.73601771278302,115.86262990419868,116.44744820910513,21602900,0.0009316893673467774,GOOGL,87,824,94.12000274658203,88.54000091552734,-1.0
2022-08-05,116.4375228881836,117.07189713527843,114.98044193983411,115.20842372972953,19159500,-0.0060919908594087024,GOOGL,86,823,94.91999816894531,89.01000213623047,-1.0
2022-08-08,116.2690200805664,119.09396911037126,115.85270583222336,117.34943613172396,19138300,-0.0014471521158948564,GOOGL,83,820,96.6500015258789,90.76000213623047,-1.0
2022-08-09,115.60489654541016,116.28883432071103,114.69298455323379,116.11041609942981,19086500,-0.005711956071325464,GOOGL,82,819,96.30999755859375,90.5,-1.0
2022-08-10,118.64791870117188,119.85719697468683,117.36926354294056,117.73600666493809,30930400,0.026322606106622848,GOOGL,81,818,97.4000015258789,91.93000030517578,-1.0
2022-08-11,117.79548645019531,120.42219655162552,117.51794863944885,120.21404319356567,24293700,-0.0071845529218553805,GOOGL,80,817,99.5999984741211,94.33999633789062,-1.0
2022-08-12,120.61051940917969,120.61051940917969,118.41003042457679,119.20300201694565,19096300,0.023897630068997477,GOOGL,79,816,98.1500015258789,92.08999633789062,-1.0
2022-08-15,121.00701141357422,121.2250789907804,119.54993038618566,120.06535665403284,19494800,0.003287374984676017,GOOGL,76,813,95.0999984741211,89.41000366210938,-1.0
2022-08-16,120.6303482055664,121.3539353982233,119.57966720477233,120.45192996370155,19041200,-0.0031127387050363664,GOOGL,75,812,92.33999633789062,86.52999877929688,-1.0
2022-08-17,118.49925231933594,120.22395696701935,118.3307407385834,119.06424216404282,22847000,-0.017666332875031276,GOOGL,74,811,93.6500015258789,88.11000061035156,-1.0
2022-08-18,119.1137924194336,119.75808091078403,117.6765398760915,118.38029859169842,17987700,0.005186025127327909,GOOGL,73,810,96.58999633789062,90.5,-1.0
2022-08-19,116.1798095703125,118.10276081994165,115.73376776362055,118.0135479212006,21809500,-0.02463176421072799,GOOGL,72,809,96.72000122070312,90.7699966430664,-1.0
2022-08-22,113.23590087890625,114.61368305722584,112.84932933605899,114.18746218147925,21456600,-0.02533924528103637,GOOGL,69,806,96.4800033569336,90.2300033569336,-1.0
2022-08-23,112.85926055908203,113.999154474037,112.43303961913671,112.48260318331054,15870400,-0.0033261564300794966,GOOGL,68,805,100.22000122070312,93.73999786376953,-1.0
2022-08-24,112.69075012207031,113.77116618601146,111.8779576273456,112.5024176637424,17734600,-0.0014931024372918378,GOOGL,67,804,101.22000122070312,94.88999938964844,-1.0
2022-08-25,115.62472534179688,115.69410978570761,113.1070493505059,113.23590401424377,16956800,0.026035634837361377,GOOGL,66,803,99.33999633789062,92.5199966430664,-1.0
2022-08-26,109.37017822265625,114.1081714270705,109.2215026767502,113.71168565920132,37245700,-0.05409350898479226,GOOGL,65,802,100.98999786376953,93.05999755859375,-1.0
2022-08-29,108.4582748413086,109.97482602837435,107.8437290366526,109.02326464751619,21191200,-0.008337769912847737,GOOGL,62,799,105.08999633789062,97.01000213623047,-1.0
2022-08-30,107.98249816894531,109.52878447093995,106.85251855405113,109.2016831186449,27513300,-0.004386725430211902,GOOGL,61,798,99.30999755859375,91.63999938964844,-1.0
2022-08-31,107.2688217163086,109.87570309968547,107.1796088220971,109.67746398729584,28627000,-0.006609186347218299,GOOGL,60,797,96.48999786376953,89.55000305175781,-1.0
2022-09-01,108.77546691894531,109.47922565257869,106.41638802751207,107.32830011371269,28360900,0.014045509016788804,GOOGL,59,796,92.36000061035156,86.61000061035156,-1.0
2022-09-02,106.9020767211914,109.76667515278551,106.3172660149257,109.61799202942274,24160700,-0.017222543380575606,GOOGL,58,795,93.0199966430664,86.87000274658203,-1.0
2022-09-06,105.8712158203125,107.08049412281643,104.8502699767572,106.3569145236708,25068300,-0.009643039054961222,GOOGL,54,791,92.83000183105469,86.87999725341797,-1.0
2022-09-07,108.4880142211914,109.01336227424459,105.96043133074927,106.11902111929638,23167000,0.02471680693003675,GOOGL,53,790,88.0,81.94000244140625,-1.0
2022-09-08,107.42740631103516,108.63668450034882,106.21813568405852,107.09039832376389,24238300,-0.009776268076893913,GOOGL,52,789,89.1500015258789,83.54000091552734,-1.0
2022-09-09,109.67747497558594,110.01448301287972,108.06179655462415,108.1113601188559,23197700,0.020945015260222855,GOOGL,51,788,92.83999633789062,86.79000091552734,-1.0
2022-09-12,109.8856201171875,110.6389423756241,108.96379385270278,110.01447478728238,22966800,0.0018977929757035827,GOOGL,48,785,94.0,87.77999877929688,-1.0
2022-09-13,103.4030990600586,107.34812094062124,103.17511727352941,106.85251559475012,38172900,-0.058993351907334346,GOOGL,47,784,93.16999816894531,87.30999755859375,-1.0
2022-09-14,104.0771255493164,104.35466334080722,102.74890681508529,103.65090463743046,26395100,0.0065184360564118915,GOOGL,46,783,94.0999984741211,88.4800033569336,-1.0
2022-09-15,102.00548553466797,104.3447355717328,101.45040246140101,103.11563655652857,34188300,-0.019904854248369852,GOOGL,45,782,90.83999633789062,85.0999984741211,-1.0
2022-09-16,101.89646911621094,102.22356291951621,100.05281649828837,101.17288193424302,42797200,-0.0010687309401609113,GOOGL,44,781,91.3499984741211,85.11000061035156,-1.0
2022-09-19,102.1640853881836,102.42180228471612,100.65744846869414,100.85568758151153,23036800,0.0026263547136990972,GOOGL,41,778,92.0,85.7300033569336,-1.0
2022-09-20,100.25105285644531,101.4702453845617,99.6364994799985,101.18279336472388,26517100,-0.018725098203243418,GOOGL,40,777,90.62000274658203,84.44999694824219,-1.0
2022-09-21,98.40740203857422,101.97575922569139,98.39748781362077,100.7763951258115,31487300,-0.018390338708074383,GOOGL,39,776,89.83000183105469,82.94000244140625,-1.0
2022-09-22,99.25984954833984,100.35017992291691,97.92171647216169,97.95145158637969,34298600,0.008662432826257005,GOOGL,38,775,90.45999908447266,83.48999786376953,-1.0
2022-09-23,97.87213897705078,98.78405853652902,96.61330475951237,98.75431586420589,31625400,-0.013980583061565577,GOOGL,37,774,86.1500015258789,78.73999786376953,-1.0
2022-09-26,97.30715942382812,99.00212893213987,96.94041627902087,97.23777497245881,27072700,-0.005772629055906586,GOOGL,34,771,84.05999755859375,76.70999908447266,-1.0
2022-09-27,96.64305114746094,99.12107809995993,96.01859107787291,98.55608825728369,30072800,-0.006824865511432909,GOOGL,33,770,86.2699966430664,78.5,1.0
2022-09-28,99.17063903808594,99.81491997880579,96.25647699916067,96.79173171420844,32466300,0.026153850283227698,GOOGL,32,769,89.31999969482422,82.1500015258789,-1.0
2022-09-29,96.56375885009766,97.77303729278968,95.11659192170285,97.77303729278968,31047200,-0.026286814457121,GOOGL,31,768,88.48999786376953,81.2300033569336,1.0
2022-09-30,94.80929565429688,98.03073011285355,94.72008276764481,96.19699201045017,32941500,-0.018168961282092888,GOOGL,30,767,87.95999908447266,79.48999786376953,1.0
2022-10-03,97.77301788330078,98.4173063180856,95.67164858345502,95.90954458427032,27982000,0.03125982751533707,GOOGL,27,764,88.86000061035156,83.62999725341797,-1.0
2022-10-04,100.74665832519531,100.94489744691543,99.49773068381286,99.5572084701991,28850800,0.03041371235409529,GOOGL,26,763,91.80000305175781,86.5199966430664,-1.0
2022-10-05,100.53850555419922,101.03411092367425,97.93162403320214,98.95256988434666,22176900,-0.002066100994875808,GOOGL,25,762,93.37000274658203,87.76000213623047,-1.0
2022-10-06,100.52859497070312,102.0253253581869,99.7058882126134,99.79510111476603,22324000,-9.857500309418121e-05,GOOGL,24,761,94.41999816894531,88.44999694824219,-1.0
2022-10-07,97.81267547607422,99.64641382042795,97.43601811981739,98.97239021921095,27502800,-0.027016387679748233,GOOGL,23,760,97.91999816894531,92.63999938964844,-1.0
2022-10-10,96.9998779296875,98.22897705771258,96.15735036259238,98.12985750199623,18225100,-0.008309736365258003,GOOGL,20,757,96.19000244140625,91.12999725341797,-1.0
2022-10-11,96.32585906982422,98.37766497898305,95.4635030120505,96.57366175239092,26507100,-0.006948656784412255,GOOGL,19,756,94.29000091552734,89.3499984741211,1.0
2022-10-12,96.70252227783203,97.88206553818982,95.88972973231223,96.44481291724789,21876400,0.003910302089647377,GOOGL,18,755,92.44999694824219,87.2699966430664,1.0
2022-10-13,98.18933868408203,98.90301166464873,93.55047187273668,94.31370841786314,34574500,0.015375156420204705,GOOGL,17,754,94.56999969482422,89.11000061035156,-1.0
2022-10-14,95.71131134033203,99.80501673770523,95.52298643286228,99.11116464818762,25410700,-0.02523723427573843,GOOGL,16,753,91.62999725341797,85.61000061035156,1.0
2022-10-17,99.09134674072266,100.04290821905298,97.96136701255925,97.9911021271417,28419200,0.035314900120549275,GOOGL,13,750,91.62000274658203,85.45999908447266,-1.0
2022-10-18,99.8843002319336,102.56057369471353,99.09133619885397,102.22355811984305,24060700,0.008002247595703116,GOOGL,12,749,90.02999877929688,82.81999969482422,-1.0
2022-10-19,98.75431823730469,100.13210049023245,98.0505595554906,99.1309831390766,23811100,-0.011312908955712353,GOOGL,11,748,92.41000366210938,85.55000305175781,-1.0
2022-10-20,99.09134674072266,101.42069065185464,98.51644265100067,99.1210818553051,25323200,0.0034127976318776287,GOOGL,10,747,92.37999725341797,85.9800033569336,-1.0
2022-10-21,100.24114990234375,100.4195681567058,96.86112485769546,96.98997954493636,32458700,0.011603466896353831,GOOGL,9,746,93.5,85.05000305175781,-1.0
2022-10-24,101.61892700195312,101.84690881139284,99.10125824677728,100.90526158454394,27176400,0.013744625844292813,GOOGL,6,743,93.26000213623047,84.58000183105469,-1.0
2022-10-25,103.56169891357422,103.89870692702209,101.81716593632244,101.99558416765885,40611400,0.01911820926414376,GOOGL,5,742,93.5199966430664,85.31999969482422,-1.0
2022-10-26,94.09562683105469,97.44591608866746,93.85773839371232,95.58244279853433,88114100,-0.09140514477673156,GOOGL,4,741,95.69000244140625,87.91000366210938,-1.0
2022-10-27,91.40945434570312,94.59123986812598,90.993147655817,93.68923447770169,60710900,-0.02854726171466493,GOOGL,3,740,96.95999908447266,89.08000183105469,-1.0
2022-10-28,95.44367218017578,95.70138906064706,91.32023234198307,91.45900122477447,43697300,0.04413348557158625,GOOGL,2,739,95.7699966430664,87.9000015258789,-1.0
2022-10-31,93.67931365966797,95.18595040783151,93.15397326433684,94.58131135145585,31675000,-0.018485861662752345,GOOGL,1455,736,94.83000183105469,86.52999877929688,-1.0
2022-11-01,89.67483520507812,95.18596439796062,89.57571564537245,94.61106036439496,47161400,-0.04274666730734067,GOOGL,1454,735,94.6500015258789,88.37000274658203,-1.0
2022-11-02,86.20560455322266,90.3786011169974,86.11639164873716,90.14071264226654,57038300,-0.038686780342798044,GOOGL,1453,734,96.16000366210938,90.0,1.0
2022-11-03,82.69670867919922,85.75954610026633,82.60749578413358,85.56130698597873,61288000,-0.04070380217398828,GOOGL,1452,733,94.66999816894531,88.16999816894531,1.0
2022-11-04,85.81901550292969,85.87848571894034,82.97423836047841,84.64938669325439,51124900,0.03775611960377612,GOOGL,1451,732,98.56999969482422,92.61000061035156,1.0
2022-11-07,87.71224212646484,88.11864218694443,86.08665700922309,86.51287795839856,34078900,0.022060689142612278,GOOGL,1448,729,97.91999816894531,91.79000091552734,1.0
2022-11-08,88.11863708496094,89.52615453336252,86.8201458615817,88.11863708496094,30429000,0.004633275226394895,GOOGL,1447,728,95.36000061035156,88.91000366210938,1.0
2022-11-09,86.55252075195312,88.6538902246859,86.51287141522182,87.67258615584599,31769100,-0.01777281611264392,GOOGL,1446,727,92.6500015258789,85.83000183105469,1.0
2022-11-10,93.11432647705078,93.56036822352013,90.80480395682011,91.43917813783004,51620100,0.07581299386880747,GOOGL,1445,726,93.66999816894531,86.47000122070312,1.0
2022-11-11,95.56261444091797,96.07804060858086,93.09449468300406,93.85773105487408,33090500,0.026293354164684812,GOOGL,1444,725,95.98999786376953,88.95999908447266,-1.0
2022-11-14,94.85887145996094,95.93929517491121,93.6793357388502,94.2542322610785,30179500,-0.007364208117099258,GOOGL,1441,722,93.13999938964844,85.87000274658203,-1.0
2022-11-15,97.57479095458984,99.25984624445441,95.85999298915897,97.39637271288223,41640800,0.02863115966728813,GOOGL,1440,721,93.86000061035156,86.91999816894531,-1.0
2022-11-16,97.9811782836914,98.76423566096419,96.78181421845211,97.03953112343324,29105200,0.004164880345894684,GOOGL,1439,720,92.86000061035156,85.58999633789062,-1.0
2022-11-17,97.4954833984375,98.40739541196346,95.93928292840438,96.11770115386271,26052600,-0.004957022295115077,GOOGL,1438,719,89.77999877929688,81.63999938964844,-1.0
2022-11-18,96.57365417480469,98.0307350439421,95.52297330311087,97.90187281922236,28342300,-0.009455096702947197,GOOGL,1437,718,87.62000274658203,80.08000183105469,-1.0
2022-11-21,94.7597427368164,97.53513576068444,94.52185428293382,96.43489126326328,21647400,-0.018782673737342326,GOOGL,1434,715,87.44999694824219,79.7300033569336,-1.0
2022-11-22,96.1969985961914,96.36550259521411,93.22336658471515,95.10666080878029,23438500,0.015167367680247956,GOOGL,1433,714,88.36000061035156,80.94999694824219,-1.0
2022-11-23,97.5946044921875,97.89197072674976,96.23664311244816,96.23664311244816,18868100,0.01452858110327182,GOOGL,1432,713,85.41000366210938,77.94000244140625,-1.0
2022-11-25,96.60340118408203,97.77303020059202,96.5439309575548,97.37654437828832,9701400,-0.010156333060244327,GOOGL,1430,711,83.62999725341797,76.27999877929688,-1.0
2022-11-28,95.20579528808594,96.72234652124172,94.7696601393946,96.18709181030358,26237500,-0.014467460553825529,GOOGL,1427,708,83.19000244140625,77.23999786376953,-1.0
2022-11-29,94.35334777832031,95.27517402033777,93.28283842068635,94.8886024571373,20061700,-0.008953735507236549,GOOGL,1426,707,83.02999877929688,78.19999694824219,-1.0
2022-11-30,100.10237121582031,100.15193477810236,93.59011691093076,93.98660272217356,43647500,0.06093078383405226,GOOGL,1425,706,85.43000030517578,80.55000305175781,-1.0
2022-12-01,100.10237121582031,101.35129887441687,99.36887738054075,100.1321063282544,28687100,0.0,GOOGL,1424,705,86.87999725341797,81.22000122070312,-1.0
2022-12-02,99.55721282958984,99.88430663851699,98.03074732602357,98.17943045499304,21480700,-0.005446008716967432,GOOGL,1423,704,85.56999969482422,79.9800033569336,-1.0
2022-12-05,98.60565185546875,100.4889462901507,98.12986735299515,98.52635317800012,24405100,-0.009557931033584266,GOOGL,1420,701,82.68000030517578,76.93000030517578,-1.0
2022-12-06,96.12762451171875,98.90301015080603,95.57254133403083,98.42723321260276,24910700,-0.025130682644663893,GOOGL,1419,700,79.3499984741211,74.25,-1.0
2022-12-07,94.10555267333984,96.02849641963317,93.88748509454602,95.56263371133674,31045400,-0.021035283547783945,GOOGL,1418,699,77.16999816894531,72.01000213623047,-1.0
2022-12-08,92.8863525390625,94.73991924555087,92.62863564307744,94.54167257081721,32213300,-0.012955666266680765,GOOGL,1417,698,76.1500015258789,71.45999908447266,-1.0
2022-12-09,92.01409912109375,93.43153084821046,91.93480044321662,92.94583211796659,28225400,-0.009390544403193535,GOOGL,1416,697,76.0999984741211,71.0199966430664,-1.0
2022-12-12,92.48986053466797,92.73766318967445,90.80480550555872,91.89513567511982,29420000,0.005170527322645446,GOOGL,1413,694,77.98999786376953,73.16999816894531,-1.0
2022-12-13,94.78948211669922,98.6552055874712,94.19475717404306,96.90076587228482,40593700,0.024863499293193092,GOOGL,1412,693,80.68000030517578,75.38999938964844,-1.0
2022-12-14,94.23441314697266,96.01859566290456,92.77733201935133,94.3632678322139,28733600,-0.005855807599446483,GOOGL,1411,692,82.69999694824219,77.27999877929688,-1.0
2022-12-15,90.06140899658203,92.81697366079501,89.21888137485573,92.31145406282408,40107000,-0.044283229565850846,GOOGL,1410,691,81.20999908447266,76.11000061035156,1.0
2022-12-16,89.46669006347656,90.52728533047387,88.73318861726283,89.9622954697807,58011800,-0.0066034824430522,GOOGL,1409,690,79.04000091552734,74.29000091552734,1.0
2022-12-19,87.66267395019531,89.7640357277138,87.43469216899084,89.46667706453866,29493000,-0.020164109256766927,GOOGL,1406,687,79.80000305175781,75.19000244140625,1.0
2022-12-20,88.23758697509766,88.39618434180302,86.67147957174497,87.33558902956163,23453800,0.00655824194033805,GOOGL,1405,686,79.98999786376953,76.08999633789062,1.0
2022-12-21,88.79265594482422,89.42703018514993,87.54372835066033,88.29705059692365,24745600,0.006290618190672115,GOOGL,1404,685,82.19999694824219,78.29000091552734,1.0
2022-12-22,86.98865509033203,87.76179824360828,85.56130923053732,87.38514089164586,27658300,-0.020317005221841655,GOOGL,1403,684,80.9800033569336,77.48999786376953,1.0
2022-12-23,88.44573974609375,88.76292688788996,86.30472086721583,86.34437020523261,23003000,0.016750283749629613,GOOGL,1402,683,83.91999816894531,79.55999755859375,1.0
2022-12-27,86.62191009521484,88.15828984043061,86.24525271849105,88.01952093519877,20097300,-0.02062088751945179,GOOGL,1398,679,84.33000183105469,79.52999877929688,1.0
2022-12-28,85.2639389038086,87.26618870145985,85.18464779721495,86.21550780630535,19523200,-0.015676994306793368,GOOGL,1397,678,83.26000213623047,78.95999908447266,1.0
2022-12-29,87.6725845336914,88.06907033133078,85.84876045182291,85.85867467640674,23333500,0.02824928874796817,GOOGL,1396,677,82.26000213623047,78.4000015258789,1.0
2022-12-30,87.45452117919922,87.52390562395297,85.80910782884277,86.21550783549851,23986300,-0.0024872467904535345,GOOGL,1395,676,85.91000366210938,80.26000213623047,1.0
2023-01-03,88.33670043945312,90.24973739582715,87.74196796868762,88.80256311679109,28131200,0.010087291638659401,GOOGL,1391,672,82.0999984741211,76.93000030517578,1.0
2023-01-04,87.30584716796875,89.85325856571626,86.50296129515269,89.55589230728985,34854800,-0.01166959221202668,GOOGL,1390,671,77.83999633789062,72.83999633789062,1.0
2023-01-05,85.44235229492188,86.8003135647901,85.14499364675605,86.7011940154015,27194400,-0.021344445228985376,GOOGL,1389,670,78.69000244140625,73.66999816894531,1.0
2023-01-06,86.57233428955078,86.9192640659125,84.11413611960162,86.02717297103696,41381500,0.013225080586832805,GOOGL,1388,669,78.56999969482422,73.7699966430664,1.0
2023-01-09,87.2463607788086,89.25852481278592,87.08777100232832,87.58337634262733,29003900,0.00778570307465043,GOOGL,1385,666,79.6500015258789,74.62999725341797,1.0
2023-01-10,87.6428451538086,87.89064781997227,85.07561316227476,85.2242962744404,30467800,0.00454442307347569,GOOGL,1384,665,80.0999984741211,75.12000274658203,1.0
2023-01-11,90.7155990600586,90.7948977302534,88.22766567198052,88.3961696743914,26862000,0.03505995156658237,GOOGL,1383,664,82.66999816894531,77.41000366210938,1.0
2023-01-12,90.32903289794922,91.06253429761234,88.96116478580137,90.6759627102154,30258100,-0.004261297573016631,GOOGL,1382,663,84.02999877929688,78.38999938964844,1.0
2023-01-13,91.31033325195312,91.37971769910212,89.33781849580512,90.05149141638756,26329200,0.010863620726600187,GOOGL,1381,662,85.27999877929688,79.86000061035156,1.0
2023-01-17,90.48762512207031,91.43918648040213,89.25852597951722,91.2508540286788,32602400,-0.009010022202117107,GOOGL,1377,658,85.91999816894531,80.18000030517578,1.0
2023-01-18,90.31912994384766,91.9843643742161,89.84334543702602,91.33016162262862,29116700,-0.0018620797926274246,GOOGL,1376,657,84.9800033569336,79.4800033569336,1.0
2023-01-19,92.23216247558594,92.78723807060146,89.83342673497357,89.92263963407981,37000400,0.02118081222580015,GOOGL,1375,656,86.16000366210938,80.33000183105469,1.0
2023-01-20,97.15846252441406,97.43600785288929,94.18483063749785,94.2641293027765,63191100,0.053411954318344446,GOOGL,1374,655,87.62999725341797,81.30999755859375,1.0
2023-01-23,98.91291809082031,99.1607207694037,96.64304464751609,97.08908644403112,40005100,0.018057671157212685,GOOGL,1371,652,88.19000244140625,81.62000274658203,1.0
2023-01-24,96.84129333496094,98.73450961634089,96.34568792882023,97.23777917234118,33078500,-0.02094392518030097,GOOGL,1370,651,86.12999725341797,80.12999725341797,1.0
2023-01-25,94.38308715820312,95.31482766669704,92.9359203962401,94.73000940210903,42330000,-0.025383863557617015,GOOGL,1369,650,86.12000274658203,80.1500015258789,1.0
2023-01-26,96.6628646850586,96.71242824527482,94.54167438000948,95.65183309275027,30114000,0.024154513223689555,GOOGL,1368,649,87.47000122070312,81.01000213623047,1.0
2023-01-27,98.4966049194336,99.4382520111048,96.45470583998284,96.45470583998284,33879800,0.018970472687205975,GOOGL,1367,648,86.66000366210938,79.68000030517578,1.0
2023-01-30,96.08797454833984,97.42610757655028,95.55271982458807,96.62322927209162,27226200,-0.024453943088332042,GOOGL,1364,645,84.9000015258789,77.9000015258789,1.0
2023-01-31,97.97126007080078,98.0109094055175,95.96901782279963,96.01858138177985,29870700,0.019599596425185384,GOOGL,1363,644,84.48999786376953,78.87000274658203,1.0
2023-02-01,99.54728698730469,100.3006092071235,96.72233811590564,97.84240344040079,35531100,0.016086624948632444,GOOGL,1362,643,82.83999633789062,76.41000366210938,1.0
2023-02-02,106.79302978515625,106.90206355804081,104.68175389285314,104.8700863300786,69883800,0.07278694394529928,GOOGL,1361,642,82.16999816894531,75.87999725341797,-1.0
2023-02-03,103.85906219482422,106.86242958684039,101.67840154834732,102.0253238017862,65309300,-0.027473399680058908,GOOGL,1360,641,79.94000244140625,73.38999938964844,-1.0
2023-02-06,101.99559020996094,103.44275703327085,100.98455098504732,101.49998482270392,31999600,-0.017942314762747213,GOOGL,1357,638,80.98999786376953,74.11000061035156,-1.0
2023-02-07,106.69390869140625,107.22916332445385,102.21364009371646,102.31275964153933,49010200,0.04606393738958414,GOOGL,1356,637,83.69000244140625,77.13999938964844,-1.0
2023-02-08,98.4966049194336,102.23346573895768,97.17829294122423,101.15304976140519,94743500,-0.07683010091683817,GOOGL,1355,636,85.08999633789062,78.47000122070312,-1.0
2023-02-09,94.17493438720703,99.15080896730558,92.80705872811015,99.12107385512309,119455000,-0.043876340060264196,GOOGL,1354,635,84.5,78.05999755859375,1.0
2023-02-10,93.7387924194336,95.89963197469012,93.42160530867747,94.61105508342865,54980700,-0.004631189505056699,GOOGL,1353,634,86.38999938964844,79.72000122070312,1.0
2023-02-13,93.7784423828125,94.36325304999363,93.01520592965052,93.90729704786835,50076100,0.00042298350934033557,GOOGL,1350,631,86.61000061035156,80.13999938964844,1.0
2023-02-14,93.84783172607422,94.01633573432831,91.44910358703162,93.6000290448755,54726100,0.0007399285112719145,GOOGL,1349,630,85.58000183105469,79.05999755859375,1.0
2023-02-15,96.08797454833984,96.26639278959044,93.32249559012467,93.65950362229911,50169000,0.023869947563671223,GOOGL,1348,629,85.37999725341797,78.58999633789062,-1.0
2023-02-16,94.6705322265625,96.82145754317696,93.90729578367531,94.53176333918978,42462600,-0.014751505882395932,GOOGL,1347,628,85.13999938964844,78.48999786376953,1.0
2023-02-17,93.52072143554688,94.72008539046281,92.39074192224304,94.0163267505867,34284100,-0.01214539270006354,GOOGL,1346,627,83.0,76.33999633789062,1.0
2023-02-21,90.98323059082031,92.28171418116946,90.91384614467198,92.18259462414863,33629300,-0.027132926326657647,GOOGL,1342,623,83.05000305175781,76.16000366210938,1.0
2023-02-22,90.8444595336914,91.30041553499177,89.81359952809775,90.89401552985218,30884000,-0.0015252377413701446,GOOGL,1341,622,80.5999984741211,73.94999694824219,1.0
2023-02-23,90.09114837646484,91.13192273411576,88.97108290274596,91.11209428334512,41206400,-0.00829231811266573,GOOGL,1340,621,82.20999908447266,75.38999938964844,1.0
2023-02-24,88.34661102294922,89.09993330697509,87.80144965033324,88.6538914964404,36585100,-0.019364137153915606,GOOGL,1339,620,83.16000366210938,76.31999969482422,1.0
2023-02-27,89.08011627197266,89.3675683080764,88.55476820178005,89.08011627197266,27502300,0.008302585017470498,GOOGL,1336,617,82.44999694824219,75.68000030517578,1.0
2023-02-28,89.2684326171875,90.42815487570596,88.534938821612,88.54485304599933,30142000,0.0021140109947757058,GOOGL,1335,616,83.88999938964844,77.05000305175781,1.0
2023-03-01,89.56581115722656,90.22992059802009,88.88187326493379,89.18915376446422,31111200,0.0033312844341550907,GOOGL,1334,615,84.30999755859375,77.69000244140625,1.0
2023-03-02,91.1913833618164,91.46892114468274,88.80256197209034,88.87195398014434,32204400,0.01814947225494623,GOOGL,1333,614,84.75,78.16000366210938,1.0
2023-03-03,92.8268814086914,92.90618007780824,91.63742405895086,91.66716673162266,35160100,0.01793478711015828,GOOGL,1332,613,85.83000183105469,79.68000030517578,1.0
2023-03-06,94.29386901855469,95.1264899199855,93.1738036755349,93.19362456165446,32639300,0.01580347834162965,GOOGL,1329,610,86.18000030517578,80.45999908447266,1.0
2023-03-07,93.03504943847656,94.82913862718598,92.70794804845617,94.1452082944525,27835500,-0.013349962125643877,GOOGL,1328,609,83.29000091552734,77.58000183105469,1.0
2023-03-08,93.42160034179688,95.11656958375383,93.17379768837036,93.29274568445635,34103300,0.004154895446967455,GOOGL,1327,608,82.66000366210938,76.66000366210938,1.0
2023-03-09,91.5085678100586,94.69035312052974,91.09226114790435,93.2233655789375,28813500,-0.020477411270403922,GOOGL,1326,607,81.58999633789062,75.72000122070312,1.0
2023-03-10,89.83343505859375,91.97445408746843,89.60546080194823,91.35990064866066,35941000,-0.018305747664435823,GOOGL,1325,606,82.77999877929688,76.68000030517578,1.0
2023-03-13,90.30921173095703,91.75637851356447,88.63406314919474,89.29817253447952,37335600,0.005296209279462172,GOOGL,1322,603,80.7699966430664,74.80000305175781,1.0
2023-03-14,93.14407348632812,93.53064506595086,91.62752227975622,91.74646272743232,36050200,0.03139061565299128,GOOGL,1321,602,77.44999694824219,71.33000183105469,1.0
2023-03-15,95.26526641845703,96.07805893634688,91.82576388320213,92.40066793697098,50622100,0.02277324635625111,GOOGL,1320,601,73.69000244140625,67.61000061035156,1.0
2023-03-16,99.43827056884766,100.30062671690821,94.66063465124685,95.35447921014257,65492000,0.04380404639882607,GOOGL,1319,600,74.69999694824219,68.3499984741211,1.0
2023-03-17,100.72683715820312,101.93610789707766,99.22019261289883,99.37878995970463,61028500,0.012958457362382436,GOOGL,1318,599,72.97000122070312,66.73999786376953,1.0
2023-03-20,100.33035278320312,100.85569326789229,98.99221979039645,99.24002247655834,32960400,-0.003936233740539974,GOOGL,1315,596,73.79000091552734,67.63999938964844,1.0
2023-03-21,103.9978256225586,104.17624385241345,100.33034902951017,100.36008414076306,42110300,0.036553971331888535,GOOGL,1314,595,75.31999969482422,69.33000183105469,1.0
2023-03-22,102.46145629882812,105.65314851003183,102.4218069619865,103.35353990958235,43427400,-0.014773090826979862,GOOGL,1313,594,76.69000244140625,70.9000015258789,1.0
2023-03-23,104.6718521118164,105.36570416377398,103.541872478814,104.13659740739351,40797800,0.02157294940784049,GOOGL,1312,593,75.91000366210938,69.95999908447266,1.0
2023-03-24,104.51325988769531,104.56281588589015,102.9273166987092,104.06721052991638,30393300,-0.0015151372687250975,GOOGL,1311,592,74.98999786376953,69.26000213623047,1.0
2023-03-27,101.5594482421875,103.83923589570183,101.03410777688019,103.70046700155793,31120900,-0.02826255394465571,GOOGL,1308,589,78.12000274658203,72.80999755859375,1.0
2023-03-28,100.14201354980469,101.54953089706174,98.86335086819658,101.53962423516843,32057900,-0.01395669942005473,GOOGL,1307,588,78.6500015258789,73.19999694824219,1.0
2023-03-29,100.49885559082031,101.58918588440255,99.7653617660232,101.38103253800085,28779600,0.0035633599561901708,GOOGL,1306,587,78.27999877929688,72.97000122070312,1.0
2023-03-30,100.00324249267578,100.27087360474158,98.90299805937673,100.02307094070733,33086200,-0.004931529769477305,GOOGL,1305,586,79.2699966430664,74.37000274658203,1.0
2023-03-31,102.81829071044922,102.9768804923042,100.1519314693277,100.40964837247186,36863400,0.02814956943000735,GOOGL,1304,585,79.7699966430664,75.66999816894531,1.0
2023-04-03,103.44275665283203,103.61126066891856,101.03411417712786,101.49007022424684,25035400,0.006073490796899117,GOOGL,1301,582,84.93000030517578,80.41999816894531,1.0
2023-04-04,103.79959869384766,104.65204060743034,103.12557503106923,103.41302707749486,24420100,0.0034496571104851714,GOOGL,1300,581,84.94000244140625,80.70999908447266,1.0
2023-04-05,103.55178833007812,105.16745913119128,102.74891004200208,104.85027199347772,28290500,-0.0023873923106431105,GOOGL,1299,580,84.98999786376953,80.61000061035156,1.0
2023-04-06,107.4670639038086,108.21047194004801,103.41301570943838,104.33484197686876,48711500,0.03780983058689702,GOOGL,1298,579,85.12000274658203,80.69999694824219,1.0
2023-04-10,105.50447845458984,106.64436480832546,104.19608051990066,106.03973318637243,27067400,-0.01826220404584067,GOOGL,1294,575,84.18000030517578,79.73999786376953,1.0
2023-04-11,104.4240493774414,105.79192503108294,103.75994000022175,105.61350679636178,26311800,-0.010240599195165623,GOOGL,1293,574,85.61000061035156,81.52999877929688,1.0
2023-04-12,103.72029876708984,105.81175418548557,103.4229324985419,105.64325016239964,24370300,-0.006739353765221723,GOOGL,1292,573,87.33000183105469,83.26000213623047,1.0
2023-04-13,106.48576354980469,106.54523377059805,104.90973463774462,104.90973463774462,24843600,0.026662715163642714,GOOGL,1291,572,86.08999633789062,82.16000366210938,1.0
2023-04-14,107.9131088256836,107.98249327038609,105.90094480463668,105.95050836328302,26578000,0.013404094860167026,GOOGL,1290,571,86.30999755859375,82.5199966430664,1.0
2023-04-17,105.03861236572266,105.22694484247565,103.60135213165228,103.74012860454394,37571200,-0.026637138816973827,GOOGL,1287,568,84.76000213623047,80.83000183105469,1.0
2023-04-18,103.58152770996094,105.6035986320666,103.15530676712977,105.55403506755718,26596400,-0.013871895514846022,GOOGL,1286,567,84.7699966430664,80.86000061035156,1.0
2023-04-19,103.26432800292969,104.05729956463124,102.16408355317898,102.66960311282216,20905700,-0.0030623192575364167,GOOGL,1285,566,83.12000274658203,79.16000366210938,1.0
2023-04-20,104.36457824707031,105.31613963654112,102.95706083112417,102.99671016764434,27820800,0.010654698146192354,GOOGL,1284,565,81.0999984741211,77.29000091552734,1.0
2023-04-21,104.48352813720703,105.0683388461455,103.85906052869694,104.54299836188882,25800100,0.001139753469372673,GOOGL,1283,564,81.66000366210938,77.87000274658203,1.0
2023-04-24,105.03861236572266,105.69280757799662,103.77977038269762,104.5628278421556,23542800,0.0053126482079230986,GOOGL,1280,561,82.7300033569336,78.76000213623047,1.0
2023-04-25,102.93722534179688,105.75226754350551,102.92731111776044,104.89982577246494,46664100,-0.020005852863032803,GOOGL,1279,560,80.7699966430664,77.06999969482422,1.0
2023-04-26,102.79844665527344,105.41524193849084,101.72793743150183,103.9978105298867,53347600,-0.0013481875586079939,GOOGL,1278,559,77.69000244140625,74.30000305175781,1.0
2023-04-27,106.64435577392578,107.41750647367289,102.62995696914422,103.53195477534291,50089200,0.03741213261275522,GOOGL,1277,558,78.37000274658203,74.76000213623047,1.0
2023-04-28,106.39655303955078,106.40646726401752,104.16632896179492,106.09919436658583,36139800,-0.002323636657342809,GOOGL,1276,557,79.54000091552734,76.77999877929688,1.0
2023-05-01,106.25778198242188,107.040839327923,105.88112464606859,105.90094553226093,26681700,-0.0013042815125535734,GOOGL,1273,554,79.30999755859375,75.66000366210938,1.0
2023-05-02,104.39430236816406,106.25777561439764,102.79845266234385,106.1983053970473,30997200,-0.01753734718993183,GOOGL,1272,553,75.31999969482422,71.66000366210938,1.0
2023-05-03,104.48352813720703,106.54524073699993,104.03747876508014,104.60246858657061,21795400,0.0008546996054277223,GOOGL,1271,552,72.33000183105469,68.5999984741211,1.0
2023-05-04,103.76984405517578,104.67184180284514,103.05617118623383,104.56280802773806,23419500,-0.006830589421655486,GOOGL,1270,551,72.5,68.55999755859375,1.0
2023-05-05,104.64212036132812,104.94939327912539,103.19495354910443,103.89871228613758,26639300,0.008405874694082938,GOOGL,1269,550,75.30000305175781,71.33999633789062,1.0
2023-05-08,106.82278442382812,107.01111689548593,104.2357311971691,104.2555520857097,26511400,0.020839257222332597,GOOGL,1266,547,77.01000213623047,73.16000366210938,1.0
2023-05-09,106.40646362304688,109.18185651644418,106.24787384869296,107.43732362452766,36360100,-0.0038973033985845174,GOOGL,1265,546,77.44000244140625,73.70999908447266,1.0
2023-05-10,110.7677993774414,111.94734256928349,106.98137468108189,107.02102401786978,63153400,0.040987507768746934,GOOGL,1264,545,76.41000366210938,72.55999755859375,1.0
2023-05-11,115.54542541503906,116.88355828293253,113.40441433887695,114.38571076702053,78900000,0.043131903535592375,GOOGL,1263,544,74.9800033569336,70.87000274658203,1.0
2023-05-12,116.47718048095703,116.99260675738344,115.08948388118702,115.65447372138091,41102300,0.008063971919018975,GOOGL,1262,543,74.16999816894531,70.04000091552734,1.0
2023-05-15,115.4859619140625,117.43864822230549,114.9903565591719,115.08947611768251,36266800,-0.008509980777364201,GOOGL,1259,540,75.2300033569336,71.11000061035156,1.0
2023-05-16,118.45960235595703,119.6887016048796,115.40667134063953,115.46614156745153,45035600,0.025748934265338086,GOOGL,1258,539,74.91000366210938,70.86000061035156,1.0
2023-05-17,119.77789306640625,120.60059973288946,117.84503529559602,118.55870818399895,33323600,0.01112860995842202,GOOGL,1257,538,76.95999908447266,72.83000183105469,1.0
2023-05-18,121.75040435791016,122.22618122876236,119.76798308390626,119.88692352045081,35234200,0.016468074708997582,GOOGL,1256,537,75.86000061035156,71.86000061035156,1.0
2023-05-19,121.6810302734375,124.8628157815704,121.07639112841179,122.46408765080419,41353400,-0.0005698057828926739,GOOGL,1255,536,75.58000183105469,71.55000305175781,1.0
2023-05-22,123.95089721679688,125.31876521794419,121.66119542840033,121.85944209965614,35253000,0.018654238366149656,GOOGL,1252,533,75.98999786376953,71.98999786376953,1.0
2023-05-23,121.48279571533203,123.53460181084787,121.13587344069667,123.06873907767378,34046300,-0.019911929295259534,GOOGL,1251,532,76.83999633789062,72.91000366210938,1.0
2023-05-24,119.83737182617188,120.83849672292195,118.80651181921867,120.05543938411122,34182600,-0.013544501338410453,GOOGL,1250,531,78.36000061035156,74.33999633789062,1.0
2023-05-25,122.39469909667969,124.21852313290142,120.88805461582595,123.4255515574692,42317000,0.02133998127243064,GOOGL,1249,530,76.26000213623047,71.83000183105469,1.0
2023-05-26,123.51475524902344,124.15904366076553,121.37373669228113,122.08740954452857,35635900,0.009151181878056747,GOOGL,1248,529,76.94999694824219,72.66999816894531,1.0
2023-05-30,122.58302307128906,124.55553777083063,120.92770304942592,124.53570932230704,35076700,-0.007543488839498291,GOOGL,1244,525,73.54000091552734,69.45999908447266,1.0
2023-05-31,121.7900619506836,122.96959754632296,121.42331126767849,121.67111394373497,37325800,-0.006468767866365299,GOOGL,1243,524,72.66000366210938,68.08999633789062,1.0
2023-06-01,122.6325912475586,123.32643572526102,121.54226097016722,121.74050008884288,30772700,0.006917882160337285,GOOGL,1242,523,74.27999877929688,70.0999984741211,1.0
2023-06-02,123.57423400878906,125.04122914675051,122.67223621986325,122.90021044199662,26980100,0.007678568573419309,GOOGL,1241,522,76.12999725341797,71.73999786376953,1.0
2023-06-05,124.9024658203125,126.30998323761919,122.75153279545627,122.92004436641427,32305500,0.010748452718946089,GOOGL,1238,519,76.70999908447266,72.1500015258789,-1.0
2023-06-06,126.19103240966797,127.16241466547471,124.25817456021957,124.90246303081489,26638300,0.010316582470111024,GOOGL,1237,518,76.29000091552734,71.73999786376953,-1.0
2023-06-07,121.42330932617188,127.90582057329998,121.04665198703012,125.85402231319067,52539000,-0.037781789977104796,GOOGL,1236,517,76.94999694824219,72.52999877929688,1.0
2023-06-08,121.06648254394531,122.14690621299393,120.17439134067995,121.15569544544086,29389200,-0.0029387008491758015,GOOGL,1235,516,75.95999908447266,71.29000091552734,1.0
2023-06-09,121.15567016601562,122.6722211139657,120.83848308907402,121.17549104980229,23778300,0.0007366830207355957,GOOGL,1234,515,74.79000091552734,70.16999816894531,1.0
2023-06-12,122.55329895019531,122.95969899565966,120.59070586126717,121.71077130849028,28306400,0.011535809939927422,GOOGL,1231,512,71.83999633789062,67.12000274658203,1.0
2023-06-13,122.74161529541016,124.05992726081115,122.09732686731414,123.8815090432205,22278300,0.0015366077194818306,GOOGL,1230,511,74.29000091552734,69.41999816894531,1.0
2023-06-14,122.58302307128906,122.95968796986351,120.38253415008784,122.01803328576474,30592300,-0.001292081937649292,GOOGL,1229,510,73.19999694824219,68.2699966430664,1.0
2023-06-15,123.99053955078125,124.35729022251407,121.32418798075481,122.05768176188316,35246300,0.011482148540859827,GOOGL,1228,509,75.66999816894531,70.62000274658203,1.0
2023-06-16,122.44425201416016,125.001577340157,122.1964493483621,124.82315911828891,45535600,-0.01247101224192837,GOOGL,1227,508,76.61000061035156,71.77999877929688,1.0
2023-06-20,122.0180435180664,123.47512455090713,121.06648209224629,121.8495395031722,26097500,-0.003480837108176038,GOOGL,1223,504,75.9000015258789,70.5,1.0
2023-06-21,119.49047088623047,121.58192638285864,119.04442146672373,121.32420944463288,30306300,-0.020714744794786855,GOOGL,1222,503,77.12000274658203,72.52999877929688,1.0
2023-06-22,122.06759643554688,122.1568017665919,117.78556661162784,118.94528128923695,26952200,0.02156762401388601,GOOGL,1221,502,74.13999938964844,69.51000213623047,1.0
2023-06-23,121.26471710205078,121.71076646804086,119.99596857737609,120.31315570854476,34913600,-0.006577333845678046,GOOGL,1220,501,73.8499984741211,69.16000366210938,1.0
2023-06-26,117.29987335205078,120.927708228838,117.23048890392118,119.69860904954042,33969900,-0.0326957737151472,GOOGL,1217,498,74.18000030517578,69.37000274658203,1.0
2023-06-27,117.28997039794922,118.03337846384325,115.07956708792895,116.0509569547925,39535900,-8.442425229093775e-05,GOOGL,1216,497,72.26000213623047,67.69999694824219,1.0
2023-06-28,119.12370300292969,119.33185634380241,115.82296953551025,116.0608579876023,27091400,0.015634180814939835,GOOGL,1215,496,74.02999877929688,69.55999755859375,1.0
2023-06-29,118.05320739746094,119.00476887917876,117.26024327719865,118.19197630756531,24090900,-0.008986419818081237,GOOGL,1214,495,74.33999633789062,69.86000061035156,1.0
2023-06-30,118.64791870117188,120.01579431786013,118.63801203897671,119.1137889438215,29532200,0.005037654772976019,GOOGL,1213,494,74.9000015258789,70.63999938964844,1.0
2023-07-03,118.84615325927734,119.13360524270917,117.77564398904917,118.19195062891453,14467900,0.0016707799030570847,GOOGL,1210,491,74.6500015258789,69.79000091552734,1.0
2023-07-05,120.6799087524414,121.5323506020042,118.18206099111318,118.19196765372497,27584800,0.01542965794747686,GOOGL,1208,489,76.6500015258789,71.79000091552734,1.0
2023-07-06,119.0543212890625,119.24265374755836,117.35935184961298,118.74704838295892,24745200,-0.01347024107147432,GOOGL,1207,488,76.5199966430664,71.80000305175781,1.0
2023-07-07,118.42985534667969,119.98605581142945,118.35055667733691,119.04440112824291,21709500,-0.005245218616354297,GOOGL,1206,487,78.47000122070312,73.86000061035156,1.0
2023-07-10,115.42647552490234,117.27012791265184,115.1192026477231,117.26022125117554,35315200,-0.025359988940166778,GOOGL,1203,484,77.69000244140625,72.98999786376953,1.0
2023-07-11,116.11042022705078,116.67541002080333,114.33615217521867,115.26789264862505,23078800,0.00592537109911917,GOOGL,1202,483,79.4000015258789,74.83000183105469,1.0
2023-07-12,117.88469696044922,119.27239354834892,117.36927068843174,117.75584228302935,30404400,0.015280943173996642,GOOGL,1201,482,80.11000061035156,75.75,1.0
2023-07-13,123.44538116455078,123.73283317428397,119.3913254796749,119.86710994186647,44297900,0.04717053483173639,GOOGL,1200,481,81.36000061035156,76.88999938964844,1.0
2023-07-14,124.31765747070312,125.66570477181922,122.40462031267353,123.70311161089374,33283100,0.007066091075449865,GOOGL,1199,480,79.87000274658203,75.41999816894531,1.0
2023-07-17,123.55441284179688,125.9828759841853,123.1083634981514,124.83307552717416,25716200,-0.006139470807565051,GOOGL,1196,477,78.5,74.1500015258789,1.0
2023-07-18,122.67223358154297,123.58414557513862,121.87926202742847,123.50484690725973,26193600,-0.007140006090947781,GOOGL,1195,476,79.62999725341797,75.75,1.0
2023-07-19,120.95744323730469,124.07975852514653,120.72946900607533,123.50485449122769,37224000,-0.013978634725831607,GOOGL,1194,475,79.45999908447266,75.3499984741211,1.0
2023-07-20,118.1523208618164,122.9993409263446,117.18093854128094,120.35280998310415,37906800,-0.023190986022951443,GOOGL,1193,474,79.63999938964844,75.62999725341797,1.0
2023-07-21,118.96510314941406,119.92657872434836,117.68644801994229,119.55983561059963,72937900,0.006879105561948595,GOOGL,1192,473,81.06999969482422,77.06999969482422,1.0
2023-07-24,120.46185302734375,121.91893418242496,119.91669159889055,120.59071527735198,29686100,0.01258141957856207,GOOGL,1189,470,82.73999786376953,78.73999786376953,1.0
2023-07-25,121.1358642578125,122.06760477820553,119.95632105113091,120.29333663689901,52509600,0.005595225488651323,GOOGL,1188,469,83.63999938964844,79.62999725341797,1.0
2023-07-26,128.13381958007812,129.82878151515044,127.19217238007396,128.92679121548855,61682100,0.057769475333679265,GOOGL,1187,468,82.91999816894531,78.77999877929688,1.0
2023-07-27,128.2626495361328,132.0689098519843,127.65801044654415,130.51270190226427,44952100,0.0010054328863129403,GOOGL,1186,467,84.23999786376953,80.08999633789062,1.0
2023-07-28,131.4147186279297,132.56452668916148,129.4223905323537,129.63053631303129,36591200,0.02457511288903258,GOOGL,1185,466,84.98999786376953,80.58000183105469,-1.0
2023-07-31,131.55348205566406,132.35636028283042,130.62174160079337,131.5633887175357,28055500,0.001055919985091247,GOOGL,1182,463,85.55999755859375,81.80000305175781,-1.0
2023-08-01,130.39378356933594,131.4642930466913,129.5314198898495,129.63054701957142,23166800,-0.00881541459949664,GOOGL,1181,462,84.91000366210938,81.37000274658203,-1.0
2023-08-02,127.25163269042969,128.9465944934301,126.4388326681817,128.31222025946755,26273300,-0.024097397842861357,GOOGL,1180,461,83.19999694824219,79.48999786376953,1.0
2023-08-03,127.32099914550781,128.25273953384962,126.30005343266693,126.84522229017263,20089500,0.0005451124957027709,GOOGL,1179,460,85.13999938964844,81.55000305175781,1.0
2023-08-04,126.98401641845703,130.35412709457032,126.78577728304035,128.143731241555,26147200,-0.002646717582428515,GOOGL,1178,459,86.23999786376953,82.81999969482422,1.0
2023-08-07,130.37391662597656,130.45321528140613,127.88598370114637,128.02475256698008,22746300,0.026695487378101346,GOOGL,1175,456,85.33999633789062,81.94000244140625,-1.0
2023-08-08,130.24508666992188,130.35412045755103,128.4014340675314,129.47194349388803,23535200,-0.0009881574427520468,GOOGL,1174,455,86.16999816894531,82.91999816894531,-1.0
2023-08-09,128.52035522460938,130.87942589614417,127.86615267403033,130.50277619629975,24912900,-0.013242199682230282,GOOGL,1173,454,87.55000305175781,84.4000015258789,1.0
2023-08-10,128.5501251220703,130.889383106786,128.31222909619765,130.16580349118593,20857800,0.00023163566120643075,GOOGL,1172,453,86.4000015258789,82.81999969482422,1.0
2023-08-11,128.42124938964844,128.78799249024013,127.04346719118266,127.52916585454872,19591100,-0.0010025329209092382,GOOGL,1171,452,86.80999755859375,83.19000244140625,1.0
2023-08-14,130.17568969726562,130.21533146634363,127.8265254190536,128.25273871650413,24695600,0.013661604414811235,GOOGL,1168,449,86.20999908447266,82.51000213623047,1.0
2023-08-15,128.63931274414062,130.26489755204278,128.14370743533297,129.94771801923622,19770700,-0.011802333881986482,GOOGL,1167,448,84.88999938964844,80.98999786376953,1.0
2023-08-16,127.56881713867188,129.1349318973664,126.74611798522649,127.56881713867188,25216100,-0.008321683182480388,GOOGL,1166,447,83.44999694824219,79.37999725341797,1.0
2023-08-17,128.77810668945312,130.82992032710072,128.15363903892097,128.65916623208574,33446300,0.009479507436889634,GOOGL,1165,446,84.12000274658203,80.38999938964844,1.0
2023-08-18,126.33970642089844,128.11397436209768,125.2691971219061,127.38047304852682,30504800,-0.018934897640907722,GOOGL,1164,445,84.80000305175781,81.25,1.0
2023-08-21,127.24170684814453,127.59854328866702,125.44761798387218,126.06217131195805,25248700,0.007139484907785709,GOOGL,1161,442,84.45999908447266,80.72000122070312,1.0
2023-08-22,127.94549560546875,129.13494557517706,127.19218082041144,127.38049817316805,22054900,0.005531116917223855,GOOGL,1160,441,84.02999877929688,80.3499984741211,1.0
2023-08-23,131.20654296875,132.23741046796198,128.7285164557817,129.035789323442,27819700,0.02548778562191023,GOOGL,1159,440,83.20999908447266,78.88999938964844,-1.0
2023-08-24,128.63931274414062,133.07002541485494,128.4311669842587,132.7726592046356,28500700,-0.019566327764773295,GOOGL,1158,439,83.36000061035156,79.05000305175781,1.0
2023-08-25,128.73846435546875,129.61071958018746,126.13157509513833,128.40144118659,26762900,0.0007707722407173101,GOOGL,1157,438,84.4800033569336,79.83000183105469,1.0
2023-08-28,129.85850524902344,131.3750563736932,128.99615680059247,130.15587147682967,20543300,0.008700126253347706,GOOGL,1154,435,84.41999816894531,80.0999984741211,1.0
2023-08-29,133.38720703125,135.369628072662,131.07768470304433,131.07768470304433,43075600,0.02717343600605715,GOOGL,1153,434,85.48999786376953,81.16000366210938,-1.0
2023-08-30,134.68568420410156,135.08216234429537,132.89159566401653,133.59534663156126,28315800,0.009734645486259907,GOOGL,1152,433,85.86000061035156,81.62999725341797,-1.0
2023-08-31,134.97315979003906,136.78707719387538,134.59649488250773,134.8145624474285,30053800,0.002134418276420913,GOOGL,1151,432,86.86000061035156,83.62999725341797,-1.0
2023-09-01,134.4676513671875,136.25183370752197,133.66477309520587,136.25183370752197,21543700,-0.0037452514532364534,GOOGL,1150,431,88.55000305175781,85.55000305175781,-1.0
2023-09-05,134.5767059326172,135.22098695723608,133.3971625609101,134.24960452599169,19403100,0.000811009669023699,GOOGL,1146,427,90.04000091552734,86.69000244140625,-1.0
2023-09-06,133.27821350097656,135.33001203337403,132.49514848342264,134.8244999600997,18684500,-0.009648716118009215,GOOGL,1145,426,90.5999984741211,87.54000091552734,-1.0
2023-09-07,134.0711669921875,134.38836170715467,131.78147247047056,132.4158467757284,18844300,0.0059496107456837866,GOOGL,1144,425,89.91999816894531,86.87000274658203,-1.0
2023-09-08,135.1813201904297,135.45885797662925,133.66476902845534,133.7242392505445,23558300,0.008280327703173329,GOOGL,1143,424,90.6500015258789,87.51000213623047,-1.0
2023-09-11,135.71658325195312,136.27165888953823,134.59651018881954,135.33991830158746,20763400,0.003959593387380833,GOOGL,1140,421,90.63999938964844,87.29000091552734,-1.0
2023-09-12,134.15045166015625,135.66700281159663,134.00177610596597,135.06236368343136,18405500,-0.011539721633644473,GOOGL,1139,420,92.05999755859375,88.83999633789062,-1.0
2023-09-13,135.5084228515625,135.69674018178068,132.9709107286248,133.90265121619703,20749500,0.010122747814866884,GOOGL,1138,419,91.87999725341797,88.5199966430664,-1.0
2023-09-14,136.8861846923828,137.4809019549108,135.04253244166762,136.39057941127305,24751000,0.010167352049617717,GOOGL,1137,418,93.69999694824219,90.16000366210938,-1.0
2023-09-15,136.1923370361328,137.30250324708538,135.28042505459356,136.76724102714817,38919600,-0.005068792426418001,GOOGL,1136,417,93.93000030517578,90.7699966430664,-1.0
2023-09-18,136.99525451660156,137.9369017736187,135.40931114975817,135.40931114975817,21861300,0.005895467380486519,GOOGL,1133,414,94.43000030517578,91.4800033569336,-1.0
2023-09-19,136.82672119140625,137.1934794427395,135.41920378337616,136.21217538464424,20353700,-0.0012302128697084802,GOOGL,1132,413,94.33999633789062,91.19999694824219,-1.0
2023-09-20,132.56455993652344,136.86641189575639,132.4456043359125,136.86641189575639,29927500,-0.031150064971011693,GOOGL,1131,412,93.52999877929688,90.27999877929688,-1.0
2023-09-21,129.29354858398438,131.06780939028556,128.92680540118346,130.28475945614042,31503900,-0.024674855437270216,GOOGL,1130,411,93.30000305175781,89.62999725341797,1.0
2023-09-22,129.10519409179688,130.86954793351885,128.4609131845869,129.61070610554586,26397300,-0.001456797297702428,GOOGL,1129,410,93.2699966430664,90.02999877929688,1.0
2023-09-25,129.95762634277344,130.0170965606432,127.82652953751189,128.6888779459716,20094600,0.006602617787557552,GOOGL,1126,407,93.29000091552734,89.68000030517578,1.0
2023-09-26,127.4399642944336,129.2142247554818,126.10182382754034,128.62941408463055,25718700,-0.01937294577618176,GOOGL,1125,406,93.95999908447266,90.38999938964844,1.0
2023-09-27,129.3926239013672,129.74946031913365,127.43995295168975,127.43995295168975,22746500,0.015322192043480287,GOOGL,1124,405,96.55000305175781,93.68000030517578,1.0
2023-09-28,131.1470947265625,132.12839883500152,128.64923934805705,128.69880291155567,22513100,0.013559280060142287,GOOGL,1123,404,95.37999725341797,91.70999908447266,-1.0
2023-09-29,129.70980834960938,132.87177230635461,129.21420309305802,132.1085359763573,30859800,-0.010959345915743102,GOOGL,1122,403,95.30999755859375,90.79000091552734,1.0
2023-10-02,132.99073791503906,133.2385405902459,130.01710581255713,130.05676271040824,22288000,0.02529438295511577,GOOGL,1119,400,90.70999908447266,88.81999969482422,-1.0
2023-10-03,131.26605224609375,133.07997000831682,130.68124144493208,132.76279038510364,22989400,-0.01296846454109557,GOOGL,1118,399,90.91999816894531,89.2300033569336,-1.0
2023-10-04,134.0513458251953,134.37844718411898,131.36515806688755,131.6228674142173,26752300,0.021218689306506944,GOOGL,1117,398,85.80999755859375,84.22000122070312,-1.0
2023-10-05,133.88282775878906,134.2991344106199,132.27705624495698,133.88282775878906,19832600,-0.001257115811623355,GOOGL,1116,397,84.06999969482422,82.30999755859375,-1.0
2023-10-06,136.37075805664062,136.94566202758472,132.83212890565903,132.83212890565903,27597600,0.018582893261964495,GOOGL,1115,396,84.58000183105469,82.79000091552734,-1.0
2023-10-09,137.20339965820312,137.71883351864395,134.41809967864563,135.73641188198502,19278100,0.006105719535684173,GOOGL,1112,393,88.1500015258789,86.37999725341797,-1.0
2023-10-10,136.84654235839844,138.49195569665042,136.1229628059091,137.2826774721206,27786600,-0.0026009362792298596,GOOGL,1111,392,87.6500015258789,85.97000122070312,-1.0
2023-10-11,139.31466674804688,139.86974231945385,137.36198046134194,137.36198046134194,25884300,0.018035708810124396,GOOGL,1110,391,85.81999969482422,83.48999786376953,-1.0
2023-10-12,137.74853515625,139.9787589554809,137.0447689914143,139.81025497227756,24765500,-0.011241684944983232,GOOGL,1109,390,86.0,82.91000366210938,-1.0
2023-10-13,136.1527099609375,138.7695057500951,135.4192085570894,138.15495992166953,23420500,-0.011585061093407178,GOOGL,1108,389,90.88999938964844,87.69000244140625,-1.0
2023-10-16,137.87741088867188,138.4027513362433,136.7771664348634,136.9555770964501,28501900,0.012667400657902395,GOOGL,1105,386,89.6500015258789,86.66000366210938,-1.0
2023-10-17,138.49197387695312,138.67038456071032,135.97428998075208,137.41155773728624,23515800,0.004457314539924706,GOOGL,1104,385,89.9000015258789,86.66000366210938,-1.0
2023-10-18,136.7474365234375,139.48317264449588,136.17253249534386,138.22433080496884,23375000,-0.012596667551764473,GOOGL,1103,384,91.5,88.31999969482422,-1.0
2023-10-19,136.5392608642578,138.43247675008314,136.17251778023484,137.2826688181467,26066000,-0.0015223368311113594,GOOGL,1102,383,92.37999725341797,89.37000274658203,-1.0
2023-10-20,134.40814208984375,136.65817890517457,133.89270842469406,136.1229319209326,26335700,-0.015608102467558727,GOOGL,1101,382,92.16000366210938,88.75,-1.0
2023-10-23,135.30026245117188,136.4500705092504,132.77267210572043,133.8530881539799,26317900,0.006637398207110179,GOOGL,1098,379,89.83000183105469,85.48999786376953,-1.0
2023-10-24,137.58998107910156,138.1351500929751,136.2121985484091,136.61859864281283,44814300,0.016923238628276938,GOOGL,1097,378,88.06999969482422,83.73999786376953,-1.0
2023-10-25,124.5059814453125,127.18224741384032,123.97072673913938,127.03357185296261,84366200,-0.09509413062762884,GOOGL,1096,377,90.12999725341797,85.38999938964844,1.0
2023-10-26,121.20525360107422,123.23723873561569,120.20412859059402,122.18655016094156,57061100,-0.026510596566704514,GOOGL,1095,376,87.93000030517578,83.20999908447266,1.0
2023-10-27,121.09620666503906,122.22618623249376,119.15343464446192,121.79996533864069,44566500,-0.0008996881966359949,GOOGL,1094,375,90.4800033569336,85.54000091552734,1.0
2023-10-30,123.3660888671875,124.29782939084916,121.6711193945083,122.12707543139821,28940100,0.01874445339503561,GOOGL,1091,372,87.44999694824219,82.30999755859375,1.0
2023-10-31,122.98943328857422,124.26809608033074,121.61165093298484,123.96081560140948,26292300,-0.0030531532779545234,GOOGL,1090,371,87.41000366210938,81.0199966430664,1.0
2023-11-01,125.33859252929688,125.37824186558063,122.63259149838505,122.97951373794584,30082400,0.019100496505344067,GOOGL,1089,370,84.62999725341797,80.44000244140625,1.0
2023-11-02,126.36946105957031,127.8463630140724,125.81438543905156,127.29128739355363,27124600,0.008224669748325697,GOOGL,1088,369,86.8499984741211,82.45999908447266,1.0
2023-11-03,127.9653091430664,128.39152248996186,126.73620241363211,126.8947997576898,26393100,0.012628431506436666,GOOGL,1087,368,84.88999938964844,80.51000213623047,1.0
2023-11-06,129.10519409179688,129.19439942516289,127.53907936577991,127.91574427289191,19052700,0.008907765365190334,GOOGL,1084,365,85.18000030517578,80.81999969482422,1.0
2023-11-07,129.81886291503906,130.75060336661838,128.73844691253734,129.56115358521535,29757300,0.005527808762943787,GOOGL,1083,364,81.61000061035156,77.37000274658203,1.0
2023-11-08,130.68121337890625,131.04797161797262,129.63053247035484,129.81886492088287,26425800,0.0066427208227171075,GOOGL,1082,363,79.54000091552734,75.33000183105469,1.0
2023-11-09,129.0952911376953,131.38498550790692,128.92678712827234,130.80017480614322,23747800,-0.012135808967526196,GOOGL,1081,362,80.01000213623047,75.73999786376953,1.0
2023-11-10,131.4246368408203,131.63279776446794,128.27259374470339,128.95653161924707,26913300,0.018043614779414963,GOOGL,1080,361,81.43000030517578,77.16999816894531,1.0
2023-11-13,130.9290008544922,131.42460614060172,130.09638760374972,130.62172799705198,18324800,-0.0037712562746392564,GOOGL,1077,358,82.5199966430664,78.26000213623047,1.0
2023-11-14,132.44557189941406,134.50729201715737,132.1482207824069,133.01056927107837,32395200,0.011583156023678098,GOOGL,1076,357,82.47000122070312,78.26000213623047,1.0
2023-11-15,133.436767578125,133.8431675584507,132.39600853658533,133.68457023081038,23861500,0.007483796283228816,GOOGL,1075,356,81.18000030517578,76.66000366210938,1.0
2023-11-16,135.7264862060547,136.0139458049548,133.13944056401175,134.0017891113594,28013200,0.017159578049498858,GOOGL,1074,355,77.41999816894531,72.9000015258789,1.0
2023-11-17,134.1207275390625,134.86413562027792,132.4753140227168,134.80466539372887,37240600,-0.01183084239397747,GOOGL,1073,354,80.61000061035156,75.88999938964844,1.0
2023-11-20,135.05245971679688,135.45885973926121,132.44557070034907,132.5149627101394,27815500,0.006946966325268367,GOOGL,1070,351,82.31999969482422,77.5999984741211,1.0
2023-11-21,135.76614379882812,135.9742895959558,134.76502634077858,135.09211259340776,22635300,0.005284495251162591,GOOGL,1069,350,82.44999694824219,77.7699966430664,1.0
2023-11-22,137.27276611328125,138.19458474282766,136.26172703194487,136.26172703194487,17813900,0.011097187209541559,GOOGL,1068,349,81.95999908447266,77.0999984741211,1.0
2023-11-24,135.48861694335938,136.91596302351493,134.79477235569422,136.8168358861295,12514300,-0.012997109480911484,GOOGL,1066,347,80.58000183105469,75.54000091552734,1.0
2023-11-27,135.21107482910156,137.20340318020305,134.8046747532318,134.83440986857084,23436500,-0.0020484533720928066,GOOGL,1063,344,79.9800033569336,74.86000061035156,1.0
2023-11-28,135.99411010742188,136.0436736692128,134.2297562053289,134.8839589217478,18730000,0.00579120666935018,GOOGL,1062,343,81.68000030517578,76.41000366210938,1.0
2023-11-29,133.80352783203125,137.07451079768657,133.65483716334538,136.360853061755,23967200,-0.016107920215517324,GOOGL,1061,342,83.0999984741211,77.86000061035156,1.0
2023-11-30,131.36514282226562,134.3586031424181,130.12612954194947,133.86299783029165,38988300,-0.018223622719623855,GOOGL,1060,341,82.83000183105469,75.95999908447266,1.0
2023-12-01,130.70103454589844,130.94883720390865,129.52149147382195,130.70103454589844,31442300,-0.005055437554433384,GOOGL,1059,340,78.87999725341797,74.06999969482422,1.0
2023-12-04,128.13381958007812,128.88713431514626,126.7758581121976,128.73845875055255,36669900,-0.019641887110838252,GOOGL,1056,337,78.02999877929688,73.04000091552734,1.0
2023-12-05,129.8386993408203,130.97858563372688,127.1227764879299,127.81662097598935,27384800,0.01330546272896127,GOOGL,1055,336,77.19999694824219,72.31999969482422,1.0
2023-12-06,128.87721252441406,130.68120803665548,128.73844363885704,130.28472982782802,23576200,-0.007405240666208401,GOOGL,1054,335,74.30000305175781,69.37999725341797,1.0
2023-12-07,135.7264862060547,137.34216463354636,133.5160903794074,133.8530984180632,56767100,0.05314573109922849,GOOGL,1053,334,74.05000305175781,69.33999633789062,1.0
2023-12-08,133.80352783203125,135.20112331976583,132.85195897633275,133.02046296777098,32260100,-0.01416789329611079,GOOGL,1052,333,75.83999633789062,71.2300033569336,1.0
2023-12-11,132.1184539794922,132.16801753433697,130.20542478480553,131.21646382988015,31138000,-0.012593642931854498,GOOGL,1049,330,76.02999877929688,71.31999969482422,1.0
2023-12-12,131.3552703857422,131.8310473744394,130.10633499398003,130.6515040042986,29032800,-0.005776510175243721,GOOGL,1048,329,73.23999786376953,68.61000061035156,1.0
2023-12-13,131.40481567382812,132.32663440647838,130.41360492921032,132.20769395702044,30104800,0.00037718538388631373,GOOGL,1047,328,74.26000213623047,69.47000122070312,1.0
2023-12-14,130.7803192138672,132.54467274008545,128.5500955304784,132.2076647911836,38722400,-0.004752462508764155,GOOGL,1046,327,76.61000061035156,71.58000183105469,1.0
2023-12-15,131.43453979492188,132.33653000234125,130.0270073455555,130.46314245666346,50847100,0.0050024390901266536,GOOGL,1045,326,76.55000305175781,71.43000030517578,1.0
2023-12-18,134.60643005371094,135.94455556276986,131.26603936328306,131.46429362359686,32258000,0.024132851712633352,GOOGL,1042,323,77.94999694824219,72.47000122070312,1.0
2023-12-19,135.44894409179688,136.26174417356714,134.883961824314,135.63727655584978,25476800,0.006259092063802374,GOOGL,1041,322,79.2300033569336,73.44000244140625,1.0
2023-12-20,137.1240692138672,140.45453739695972,136.85645324467703,137.74853672465744,49107200,0.012367206945039344,GOOGL,1040,321,79.69999694824219,74.22000122070312,1.0
2023-12-21,139.18580627441406,139.4534374013907,137.9566995474428,138.26398757269197,27488300,0.015035559200998305,GOOGL,1039,320,79.38999938964844,73.88999938964844,1.0
2023-12-22,140.2464141845703,140.74201955858857,139.4732710110759,139.53274123600997,26532200,0.007620086692354144,GOOGL,1038,319,79.06999969482422,73.55999755859375,1.0
2023-12-26,140.27613830566406,141.42593118854055,139.94903696948103,140.3455151877592,16780300,0.00021194211108044314,GOOGL,1034,315,81.06999969482422,75.56999969482422,1.0
2023-12-27,139.13623046875,140.8312072908629,138.66045360407793,140.3455086401583,19628600,-0.008126170642295483,GOOGL,1033,314,79.6500015258789,74.11000061035156,1.0
2023-12-28,138.9974365234375,139.89944165867195,138.52165974455374,139.54260529334135,16045700,-0.0009975399279174013,GOOGL,1032,313,78.38999938964844,71.7699966430664,1.0
2023-12-29,138.4622039794922,139.1263132322163,137.5601987501779,138.4027337665128,18733000,-0.003850664856362762,GOOGL,1031,312,77.04000091552734,71.6500015258789,1.0
2024-01-02,136.95556640625,138.2243147607485,135.2804180769598,137.33223127309824,23711200,-0.010881219061523395,GOOGL,1027,308,75.88999938964844,70.37999725341797,1.0
2024-01-03,137.69898986816406,138.4027561263541,135.87516579367383,136.04366979922918,24212100,0.005428209173396148,GOOGL,1026,307,78.25,72.69999694824219,1.0
2024-01-04,135.19122314453125,137.93688094484938,135.15158137245075,137.20337960162615,27137700,-0.018211947132174333,GOOGL,1025,306,77.58999633789062,72.19000244140625,1.0
2024-01-05,134.5370330810547,135.9544723417591,133.96212902161366,135.54807229763554,22513900,-0.004838998037447806,GOOGL,1024,305,78.76000213623047,73.80999755859375,1.0
2024-01-08,137.6197052001953,137.78820922289705,135.06237949599685,135.09211461031617,21404000,0.022913186418221487,GOOGL,1021,302,76.12000274658203,70.7699966430664,1.0
2024-01-09,139.7111358642578,140.24639807653827,136.93574306358877,137.28267283542516,24759600,0.01519717442367785,GOOGL,1020,301,77.58999633789062,72.23999786376953,1.0
2024-01-10,141.02947998046875,141.74315300979296,139.6715259418801,139.76073128937628,21320200,0.009436213570633623,GOOGL,1019,300,76.80000305175781,71.37000274658203,1.0
2024-01-11,140.8312225341797,143.9436236258308,139.40387666099627,142.2288332953947,24008700,-0.0014057872603410182,GOOGL,1018,299,77.41000366210938,72.0199966430664,1.0
2024-01-12,141.3961944580078,141.94136334539857,140.57350292074238,141.41602290609686,18785500,0.0040116950890702885,GOOGL,1017,298,78.29000091552734,72.68000030517578,1.0
2024-01-16,141.23760986328125,143.08126226290798,140.20674232549314,140.75191120368166,22670500,-0.0011215619722613202,GOOGL,1013,294,78.29000091552734,72.4000015258789,1.0
2024-01-17,140.2265625,140.59330557611017,137.67914403979375,140.10762206983958,20968600,-0.007158485365618583,GOOGL,1012,293,77.87999725341797,72.55999755859375,1.0
2024-01-18,142.21893310546875,142.94252793905105,140.74203857117578,140.8015088041436,25746400,0.014208225388601115,GOOGL,1011,292,79.0999984741211,74.08000183105469,-1.0
2024-01-19,145.0934600830078,145.16283698294492,143.11103823243928,143.46787477052877,34271900,0.020211985245363495,GOOGL,1010,291,78.55999755859375,73.41000366210938,-1.0
2024-01-22,144.7068634033203,147.0857631627537,144.55817271543333,145.80710794511032,32200400,-0.0026644666097722647,GOOGL,1007,288,80.05999755859375,75.19000244140625,-1.0
2024-01-23,145.74761962890625,145.88638852663772,144.22116175386006,144.60773333501743,21636100,0.007192169058942266,GOOGL,1006,287,79.55000305175781,74.37000274658203,-1.0
2024-01-24,147.3930206298828,148.53292195218594,146.79830331468807,147.2344232959612,25233500,0.011289385069656488,GOOGL,1005,286,80.04000091552734,75.08999633789062,-1.0
2024-01-25,150.53514099121094,151.70477730195304,148.22561860084704,148.75097410565905,29149100,0.021317972505755733,GOOGL,1004,285,82.43000030517578,77.36000061035156,-1.0
2024-01-26,150.8523712158203,151.19928591444616,149.68273462913356,149.7719550941985,26115500,0.0021073499683896824,GOOGL,1003,284,83.55000305175781,78.01000213623047,-1.0
2024-01-29,152.16075134277344,152.42838247060587,150.0990312415879,150.7234988316385,27784300,0.008673248662967703,GOOGL,1000,281,82.4000015258789,76.77999877929688,-1.0
2024-01-30,150.12875366210938,152.26975691406153,149.8611225838632,151.4569721435687,36331800,-0.013354282643403659,GOOGL,999,280,82.87000274658203,77.81999969482422,-1.0
2024-01-31,138.86862182617188,142.7343374146145,138.64063248081334,142.35767251765228,71910000,-0.07500316602428048,GOOGL,998,279,81.70999908447266,75.8499984741211,1.0
2024-02-01,139.91932678222656,141.80262134151818,139.55256848408283,140.87088072545782,40466500,0.00756617976212004,GOOGL,997,278,78.69999694824219,73.81999969482422,1.0
2024-02-02,141.12860107421875,141.3664819906908,135.3002766258251,138.0360130379911,62499600,0.008642653733421213,GOOGL,996,277,77.33000183105469,72.27999877929688,-1.0
2024-02-05,142.4171600341797,144.1914358303926,141.5250763668689,141.56473326856243,38505400,0.009130388526159106,GOOGL,993,274,77.98999786376953,72.77999877929688,-1.0
2024-02-06,142.8334503173828,144.08237020058561,141.93144506162201,143.37860403545926,29128200,0.0029230345774569066,GOOGL,992,273,78.58999633789062,73.30999755859375,-1.0
2024-02-07,144.26080322265625,144.34010189614554,142.66495333978824,143.48766006197988,25208900,0.00999312767493743,GOOGL,991,272,79.20999908447266,73.86000061035156,-1.0
2024-02-08,144.6275634765625,145.0438701746272,143.82468519281807,144.54826480197747,22563800,0.0025423416875072213,GOOGL,990,271,81.62999725341797,76.22000122070312,-1.0
2024-02-09,147.69041442871094,148.12654961609974,144.89519261390646,145.39079803145248,26829500,0.02117750502410143,GOOGL,989,270,82.19000244140625,76.83999633789062,-1.0
2024-02-12,146.23330688476562,148.0273957523625,146.07470954986746,147.1154837637095,21564100,-0.009865958800248653,GOOGL,986,267,82.0,76.91999816894531,-1.0
2024-02-13,143.8643341064453,145.38088541203197,142.42708147937856,143.64626652168468,27837700,-0.01619995354537873,GOOGL,985,266,82.7699966430664,77.87000274658203,-1.0
2024-02-14,144.6573028564453,145.23220692064015,142.82355687367422,144.796071759894,22704200,0.005511920344435595,GOOGL,984,265,81.5999984741211,76.63999938964844,-1.0
2024-02-15,141.51516723632812,142.25857532101722,139.22547275543386,141.88191038487835,37590700,-0.021721237421627904,GOOGL,983,264,82.86000061035156,78.02999877929688,-1.0
2024-02-16,139.28492736816406,141.9314580380152,138.90826247425002,141.7332189292563,31468900,-0.01575972322768482,GOOGL,982,263,83.47000122070312,79.19000244140625,1.0
2024-02-20,139.879638671875,140.83120752749184,138.26397563661223,138.432479628036,25144700,0.004269746303122712,GOOGL,978,259,82.33999633789062,78.18000030517578,1.0
2024-02-21,141.29708862304688,141.43585751636738,139.44351432516038,140.20675080076072,23223300,0.010133354394036509,GOOGL,977,258,83.02999877929688,77.91000366210938,-1.0
2024-02-22,142.8235321044922,143.72553738281633,141.5448770819428,143.65614538078825,27191900,0.010803078084061335,GOOGL,976,257,83.66999816894531,78.61000061035156,-1.0
2024-02-23,142.69471740722656,143.40837528845117,142.16936175385501,142.40725779738116,19493800,-0.0009019150791718111,GOOGL,975,256,81.62000274658203,76.48999786376953,-1.0
2024-02-26,136.36087036132812,141.18806188186093,136.18244456120365,140.89069563143732,53641800,-0.044387396821584546,GOOGL,972,253,82.52999877929688,77.58000183105469,1.0
2024-02-27,137.65936279296875,138.02610595453126,135.88508696473966,136.80692088729302,33099200,0.009522470985994014,GOOGL,971,252,83.6500015258789,78.87000274658203,1.0
2024-02-28,135.1813201904297,136.796983347661,134.21984460085443,136.68794956560583,37328600,-0.01800126451453854,GOOGL,970,251,83.68000030517578,78.54000091552734,1.0
2024-02-29,137.24302673339844,137.63950492469195,135.2011201866837,136.07339035713764,42133000,0.015251415950550129,GOOGL,969,250,83.62000274658203,78.26000213623047,1.0
2024-03-01,135.9346160888672,137.64940612900884,135.71654855489854,137.21327106107157,31151100,-0.00953353096090559,GOOGL,968,249,83.55000305175781,79.97000122070312,1.0
2024-03-04,132.17796325683594,134.46765773338637,130.7506173169925,134.46765773338637,55999400,-0.027635733561606868,GOOGL,965,246,82.80000305175781,78.73999786376953,1.0
2024-03-05,131.50393676757812,132.06893419092674,129.52151514124904,130.7208868800359,40194800,-0.005099386256603999,GOOGL,964,245,82.04000091552734,78.1500015258789,1.0
2024-03-06,130.24508666992188,132.4059339725702,129.6999328564518,131.94997037211849,35318600,-0.009572717962665678,GOOGL,963,244,82.95999908447266,79.12999725341797,1.0
2024-03-07,133.19888305664062,133.75395856347797,130.45322550531313,131.6228467340528,37738200,0.022678754817097246,GOOGL,962,243,82.95999908447266,78.93000030517578,1.0
2024-03-08,134.2198486328125,136.87628613042892,132.82223787303235,133.03039878127268,39370400,0.007664971002329768,GOOGL,961,242,82.08000183105469,78.01000213623047,1.0
2024-03-11,136.45999145507812,137.8774307891928,134.93353345070832,134.93353345070832,32437800,0.016690100943222097,GOOGL,958,239,82.20999908447266,77.93000030517578,1.0
2024-03-12,137.28268432617188,138.15495459716567,135.82560336197784,135.82560336197784,27563400,0.006028821065583667,GOOGL,957,238,81.91999816894531,77.55999755859375,1.0
2024-03-13,138.5613555908203,139.8499326977314,137.7683990247307,137.7783056881699,23347200,0.009314148182085535,GOOGL,956,237,84.02999877929688,79.72000122070312,1.0
2024-03-14,141.84225463867188,142.32793819304158,139.22545904327845,139.94903860620198,42753400,0.023678312281674385,GOOGL,955,236,85.41999816894531,81.26000213623047,1.0
2024-03-15,139.9391326904297,141.92155427918553,138.79924632676565,141.24753819885322,49475400,-0.013417172147257461,GOOGL,954,235,85.33999633789062,81.04000091552734,1.0
2024-03-18,146.38197326660156,150.8126858318924,145.87646130852835,147.3038069838802,69273700,0.046040306612622706,GOOGL,951,232,86.88999938964844,82.72000122070312,1.0
2024-03-19,145.73770141601562,147.4822267241883,144.7960543185626,146.85777429622541,24070400,-0.004401305954610524,GOOGL,950,231,87.37999725341797,83.47000122070312,1.0
2024-03-20,147.4326934814453,147.55163393242162,145.45027196690233,146.6991920761811,21311500,0.011630429524829955,GOOGL,949,230,85.94999694824219,81.68000030517578,1.0
2024-03-21,146.30270385742188,149.04834657827197,145.60884427485487,148.15626300736415,24755600,-0.007664444007228655,GOOGL,948,229,85.77999877929688,81.06999969482422,1.0
2024-03-22,149.44483947753906,150.24771771386577,147.67056387842288,147.8093327695821,29211800,0.02147694839036829,GOOGL,947,228,85.43000030517578,80.62999725341797,1.0
2024-03-25,148.7509765625,149.05824941731626,146.5207527940521,148.62211434931658,19229300,-0.0046429366009881345,GOOGL,944,225,86.75,81.94999694824219,1.0
2024-03-26,149.34571838378906,150.92173980939236,148.66178056238658,148.89967658168865,22149100,0.003998238095863416,GOOGL,943,224,86.25,81.62000274658203,1.0
2024-03-27,149.5439453125,150.30718174477965,147.59125913003174,149.85121819279237,22879200,0.0013273023884188273,GOOGL,942,223,86.08999633789062,81.3499984741211,1.0
2024-03-28,149.6034393310547,150.09904473286645,148.8501245651844,149.5241557764802,24485400,0.00039783635793710914,GOOGL,941,222,87.4800033569336,83.16999816894531,1.0
2024-04-01,154.1233673095703,154.3711700008442,149.28625393600836,149.3655526121771,31730800,0.030212727720206667,GOOGL,937,218,87.41999816894531,83.70999908447266,1.0
2024-04-02,153.20152282714844,153.34029171966787,150.81270141872292,152.15084190883346,24586000,-0.005981211665134878,GOOGL,936,217,88.91999816894531,85.1500015258789,1.0
2024-04-03,153.55838012695312,153.7169774898391,151.38762598706683,152.24998969483624,24705000,0.0023293325889932603,GOOGL,935,216,89.3499984741211,85.43000030517578,1.0
2024-04-04,149.20693969726562,153.40967834779974,149.12764102936788,152.15083657251893,34724700,-0.028337368667799012,GOOGL,934,215,90.6500015258789,86.58999633789062,1.0
2024-04-05,151.15963745117188,152.07154951460475,148.28513236262637,148.71134571985755,23459200,0.01308717783414215,GOOGL,933,214,91.16999816894531,86.91000366210938,1.0
2024-04-08,153.48898315429688,153.9052898339039,151.26866573838439,151.4371697426533,20702000,0.015409839176661277,GOOGL,930,211,90.37999725341797,86.43000030517578,1.0
2024-04-09,155.22360229492188,157.16636680492698,153.825991572372,154.71807515609422,31079500,0.011301261530159756,GOOGL,929,210,89.41999816894531,85.2300033569336,1.0
2024-04-10,154.7676239013672,155.23349409762253,153.32044975721098,154.8370159038482,22838600,-0.002937558379094596,GOOGL,928,209,90.4800033569336,86.20999908447266,1.0
2024-04-11,158.0089111328125,158.27652714867145,155.08484241109738,155.53088422887154,27166400,0.02094292817670307,GOOGL,927,208,89.73999786376953,85.0199966430664,1.0
2024-04-12,156.3436737060547,158.8117940185791,155.75886296974886,156.57166307757163,25353700,-0.01053888299602368,GOOGL,926,207,90.44999694824219,85.66000366210938,1.0
