Date,Close,High,Low,Open,Volume,Retorno_Diario,Ticker,Alvo
2015-01-02,8.519322395324707,8.766113492636032,8.441255904357517,8.62508986735337,23517344,,ITUB4.SA,1.0
2015-01-05,8.562140464782715,8.650279929607859,8.320385629269259,8.385860547398325,26662189,0.005025994729522809,ITUB4.SA,1.0
2015-01-06,8.700642585754395,8.700642585754395,8.468960739656021,8.56213761741319,31413078,0.016176109413453155,ITUB4.SA,1.0
2015-01-07,9.015423774719238,9.151410969694385,8.813962690371085,8.813962690371085,26740949,0.03617907365603501,ITUB4.SA,-1.0
2015-01-08,9.156455039978027,9.191711228241982,8.869372039850788,9.065797822310339,24249626,0.015643331781503678,ITUB4.SA,-1.0
2015-01-09,8.756037712097168,9.103559715069023,8.730854471549614,9.07837647452147,19333403,-0.043730606018660745,ITUB4.SA,1.0
2015-01-12,8.544506072998047,8.796333635165986,8.531914447956307,8.713230687810572,23066377,-0.024158374604402733,ITUB4.SA,1.0
2015-01-13,8.534439086914062,8.761084570147263,8.534439086914062,8.615024367115684,28972137,-0.0011781823311938222,ITUB4.SA,1.0
2015-01-14,8.592351913452148,8.720783906543177,8.436218940978085,8.461402188271714,25515543,0.006785780055174939,ITUB4.SA,1.0
2015-01-15,8.516800880432129,8.854248955512944,8.51428216157551,8.612495405524564,27801637,-0.008792823406329253,ITUB4.SA,1.0
2015-01-16,8.647757530212402,8.693086604328487,8.461405767439258,8.539472286698363,29126984,0.015376272337322527,ITUB4.SA,1.0
2015-01-19,8.335492134094238,8.69560603555218,8.297718231823016,8.589838516552499,17386819,-0.036109406979463965,ITUB4.SA,1.0
2015-01-20,8.363194465637207,8.504218176112985,8.300238281022919,8.473998456820347,18983816,0.0033234188332635917,ITUB4.SA,1.0
2015-01-21,8.6099853515625,8.670423799883482,8.353121205397915,8.486589733529133,29473281,0.029509165061186948,ITUB4.SA,1.0
2015-01-22,8.652801513671875,8.813971128079883,8.604953682493832,8.710721272815787,28294761,0.004972849588136041,ITUB4.SA,1.0
2015-01-23,8.56969165802002,8.813965130060208,8.489107399521881,8.710715345058954,23406093,-0.009604964995503229,ITUB4.SA,1.0
2015-01-26,8.67042350769043,8.688051593634542,8.463924906707975,8.529400795605225,20255902,0.011754431044918467,ITUB4.SA,1.0
2015-01-27,8.637682914733887,8.705676512467853,8.45133020106303,8.637682914733887,26231374,-0.003776123845334989,ITUB4.SA,1.0
2015-01-28,8.461406707763672,8.718269843410798,8.458887986595679,8.536954514530393,23732443,-0.020407811760435046,ITUB4.SA,1.0
2015-01-29,8.403485298156738,8.572209970342367,8.262461617842355,8.536953803330343,24349156,-0.006845364087485373,ITUB4.SA,1.0
2015-01-30,8.285123825073242,8.330452887700242,8.17683860900513,8.239794762446245,38279998,-0.014084807539254895,ITUB4.SA,1.0
2015-02-02,8.394722938537598,8.409840184581256,8.225921761223256,8.36952917543895,24041519,0.013228421901514187,ITUB4.SA,1.0
2015-02-03,8.62902545928955,8.734841192567249,8.586195587400775,8.689492439605969,37346806,0.027910691331615167,ITUB4.SA,1.0
2015-02-04,8.946470260620117,8.999377613138876,8.56603734341099,8.621464564232378,51065223,0.0367880246533312,ITUB4.SA,1.0
2015-02-05,8.870890617370605,9.014497475467897,8.81798324362278,8.906162858658519,39529875,-0.008447984629445737,ITUB4.SA,1.0
2015-02-06,8.850733757019043,8.896082501486886,8.717204427848582,8.817981391922572,35371227,-0.002272247649192316,ITUB4.SA,1.0
2015-02-09,8.90616512298584,8.933878751562602,8.770115861872112,8.770115861872112,25662164,0.006262911922171099,ITUB4.SA,1.0
2015-02-10,8.79278564453125,8.981742183370153,8.79278564453125,8.918756341029278,25279469,-0.0127304487272496,ITUB4.SA,1.0
2015-02-11,8.644153594970703,8.907505948267959,8.548624137459608,8.863614226946195,25409022,-0.016903863641096528,ITUB4.SA,1.0
2015-02-12,8.871357917785645,8.915249627609104,8.700952724123534,8.73709943379172,23944457,0.026284160770481124,ITUB4.SA,1.0
2015-02-13,9.165687561035156,9.170851229403759,8.894590414611995,8.928154765349193,25714602,0.033177518704259334,ITUB4.SA,-1.0
2015-02-18,9.21990966796875,9.385151161743577,9.168272967017739,9.349004458394973,23875979,0.005915770810702936,ITUB4.SA,-1.0
2015-02-19,9.217329025268555,9.312858448162114,9.126963272854406,9.183764660810898,16111032,-0.00027989891366952957,ITUB4.SA,-1.0
2015-02-20,9.266382217407227,9.29994758663769,9.106306444903721,9.294783917375174,12624825,0.005321844539149634,ITUB4.SA,-1.0
2015-02-23,9.356755256652832,9.421301672204011,9.12438492008166,9.12438492008166,19466246,0.00975278562067472,ITUB4.SA,-1.0
2015-02-24,9.454859733581543,9.454859733581543,9.243145242108795,9.418714048576847,21014506,0.010484882230830772,ITUB4.SA,-1.0
2015-02-25,9.478106498718262,9.478106498718262,9.28188382599777,9.333521584647116,17344046,0.0024587107362525895,ITUB4.SA,-1.0
2015-02-26,9.524571418762207,9.524571418762207,9.341258615248302,9.488425731363666,15596522,0.004902342050095099,ITUB4.SA,-1.0
2015-02-27,9.42388916015625,9.700151372164836,9.364506384920103,9.527164696644471,38676677,-0.010570791501193,ITUB4.SA,-1.0
2015-03-02,9.38125991821289,9.4871612018003,9.301188611344042,9.401923089108395,24007794,-0.004523529640352075,ITUB4.SA,-1.0
2015-03-03,9.453582763671875,9.453582763671875,9.296022544394436,9.37351044606592,16892256,0.0077092891668608665,ITUB4.SA,-1.0
2015-03-04,9.370930671691895,9.412257023797705,9.280527756811281,9.332185696943545,33867180,-0.008742938423048963,ITUB4.SA,-1.0
2015-03-05,9.288275718688965,9.42775519300177,9.200455196369857,9.355432052350949,43472807,-0.008820356899301052,ITUB4.SA,-1.0
2015-03-06,9.040316581726074,9.339937792971687,8.952496030049048,9.226288263213032,37001949,-0.02669592769129059,ITUB4.SA,1.0
2015-03-09,8.805259704589844,8.967984639995736,8.642533756085196,8.83367205922254,41212212,-0.026000956383692375,ITUB4.SA,1.0
2015-03-10,8.459150314331055,8.794933004391275,8.459150314331055,8.66578612762948,62420430,-0.03930711891193572,ITUB4.SA,1.0
2015-03-11,8.745856285095215,8.75877127497418,8.523723119433814,8.531472315981054,52994327,0.033892998718610956,ITUB4.SA,1.0
2015-03-12,8.782017707824707,8.882752195794083,8.727775359080155,8.833676653396017,32578643,0.004134692081679825,ITUB4.SA,1.0
2015-03-13,8.738107681274414,8.756188465711565,8.557301863101634,8.58054844122092,39470856,-0.004999992941390863,ITUB4.SA,1.0
2015-03-16,8.738107681274414,8.851758181579457,8.632207391141623,8.794932424877251,22660650,0.0,ITUB4.SA,1.0
2015-03-17,8.98865032196045,8.98865032196045,8.720025085112319,8.779432199761793,36760528,0.02867241396245812,ITUB4.SA,1.0
2015-03-18,9.259865760803223,9.29861074472809,8.872424026351931,8.947329576933798,35552807,0.03017309931171308,ITUB4.SA,1.0
2015-03-19,9.203038215637207,9.254697165474141,9.060976356860477,9.234033990779114,21622993,-0.006136972892907933,ITUB4.SA,1.0
2015-03-20,9.280527114868164,9.417423179498014,9.259862927145187,9.298607899213508,34604192,0.008419925834850073,ITUB4.SA,1.0
2015-03-23,9.221118927001953,9.324436825857411,9.081639459617275,9.270194473063585,20674995,-0.006401380776209775,ITUB4.SA,1.0
2015-03-24,9.164291381835938,9.321851585309071,9.063556917147496,9.22111610752158,23885644,-0.006162760248065835,ITUB4.SA,1.0
2015-03-25,9.156546592712402,9.36834923429903,9.053228675738234,9.221120544096141,34219440,-0.0008451050715045927,ITUB4.SA,1.0
2015-03-26,8.898248672485352,9.11005020240843,8.864669503960549,9.060973657479229,26597824,-0.028209098005641975,ITUB4.SA,1.0
2015-03-27,8.743271827697754,8.903413409315567,8.678697906670255,8.903413409315567,30030975,-0.01741655582932944,ITUB4.SA,1.0
2015-03-30,9.037729263305664,9.037729263305664,8.763937148715646,8.782017932092227,23875568,0.03367817464797329,ITUB4.SA,1.0
2015-03-31,9.120381355285645,9.192704475983819,8.905997422171083,8.949907164667025,27448966,0.009145227697355152,ITUB4.SA,1.0
2015-04-01,9.431767463684082,9.496368888375224,9.219875723145257,9.250883677254999,31621391,0.03414178599209294,ITUB4.SA,1.0
2015-04-02,9.522202491760254,9.651404241338556,9.418840686685655,9.418840686685655,25937927,0.009588343693202939,ITUB4.SA,-1.0
2015-04-06,9.638486862182617,9.682415284112535,9.524788041165591,9.656575334015557,20217447,0.012211919513682501,ITUB4.SA,-1.0
2015-04-07,9.643648147583008,9.690161038950203,9.537702905547265,9.58679928336297,23252892,0.000535487102300447,ITUB4.SA,-1.0
2015-04-08,9.690166473388672,9.809032254917467,9.659157523910302,9.728926900089153,27753518,0.004823726985240917,ITUB4.SA,-1.0
2015-04-09,9.496359825134277,9.54545621238283,9.354236623748765,9.483439349821122,41967526,-0.020000342490155365,ITUB4.SA,-1.0
2015-04-10,9.56613540649414,9.612648342022064,9.380084677912807,9.431765604773794,19706227,0.007347613469235403,ITUB4.SA,-1.0
2015-04-13,9.491195678710938,9.63073342256197,9.434346780562368,9.535124096317558,20093035,-0.007833856055636579,ITUB4.SA,-1.0
2015-04-14,9.491195678710938,9.568716534902622,9.356824910840675,9.540292085828336,19925644,0.0,ITUB4.SA,-1.0
2015-04-15,9.628149032592773,9.646237500950948,9.46018584187248,9.579051616544882,21237625,0.01442951536538506,ITUB4.SA,-1.0
2015-04-16,9.555795669555664,9.602308586809636,9.501530261582708,9.581636629598966,21487065,-0.007514773898096294,ITUB4.SA,-1.0
2015-04-17,9.434344291687012,9.50928062658934,9.426591802701026,9.462767719732902,22986588,-0.012709708544270226,ITUB4.SA,1.0
2015-04-20,9.276719093322754,9.501530173253753,9.240542155010429,9.478274728372924,35941466,-0.01670759445393022,ITUB4.SA,1.0
2015-04-22,9.535122871398926,9.599724252279724,9.276718361405605,9.302559319169877,28036066,0.027855082758964533,ITUB4.SA,-1.0
2015-04-23,9.793527603149414,9.806447068794212,9.372328901117422,9.439512757648105,28430483,0.027100304341707737,ITUB4.SA,-1.0
2015-04-24,10.111367225646973,10.19147259648483,9.783193249994078,9.796114746183306,49218786,0.03245404877353364,ITUB4.SA,-1.0
2015-04-27,9.92272663116455,10.206971013821908,9.878798230261946,10.072601310576475,23542021,-0.01865628952768572,ITUB4.SA,-1.0
2015-04-28,10.023506164550781,10.054514093667978,9.821950571170012,9.979576744673464,26261397,0.01015643553755785,ITUB4.SA,-1.0
2015-04-29,9.886555671691895,10.015758478899665,9.827123272282925,9.930485112637049,19955051,-0.013662932970822772,ITUB4.SA,-1.0
2015-04-30,9.95632266998291,9.997667598880996,9.793528469396055,9.845209377136165,23106271,0.007056754708900215,ITUB4.SA,-1.0
2015-05-04,10.068771362304688,10.187684441984729,10.006730328602929,10.01707134582374,21871405,0.011294199279096917,ITUB4.SA,-1.0
2015-05-05,9.970541954040527,10.14374058642381,9.849044360551146,10.004147477232845,30226333,-0.009755848527051691,ITUB4.SA,-1.0
2015-05-06,9.719794273376465,10.058436132549645,9.61639216349267,9.983469552187636,36908383,-0.025148851669236305,ITUB4.SA,-1.0
2015-05-07,9.758562088012695,9.758562088012695,9.590533556409179,9.644819057836592,25370773,0.003988542714573606,ITUB4.SA,-1.0
2015-05-08,9.887816429138184,9.900741937823678,9.642236833735971,9.898156430516806,29531682,0.013245224036055658,ITUB4.SA,-1.0
2015-05-11,9.841288566589355,9.952446151885555,9.766322011654665,9.91884062966048,15267499,-0.004705575076385582,ITUB4.SA,-1.0
2015-05-12,9.797344207763672,9.885236286010008,9.724962138410849,9.745643164193748,25742363,-0.004465305384385609,ITUB4.SA,-1.0
2015-05-13,9.730125427246094,9.849037428834796,9.696519927705204,9.753390929070413,22934356,-0.006860918539976613,ITUB4.SA,-1.0
2015-05-14,9.825774192810059,9.861965207087689,9.681011149623851,9.737882164103379,25448710,0.009830167789629085,ITUB4.SA,-1.0
2015-05-15,10.009323120117188,10.014493125527466,9.797348842594337,9.797348842594337,16564673,0.018680352683195123,ITUB4.SA,-1.0
2015-05-18,9.743059158325195,10.024829939932266,9.675848095496457,10.024829939932266,48516115,-0.026601595192470406,ITUB4.SA,-1.0
2015-05-19,9.606047630310059,9.833531759326775,9.456114540212814,9.719789694818417,23700363,-0.014062475223509674,ITUB4.SA,-1.0
2015-05-20,9.435441017150879,9.546598664170839,9.368229935379674,9.507822104140999,40678372,-0.017760333877677503,ITUB4.SA,-1.0
2015-05-21,9.321690559387207,9.35271157695477,9.202778517572979,9.337200561208778,37908407,-0.012055658824733917,ITUB4.SA,-1.0
2015-05-22,9.125226974487305,9.254479024511229,9.114886972713306,9.254479024511229,49639935,-0.021075960808638716,ITUB4.SA,-1.0
2015-05-25,9.158833503723145,9.220874535177332,9.058016954350663,9.151077994569652,15987648,0.0036828157074666468,ITUB4.SA,-1.0
2015-05-26,9.0244140625,9.125230641193376,8.983053024859815,9.104550629335725,25817627,-0.014676480489409727,ITUB4.SA,-1.0
2015-05-27,9.207945823669434,9.233796835911614,8.952026277662705,9.094204817146231,30259029,0.020337249587436323,ITUB4.SA,-1.0
2015-05-28,9.099374771118164,9.164001294676064,8.99080375270589,9.13039578632477,30574275,-0.011791017739503085,ITUB4.SA,-1.0
2015-05-29,8.87447452545166,9.073523044562211,8.866719019643767,9.073523044562211,42566965,-0.0247160108604767,ITUB4.SA,-1.0
2015-06-01,8.813700675964355,8.953353728448137,8.803356155686675,8.906803387198577,25629467,-0.006848163157492593,ITUB4.SA,-1.0
2015-06-02,9.010250091552734,9.038698027835741,8.829216939814737,8.888699449482614,29108888,0.02230044141666676,ITUB4.SA,-1.0
2015-06-03,8.78266716003418,8.992148285576528,8.76973701531136,8.992148285576528,47446173,-0.025258225821269686,ITUB4.SA,-1.0
2015-06-05,8.573184967041016,8.785251664284901,8.568012707534328,8.756803729814408,24763314,-0.023851774088220035,ITUB4.SA,-1.0
2015-06-08,8.536978721618652,8.655942727166225,8.534393098871691,8.653357104419264,42822369,-0.004223196578815869,ITUB4.SA,-1.0
2015-06-09,8.482667922973633,8.632666474420237,8.474909027427323,8.5602528209675,25544333,-0.006361828981427009,ITUB4.SA,-1.0
2015-06-10,8.730942726135254,8.800768739009355,8.601633191013667,8.609392087718549,50328211,0.029268480791192708,ITUB4.SA,-1.0
2015-06-11,8.676637649536133,8.855084265169596,8.611982843438659,8.829221936983382,31798447,-0.006219841121688274,ITUB4.SA,-1.0
2015-06-12,8.586118698120117,8.684393686956435,8.539567334230929,8.599048843581102,55623839,-0.010432491832922719,ITUB4.SA,-1.0
2015-06-15,8.630084037780762,8.630084037780762,8.379224286799234,8.534395679855109,29468757,0.005120513844080632,ITUB4.SA,-1.0
2015-06-16,8.935248374938965,8.937833996970898,8.681802639979818,8.725767343827632,45188663,0.03536052903103326,ITUB4.SA,-1.0
2015-06-17,8.777496337890625,8.945598390515688,8.741289492250065,8.878357975212799,32555200,-0.017655025403747415,ITUB4.SA,-1.0
2015-06-18,8.99473762512207,9.046460248285944,8.730947175146417,8.834393435842147,18201152,0.024749800953338008,ITUB4.SA,-1.0
2015-06-19,8.893877029418945,8.95335856029973,8.78525747914958,8.798188643659007,31543454,-0.011213289359483292,ITUB4.SA,-1.0
2015-06-22,8.919740676879883,9.007670174057555,8.852499220112652,8.935257467963899,24406324,0.00290802845321414,ITUB4.SA,-1.0
2015-06-23,9.00766372680664,9.100766435408808,8.932664435362398,8.992146946828786,22797194,0.00985713072966976,ITUB4.SA,-1.0
2015-06-24,9.038700103759766,9.126629555537972,8.976630942734566,9.025768944015539,24592016,0.003445552353465553,ITUB4.SA,-1.0
2015-06-25,8.883532524108887,9.041289079763672,8.7904297624146,9.028358929592432,24002036,-0.01716702378324675,ITUB4.SA,-1.0
2015-06-26,8.961111068725586,9.046454867738131,8.852491595948951,8.852491595948951,20214157,0.008732848605682575,ITUB4.SA,-1.0
2015-06-29,8.847322463989258,8.93783855423679,8.767150895878403,8.811115622143152,14919145,-0.012698046465850932,ITUB4.SA,-1.0
2015-06-30,8.849905967712402,8.943008662707747,8.811112501886091,8.906801833683474,21171614,0.0002920096711360731,ITUB4.SA,-1.0
2015-07-01,8.900358200073242,8.918468537689767,8.804626910780561,8.913295025352603,21807246,0.005700877788408887,ITUB4.SA,-1.0
2015-07-02,9.019378662109375,9.073711730534662,8.928822871525474,8.988330469571615,20776581,0.013372547414457259,ITUB4.SA,-1.0
2015-07-03,8.92882251739502,9.016790532273232,8.900362098202786,8.96504422330439,8856481,-0.010040175505080406,ITUB4.SA,-1.0
2015-07-06,8.776169776916504,8.949520052907896,8.721836714180412,8.820154796307062,19288985,-0.01709662614315821,ITUB4.SA,-1.0
2015-07-07,8.809806823730469,8.82791818723137,8.610583854846087,8.721838793601473,21225903,0.0038327707495402485,ITUB4.SA,-1.0
2015-07-08,8.70889663696289,8.822738263880762,8.667499404953078,8.739944814673287,17462906,-0.011454301869112782,ITUB4.SA,-1.0
2015-07-10,8.97280216217041,9.003849323568726,8.81238878384281,8.90035777076224,26209988,0.03030298052768643,ITUB4.SA,-1.0
2015-07-13,9.055598258972168,9.138391719144536,8.98832736749253,9.027136833661213,15387386,0.009227451503481143,ITUB4.SA,-1.0
2015-07-14,9.06181526184082,9.101658854116213,8.94797251248914,9.033353813393068,14408411,0.0006865369565718371,ITUB4.SA,-1.0
2015-07-15,8.905281066894531,9.07319709337179,8.87682063742271,9.027661421029839,19775789,-0.017274043933057426,ITUB4.SA,-1.0
2015-07-16,8.930892944335938,9.036197017186401,8.85120375967554,9.007736594093402,16734942,0.0028760324630985323,ITUB4.SA,-1.0
2015-07-17,8.876818656921387,8.993505884315356,8.825589895301727,8.93658503807129,12613739,-0.006054745897367986,ITUB4.SA,-1.0
2015-07-20,8.822741508483887,8.913814843510815,8.774359306657093,8.8853544263149,16666707,-0.006091951466794421,ITUB4.SA,-1.0
2015-07-21,8.748741149902344,8.871121405455042,8.694665870059389,8.825584754981879,17118740,-0.008387456269730253,ITUB4.SA,-1.0
2015-07-22,8.612135887145996,8.725977575307182,8.521062536617048,8.683287449653085,24808349,-0.015614276433115415,ITUB4.SA,-1.0
2015-07-23,8.253530502319336,8.666207991507006,8.22507059821038,8.666207991507006,45777222,-0.04163954093686506,ITUB4.SA,-1.0
2015-07-24,8.216538429260254,8.239307283785111,8.014469348585354,8.225077066836175,48809470,-0.004481969630897531,ITUB4.SA,-1.0
2015-07-27,8.199458122253418,8.316146351052264,8.142537282549743,8.182381870342315,29706121,-0.0020787716328338757,ITUB4.SA,-1.0
2015-07-28,8.350298881530762,8.481217320673453,8.111230846605846,8.338914206147376,40084373,0.018396430230914973,ITUB4.SA,-1.0
2015-07-29,8.43283462524414,8.48121784957025,8.281994390141335,8.321838473139508,26270633,0.009884166409412254,ITUB4.SA,-1.0
2015-07-30,8.327531814575195,8.481218613091743,8.259226796304013,8.475526020829424,14642654,-0.012487237725938072,ITUB4.SA,-1.0
2015-07-31,8.56090259552002,8.56090259552002,8.375909442783051,8.398677768362237,25064276,0.028024003527235886,ITUB4.SA,-1.0
2015-08-03,8.519620895385742,8.570875225869695,8.408569338344224,8.513925462116795,24487551,-0.004822120059616131,ITUB4.SA,-1.0
2015-08-04,8.314599990844727,8.525312668122705,8.232023600048269,8.525312668122705,51715343,-0.024064557221326055,ITUB4.SA,-1.0
2015-08-05,8.300365447998047,8.476908135426276,8.260500970191673,8.400026642513984,22973857,-0.0017119937053320378,ITUB4.SA,-1.0
2015-08-06,8.26904296875,8.357314308305774,8.172228733835702,8.254805148258846,32462251,-0.00377362652816704,ITUB4.SA,-1.0
2015-08-07,8.02700424194336,8.269038950114302,7.987139785388504,8.200699374075223,28416200,-0.029270464275169772,ITUB4.SA,-1.0
2015-08-10,8.132357597351074,8.192154769928246,8.009916807280861,8.08964620149737,27854618,0.013124866043699557,ITUB4.SA,-1.0
2015-08-11,8.115277290344238,8.155141755504138,7.9842935400165596,8.115277290344238,22108489,-0.0021002897133297616,ITUB4.SA,-1.0
2015-08-12,7.881781578063965,8.024155115297255,7.8191379527106015,8.021307654705774,48904998,-0.028772364014978624,ITUB4.SA,1.0
2015-08-13,7.698971271514893,7.958486793168326,7.641301155591907,7.938302766680822,51867516,-0.023194033574573725,ITUB4.SA,1.0
2015-08-14,7.690321445465088,7.765292602904668,7.58939873352719,7.747991566572457,42607382,-0.0011235041338325535,ITUB4.SA,1.0
2015-08-17,7.609582424163818,7.863331442719358,7.609582424163818,7.675903056013935,25276085,-0.01049878368203716,ITUB4.SA,1.0
2015-08-18,7.736456394195557,7.98155437252727,7.468290370844389,7.62111616909828,57027011,0.016672921450834988,ITUB4.SA,1.0
2015-08-19,7.5778679847717285,7.693208798751863,7.4682952139579974,7.64418917129679,32216979,-0.020498843571691627,ITUB4.SA,1.0
2015-08-20,7.59516716003418,7.698973397358575,7.4452243031465954,7.48847690203176,32701728,0.0022828551905649253,ITUB4.SA,1.0
2015-08-21,7.6124677658081055,7.710506984361256,7.459641411036658,7.511544526741267,40586881,0.0022778439775441583,ITUB4.SA,1.0
2015-08-24,7.456759929656982,7.670139463279428,7.128039593504179,7.205894802290054,54082814,-0.020454317961186685,ITUB4.SA,1.0
2015-08-25,7.442337989807129,7.750873592914864,7.396201901729037,7.724922043370937,48867423,-0.0019340759238465344,ITUB4.SA,1.0
2015-08-26,7.892166614532471,7.89216661453247,7.4654077321163745,7.540378887135418,51607475,0.0604418430527367,ITUB4.SA,1.0
2015-08-27,8.171866416931152,8.290090149954807,7.958486482266353,7.96425349363336,45958558,0.03544017961856616,ITUB4.SA,-1.0
2015-08-28,7.938301086425781,8.246836655393325,7.848912425665544,8.073825830159047,31927588,-0.028581638341695248,ITUB4.SA,1.0
2015-08-31,7.6557159423828125,7.762405618625315,7.560559771108198,7.7393375805188285,45626731,-0.035597685319114336,ITUB4.SA,1.0
2015-09-01,7.4782819747924805,7.61388386621401,7.432119803883407,7.478281974792481,31331608,-0.023176665504011207,ITUB4.SA,1.0
2015-09-02,7.654277324676514,7.654277324676514,7.455202908708388,7.576379154543511,23641438,0.023534195484641085,ITUB4.SA,1.0
2015-09-03,7.945674896240234,7.945674896240235,7.576377509139417,7.697553214281873,48608130,0.0380698999008422,ITUB4.SA,1.0
2015-09-04,7.622535705566406,7.841806443928567,7.622535705566407,7.755252408144524,44093969,-0.040668564331361234,ITUB4.SA,1.0
2015-09-08,7.706209659576416,7.804304291235337,7.677358297323793,7.804304291235337,19535939,0.010977180985706214,ITUB4.SA,1.0
2015-09-09,7.7927632331848145,8.006263814171547,7.766797008867315,7.818729457502313,31927962,0.01123166607605075,ITUB4.SA,1.0
2015-09-10,7.636966228485107,7.7725681517110425,7.501364819635417,7.501364819635417,50126497,-0.019992523837534137,ITUB4.SA,1.0
2015-09-11,7.6513895988464355,7.6513895988464355,7.544639593006646,7.616767975330828,35387566,0.001888625657074483,ITUB4.SA,1.0
2015-09-14,7.960104465484619,7.96587422522873,7.58792075596081,7.700441615686573,36130112,0.04034755551916058,ITUB4.SA,1.0
2015-09-15,8.156294822692871,8.211112433807768,7.899517077304549,7.899517077304549,40947124,0.02464670634147348,ITUB4.SA,-1.0
2015-09-16,8.291891098022461,8.395756494842182,8.193796486825722,8.222647843060058,46124192,0.01662473933045261,ITUB4.SA,-1.0
2015-09-17,8.364019393920898,8.514046959017124,8.213992857576889,8.231303671121518,37024831,0.008698654510264747,ITUB4.SA,-1.0
2015-09-18,8.035115242004395,8.366905888847748,7.965871462200024,8.251500960843643,53019471,-0.03932369551361359,ITUB4.SA,-1.0
2015-09-21,7.856235027313232,8.089931010515073,7.795647179816459,8.020687756233047,28947872,-0.022262308542389975,ITUB4.SA,1.0
2015-09-22,7.931247234344482,7.994720721261014,7.628308047219332,7.766794532762258,35517119,0.009548111375291102,ITUB4.SA,1.0
2015-09-23,7.616771221160889,7.988954346932779,7.616771221160889,7.916825419495339,29995325,-0.03965025977526282,ITUB4.SA,1.0
2015-09-24,7.703324794769287,7.749486975999957,7.270553831355504,7.388844420759099,55260194,0.01136355170652048,ITUB4.SA,1.0
2015-09-25,7.515788555145264,7.873545885331454,7.475396656586061,7.804302630658536,24482878,-0.024344843897970425,ITUB4.SA,1.0
2015-09-28,7.51001501083374,7.573488480996394,7.36864342749049,7.452312838130751,29816792,-0.0007681887627840611,ITUB4.SA,1.0
2015-09-29,7.4782819747924805,7.605227944792435,7.463856296383395,7.521559524395863,23217447,-0.004225429109726453,ITUB4.SA,1.0
2015-09-30,7.648508071899414,7.703325668327157,7.435007959496627,7.665818891823965,43870570,0.022762727813784744,ITUB4.SA,1.0
2015-10-01,7.759645462036133,7.811607301237179,7.586438816698683,7.649948245945033,23413926,0.014530597221311226,ITUB4.SA,1.0
2015-10-02,8.07430362701416,8.07430362701416,7.664381944232676,7.696135886250296,37244117,0.04055058527061384,ITUB4.SA,-1.0
2015-10-05,8.244622230529785,8.371640045636727,8.152245637724738,8.18400060616871,30185074,0.02109390622192997,ITUB4.SA,-1.0
2015-10-06,8.319680213928223,8.357208728452003,8.163794676063095,8.169568214502544,29904469,0.00910387174811933,ITUB4.SA,-1.0
2015-10-07,8.556400299072266,8.744040396916933,8.331231666991037,8.458249579378196,47310171,0.028453026926172242,ITUB4.SA,-1.0
2015-10-08,8.588151931762695,8.622793169118305,8.4236055396561,8.50443560815331,33494187,0.00371086339822968,ITUB4.SA,-1.0
2015-10-09,8.530417442321777,8.720944771188904,8.365871042663695,8.715170202029705,47039287,-0.006722574297665984,ITUB4.SA,-1.0
2015-10-13,8.07430362701416,8.339886870318812,7.984813794538524,8.285037748650334,49843836,-0.05346910844535102,ITUB4.SA,-1.0
2015-10-14,7.999247074127197,8.160906114935958,7.941511702409783,8.019454454228292,60220592,-0.009295730796628265,ITUB4.SA,-1.0
2015-10-15,7.866456031799316,8.071417137618472,7.753872045110269,8.033889142055456,44898019,-0.01660044265383187,ITUB4.SA,1.0
2015-10-16,7.748096942901611,7.955944260976169,7.707682186609336,7.823152918872979,37614268,-0.015046049761067826,ITUB4.SA,1.0
2015-10-19,7.932849884033203,7.953057261592212,7.7365496448885445,7.7798511682292775,27550084,0.02384494444159646,ITUB4.SA,-1.0
2015-10-20,7.77119255065918,8.036775799473364,7.710570404821302,7.981927191334333,34232059,-0.020378216622931267,ITUB4.SA,1.0
2015-10-21,7.713457107543945,7.840475458972007,7.649948703830901,7.805834230764533,27988283,-0.007429418681735966,ITUB4.SA,1.0
2015-10-22,7.875117778778076,7.898211417940909,7.722118494985681,7.7423258795871,34393206,0.020958264106508473,ITUB4.SA,1.0
2015-10-23,7.82315731048584,8.111834817864345,7.817383770631619,8.03966556968659,32669386,-0.006598056023017218,ITUB4.SA,1.0
2015-10-26,7.7076897621154785,7.929971654860042,7.678821536009223,7.866462175027522,22573982,-0.014759711940803388,ITUB4.SA,1.0
2015-10-27,7.664381980895996,7.756758582603061,7.595099529615698,7.707683512946184,22777378,-0.005618775866193637,ITUB4.SA,1.0
2015-10-28,7.716343402862549,7.918417208189713,7.606645679589117,7.673041873149586,2946627,0.006779597115079916,ITUB4.SA,1.0
2015-10-29,7.5056047439575195,7.83180994051674,7.505604743957519,7.615302408287377,30671318,-0.027310689519967624,ITUB4.SA,1.0
2015-10-30,7.641290187835693,7.655724551944967,7.51138605752702,7.583555304735993,22522572,0.018077882929741218,ITUB4.SA,1.0
2015-11-03,8.133757591247559,8.133757591247559,7.703384848639287,7.712050061276523,46729333,0.06444820067111601,ITUB4.SA,-1.0
2015-11-04,8.15398120880127,8.318619820229062,8.078882144963904,8.257963814940375,34194857,0.002486380658242471,ITUB4.SA,-1.0
2015-11-05,8.252192497253418,8.260858235700644,8.067334396181929,8.153987146018688,18359681,0.01204458116068996,ITUB4.SA,-1.0
2015-11-06,8.127992630004883,8.23197533321461,8.029786228680537,8.23197533321461,24708707,-0.015050529576215332,ITUB4.SA,-1.0
2015-11-09,7.920022964477539,8.11065834519979,7.896916222980792,8.084662681686668,20503005,-0.02558684228620156,ITUB4.SA,1.0
2015-11-10,7.969122886657715,7.969122886657715,7.769822372615066,7.902689038670743,19571458,0.006199467148062077,ITUB4.SA,-1.0
2015-11-11,8.185758590698242,8.229084705350271,8.024007762664,8.041338208524813,26833337,0.02718438492186248,ITUB4.SA,-1.0
2015-11-12,8.2088623046875,8.231969555850299,8.067330391315359,8.182866647129352,21848822,0.0028224279684367914,ITUB4.SA,-1.0
2015-11-13,7.980677604675293,8.159758787840516,7.980677604675293,8.136651538399843,24285090,-0.027797359919401576,ITUB4.SA,-1.0
2015-11-16,8.205974578857422,8.205974578857422,8.000897205689643,8.01822764441149,31608099,0.028230306415353068,ITUB4.SA,-1.0
2015-11-17,8.263738632202148,8.425489838868204,8.217524148857285,8.260850741952126,26678547,0.007039267888247602,ITUB4.SA,-1.0
2015-11-18,8.243525505065918,8.39949948463636,8.211752512786658,8.25796754021133,30508302,-0.002446002715703499,ITUB4.SA,-1.0
2015-11-19,8.468816757202148,8.489035595671455,8.203082936646485,8.376387266383386,35998690,0.02732947838855848,ITUB4.SA,-1.0
2015-11-23,8.465928077697754,8.587241619546226,8.419713591263696,8.555468645163744,25417789,-0.00034109599808473945,ITUB4.SA,-1.0
2015-11-24,8.477484703063965,8.480373109489518,8.266630519039268,8.390831995338093,18257048,0.0013650748341054175,ITUB4.SA,-1.0
2015-11-25,8.061548233032227,8.32728196015958,8.029775268792314,8.304174209359942,42484559,-0.04906366506110105,ITUB4.SA,-1.0
2015-11-26,8.179977416992188,8.263741194022135,8.05866436060399,8.0875484216488,19602678,0.01469062524177378,ITUB4.SA,-1.0
2015-11-27,7.963344097137451,8.15109042645285,7.94312474671371,8.122206375788943,27937060,-0.02648336404996987,ITUB4.SA,-1.0
2015-11-30,8.026893615722656,8.101992710329704,7.830481945874793,7.914246261210423,51838726,0.007980255255835234,ITUB4.SA,-1.0
2015-12-01,8.08902359008789,8.117923240873425,7.924295065373214,8.048564078988143,24656362,0.007740226461147692,ITUB4.SA,-1.0
2015-12-02,7.831818103790283,8.106365368828923,7.791358582766921,8.054345984656031,39471567,-0.03179685204686278,ITUB4.SA,1.0
2015-12-03,8.328902244567871,8.502300905038236,8.12082447028885,8.178623852033024,60684590,0.06346982708102211,ITUB4.SA,-1.0
2015-12-04,8.143939971923828,8.29132831843609,8.005221528147583,8.256648707492028,32865117,-0.022207281009292146,ITUB4.SA,-1.0
2015-12-07,8.08324909210205,8.294216684612618,8.048569487853738,8.239307311219456,29501603,-0.007452274946894044,ITUB4.SA,-1.0
2015-12-08,7.99076509475708,8.080354015750112,7.892505762946926,8.080354015750112,36752265,-0.011441438497217016,ITUB4.SA,-1.0
2015-12-09,8.424261093139648,8.447380816618713,8.097694483760666,8.106364380065314,54195355,0.054249623564456284,ITUB4.SA,-1.0
2015-12-10,8.383222579956055,8.467637377984971,8.327916672978768,8.406509277630702,27124223,-0.00487146738804356,ITUB4.SA,-1.0
2015-12-11,8.383222579956055,8.455993510189328,8.258056579954825,8.298808300885458,25445831,0.0,ITUB4.SA,-1.0
2015-12-14,8.185280799865723,8.319179232158865,8.124153254688418,8.301714219251064,22611932,-0.0236116574744899,ITUB4.SA,-1.0
2015-12-15,8.237676620483398,8.386129244290364,8.211479098635111,8.211479098635111,37852623,0.006401224576013886,ITUB4.SA,-1.0
2015-12-16,8.182368278503418,8.228941636661679,7.975699001676133,8.164903269194069,33312103,-0.006714070547811146,ITUB4.SA,-1.0
2015-12-17,8.322088241577148,8.461808305468796,8.284246871981964,8.354106903927786,22705404,0.017075736304952294,ITUB4.SA,-1.0
2015-12-18,7.838891506195068,8.14161894057826,7.838891506195068,8.112510583325843,63477174,-0.058061957690862864,ITUB4.SA,-1.0
2015-12-21,7.6933488845825195,7.917483211089433,7.655507505305173,7.8883748569976255,36453340,-0.018566735041239735,ITUB4.SA,-1.0
2015-12-22,7.7428364753723145,7.847627121948414,7.655511369024113,7.786499547504674,31740830,0.006432516129480037,ITUB4.SA,-1.0
2015-12-23,7.713728904724121,7.885468805716141,7.658423002035288,7.885468805716141,22195979,-0.0037592903764370744,ITUB4.SA,-1.0
2015-12-28,7.684619426727295,7.777765677812789,7.684619426727295,7.728281975185277,31954882,-0.003773723235074855,ITUB4.SA,-1.0
2015-12-29,7.6904377937316895,7.7602978459458125,7.649686096606784,7.742832832892281,13609782,0.0007571444571683461,ITUB4.SA,-1.0
2015-12-30,7.664242744445801,7.722458950488221,7.588561001945063,7.722458950488221,23936624,-0.003406184405683632,ITUB4.SA,-1.0
2016-01-04,7.3191142082214355,7.598713876753581,7.319114208221435,7.549201435451013,43135315,-0.045031002765991035,ITUB4.SA,-1.0
2016-01-05,7.380275726318359,7.50842608687539,7.304551339348043,7.397750704677847,23898487,0.008356409854654467,ITUB4.SA,-1.0
2016-01-06,7.351151943206787,7.522989765127076,7.223001571116867,7.281252023478197,37978811,-0.003946164640938221,ITUB4.SA,-1.0
2016-01-07,7.211349010467529,7.365711266988366,7.211349010467529,7.252123426898328,32592365,-0.019017826569133867,ITUB4.SA,1.0
2016-01-08,7.214262008666992,7.354062327217078,7.214262008666992,7.266687452657039,20493097,0.0004039463622180772,ITUB4.SA,1.0
2016-01-11,7.129798889160156,7.289986142543903,7.115236411579816,7.255036196351085,21775914,-0.011707797610533754,ITUB4.SA,1.0
2016-01-12,7.161837100982666,7.292899413134772,7.109412176121823,7.222999513320315,20601339,0.004493564590050347,ITUB4.SA,1.0
2016-01-13,7.051159858703613,7.281248006033592,7.007472952231765,7.240472556102353,22142513,-0.01545375030435514,ITUB4.SA,1.0
2016-01-14,7.153093338012695,7.158918324553571,6.890968424419737,7.077368512981316,26560210,0.01445627121660853,ITUB4.SA,1.0
2016-01-15,6.966697692871094,7.048247031124479,6.905534780486796,7.019122601268609,34372455,-0.026058047383649363,ITUB4.SA,1.0
2016-01-18,6.8851494789123535,7.010387318678483,6.8851494789123535,6.989999847897443,12392397,-0.01170543312682959,ITUB4.SA,1.0
2016-01-19,6.815248489379883,7.039511151367281,6.768648563617087,6.9987356970708925,18904626,-0.010152428752136955,ITUB4.SA,1.0
2016-01-20,6.719135761260986,6.7628237118149634,6.643411399594896,6.6987488125749275,41764447,-0.014102600700277912,ITUB4.SA,1.0
2016-01-21,6.733698844909668,6.835636185931228,6.68418590287381,6.698748899416563,33511012,0.002167404286224528,ITUB4.SA,1.0
2016-01-22,6.797770977020264,6.888058299447014,6.759908551486464,6.800683471292094,17895123,0.00951514666549591,ITUB4.SA,1.0
2016-01-26,6.8705830574035645,6.8705830574035645,6.675445949041528,6.713308373052072,20848480,0.010711169974604973,ITUB4.SA,1.0
2016-01-27,6.896799564361572,6.995823897198041,6.765736740870203,6.83563663646347,26364292,0.003815761593880751,ITUB4.SA,1.0
2016-01-28,6.943397521972656,7.010385427146953,6.873497641012226,6.97252299162672,18712633,0.00675646104779859,ITUB4.SA,1.0
2016-01-29,7.266687870025635,7.266687870025634,6.990000232106357,7.019125191965854,34634926,0.046560829482960475,ITUB4.SA,1.0
2016-02-01,7.422601222991943,7.422601222991943,7.125347360343576,7.201117820344838,21820220,0.021455903398498233,ITUB4.SA,-1.0
2016-02-02,6.889289379119873,7.139915145012582,6.775633744157871,7.128258156811351,84694310,-0.07184972327761674,ITUB4.SA,1.0
2016-02-03,7.055403232574463,7.093288973307683,6.921348354165838,6.933004825727726,43207476,0.02411189954627968,ITUB4.SA,1.0
2016-02-04,7.157399654388428,7.361397439746205,6.938831155325994,7.169056641005091,42762547,0.01445649787145431,ITUB4.SA,1.0
2016-02-05,7.227343559265137,7.329342220177508,7.087459681442456,7.1399161356259615,26927931,0.009772250852839282,ITUB4.SA,1.0
2016-02-10,7.26231575012207,7.271059013522774,7.0962036172703264,7.1340888405523035,13666988,0.004838872065532351,ITUB4.SA,1.0
2016-02-11,7.046657562255859,7.160313170167144,6.9679723910588525,7.119513721173349,19976755,-0.029695512462754925,ITUB4.SA,1.0
2016-02-12,7.102031230926514,7.116602468840273,6.970890089702683,7.099116983343762,19052873,0.007858146671870792,ITUB4.SA,1.0
2016-02-15,7.078714370727539,7.2389979225774415,7.078714370727539,7.224426690591087,12260413,-0.003283125551101329,ITUB4.SA,1.0
2016-02-16,7.250656604766846,7.370140726451392,7.040830310535093,7.096201001071834,35682192,0.02429003700874488,ITUB4.SA,1.0
2016-02-17,7.329345226287842,7.536257399997984,7.183632793792339,7.34391698910392,47510576,0.010852620088126042,ITUB4.SA,1.0
2016-02-18,7.180715084075928,7.256484987403979,7.0962014005122125,7.250657012901426,34862625,-0.020278774927783294,ITUB4.SA,1.0
2016-02-19,7.265854835510254,7.31375546140276,7.113173825520186,7.1461051388740415,23205856,0.011856723242387623,ITUB4.SA,1.0
2016-02-22,7.559249401092529,7.60415523602153,7.409560971781277,7.469436663750875,48021496,0.040379910172217315,ITUB4.SA,1.0
2016-02-23,7.451471328735352,7.634090493013403,7.400576929539184,7.493383390073932,22705965,-0.014257774368656273,ITUB4.SA,1.0
2016-02-24,7.388604164123535,7.439498045157369,7.229934471864498,7.34669155621332,19827199,-0.008436879354199456,ITUB4.SA,1.0
2016-02-25,7.394594669342041,7.526320052240065,7.265861977662309,7.31675640934215,19905716,0.0008107763097655596,ITUB4.SA,1.0
2016-02-26,7.394594669342041,7.538295087048976,7.340706478959972,7.445488033537946,17601619,0.0,ITUB4.SA,1.0
2016-02-29,7.604156017303467,7.631100375016163,7.424530524164702,7.514343270734084,39383703,0.028339801886676286,ITUB4.SA,1.0
2016-03-01,7.962117671966553,7.962117671966554,7.638600397002447,7.680537752305228,41830626,0.047074475306468466,ITUB4.SA,1.0
2016-03-02,8.147839546203613,8.174799272298863,7.857273075342359,7.968107504845053,45651221,0.023325688201137673,ITUB4.SA,1.0
2016-03-03,8.953635215759277,8.977599412299801,8.234708251429991,8.237703775997556,78392020,0.0988968505069685,ITUB4.SA,1.0
2016-03-04,9.390986442565918,9.717499278675344,8.95363862124408,8.95363862124408,94016883,0.0488462190236274,ITUB4.SA,1.0
2016-03-07,9.349051475524902,9.405965944466113,9.076458032370432,9.390988846155262,34232994,-0.004465448576407183,ITUB4.SA,1.0
2016-03-08,9.558741569519043,9.69953189556948,9.232228539137255,9.310112253856854,36110670,0.022429023365963197,ITUB4.SA,-1.0
2016-03-09,9.241211891174316,9.792389856483506,9.241211891174316,9.672568791875927,42538586,-0.03321877425342956,ITUB4.SA,1.0
2016-03-10,9.603669166564941,9.73547337858566,9.19927369090851,9.462879978721743,49916558,0.03922183363599574,ITUB4.SA,-1.0
2016-03-11,9.684555053710938,9.882259895143115,9.52279654708461,9.531782596728682,29720516,0.00842239416447188,ITUB4.SA,-1.0
2016-03-14,9.639616966247559,9.945161733300727,9.597679595804964,9.741465934008126,29833991,-0.004640180908069613,ITUB4.SA,-1.0
2016-03-15,9.211259841918945,9.453897020293995,9.010558977825037,9.286147490711146,41867828,-0.04443715199768572,ITUB4.SA,1.0
2016-03-16,8.938660621643066,9.091432426353174,8.579197017679952,9.076455332497396,50943260,-0.029594129896903354,ITUB4.SA,1.0
2016-03-17,9.915207862854004,10.02903788434643,9.373016963267082,9.765431518785022,69766752,0.10924983983019065,ITUB4.SA,-1.0
2016-03-18,9.942166328430176,9.975117655722357,9.681556043264962,9.897233962621415,32010218,0.002718900697701754,ITUB4.SA,-1.0
2016-03-21,9.945162773132324,10.053001736974261,9.753449059635544,9.942166712301747,26401307,0.00030138750481167875,ITUB4.SA,-1.0
2016-03-22,9.690537452697754,9.915202378592571,9.636617998656657,9.915202378592571,26038634,-0.02560293141932901,ITUB4.SA,-1.0
2016-03-23,9.382004737854004,9.585700603305009,9.23821942106506,9.534777170999563,21814051,-0.031838555534178026,ITUB4.SA,1.0
2016-03-24,9.283148765563965,9.298125862055679,9.106412191031227,9.106412191031227,18014020,-0.010536764268640808,ITUB4.SA,1.0
2016-03-28,9.51380443572998,9.681554978223332,9.474863127520505,9.66058575986883,28095403,0.02484670621908358,ITUB4.SA,-1.0
2016-03-29,9.57071590423584,9.732474257241144,9.304113640225772,9.525782494344151,24704407,0.005981988476883471,ITUB4.SA,-1.0
2016-03-30,9.624641418457031,9.762435657823112,9.552748771831249,9.645610641113436,23434116,0.005634428475441933,ITUB4.SA,-1.0
2016-03-31,9.349051475524902,9.349051475524902,9.349051475524902,9.349051475524902,136282,-0.028633788101823154,ITUB4.SA,1.0
2016-04-01,9.413483619689941,9.413483619689943,9.413483619689943,9.413483619689943,563452,0.006891837565951686,ITUB4.SA,1.0
2016-04-04,9.083819389343262,9.371529293870804,9.044859352129157,9.311589953058386,74030,-0.03502042853265597,ITUB4.SA,1.0
2016-04-05,9.101801872253418,9.24265986801045,8.826080883896857,9.035869661057037,167689,0.001979616958396546,ITUB4.SA,1.0
2016-04-06,8.841058731079102,9.068828597454335,8.787113362959238,8.975922151378763,83564,-0.028647420020115444,ITUB4.SA,1.0
2016-04-07,8.936967849731445,9.06583743024853,8.856050275348629,8.960943585641601,50475,0.010848148572432104,ITUB4.SA,1.0
2016-04-08,9.500399589538574,9.584314677692532,9.17073317179088,9.20070284613158,31598565,0.06304506732941428,ITUB4.SA,-1.0
2016-04-11,9.548348426818848,9.821072922180754,9.521376261688427,9.650246360014018,24115,0.005047033740883222,ITUB4.SA,-1.0
2016-04-12,9.979911804199219,10.05183899635806,9.626268707457228,9.659235871510539,69730,0.045197698920184104,ITUB4.SA,-1.0
2016-04-13,10.10278606414795,10.306579737052735,10.069818906276081,10.234652558380459,308459,0.012312158900745995,ITUB4.SA,-1.0
2016-04-14,9.809086799621582,10.18970105033347,9.752142827266493,10.135755647731386,38703784,-0.0290711158943201,ITUB4.SA,-1.0
2016-04-15,9.872020721435547,9.955935776450644,9.79709603085824,9.898993952004226,32538525,0.006415879795904411,ITUB4.SA,-1.0
2016-04-18,9.800095558166504,9.925968166720686,9.536361404948916,9.746150154500427,31506214,-0.0072857589442523185,ITUB4.SA,-1.0
2016-04-19,9.854036331176758,9.973914949656331,9.752138436841749,9.88999991672063,35332,0.005504106841621947,ITUB4.SA,-1.0
2016-04-20,9.671226501464844,9.785111254937842,9.57532355117179,9.785111254937842,19869449,-0.01855177143334963,ITUB4.SA,-1.0
2016-04-22,9.494400024414062,9.677215463795324,9.458436436531922,9.530363612296203,24075711,-0.018283769594683585,ITUB4.SA,-1.0
2016-04-25,9.41048812866211,9.56633039486169,9.34155842984927,9.470427461815795,13965913,-0.008838040901603117,ITUB4.SA,1.0
2016-04-26,9.737161636352539,9.740159138434718,9.332570453347302,9.470430970679098,16548932,0.03471376864027498,ITUB4.SA,-1.0
2016-04-27,10.06982135772705,10.090800657594187,9.770124706966147,9.797096871220758,26734256,0.03416393131778417,ITUB4.SA,-1.0
2016-04-28,10.000894546508789,10.249643399270134,9.878019405445311,9.91997695313521,23876428,-0.006844889176248481,ITUB4.SA,-1.0
2016-04-29,9.851042747497559,10.141749047189023,9.725170148055726,10.063827914201223,36798814,-0.01498383952698934,ITUB4.SA,-1.0
2016-05-02,9.57968807220459,9.885519132006099,9.537711406816257,9.843541397502685,24306775,-0.027545781928710045,ITUB4.SA,-1.0
2016-05-03,9.027999877929688,9.321837806276184,9.019005406592777,9.318838936420006,41092380,-0.057589369311055405,ITUB4.SA,1.0
2016-05-04,9.249876976013184,9.276862529089948,9.01600681551655,9.132942430322789,25735222,0.024576550851081347,ITUB4.SA,-1.0
2016-05-05,9.111950874328613,9.405787621948827,8.977025302598364,9.34582093876103,19834303,-0.014911128228217607,ITUB4.SA,1.0
2016-05-06,9.114947319030762,9.19890066301436,8.980021767356641,8.995013970482765,16213552,0.0003288477674512347,ITUB4.SA,1.0
2016-05-09,9.17192268371582,9.23788714889451,8.81212234155641,9.045992563960027,30498768,0.006250761819116768,ITUB4.SA,-1.0
2016-05-10,9.747602462768555,9.747602462768555,9.252876551001975,9.291855448612738,27755350,0.06276544176226184,ITUB4.SA,-1.0
2016-05-11,9.687633514404297,9.969476997580738,9.639660155565755,9.873530279903653,27002148,-0.006152174198046367,ITUB4.SA,-1.0
2016-05-12,9.783580780029297,9.906513053495958,9.612675145037255,9.834553011207886,25497428,0.009904097371389975,ITUB4.SA,-1.0
2016-05-13,9.414783477783203,9.783579168313201,9.31583897049478,9.720613607126017,25352733,-0.037695534031762734,ITUB4.SA,-1.0
2016-05-16,9.270868301391602,9.516731868242779,9.270868301391602,9.33983056811524,16270197,-0.015286084563836178,ITUB4.SA,-1.0
2016-05-17,9.072973251342773,9.453762276841868,9.069974382210654,9.327832224719543,20128928,-0.021345902413382745,ITUB4.SA,-1.0
2016-05-18,9.213892936706543,9.390795182253786,8.935048401399342,8.980022878110182,27510826,0.015531808753311838,ITUB4.SA,-1.0
2016-05-19,9.135942459106445,9.192911379985848,9.022005686463745,9.117952442373387,20002367,-0.008460102384037493,ITUB4.SA,-1.0
2016-05-20,9.019001960754395,9.279857566598382,9.013005292448963,9.23788088846036,15740955,-0.012800047600506459,ITUB4.SA,1.0
2016-05-23,9.048989295959473,9.135940490205543,8.830110271653512,8.872086968317516,23141173,0.003324906163183705,ITUB4.SA,-1.0
2016-05-24,9.039996147155762,9.285858623055596,8.938051656935588,9.150934041446368,12885558,-0.0009938290906948977,ITUB4.SA,-1.0
2016-05-25,8.998017311096191,9.210899670430782,8.980027297734786,9.12994514486241,16382177,-0.004643678534396067,ITUB4.SA,1.0
2016-05-27,8.908065795898438,9.132941460910718,8.902069125752986,8.995018047565344,12697491,-0.009996815085788646,ITUB4.SA,1.0
2016-05-30,8.905072212219238,8.992023975722292,8.845105478768856,8.890080528856643,4769527,-0.00033605316213281,ITUB4.SA,1.0
2016-05-31,8.710173606872559,8.947042570305209,8.62622077423417,8.86908587219449,60103191,-0.021886246478635685,ITUB4.SA,1.0
2016-06-01,8.840672492980957,8.891670532770753,8.633680449128258,8.720677105240263,20483563,0.014982351902312452,ITUB4.SA,1.0
2016-06-02,8.972667694091797,8.999666655550392,8.711677198491262,8.861671428816784,21470446,0.01493044801915655,ITUB4.SA,1.0
2016-06-03,8.963664054870605,9.08365992777267,8.879667318222904,9.050660674970011,14172113,-0.0010034517635284512,ITUB4.SA,1.0
2016-06-06,8.87667465209961,9.026668946640156,8.789677426431739,8.99967050845721,12747966,-0.009704670125798454,ITUB4.SA,1.0
2016-06-07,9.02066707611084,9.050665928039418,8.768676719910781,8.849673620117942,16699236,0.016221437605260514,ITUB4.SA,1.0
2016-06-08,9.158662796020508,9.25465913268432,9.056666688315207,9.071666650753217,20900824,0.015297728953451495,ITUB4.SA,-1.0
2016-06-09,9.137660026550293,9.185658173316062,9.011664891290152,9.122660070851943,15030751,-0.0022932135332398573,ITUB4.SA,-1.0
2016-06-10,8.669675827026367,9.074660109375563,8.669675827026367,9.029662390615147,26684342,-0.05121488413490494,ITUB4.SA,1.0
2016-06-13,8.708673477172852,8.753671191612094,8.55267901152544,8.639675626786827,15548589,0.004498167050827284,ITUB4.SA,1.0
2016-06-14,8.582681655883789,8.858671575491433,8.510684425073306,8.717676463653444,30247514,-0.01446739524903673,ITUB4.SA,1.0
2016-06-15,8.540684700012207,8.74467687532663,8.426688537796434,8.603681748731008,39239007,-0.004893220738624415,ITUB4.SA,1.0
2016-06-16,8.696677207946777,8.762675203876144,8.402688517613415,8.462686209518182,26521887,0.018264637252601856,ITUB4.SA,1.0
2016-06-17,8.675674438476562,8.879666494263642,8.64267518873596,8.786670115890121,29313536,-0.002415033807512512,ITUB4.SA,1.0
2016-06-20,8.819670677185059,8.933666261636805,8.756673117356463,8.813670909582335,28725407,0.0165976996635413,ITUB4.SA,1.0
2016-06-21,8.816671371459961,8.816671371459961,8.588679652773921,8.654677635565102,26254929,-0.0003400700360453035,ITUB4.SA,1.0
2016-06-22,8.663674354553223,8.921665376639899,8.630676174542808,8.804669398267208,23824831,-0.01735314955732592,ITUB4.SA,1.0
2016-06-23,8.999667167663574,9.029666015435721,8.693678385553529,8.756675965875035,20487115,0.03878179157712336,ITUB4.SA,1.0
2016-06-24,8.68467903137207,8.843672930059414,8.60668148963467,8.699677920942362,33130019,-0.03499997615726036,ITUB4.SA,1.0
2016-06-27,8.393688201904297,8.735675575417547,8.354690237590791,8.717676268118645,26590869,-0.033506227278707,ITUB4.SA,1.0
2016-06-28,8.687676429748535,8.7086756179046,8.522682808522315,8.558681416789854,23885027,0.035024916433939124,ITUB4.SA,1.0
2016-06-29,8.88267707824707,8.924674955905353,8.74768164611442,8.816679038066818,25256643,0.022445661975946773,ITUB4.SA,1.0
2016-06-30,9.089658737182617,9.15565616616801,8.831668252678584,8.86766685030698,39268918,0.023301720541257565,ITUB4.SA,1.0
2016-07-01,9.277241706848145,9.301253723404745,9.004117727109609,9.12717329210244,37093439,0.02063696504888468,ITUB4.SA,1.0
2016-07-04,9.271240234375,9.37028485508016,9.217215603936555,9.32826569807248,6881819,-0.0006469026746079853,ITUB4.SA,1.0
2016-07-05,9.20521354675293,9.256237368800369,9.124177096698308,9.184204493108336,13175322,-0.007121667215273186,ITUB4.SA,1.0
2016-07-06,9.241230964660645,9.268243831008874,9.019129574388986,9.124178064346177,14127620,0.003912719430655631,ITUB4.SA,1.0
2016-07-07,9.33427619934082,9.469338422884714,9.184207656624382,9.289256171624988,17326436,0.010068489256029878,ITUB4.SA,1.0
2016-07-08,9.586389541625977,9.610401574126417,9.40030458378205,9.439322932622519,22359369,0.027009415288457017,ITUB4.SA,1.0
2016-07-11,9.679430961608887,9.74846193176118,9.562377004562284,9.62840821021778,17390558,0.009705574719127252,ITUB4.SA,1.0
2016-07-12,9.598396301269531,9.829502379312526,9.55337627605485,9.769474965560857,28032402,-0.008371841346951014,ITUB4.SA,1.0
2016-07-13,9.79648494720459,9.802487686809144,9.553373458121222,9.583387156143994,21054493,0.02063768151653189,ITUB4.SA,1.0
2016-07-14,10.075616836547852,10.093625062443959,9.910540897401088,9.979571894903705,37093626,0.02849306571158583,ITUB4.SA,1.0
2016-07-15,10.042595863342285,10.108625989737083,9.937547399888086,10.054601340868611,22014643,-0.003277315299028416,ITUB4.SA,1.0
2016-07-18,10.213672637939453,10.255691801813631,10.012580390014287,10.08161240862061,18419316,0.01703511491701426,ITUB4.SA,1.0
2016-07-19,10.15365219116211,10.264702379240354,10.120636576199463,10.144648613571162,16590247,-0.005876480371457493,ITUB4.SA,1.0
2016-07-20,10.312718391418457,10.354736485284164,10.117628880312003,10.198666374675488,24738244,0.01566590988755756,ITUB4.SA,1.0
2016-07-21,10.17465877532959,10.372749206285905,9.985572989970267,10.312722873163764,29257453,-0.013387315628025975,ITUB4.SA,1.0
2016-07-22,10.237687110900879,10.318723562582136,10.102624931168315,10.147646014478454,14197724,0.006194638755268489,ITUB4.SA,1.0
2016-07-25,10.159647941589355,10.315719120816539,10.087614019440867,10.234682697470394,9988097,-0.007622734360422934,ITUB4.SA,1.0
2016-07-26,10.030590057373047,10.252692454535222,10.030590057373047,10.174655782971664,13956565,-0.012702987835631507,ITUB4.SA,1.0
2016-07-27,10.069612503051758,10.231687597923873,10.039599864977,10.084619892287328,19285620,0.0038903439833060105,ITUB4.SA,1.0
2016-07-28,9.958556175231934,10.063604624493822,9.862512367997079,10.063604624493822,25702320,-0.011028858139890407,ITUB4.SA,1.0
2016-07-29,10.141648292541504,10.192671070660033,9.877527612355658,9.877527612355658,22194110,0.01838540789325882,ITUB4.SA,1.0
2016-08-01,10.038053512573242,10.239236299754266,10.002021062214332,10.134141117537299,17309237,-0.010214787279149595,ITUB4.SA,1.0
2016-08-02,10.15815258026123,10.305284403240915,10.01402292313539,10.044049935036607,38310078,0.011964378107524265,ITUB4.SA,1.0
2016-08-03,10.581544876098633,10.581544876098633,10.089100303321269,10.095105711883509,41499546,0.04168004885653276,ITUB4.SA,1.0
2016-08-04,10.641592979431152,10.827760540204435,10.626578931129036,10.659609194989857,31799905,0.005674795508182839,ITUB4.SA,1.0
2016-08-05,10.57853889465332,10.758701104824697,10.449423179367193,10.74969352965282,22224208,-0.005925248682195239,ITUB4.SA,1.0
2016-08-08,10.509475708007812,10.635589236630805,10.473443271258388,10.482450845109131,17160616,-0.00652861300915708,ITUB4.SA,1.0
2016-08-09,10.530491828918457,10.665613972999605,10.527489661838407,10.584540472416316,15040659,0.001999730671115252,ITUB4.SA,1.0
2016-08-10,10.443416595458984,10.644597172141971,10.332316043036892,10.569530128366804,19489950,-0.008268866722858093,ITUB4.SA,1.0
2016-08-11,10.71065902709961,10.719666602362016,10.446420045519146,10.539504390379923,22349648,0.025589559623315994,ITUB4.SA,1.0
2016-08-12,10.791732788085938,10.8577922737761,10.67462787151741,10.71966789460576,20185386,0.007569446546771719,ITUB4.SA,1.0
2016-08-15,11.028268814086914,11.0555970764984,10.82482857147993,10.867339442496315,17211839,0.021918261936777483,ITUB4.SA,1.0
2016-08-16,10.982718467712402,11.08899235182997,10.937171744024251,10.961463041273166,26356066,-0.0041303260867496805,ITUB4.SA,1.0
2016-08-17,11.128463745117188,11.128463745117188,10.87340518144182,10.961460572792955,27314907,0.013270419143789791,ITUB4.SA,1.0
2016-08-18,11.107210159301758,11.167938398785642,10.970571079116615,11.05862756771465,19306370,-0.0019098400553944073,ITUB4.SA,1.0
2016-08-19,11.034340858459473,11.09810607776863,10.909848457117352,11.022195205514228,16847296,-0.006560540387476221,ITUB4.SA,1.0
2016-08-22,10.821795463562012,11.013090101224373,10.794468276863736,10.982725958952061,12684779,-0.019262174118403586,ITUB4.SA,1.0
2016-08-23,10.803571701049805,10.997902116669305,10.758026051235523,10.89162821197393,14814082,-0.0016839869662633733,ITUB4.SA,1.0
2016-08-24,10.75195026397705,10.861261103659183,10.624420951014564,10.70336766856277,22487800,-0.0047781824845701815,ITUB4.SA,1.0
2016-08-25,10.718544960021973,10.852147031212477,10.663889567262222,10.742836245692974,16346283,-0.0031069064806780178,ITUB4.SA,1.0
2016-08-26,10.849116325378418,10.988791284463574,10.727658756524542,10.788386999605045,18366785,0.012181818133286892,ITUB4.SA,1.0
2016-08-29,11.040410041809082,11.11328393543356,10.788387285011312,10.809642711998235,12148620,0.0176321933228043,ITUB4.SA,1.0
2016-08-30,11.113280296325684,11.13757266893873,10.979678201762917,11.052552071524426,8184639,0.00660032138667388,ITUB4.SA,1.0
2016-08-31,10.8855562210083,11.201343170599255,10.779281225472454,11.143650782692788,31667735,-0.020491166356406354,ITUB4.SA,1.0
2016-09-01,10.99339771270752,11.093640776061937,10.808098386267652,10.859739572803813,24332574,0.009906842563643492,ITUB4.SA,1.0
2016-09-02,11.154388427734375,11.236406419775742,11.045031827109979,11.045031827109979,22673624,0.014644309178477366,ITUB4.SA,1.0
2016-09-05,11.15743350982666,11.23945155227492,11.09060443503974,11.15743350982666,5983174,0.00027299408766445765,ITUB4.SA,1.0
2016-09-06,11.263740539550781,11.263740539550781,11.03591492061573,11.209062261028883,13571272,0.009527910664266503,ITUB4.SA,1.0
2016-09-08,11.130084991455078,11.221216558995774,11.10274638770963,11.16046290273261,22690262,-0.011866000253325626,ITUB4.SA,1.0
2016-09-09,10.707858085632324,11.002514177822956,10.659255108210951,10.9721373169346,25391243,-0.03793564075628453,ITUB4.SA,1.0
2016-09-12,10.847579002380371,10.884031192959743,10.574187573035084,10.686582368894408,21451190,0.013048446816410708,ITUB4.SA,1.0
2016-09-13,10.63191032409668,10.798983503899215,10.522553688164779,10.735191591365696,32136219,-0.019881733816952685,ITUB4.SA,1.0
2016-09-14,10.641018867492676,10.76252727858647,10.604566669108364,10.637981725867025,19043339,0.0008567174777003306,ITUB4.SA,1.0
2016-09-15,10.871883392333984,10.926561687489306,10.65316912856666,10.692659549974078,21254337,0.021695716144868316,ITUB4.SA,1.0
2016-09-16,10.625832557678223,10.841507554969532,10.559003517466708,10.817207168947954,27323881,-0.022631850046263224,ITUB4.SA,1.0
2016-09-19,10.701776504516602,10.835435698026336,10.647098186640727,10.7503794537396,13582488,0.007147105549249577,ITUB4.SA,1.0
2016-09-20,10.726072311401367,10.865804619325006,10.698732628097487,10.771637006046761,9553824,0.002270259229812055,ITUB4.SA,1.0
2016-09-21,10.829360008239746,10.887076556076552,10.552931256656153,10.844548972513957,27795730,0.009629591693931516,ITUB4.SA,1.0
2016-09-22,11.002508163452148,11.10882766001686,10.88707615517572,10.932641963173888,16918522,0.015988770812001674,ITUB4.SA,1.0
2016-09-23,10.975164413452148,11.029843796138167,10.865807814372365,10.996428738179615,11186788,-0.0024852287854536526,ITUB4.SA,1.0
2016-09-26,10.890111923217773,10.91441339315941,10.805055695275758,10.847583267673626,14829599,-0.0077495413308001915,ITUB4.SA,1.0
2016-09-27,11.01465892791748,11.0268096656603,10.768605947052116,10.9265666208553,23673780,0.011436705662700497,ITUB4.SA,1.0
2016-09-28,11.093633651733398,11.151350171199649,10.935674133288758,11.026804624699128,20488985,0.007169965437218373,ITUB4.SA,1.0
2016-09-29,10.81113338470459,11.184770190023933,10.805058015914353,11.117940050184814,24189187,-0.025465079873506324,ITUB4.SA,1.0
2016-09-30,10.789870262145996,10.935679114822952,10.732153716388106,10.859737545626967,29053309,-0.001966780151716252,ITUB4.SA,1.0
2016-10-03,11.04665756225586,11.077047223466327,10.788344900165125,10.788344900165125,26738182,0.023798923793435067,ITUB4.SA,1.0
2016-10-04,11.143902778625488,11.195564653002803,11.016266221006775,11.080083958014445,49947217,0.008803134868767604,ITUB4.SA,1.0
2016-10-05,11.362711906433105,11.41133537236166,11.159100601055423,11.183413417623417,24211807,0.019634874079061726,ITUB4.SA,1.0
2016-10-06,11.456921577453613,11.505545048322139,11.32624545769254,11.344479259268237,18793954,0.008291125551389777,ITUB4.SA,1.0
2016-10-07,11.563287734985352,11.602794856628512,11.399183480260724,11.548093438386969,21320142,0.009284008519448994,ITUB4.SA,1.0
2016-10-10,11.578476905822754,11.724347276238754,11.54808724531942,11.672684311581332,14760429,0.0013135685270069253,ITUB4.SA,1.0
2016-10-11,11.538973808288574,11.599753150379867,11.45692223826727,11.542013317195082,28362547,-0.003411769773821738,ITUB4.SA,1.0
2016-10-13,11.669648170471191,11.745621794791825,11.399179597273244,11.50250446319984,34143073,0.011324608613701104,ITUB4.SA,1.0
2016-10-14,11.891500473022461,11.946201905731069,11.742590475513506,11.779058097319243,23805576,0.019011053230605812,ITUB4.SA,1.0
2016-10-17,12.152848243713379,12.152848243713379,11.833756103505673,11.915808770612022,28465741,0.021977695017026733,ITUB4.SA,-1.0
2016-10-18,12.321809768676758,12.368610609850846,12.004238050156507,12.134609654791328,24643089,0.013903039153869257,ITUB4.SA,-1.0
2016-10-19,12.121238708496094,12.331840339127293,12.084467700413692,12.251611404506765,15662931,-0.016277727374962025,ITUB4.SA,-1.0
2016-10-20,12.1580171585083,12.285045919921991,11.937387743819343,12.010930882048996,17454034,0.003034215470604451,ITUB4.SA,-1.0
2016-10-21,12.137948989868164,12.224863728508991,12.044349502350336,12.107862743706729,11124587,-0.0016506119689173593,ITUB4.SA,-1.0
2016-10-24,12.03432846069336,12.231558495725952,12.004243276159041,12.228215577043905,15957625,-0.008536905968322905,ITUB4.SA,-1.0
2016-10-25,11.970805168151855,12.074433393478175,11.810347372726945,11.990861579877567,14272570,-0.005278507458807091,ITUB4.SA,1.0
2016-10-26,12.04434871673584,12.111204869971576,11.850461754659856,11.893919662947308,17106827,0.006143575770462428,ITUB4.SA,-1.0
2016-10-27,12.301758766174316,12.422101672123684,12.051043114574997,12.064414789370286,19029301,0.021371852932222213,ITUB4.SA,-1.0
2016-10-28,12.40538501739502,12.478927042917537,12.191440442114848,12.26832646909258,16462546,0.008423693976640223,ITUB4.SA,-1.0
2016-10-31,12.836618423461914,12.983705777895048,12.696219074329846,12.756390533559083,35586680,0.03476179138835378,ITUB4.SA,-1.0
2016-11-01,12.457054138183594,12.951991861825455,12.383482270451928,12.951991861825455,30131455,-0.02956886874385689,ITUB4.SA,-1.0
2016-11-03,12.189507484436035,12.657692034422617,12.189507484436035,12.373437516225948,27774928,-0.02147752195500774,ITUB4.SA,-1.0
2016-11-04,12.289843559265137,12.517247584994928,12.125978718308348,12.219615925144721,23391408,0.008231347735518701,ITUB4.SA,-1.0
2016-11-07,12.731269836425781,12.808185890437619,12.460392077701371,12.54734080189219,19227293,0.03591797365295668,ITUB4.SA,-1.0
2016-11-08,12.761373519897461,12.955335310833714,12.5874759942115,12.731275495980752,16246880,0.002364546809427326,ITUB4.SA,-1.0
2016-11-09,12.353379249572754,12.68779728623516,12.206235573607811,12.239677810884908,33063942,-0.03197103115025701,ITUB4.SA,-1.0
2016-11-10,11.738048553466797,12.470422504511703,11.560806913577075,12.333311538118599,49992152,-0.04981071848233254,ITUB4.SA,-1.0
2016-11-11,11.58756160736084,11.925322715724086,11.450450630182882,11.587561607360842,45103030,-0.01282043990706716,ITUB4.SA,-1.0
2016-11-14,11.517333984375,11.784867492090815,11.340092330895775,11.49058019999265,29660863,-0.006060604065416864,ITUB4.SA,-1.0
2016-11-16,12.085848808288574,12.085848808288576,11.577534258609028,11.791561380367394,32550693,0.04936166865394798,ITUB4.SA,-1.0
2016-11-17,11.724675178527832,12.189514697747695,11.661136010462979,12.189514697747695,26527155,-0.0298840102577691,ITUB4.SA,-1.0
2016-11-18,11.835031509399414,11.998896294995305,11.677855170891279,11.677855170891279,15649845,0.009412314558077117,ITUB4.SA,-1.0
2016-11-21,11.932013511657715,11.992208454465066,11.831687884294036,11.921980840518632,20891273,0.008194486189688321,ITUB4.SA,-1.0
2016-11-22,11.972139358520508,12.149379891610312,11.811618853212488,12.10590608493496,21853190,0.003362873066108163,ITUB4.SA,-1.0
2016-11-23,11.861790657043457,12.005590166346344,11.748089173234112,11.901921357701513,11968728,-0.009217124706998647,ITUB4.SA,-1.0
2016-11-24,11.738048553466797,11.905256440955526,11.697917879970179,11.898569079399593,6520301,-0.010431991859777279,ITUB4.SA,-1.0
2016-11-25,11.657790184020996,11.704608226677983,11.54408767467258,11.594251024691152,13619283,-0.006837454205460447,ITUB4.SA,-1.0
2016-11-28,11.905261993408203,11.948736909972316,11.56750075408526,11.661137951888318,12495063,0.02122802053226258,ITUB4.SA,-1.0
2016-11-29,11.617671012878418,11.881861665945049,11.617671012878418,11.821666670318502,12408049,-0.024156627606265246,ITUB4.SA,-1.0
2016-11-30,11.845063209533691,12.039024907105615,11.758114488543866,11.771491381623376,21543201,0.019572958848912636,ITUB4.SA,-1.0
2016-12-01,11.308099746704102,11.308099746704102,11.308099746704102,11.308099746704102,40584060,-0.04533225811723873,ITUB4.SA,-1.0
2016-12-02,11.354941368103027,11.5790961388201,11.05383791237899,11.187661429481468,22441557,0.004142307058493833,ITUB4.SA,-1.0
2016-12-05,11.314783096313477,11.465335768073375,11.241180122190324,11.395077348491998,11847554,-0.003536634006967132,ITUB4.SA,-1.0
2016-12-06,11.465337753295898,11.559013493319199,11.177617085039842,11.244527708207286,20553073,0.013306013531224847,ITUB4.SA,-1.0
2016-12-07,11.375011444091797,11.609201979017792,11.31144534879875,11.609201979017792,23717882,-0.007878207441218699,ITUB4.SA,-1.0
2016-12-08,11.308099746704102,11.508834956397692,11.271297695125998,11.508834956397692,15535639,-0.005882341105023614,ITUB4.SA,-1.0
2016-12-09,11.341557502746582,11.475381004548211,11.274645751845767,11.472035362778831,30086758,0.0029587425643493592,ITUB4.SA,-1.0
2016-12-12,10.873177528381348,11.271302475570849,10.809610321422346,11.19100814074124,38592585,-0.04129767664201389,ITUB4.SA,1.0
2016-12-13,10.923357009887695,11.080599978471737,10.796224812325262,10.809606292737135,35170812,0.004614978590698815,ITUB4.SA,1.0
2016-12-14,10.899933815002441,11.120742807285849,10.876514334393425,10.876514334393425,25901569,-0.0021443220123678053,ITUB4.SA,1.0
2016-12-15,10.856440544128418,10.970190127277744,10.659051051258166,10.873168742969833,29999743,-0.003990232565830865,ITUB4.SA,1.0
2016-12-16,10.662403106689453,10.98023365348707,10.662403106689453,10.943432678378631,23767337,-0.017873025385277685,ITUB4.SA,1.0
2016-12-19,10.374676704406738,10.786183916575693,10.374676704406738,10.705889641240201,23142431,-0.026985136409089505,ITUB4.SA,1.0
2016-12-20,10.638988494873047,10.752738198649414,10.438252064875355,10.505164931199452,24209037,0.025476629103443837,ITUB4.SA,1.0
2016-12-21,10.635637283325195,10.749386927548537,10.565379894955075,10.739351087341433,16264045,-0.0003149934365909157,ITUB4.SA,1.0
2016-12-22,10.72261905670166,10.752729823093516,10.568721753005091,10.638980207919417,25601777,0.008178332060349236,ITUB4.SA,1.0
2016-12-23,11.025297164916992,11.120371305363701,10.797796363356278,10.814774281534408,20938689,0.028228001630455912,ITUB4.SA,1.0
2016-12-26,11.113579750061035,11.171304669851207,11.03887801336089,11.03887801336089,4838136,0.008007274890055704,ITUB4.SA,1.0
2016-12-27,11.106786727905273,11.205256422344254,10.99473360233754,11.205256422344254,13612825,-0.0006112361910863839,ITUB4.SA,1.0
2016-12-28,11.368250846862793,11.42597469459032,11.093212848350055,11.093212848350055,11636306,0.023540932707441176,ITUB4.SA,1.0
2016-12-29,11.493888854980469,11.507471199984666,11.259597806363129,11.371649951295225,13063036,0.011051656918033892,ITUB4.SA,1.0
2017-01-02,11.390275955200195,11.46161375445348,11.315541065450857,11.363099231231761,3518134,-0.009014607770056582,ITUB4.SA,1.0
2017-01-03,11.87265682220459,11.879449902389613,11.475202719111362,11.495584161994259,28568595,0.042350235314901674,ITUB4.SA,1.0
2017-01-04,11.923606872558594,11.967767930871856,11.791122596455372,11.821695298006574,15430610,0.004291377331711921,ITUB4.SA,1.0
2017-01-05,12.086665153503418,12.222546521069518,11.825092584949743,11.920209982711395,24913310,0.013675247992291029,ITUB4.SA,1.0
2017-01-06,12.127426147460938,12.185175549331372,11.960971017513934,12.073072732841062,15881997,0.003372393744663693,ITUB4.SA,1.0
2017-01-09,12.185175895690918,12.229336945161648,11.95078009196963,12.008530596644786,18244302,0.004761913000152163,ITUB4.SA,1.0
2017-01-10,12.14441204071045,12.341439872537793,12.0832655481546,12.2633079372822,13312693,-0.0033453645092546003,ITUB4.SA,1.0
2017-01-11,12.168203353881836,12.280305181101228,12.04251205828023,12.225952813393773,13097536,0.001959033759035389,ITUB4.SA,1.0
2017-01-12,12.477324485778809,12.51808845779117,12.331251842558949,12.433163424335122,24436430,0.025404007716419263,ITUB4.SA,1.0
2017-01-13,12.222540855407715,12.54186159082042,12.137614764754854,12.433156987622077,11838547,-0.020419732664762158,ITUB4.SA,1.0
2017-01-16,12.232730865478516,12.270098829413804,12.127423351259464,12.222540703750001,6335566,0.0008337063619872076,ITUB4.SA,1.0
2017-01-17,12.562249183654785,12.58942589599717,12.158002194542139,12.19536907284953,17689925,0.026937428919178608,ITUB4.SA,1.0
2017-01-18,12.463743209838867,12.620007210140477,12.405993757857178,12.620007210140477,13666699,-0.00784142810541344,ITUB4.SA,1.0
2017-01-19,12.395792961120605,12.606410261406847,12.293882500892597,12.47052781249735,14702204,-0.005451833175175058,ITUB4.SA,1.0
2017-01-20,12.433159828186035,12.548658633117283,12.334645364335366,12.463732523061628,18337605,0.003014479766048961,ITUB4.SA,1.0
2017-01-23,12.851008415222168,12.85100841522217,12.382216330561869,12.416187250246384,22194280,0.03360759395120683,ITUB4.SA,1.0
2017-01-24,12.820422172546387,12.891759927510627,12.647172867134731,12.78984837706321,19308529,-0.0023800655705392693,ITUB4.SA,1.0
2017-01-26,12.993675231933594,13.088792641147972,12.888367654913734,12.908749091688284,23296406,0.01351383418232599,ITUB4.SA,1.0
2017-01-27,12.925741195678711,13.105784837846276,12.89177138278704,13.044637192545794,15538358,-0.005228238742486568,ITUB4.SA,1.0
2017-01-30,12.650567054748535,12.905345321864868,12.572435140925892,12.857786095351917,11864379,-0.02128884810274334,ITUB4.SA,1.0
2017-01-31,12.650567054748535,12.728698968571177,12.514685752751657,12.65736122996467,19136200,0.0,ITUB4.SA,1.0
2017-02-01,12.784814834594727,12.862978299482432,12.713448288532698,12.761025618704855,23350960,0.010611997016829466,ITUB4.SA,1.0
2017-02-02,12.747430801391602,12.856179281631935,12.441573910603624,12.66926734926562,24467701,-0.0029240965697810983,ITUB4.SA,1.0
2017-02-03,13.012506484985352,13.124654528268868,12.7202434229114,12.740634176527937,23920122,0.02079443989331664,ITUB4.SA,1.0
2017-02-06,12.91735553741455,13.148447526136982,12.90036433802637,13.015909781583662,14699315,-0.007312268983734382,ITUB4.SA,1.0
2017-02-07,13.168824195861816,13.440696314446592,13.1280427171101,13.36253291511247,38537182,0.019467503059654723,ITUB4.SA,1.0
2017-02-08,13.50868034362793,13.508680343627931,13.097472154084146,13.179034099930782,32613914,0.025807630408864357,ITUB4.SA,-1.0
2017-02-09,13.569838523864746,13.760148814063852,13.386324046166658,13.488276656177465,33721139,0.004527324555848589,ITUB4.SA,-1.0
2017-02-10,13.614015579223633,13.678585153176531,13.457688778450642,13.573234099922844,35535695,0.003255532870283906,ITUB4.SA,-1.0
2017-02-13,13.549452781677246,13.753356975338521,13.413516652569728,13.661599702628417,15126399,-0.004742377234011386,ITUB4.SA,-1.0
2017-02-14,13.59362506866455,13.661593100371306,13.4508920919197,13.549446233617507,21526206,0.0032600790378072286,ITUB4.SA,-1.0
2017-02-15,14.16456127166748,14.16456127166748,13.658197723926454,13.709174585407935,43222533,0.04200029058613852,ITUB4.SA,-1.0
2017-02-16,13.889303207397461,14.273323767503921,13.84852277964479,14.05242712162421,28074720,-0.019432869044846535,ITUB4.SA,-1.0
2017-02-17,13.882497787475586,13.933473562317866,13.69558477704177,13.783943594613723,15904430,-0.0004899756179453929,ITUB4.SA,-1.0
2017-02-20,13.947075843811035,14.052427025665414,13.889303112552579,13.953873866932762,7429024,0.004651760607065292,ITUB4.SA,-1.0
2017-02-21,14.149831771850586,14.194861378041955,13.99395729424459,14.135975040102936,15926864,0.014537522439122874,ITUB4.SA,-1.0
2017-02-22,14.191413879394531,14.208733410572382,14.021684719495834,14.115209065034108,16952682,0.002938699782047527,ITUB4.SA,-1.0
2017-02-23,13.976659774780273,14.37846629667996,13.87967149029785,14.27455132021254,27570648,-0.015132678564612534,ITUB4.SA,-1.0
2017-02-24,13.865804672241211,13.987040210723825,13.754961970406262,13.820775035149811,10750527,-0.007931444588720082,ITUB4.SA,-1.0
2017-03-01,13.843276977539062,14.006139231417738,13.798230473021254,13.940301514087627,14542791,-0.0016246943639158795,ITUB4.SA,-1.0
2017-03-02,13.701214790344238,13.860611945091676,13.614586927464156,13.791308980841865,14514749,-0.01026217906535587,ITUB4.SA,-1.0
2017-03-03,13.950691223144531,13.950691223144533,13.715060947272518,13.791294238782825,10726224,0.018208344049617242,ITUB4.SA,-1.0
2017-03-06,13.895251274108887,14.019996270963137,13.7462498688278,13.864064463274383,14110098,-0.003973992983492325,ITUB4.SA,-1.0
2017-03-07,13.663087844848633,13.957625490459055,13.576458927332268,13.957625490459055,13099406,-0.01670811305822484,ITUB4.SA,-1.0
2017-03-08,13.507152557373047,13.690805950243938,13.427454063536475,13.687340749501402,14638473,-0.011412887719548515,ITUB4.SA,-1.0
2017-03-09,13.548748970031738,13.635377962073447,13.375492109191308,13.462121101233016,15190640,0.003079584130112334,ITUB4.SA,-1.0
2017-03-10,13.55567741394043,13.81209914827792,13.465583230349269,13.61805108790242,15942329,0.0005113714870661479,ITUB4.SA,-1.0
2017-03-13,13.801703453063965,13.850215187055793,13.607655393853832,13.638841107404717,11098924,0.018149298748473264,ITUB4.SA,-1.0
2017-03-14,13.666559219360352,13.929910169247535,13.666559219360352,13.73932736322313,14875383,-0.00979185172056507,ITUB4.SA,-1.0
2017-03-15,13.798232078552246,13.87100020862026,13.51408996335737,13.756650771331516,24308288,0.009634675200862919,ITUB4.SA,-1.0
2017-03-16,13.621515274047852,13.853680562272158,13.514095077939421,13.808632912221668,23336684,-0.012807206278192762,ITUB4.SA,-1.0
2017-03-17,13.229948043823242,13.760116177371634,13.229948043823242,13.756650974781799,33753599,-0.02874623141014543,ITUB4.SA,-1.0
2017-03-20,13.37549114227295,13.434398493165125,13.101743367491583,13.184907148909968,20169326,0.011001033259360193,ITUB4.SA,-1.0
2017-03-21,13.087879180908203,13.410138610541633,12.89383115637994,13.333905257469349,27096828,-0.021502908439433255,ITUB4.SA,-1.0
2017-03-22,13.195306777954102,13.36856480224333,13.001258644415032,13.028979164495901,14593436,0.00820817456831402,ITUB4.SA,-1.0
2017-03-23,13.12253189086914,13.226485753799045,12.997786806056189,13.01511170104939,14751660,-0.005515209938623644,ITUB4.SA,-1.0
2017-03-24,13.264599800109863,13.306181110621473,13.067086609505505,13.1675752445929,11084139,0.010826257495291314,ITUB4.SA,-1.0
2017-03-27,13.361624717712402,13.375485529339352,13.056691354889216,13.15371591303544,10561542,0.0073145755668961865,ITUB4.SA,-1.0
2017-03-28,13.316575050354004,13.406668058114025,13.164108405040194,13.292318635749753,16415980,-0.0033715710708952518,ITUB4.SA,-1.0
2017-03-29,13.5140962600708,13.579934015737866,13.271535339078618,13.278465747384923,13415683,0.014832733564742462,ITUB4.SA,-1.0
2017-03-30,13.35468864440918,13.600714576651276,13.281920537491597,13.600714576651276,17325382,-0.011795654892041263,ITUB4.SA,-1.0
2017-03-31,13.132926940917969,13.378953019631872,13.132926940917969,13.261137223902377,16325906,-0.016605531539969687,ITUB4.SA,-1.0
2017-04-03,13.353041648864746,13.37037451415252,13.103451759780512,13.16931664787405,19260773,0.01676052177378451,ITUB4.SA,-1.0
2017-04-04,13.422380447387695,13.46397935030103,13.252520507866137,13.304519136507803,16438243,0.005192734385640385,ITUB4.SA,-1.0
2017-04-05,13.176257133483887,13.512510441297742,13.082661848186287,13.491710989592812,15706439,-0.018336785704186287,ITUB4.SA,-1.0
2017-04-06,13.07226848602295,13.249061664204655,12.971738877531102,13.138132324797667,17476298,-0.007892123416192165,ITUB4.SA,-1.0
2017-04-07,13.172781944274902,13.332242055697538,12.999456664469626,13.072253574146346,15351243,0.007689060116797819,ITUB4.SA,-1.0
2017-04-10,13.148526191711426,13.259454357958653,12.999465695781673,13.172791096003882,22004616,-0.0018413538359691728,ITUB4.SA,-1.0
2017-04-11,13.12425708770752,13.287183847153722,12.9231991312032,13.20745375473722,19661345,-0.0018457661071705767,ITUB4.SA,-1.0
2017-04-12,13.10692310333252,13.24558495241655,13.023726443356892,13.124255974928897,21652479,-0.001320759282537609,ITUB4.SA,-1.0
2017-04-13,12.867733001708984,13.131188135400082,12.867733001708984,13.034125185451677,15123510,-0.018249142055523304,ITUB4.SA,1.0
2017-04-17,13.443181037902832,13.467447066658368,12.90586969555611,12.947468601994172,18165445,0.04472023441249684,ITUB4.SA,-1.0
2017-04-18,13.394639015197754,13.502101653193192,13.252511771314019,13.377307274096873,19971504,-0.003610902997453813,ITUB4.SA,-1.0
2017-04-19,13.27679443359375,13.484786824530927,13.224796897703428,13.467453938004837,14120975,-0.008797891564699567,ITUB4.SA,-1.0
2017-04-20,13.082656860351562,13.432775212130204,13.034124824876502,13.346111986754455,16887421,-0.014622322746141836,ITUB4.SA,-1.0
2017-04-24,13.335710525512695,13.432773460116204,13.228248994064808,13.346110246043791,21389907,0.019342681525802208,ITUB4.SA,-1.0
2017-04-25,13.422380447387695,13.450113049329918,13.186656701940636,13.276786534565582,13224999,0.006499085422497108,ITUB4.SA,-1.0
2017-04-26,13.446650505065918,13.616510495507372,13.325322582572088,13.325322582572088,14693027,0.0018081783461103562,ITUB4.SA,-1.0
2017-04-27,13.52291202545166,13.696238566103133,13.495179419367442,13.574909538172125,41058730,0.00567141388533976,ITUB4.SA,-1.0
2017-04-28,13.609570503234863,13.647701699485507,13.411978001840916,13.519440688887364,18621761,0.00640827046867587,ITUB4.SA,-1.0
2017-05-02,13.88874340057373,13.923422424578902,13.698012140897704,13.732690040785405,37004233,0.020512983659000117,ITUB4.SA,-1.0
2017-05-03,13.659858703613281,13.958093671436199,13.53848442568235,13.954625770688633,32877507,-0.016479870810414243,ITUB4.SA,-1.0
2017-05-04,13.21250057220459,13.715338095627681,13.16741900598244,13.645981234607822,22975370,-0.032749835932809224,ITUB4.SA,-1.0
2017-05-05,13.420567512512207,13.455246495667428,13.157011736997122,13.278385929808097,19536772,0.015747733683761034,ITUB4.SA,-1.0
2017-05-08,13.451783180236816,13.552351141533284,13.32000412346735,13.32000412346735,13822373,0.0023259573557903312,ITUB4.SA,-1.0
2017-05-09,13.486458778381348,13.559283531429545,13.42403772207094,13.517669868594721,9159625,0.00257776962949241,ITUB4.SA,-1.0
2017-05-10,13.552349090576172,13.65638381150892,13.48645901010471,13.628641743847822,13648004,0.004885664448880167,ITUB4.SA,-1.0
2017-05-11,13.78470230102539,13.836719689233695,13.535016814215,13.60784160735341,14431984,0.017144866096372002,ITUB4.SA,-1.0
2017-05-12,13.916471481323242,13.940745647603748,13.760418291290886,13.86792202464598,31983570,0.009559087851179093,ITUB4.SA,-1.0
2017-05-15,13.975421905517578,14.023971352716718,13.82630454185304,13.923404560367352,16124516,0.004236018036141598,ITUB4.SA,-1.0
2017-05-16,13.958089828491211,14.023978800437455,13.822843984805937,13.992768826419038,18406604,-0.0012401827396369969,ITUB4.SA,-1.0
2017-05-17,13.673726081848145,13.916475686824878,13.57315811535804,13.81243982065868,23234714,-0.020372683521682422,ITUB4.SA,-1.0
2017-05-18,12.026491165161133,12.46344067934188,10.993073330097037,10.993073330097037,118871187,-0.12046715773206207,ITUB4.SA,1.0
2017-05-19,12.338605880737305,12.629904979257017,12.186019407480147,12.397559055605976,49512213,0.02595226748100221,ITUB4.SA,1.0
2017-05-22,12.095858573913574,12.227636548650828,11.912062090108808,12.203362368536212,40695037,-0.019673803440200754,ITUB4.SA,1.0
2017-05-23,12.28659725189209,12.411440625917844,12.147883391079096,12.192965002402168,32435297,0.015768924282057117,ITUB4.SA,1.0
2017-05-24,12.387158393859863,12.61256857291438,12.317801502159776,12.317801502159776,32488831,0.00818462100662476,ITUB4.SA,1.0
2017-05-25,12.15481185913086,12.522403705619254,12.075051268694207,12.477322121510234,36872182,-0.01875704881953999,ITUB4.SA,1.0
2017-05-26,12.48425579071045,12.546677997060367,12.279653042247249,12.283120942600023,30849493,0.02710399267365937,ITUB4.SA,1.0
2017-05-29,12.48425579071045,12.48425579071045,12.48425579071045,12.48425579071045,0,0.0,ITUB4.SA,1.0
2017-05-30,12.459983825683594,12.512001216098477,12.390626930424743,12.4114343362375,9089095,-0.0019442060010430584,ITUB4.SA,1.0
2017-05-31,12.328200340270996,12.56054510511544,12.317796642003362,12.4391708735594,22167088,-0.01057653743827136,ITUB4.SA,1.0
2017-06-01,12.187690734863281,12.427073377654498,12.128712695952894,12.378502301830007,15306716,-0.011397414182890087,ITUB4.SA,1.0
2017-06-02,12.309126853942871,12.378513040725451,12.187701308221294,12.309126853942871,15952186,0.009963833323421767,ITUB4.SA,1.0
2017-06-05,12.295246124267578,12.451365284188435,12.211982497337024,12.239737414511028,14381338,-0.0011276778475027838,ITUB4.SA,1.0
2017-06-06,12.492989540100098,12.548499343366244,12.246669286469892,12.28483115162454,21311050,0.016082916424277727,ITUB4.SA,1.0
2017-06-07,12.697687149047852,12.756665225070858,12.58666860189441,12.610954155088614,17655255,0.016384998025549713,ITUB4.SA,1.0
2017-06-08,12.565850257873535,12.659521965248219,12.458302218502597,12.65605260110133,15610247,-0.010382748419203391,ITUB4.SA,1.0
2017-06-09,12.368104934692383,12.659527143877808,12.35075810686188,12.628303978374658,18519111,-0.015736724465361895,ITUB4.SA,1.0
2017-06-12,12.368104934692383,12.385451762522885,12.201577636703066,12.333412403623132,16405953,0.0,ITUB4.SA,1.0
2017-06-13,12.520745277404785,12.534622729147545,12.385442372094698,12.392381097966076,17368210,0.012341449520229197,ITUB4.SA,1.0
2017-06-14,12.63176155090332,12.770533794805793,12.551967341970794,12.586659840651059,35138352,0.008866586695831735,ITUB4.SA,1.0
2017-06-15,12.63176155090332,12.63176155090332,12.63176155090332,12.63176155090332,0,0.0,ITUB4.SA,1.0
2017-06-16,12.541566848754883,12.59360619057982,12.427080071821749,12.58666746172431,28458807,-0.0071403106989450515,ITUB4.SA,1.0
2017-06-19,12.60748291015625,12.694215891180749,12.458302497679682,12.541566114479549,10294211,0.005255807523596001,ITUB4.SA,1.0
2017-06-20,12.329940795898438,12.610956007506532,12.295248267973665,12.558916653323545,19120734,-0.022014078165771833,ITUB4.SA,1.0
2017-06-21,12.343811988830566,12.434013182168787,12.232793491858247,12.40279003819509,12724326,0.0011250007734622258,ITUB4.SA,1.0
2017-06-22,12.354223251342773,12.458303058172937,12.312592003365529,12.38891689514995,15328640,0.0008434398159682388,ITUB4.SA,1.0
2017-06-23,12.312593460083008,12.42014264401816,12.284838541753548,12.357694077776875,11222988,-0.0033696809919021575,ITUB4.SA,1.0
2017-06-26,12.659521102905273,12.694214742010887,12.350752213230177,12.420139491441406,16999928,0.02817665051209506,ITUB4.SA,1.0
2017-06-27,12.545035362243652,12.704622741321286,12.451363653639481,12.652583403026217,17320624,-0.00904344956898473,ITUB4.SA,1.0
2017-06-28,12.541566848754883,12.628299834857367,12.39932515639971,12.628299834857367,12994207,-0.0002764849511073253,ITUB4.SA,1.0
2017-06-29,12.666457176208496,12.666457176208494,12.49646062939971,12.628295305781146,13009672,0.009958112009426756,ITUB4.SA,1.0
2017-06-30,12.749724388122559,12.826049275239596,12.669930136836959,12.711562506859691,14216317,0.006573835979208464,ITUB4.SA,1.0
2017-07-03,12.869460105895996,12.876401665423733,12.765338963080275,12.817399534488136,8302737,0.009391239694952258,ITUB4.SA,1.0
2017-07-04,12.817411422729492,12.900709089271354,12.807000198831568,12.841706903610806,4127235,-0.0040443563862215814,ITUB4.SA,1.0
2017-07-05,12.8521089553833,12.924994214579979,12.713279997394418,12.848638175181062,11523289,0.0027070624098308738,ITUB4.SA,1.0
2017-07-06,12.671631813049316,12.841697808669373,12.629983571800738,12.813931564470046,17977990,-0.014042609112677074,ITUB4.SA,1.0
2017-07-07,12.55016040802002,12.79311061547675,12.477275120772852,12.79311061547675,27025958,-0.00958609015961187,ITUB4.SA,1.0
2017-07-10,12.650801658630371,12.702863343988264,12.557092875086015,12.560563654109874,11898709,0.008019120659688017,ITUB4.SA,1.0
2017-07-11,12.841699600219727,12.883348972329237,12.609160647759996,12.668162799864568,14048746,0.015089790097145839,ITUB4.SA,1.0
2017-07-12,12.980527877807617,13.056883930765606,12.66122054270139,12.911113386486765,37422480,0.010810740159777232,ITUB4.SA,1.0
2017-07-13,13.015238761901855,13.08465326962753,12.942353472537357,13.02912076340637,15281564,0.002674073382915587,ITUB4.SA,1.0
2017-07-14,13.042996406555176,13.095058101267167,12.87987313827466,13.084645762324769,15371467,0.00213270345332206,ITUB4.SA,1.0
2017-07-17,12.918050765991211,13.025643811483784,12.859048636227609,12.994406794229446,13381183,-0.009579519664758118,ITUB4.SA,1.0
2017-07-18,12.931933403015137,12.959698514490064,12.82434036153075,12.911108725621364,13155149,0.0010746696444694503,ITUB4.SA,1.0
2017-07-19,12.744516372680664,13.02911585974872,12.737574812015556,13.02911585974872,14027163,-0.01449257620602773,ITUB4.SA,1.0
2017-07-20,12.758402824401855,12.865995917746265,12.71328379335135,12.744519699447656,16220028,0.0010896020935684536,ITUB4.SA,1.0
2017-07-21,12.761869430541992,12.824342347346978,12.68551339332473,12.737573969820502,13100595,0.00027171160746752854,ITUB4.SA,1.0
2017-07-24,12.841699600219727,12.886819753338363,12.741048076005644,12.80352213416991,9780452,0.006255366434535281,ITUB4.SA,1.0
2017-07-25,12.872931480407715,13.001349212553766,12.78963388727657,12.893756159953057,18718632,0.0024320674957585275,ITUB4.SA,1.0
2017-07-26,12.813932418823242,12.931937839487839,12.775754955554143,12.876405347386623,13775637,-0.004583187728006477,ITUB4.SA,1.0
2017-07-27,12.827816009521484,12.973586556500665,12.758401516914759,12.91805518742539,14378109,0.001083476191730881,ITUB4.SA,1.0
2017-07-28,12.876396179199219,12.921516296905256,12.71327297494953,12.758391967605881,12302680,0.003787095920433803,ITUB4.SA,1.0
2017-07-31,12.95275592803955,12.994405279523768,12.817397785815867,12.94581549450886,15820815,0.005930211200217972,ITUB4.SA,1.0
2017-08-01,13.36768913269043,13.454492469662956,13.159361799258509,13.201026815743466,28473083,0.032034356777514095,ITUB4.SA,1.0
2017-08-02,13.50656795501709,13.555177302616075,13.246158082765536,13.322544843565636,23083968,0.010389142128315543,ITUB4.SA,1.0
2017-08-03,13.47531509399414,13.565590539480173,13.419760281078002,13.492674847527741,15013552,-0.002313900994466933,ITUB4.SA,1.0
2017-08-04,13.44058609008789,13.551694530518802,13.391976780494291,13.541278008712583,7430214,-0.002577231305094241,ITUB4.SA,1.0
2017-08-07,13.65239429473877,13.65933864717277,13.395457756692007,13.451011450661197,15552804,0.01575885182619241,ITUB4.SA,1.0
2017-08-08,13.819060325622559,13.916280161094653,13.586427831226954,13.645454843247629,31811750,0.012207824304343307,ITUB4.SA,1.0
2017-08-09,13.73225212097168,13.753085176602982,13.614200390066438,13.714892366781664,11740146,-0.006281773333742802,ITUB4.SA,1.0
2017-08-10,13.558649063110352,13.732254513779946,13.506567540459766,13.732254513779946,11501196,-0.012641994651132582,ITUB4.SA,1.0
2017-08-11,13.628087043762207,13.690585075751866,13.44753617312313,13.527395082193964,12700023,0.005121305251625685,ITUB4.SA,1.0
2017-08-14,13.874614715576172,13.947529314381255,13.645455512620076,13.645455512620076,16585250,0.01808967546379181,ITUB4.SA,1.0
2017-08-15,13.93387222290039,14.088186456047268,13.891787039702876,14.014536532811421,15274426,0.004270929934918843,ITUB4.SA,1.0
2017-08-16,13.96193790435791,14.049616652029101,13.804116385920613,14.046109456648084,20010252,0.0020142054562115597,ITUB4.SA,1.0
2017-08-17,13.849714279174805,13.951421848687895,13.769051027144243,13.923365411372176,17032049,-0.00803782583419721,ITUB4.SA,1.0
2017-08-18,13.982983589172363,14.060140764564467,13.832176434399363,13.84971127760094,10935602,0.009622531361383357,ITUB4.SA,1.0
2017-08-21,13.881269454956055,14.056626898599347,13.814633899216545,13.98297695416579,15204576,-0.0072741367082108654,ITUB4.SA,1.0
2017-08-22,14.175874710083008,14.270567857187027,13.965446378516356,13.986489552729328,17253833,0.021223221412344895,ITUB4.SA,1.0
2017-08-23,14.330187797546387,14.35824536071681,14.161845829086637,14.270566612663501,11947315,0.010885613101082159,ITUB4.SA,1.0
2017-08-24,14.449440002441406,14.502046828199948,14.319675968371362,14.351239609084509,16785281,0.008321747529047574,ITUB4.SA,1.0
2017-08-25,14.407342910766602,14.509049281063337,14.312648656003557,14.484500055571372,11163845,-0.0029134064481178834,ITUB4.SA,1.0
2017-08-28,14.281092643737793,14.438914211983702,14.235500226249812,14.424885426032134,14980242,-0.00876291123288675,ITUB4.SA,1.0
2017-08-29,14.410848617553711,14.410848617553713,14.109234434922232,14.168855605170645,11918253,0.009085857577768364,ITUB4.SA,1.0
2017-08-30,14.333698272705078,14.449434610410997,14.253033896987171,14.449434610410997,11595008,-0.005353629539530114,ITUB4.SA,1.0
2017-08-31,14.151322364807129,14.375779429818937,14.109236025636976,14.358243455164708,13738927,-0.012723576597481356,ITUB4.SA,1.0
2017-09-01,14.447787284851074,14.542515635070195,14.25131472261604,14.261839083949724,17304818,0.020949626642752683,ITUB4.SA,1.0
2017-09-04,14.374104499816895,14.461815817815742,14.349545012339778,14.349545012339778,6714384,-0.005099935622075336,ITUB4.SA,1.0
2017-09-05,14.381123542785645,14.630223539387005,14.209209380534233,14.567070562601543,26047216,0.0004883116697000922,ITUB4.SA,1.0
2017-09-06,14.76705265045166,14.875814972722349,14.482867667980525,14.489885802647406,24403970,0.026835810603937027,ITUB4.SA,1.0
2017-09-07,14.76705265045166,14.767052650451658,14.767052650451658,14.767052650451658,0,0.0,ITUB4.SA,1.0
2017-09-08,14.749519348144531,14.85126473642774,14.668824965149732,14.731976843737524,13413303,-0.0011873257800426584,ITUB4.SA,1.0
2017-09-11,14.998619079589844,15.131939834801114,14.816179313412128,14.826704815762081,16305512,0.016888667729816564,ITUB4.SA,1.0
2017-09-12,14.956515312194824,15.100360404633205,14.88985381021608,14.924938811257524,12668073,-0.00280717625880067,ITUB4.SA,1.0
2017-09-13,15.06176471710205,15.152984562403244,14.84774966980724,14.988087368450495,15291251,0.0070370271891748715,ITUB4.SA,1.0
2017-09-14,15.026677131652832,15.170524442088825,14.938965800812051,14.974050788059058,11418430,-0.0023295799734129874,ITUB4.SA,1.0
2017-09-15,15.307355880737305,15.370507729841135,14.98107000021113,15.082815340992074,34544376,0.018678697001696998,ITUB4.SA,1.0
2017-09-18,15.41612434387207,15.468750716150963,15.268768454391937,15.286310957577353,16519309,0.007105633656276256,ITUB4.SA,1.0
2017-09-19,15.35998249053955,15.416118479378012,15.167018440738106,15.409100343496283,15645766,-0.00364176183846332,ITUB4.SA,1.0
2017-09-20,15.198592185974121,15.44418369927637,15.030186511865333,15.359980862221978,14446089,-0.010507193264369441,ITUB4.SA,1.0
2017-09-21,15.219645500183105,15.426643556812397,15.107374654566403,15.268763355422113,14253536,0.0013852147587993802,ITUB4.SA,1.0
2017-09-22,15.272276878356934,15.370513758424721,15.107379623796579,15.244210010678527,10077525,0.0034581211614419516,ITUB4.SA,1.0
2017-09-25,15.121408462524414,15.293322659617406,15.051239611374063,15.156493456738069,10064948,-0.009878580452291508,ITUB4.SA,1.0
2017-09-26,15.1494722366333,15.345944737653626,15.107370255308249,15.226658065119258,17545638,0.0018558968351682914,ITUB4.SA,1.0
2017-09-27,15.160006523132324,15.289818766275049,15.002126276163153,15.244209397334371,21683070,0.0006953566655312216,ITUB4.SA,1.0
2017-09-28,15.07931137084961,15.195089606101368,15.026683866392224,15.149480239515546,13869109,-0.005322896936725163,ITUB4.SA,1.0
2017-09-29,15.209123611450195,15.303851982222156,15.131937742168828,15.240698976856018,16981404,0.00860863188033445,ITUB4.SA,1.0
2017-10-02,15.235445976257324,15.316168275215587,15.109097387030424,15.144194533390916,7954849,0.0017306956981606447,ITUB4.SA,1.0
2017-10-03,15.758371353149414,15.758371353149414,15.186296344499524,15.27754770548495,21437662,0.03432294517055867,ITUB4.SA,-1.0
2017-10-04,15.618011474609375,15.821571670689519,15.596953170220191,15.79349393150394,12656856,-0.008907004118289596,ITUB4.SA,-1.0
2017-10-05,15.867182731628418,16.070743884136835,15.730306150312215,15.77242272159151,24145816,0.015954096168012688,ITUB4.SA,-1.0
2017-10-06,15.681173324584961,15.78997220584408,15.589921879300253,15.723289901333706,10067838,-0.01172290066797299,ITUB4.SA,-1.0
2017-10-09,15.495152473449707,15.681164979760535,15.446017631061135,15.653087276869755,10252063,-0.011862687012304751,ITUB4.SA,-1.0
2017-10-10,15.832094192504883,15.881230215501795,15.618004933889353,15.670649535143324,14556047,0.02174497602605152,ITUB4.SA,-1.0
2017-10-11,15.793486595153809,15.916325509358128,15.716275123603078,15.856661478975525,21192085,-0.0024385654153922243,ITUB4.SA,-1.0
2017-10-12,15.793486595153809,15.793486595153809,15.793486595153809,15.793486595153809,0,0.0,ITUB4.SA,-1.0
2017-10-13,15.663618087768555,16.035642002438777,15.632031806314437,15.926843167461767,14975484,-0.008222915605291647,ITUB4.SA,-1.0
2017-10-16,15.582903861999512,15.786463921719465,15.505691268633871,15.786463921719465,12531093,-0.0051529745756551115,ITUB4.SA,-1.0
2017-10-17,15.558335304260254,15.617999315909072,15.463574145952787,15.589921598582155,14158874,-0.0015766353920190213,ITUB4.SA,-1.0
2017-10-18,15.586406707763672,15.695206688602772,15.481117578095384,15.582896994263361,14397144,0.0018042678059349004,ITUB4.SA,-1.0
2017-10-19,15.474100112915039,15.558332109930978,15.316165260718982,15.516215542587684,8573467,-0.007205419244750821,ITUB4.SA,-1.0
2017-10-20,15.442513465881348,15.61097746840568,15.442513465881348,15.58640946955026,6787293,-0.0020412590588920754,ITUB4.SA,1.0
2017-10-23,15.298627853393555,15.54430459580496,15.23545409395553,15.484639415201542,11032984,-0.009317499564154064,ITUB4.SA,1.0
2017-10-24,15.410935401916504,15.5443034819192,15.168769531035966,15.484638305591316,13409564,0.007341021011765925,ITUB4.SA,1.0
2017-10-25,15.516221046447754,15.586414212581273,15.224919236342995,15.477615317026292,13335636,0.006831878908411859,ITUB4.SA,-1.0
2017-10-26,15.421463012695312,15.667138557205206,15.347758984136908,15.61098424454619,12236739,-0.006107030408292302,ITUB4.SA,1.0
2017-10-27,15.326687812805176,15.600441990143562,15.31966952508185,15.42145005561833,14400883,-0.006145668527824832,ITUB4.SA,1.0
2017-10-30,15.130155563354492,15.372322458444781,14.982749825068382,15.326696168512354,18275573,-0.012822878096759083,ITUB4.SA,1.0
2017-10-31,14.758125305175781,15.284574311919105,14.677403040712644,15.284574311919105,28508942,-0.02458866048144115,ITUB4.SA,1.0
2017-11-01,14.510611534118652,14.931921884304725,14.510611534118652,14.90383414826671,21630896,-0.016771355842216895,ITUB4.SA,1.0
2017-11-02,14.510611534118652,14.510611534118652,14.510611534118652,14.510611534118652,0,0.0,ITUB4.SA,1.0
2017-11-03,14.714238166809082,14.766901508114977,14.549225074230842,14.591355519660304,23377302,0.014032946317365402,ITUB4.SA,1.0
2017-11-06,14.714238166809082,14.714238166809084,14.714238166809084,14.714238166809084,0,0.0,ITUB4.SA,1.0
2017-11-07,14.429855346679688,14.738815781927318,14.37719199824134,14.710729193862532,21042359,-0.019327050228864495,ITUB4.SA,1.0
2017-11-08,14.956496238708496,14.97756203893902,14.482523700058854,14.482523700058854,21689528,0.036496616173632646,ITUB4.SA,1.0
2017-11-09,14.552743911743164,15.019695719735534,14.524656174212115,14.991607982204485,21561726,-0.026995114398544184,ITUB4.SA,1.0
2017-11-10,14.573802947998047,14.679130784981993,14.39474710462472,14.552738291062415,17389453,0.0014470835453848085,ITUB4.SA,1.0
2017-11-13,14.64753532409668,14.64753532409668,14.64753532409668,14.64753532409668,16525598,0.005059240636210216,ITUB4.SA,1.0
2017-11-14,14.366656303405762,14.71072632933122,14.356123408153815,14.647528957819537,22280105,-0.019175855492141625,ITUB4.SA,1.0
2017-11-15,14.366656303405762,14.366656303405762,14.366656303405762,14.366656303405762,0,0.0,ITUB4.SA,1.0
2017-11-16,14.728278160095215,14.81605113805431,14.380698350976308,14.380698350976308,14936395,0.025170913053981003,ITUB4.SA,1.0
2017-11-17,14.931921005249023,14.995117269537307,14.651047075634668,14.728287207115184,12693565,0.013826656649217783,ITUB4.SA,1.0
2017-11-20,14.931921005249023,14.931921005249023,14.931921005249023,14.931921005249023,0,0.0,ITUB4.SA,1.0
2017-11-21,15.230345726013184,15.37780402725454,15.065332594129634,15.089909357028708,14412099,0.019985688422759162,ITUB4.SA,1.0
2017-11-22,15.082889556884766,15.28301124026531,14.98107266284377,15.268967373766317,18450791,-0.009681734858885349,ITUB4.SA,1.0
2017-11-23,15.037239074707031,15.068837757695267,14.875738109217696,15.068837757695267,4818762,-0.00302664035333311,ITUB4.SA,1.0
2017-11-24,14.896810531616211,15.058312719438964,14.78095090969976,15.005649358393004,7006358,-0.009338718523603462,ITUB4.SA,1.0
2017-11-27,14.988091468811035,14.995113400595399,14.728283407019019,14.780947895401738,10545057,0.006127549048240422,ITUB4.SA,1.0
2017-11-28,15.012672424316406,15.212794121851605,14.949475020600971,15.093423524320459,12036538,0.0016400323921508253,ITUB4.SA,1.0
2017-11-29,14.703713417053223,15.135555558777629,14.703713417053223,15.114489755353931,18591850,-0.020579880685517082,ITUB4.SA,1.0
2017-11-30,14.489544868469238,14.724777367613378,14.436881504613684,14.619449501825514,30698918,-0.014565609551094316,ITUB4.SA,1.0
2017-12-01,14.48076343536377,14.610714145636832,14.294616838710652,14.428080930372873,11699018,-0.0006060530668964281,ITUB4.SA,1.0
2017-12-04,14.695003509521484,14.902222378158893,14.529930407636206,14.59314962700947,17496862,0.014794805198910632,ITUB4.SA,1.0
2017-12-05,14.607206344604492,14.983010756596434,14.540474847726381,14.695011305283296,13293998,-0.005974627012515166,ITUB4.SA,1.0
2017-12-06,14.761731147766113,14.82846259195971,14.39295151485947,14.5229021620528,13028536,0.010578669152482956,ITUB4.SA,1.0
2017-12-07,14.712566375732422,14.758224389726243,14.319200908320825,14.494809617788826,24504070,-0.0033305559857138567,ITUB4.SA,1.0
2017-12-08,14.839007377624512,14.979494824726745,14.821446162114114,14.821446162114114,16975625,0.008594082001944114,ITUB4.SA,1.0
2017-12-11,14.877645492553711,15.02515860975469,14.803890641689454,14.944378132033336,11017008,0.00260382072371379,ITUB4.SA,1.0
2017-12-12,14.99705982208252,15.060279075371632,14.63530438379594,14.824962143663278,18443993,0.008026426600134862,ITUB4.SA,1.0
2017-12-13,14.663399696350098,15.137545755223842,14.61422942404484,15.09891221380342,47602825,-0.02224836932644103,ITUB4.SA,1.0
2017-12-14,14.43159294128418,14.607202820271755,14.357836974267874,14.607202820271755,47046408,-0.01580852734469329,ITUB4.SA,1.0
2017-12-15,14.482524871826172,14.63055740449324,14.369738724321945,14.447279629171764,42895040,0.0035291967247976785,ITUB4.SA,1.0
2017-12-18,14.478999137878418,14.715145311935897,14.478999137878418,14.655227608928653,39527650,-0.0002434474636817674,ITUB4.SA,1.0
2017-12-19,14.397940635681152,14.493103622350834,14.334497121222947,14.450809088554177,20140944,-0.005598349818614845,ITUB4.SA,1.0
2017-12-20,14.450810432434082,14.549498067973525,14.38736805458475,14.457859712473889,13060997,0.003672038806848965,ITUB4.SA,1.0
2017-12-21,15.060564994812012,15.095810254793225,14.468433430539475,14.468433430539475,35246780,0.04219518104046038,ITUB4.SA,1.0
2017-12-22,14.990060806274414,15.018257904704386,14.88079819236631,14.933667751922508,8436827,-0.004681377395993058,ITUB4.SA,1.0
2017-12-25,14.990060806274414,14.990060806274412,14.990060806274412,14.990060806274412,0,0.0,ITUB4.SA,1.0
2017-12-26,15.049985885620117,15.152199275094915,14.940724360586096,14.993592803586152,7491735,0.003997654187007704,ITUB4.SA,1.0
2017-12-27,14.968915939331055,15.127522364313831,14.961866663331087,15.067604660822358,7005508,-0.005386712446456388,ITUB4.SA,1.0
2017-12-28,15.007681846618652,15.085223862115313,14.983010529650407,14.983010529650407,18065345,0.0025897605040148264,ITUB4.SA,1.0
2017-12-29,15.007681846618652,15.007681846618654,15.007681846618654,15.007681846618654,0,0.0,ITUB4.SA,1.0
2018-01-02,15.471333503723145,15.471333503723145,15.090544162380302,15.090544162380302,18865469,0.030894288794438785,ITUB4.SA,1.0
2018-01-03,15.577113151550293,15.63352725393014,15.36203781496106,15.478389615296871,25261028,0.006837138363134265,ITUB4.SA,1.0
2018-01-04,15.901493072509766,15.972009572668233,15.601797661108389,15.601797661108389,26311149,0.020824135884715433,ITUB4.SA,1.0
2018-01-05,15.947332382202148,15.979065329512467,15.725205179765428,15.90854881173471,17807870,0.0028827047550414875,ITUB4.SA,1.0
2018-01-08,15.894432067871094,15.97905204744919,15.788657950581644,15.88738030766368,14398333,-0.003317188923088743,ITUB4.SA,1.0
2018-01-09,15.721670150756836,15.866228985250721,15.658205435968199,15.852126604228607,24255264,-0.010869335650153689,ITUB4.SA,1.0
2018-01-10,15.668774604797363,15.725187527109634,15.570051133567972,15.647619330338804,15410556,-0.0033644991564033555,ITUB4.SA,1.0
2018-01-11,15.99667739868164,15.99667739868164,15.725188128151693,15.76044692026361,17614127,0.02092714983492594,ITUB4.SA,1.0
2018-01-12,15.982572555541992,16.0143054658094,15.855643200293382,15.922633756836289,11649902,-0.0008817357997612518,ITUB4.SA,1.0
2018-01-15,16.08131217956543,16.084838062026556,16.01079567325459,16.03900273294359,12365222,0.0061779556251224665,ITUB4.SA,1.0
2018-01-16,16.229379653930664,16.299896085059427,16.02488097503785,16.04251036854765,14882011,0.009207424911095607,ITUB4.SA,1.0
2018-01-17,16.49735450744629,16.553768609914226,16.15182384438674,16.22234032956035,16336613,0.01651171266122442,ITUB4.SA,1.0
2018-01-18,16.458560943603516,16.613697345202347,16.388044501323197,16.465612702122613,14718689,-0.0023515021044897555,ITUB4.SA,1.0
2018-01-19,16.59255027770996,16.634860849754876,16.44093968037138,16.536137324561256,12557095,0.008141011511612062,ITUB4.SA,1.0
2018-01-22,17.005069732666016,17.005069732666016,16.560815659630492,16.59254744032675,20246313,0.024861726982995602,ITUB4.SA,1.0
2018-01-23,16.941593170166016,17.09672951339244,16.89223087910567,16.92396378050161,28151367,-0.003732802246500855,ITUB4.SA,1.0
2018-01-24,17.759593963623047,17.780749242757185,17.065005918249454,17.079109437672212,25047400,0.04828358143421374,ITUB4.SA,1.0
2018-01-25,17.759593963623047,17.759593963623047,17.759593963623047,17.759593963623047,0,0.0,ITUB4.SA,1.0
2018-01-26,18.651630401611328,18.729197478464208,17.985248201920623,18.052238781319673,53745667,0.05022842525653681,ITUB4.SA,-1.0
2018-01-29,18.225000381469727,18.637522545167744,18.225000381469727,18.55995434344995,37536686,-0.02287360466379096,ITUB4.SA,1.0
2018-01-30,18.154499053955078,18.239119084730863,17.91121660833865,18.122766113822316,28829468,-0.0038683855165418946,ITUB4.SA,1.0
2018-01-31,18.425989151000977,18.70805632780582,18.373102055373934,18.38720558565093,23769037,0.014954425139412031,ITUB4.SA,-1.0
2018-02-01,18.519439697265625,18.67814758663188,18.180863704992987,18.283142452853664,29175316,0.005071670535504058,ITUB4.SA,-1.0
2018-02-02,18.286670684814453,18.328993404118286,18.064479838187264,18.219660855822696,20632269,-0.01256890144929923,ITUB4.SA,-1.0
2018-02-05,17.644784927368164,18.445377058513007,17.644784927368164,18.082112797625605,26256595,-0.03510129145483665,ITUB4.SA,1.0
2018-02-06,18.279617309570312,18.431270284618787,17.620097439407857,17.627151225676055,100527804,0.035978470965519316,ITUB4.SA,-1.0
2018-02-07,17.845821380615234,18.378374426517748,17.831713803169404,18.31489147125117,31090653,-0.02373112749619566,ITUB4.SA,1.0
2018-02-08,17.757640838623047,18.18086222352662,17.634201887280664,17.9692509594553,25519692,-0.004941243112966065,ITUB4.SA,1.0
2018-02-09,17.80349349975586,17.912826050103945,17.475498135190264,17.704742772671693,29580137,0.0025821369825818064,ITUB4.SA,1.0
2018-02-14,18.572338104248047,18.625241485253063,18.05741986513833,18.16675237597644,24843291,0.043185041435981786,ITUB4.SA,-1.0
2018-02-15,18.57586669921875,18.794530584244093,18.55470534617918,18.695778746631728,46063587,0.00018999196282654118,ITUB4.SA,-1.0
2018-02-16,18.724321365356445,18.72800513446806,18.52908399062172,18.67643236690543,61335974,0.007991802942036497,ITUB4.SA,-1.0
2018-02-19,18.57697868347168,18.831155247814504,18.50330447274648,18.724327104922082,9363395,-0.007869053249501379,ITUB4.SA,-1.0
2018-02-20,19.03375816345215,19.133218761341176,18.492252321308666,18.529088827951146,29321473,0.02458846983481089,ITUB4.SA,-1.0
2018-02-21,19.284244537353516,19.61577895740955,19.144263709269087,19.144263709269087,32430368,0.013160111195609225,ITUB4.SA,-1.0
2018-02-22,19.39107322692871,19.593676937490773,19.251091200516104,19.431593491404954,19437861,0.005539687560395246,ITUB4.SA,-1.0
2018-02-23,19.523696899414062,19.60842243645458,19.107436756049,19.60842243645458,25192538,0.006839418887922832,ITUB4.SA,-1.0
2018-02-26,19.50159454345703,19.648942994062168,19.37634871866999,19.597371394577692,19625486,-0.0011320784209518653,ITUB4.SA,-1.0
2018-02-27,19.210575103759766,19.553160915058175,19.155319751453494,19.41686262803636,13102975,-0.014922853567115424,ITUB4.SA,-1.0
2018-02-28,18.558557510375977,19.24741171240472,18.558557510375977,19.16636997133718,48212095,-0.03394055565031895,ITUB4.SA,-1.0
2018-03-01,18.83307647705078,18.97678389769418,18.567769642784747,18.645150653473216,25169934,0.014792042243656267,ITUB4.SA,-1.0
2018-03-02,18.932565689086914,18.932565689086914,18.5088119889177,18.726215541853964,17669191,0.005282685075769011,ITUB4.SA,-1.0
2018-03-05,19.201560974121094,19.253147926581775,18.763068892088903,18.932570414462432,14720729,0.014208073509510255,ITUB4.SA,-1.0
2018-03-06,19.13153839111328,19.507388695930935,19.13153839111328,19.363681331834112,15367218,-0.003646713051203787,ITUB4.SA,-1.0
2018-03-07,19.10574722290039,19.127856419012186,18.799908121138014,19.087322892807226,16519140,-0.0013480969321771896,ITUB4.SA,-1.0
2018-03-08,18.97309684753418,19.407905120788154,18.814649977478663,19.345262390506427,15698791,-0.006942956683066215,ITUB4.SA,-1.0
2018-03-09,19.234716415405273,19.24945587953827,18.906768116230218,18.99151884054892,15455253,0.013788975514827273,ITUB4.SA,-1.0
2018-03-12,19.452119827270508,19.474229023355484,19.208922253673876,19.286303245525257,11425568,0.011302657505837477,ITUB4.SA,-1.0
2018-03-13,19.293672561645508,19.49633779916359,19.179442912114915,19.452119407946842,10807290,-0.00814550121179436,ITUB4.SA,-1.0
2018-03-14,18.862552642822266,19.34526300120143,18.810965704819704,19.30841552961281,19133310,-0.02234514540690813,ITUB4.SA,-1.0
2018-03-15,18.950984954833984,19.04679027543577,18.64883072362114,18.792538107300807,22182553,0.004688247327191419,ITUB4.SA,-1.0
2018-03-16,18.87360954284668,19.18681965897658,18.759381053109546,19.0062623678467,33808833,-0.004082922981138659,ITUB4.SA,-1.0
2018-03-19,18.468280792236328,18.86624047575251,18.409324111757076,18.726217911696878,19347787,-0.02147595295378868,ITUB4.SA,-1.0
2018-03-20,18.5272274017334,18.608292041572234,18.269290439110694,18.553020261883688,10246285,0.0031917756807038344,ITUB4.SA,-1.0
2018-03-21,18.453536987304688,18.5788212476361,18.372471122777114,18.538287718149245,28283588,-0.003977411883108628,ITUB4.SA,-1.0
2018-03-22,18.394577026367188,18.571448189014166,18.22507559503433,18.424055951623657,21239501,-0.0031950493272949743,ITUB4.SA,-1.0
2018-03-23,18.483020782470703,18.7778053876308,18.247192859453335,18.276671797747923,26938604,0.004808142963914852,ITUB4.SA,-1.0
2018-03-26,18.711469650268555,18.788850630300022,18.416685191947884,18.7004162483605,11812884,0.012359931338415953,ITUB4.SA,-1.0
2018-03-27,18.4866943359375,18.866229461973354,18.354041583687962,18.7925333557852,11396337,-0.012012702290748689,ITUB4.SA,-1.0
2018-03-28,18.656208038330078,18.667262640713332,18.28772607000761,18.28772607000761,13470916,0.009169497764835555,ITUB4.SA,-1.0
2018-03-29,18.906776428222656,19.109440565810566,18.704111096188182,18.75938411098662,31548158,0.013430831676928934,ITUB4.SA,-1.0
2018-04-02,18.816465377807617,19.078163812486,18.676401898039924,18.886497117691466,14533954,-0.004776649830175672,ITUB4.SA,-1.0
2018-04-03,18.639549255371094,19.019196839462555,18.599005052147316,18.945477933972274,15904770,-0.009402197431042536,ITUB4.SA,-1.0
2018-04-04,18.76117706298828,18.83858068928639,18.248838034998904,18.374157736702344,16844254,0.006525254766133415,ITUB4.SA,-1.0
2018-04-05,18.798036575317383,19.26614430855594,18.764864273119933,19.232972006358494,23487090,0.001964669498366156,ITUB4.SA,-1.0
2018-04-06,18.89017105102539,18.915972642133852,18.569498912141807,18.812767472494684,12277357,0.0049012818620102205,ITUB4.SA,-1.0
2018-04-09,18.469993591308594,18.941787300909798,18.41470562066964,18.941787300909798,17979180,-0.022243179195245544,ITUB4.SA,-1.0
2018-04-10,18.5621337890625,18.68376871093418,18.388896860975777,18.628479566994727,15008624,0.004988642648867225,ITUB4.SA,-1.0
2018-04-11,18.868064880371094,18.8754367672484,18.52527691975745,18.543706636950716,11704456,0.01648146138720641,ITUB4.SA,-1.0
2018-04-12,19.033935546875,19.056051214015177,18.75749448680534,18.930731489812114,10224361,0.008791079930855261,ITUB4.SA,-1.0
2018-04-13,18.59162712097168,19.02656135327413,18.5252801275873,19.000760939531247,16709314,-0.023237886080576642,ITUB4.SA,-1.0
2018-04-16,18.31886863708496,18.720630519096865,18.289381088021578,18.554765445206012,21396874,-0.01467103885592902,ITUB4.SA,-1.0
2018-04-17,18.621110916137695,18.728000883208384,18.300437430539894,18.363098467203343,13476865,0.016498959899787113,ITUB4.SA,-1.0
2018-04-18,18.974960327148438,19.16662703961898,18.809095224570807,18.834895639668172,25815914,0.01900259402375859,ITUB4.SA,-1.0
2018-04-19,18.798036575317383,18.997075167684052,18.672716865157255,18.908613703831698,14877423,-0.00932406438699751,ITUB4.SA,-1.0
2018-04-20,18.757495880126953,18.81646980208575,18.580572919454838,18.70220670816959,9806454,-0.0021566451915335794,ITUB4.SA,-1.0
2018-04-23,18.790672302246094,18.790672302246094,18.48474359628959,18.665352541298603,11508334,0.0017687020874832537,ITUB4.SA,-1.0
2018-04-24,18.698516845703125,19.015504447457005,18.606369439876417,18.94547151098415,13736378,-0.0049043192846246475,ITUB4.SA,-1.0
2018-04-25,18.587942123413086,18.702204006024658,18.40733324403867,18.510538488651985,16098343,-0.005913555775705737,ITUB4.SA,-1.0
2018-04-26,19.019197463989258,19.081857340917665,18.70589688455131,18.753812979897525,16463226,0.023200811456851378,ITUB4.SA,-1.0
2018-04-27,18.982324600219727,19.20347758333426,18.90860693918155,19.137131807879406,15432479,-0.0019387181735373016,ITUB4.SA,-1.0
2018-04-30,18.801729202270508,19.06711368815521,18.676409447567018,18.986024083701214,10751886,-0.009513871549068798,ITUB4.SA,-1.0
2018-05-02,17.955554962158203,18.545470915798507,17.878129785495084,18.497540759972164,37979916,-0.045005128571372066,ITUB4.SA,-1.0
2018-05-03,17.60161018371582,18.091977710472328,17.564741100844763,17.973995211108818,25331217,-0.01971227172807133,ITUB4.SA,-1.0
2018-05-04,17.3951416015625,17.67166392819428,17.3951416015625,17.531559250830263,25772237,-0.011730096280869517,ITUB4.SA,-1.0
2018-05-07,17.42095184326172,17.645857000613482,17.32877732414938,17.476257271817335,17740060,0.0014837615174629892,ITUB4.SA,-1.0
2018-05-08,17.47626304626465,17.64217580131075,17.291913947127977,17.439392748378346,17655595,0.0031749816830084487,ITUB4.SA,-1.0
2018-05-09,17.531551361083984,17.679030028270507,17.343515403090688,17.553672324559532,16909345,0.003163623405814553,ITUB4.SA,-1.0
2018-05-10,18.010862350463867,18.05510667931095,17.590547202149825,17.66428655508165,19715389,0.027339907319545276,ITUB4.SA,-1.0
2018-05-11,17.723281860351562,18.10304098940512,17.667977631764323,17.962936306239087,13283801,-0.015967058351589625,ITUB4.SA,-1.0
2018-05-14,17.457813262939453,17.933432536090297,17.3213944702635,17.84494509048707,18411023,-0.014978523701413615,ITUB4.SA,-1.0
2018-05-15,17.391450881958008,17.54999066615167,16.99694493513069,17.03381401312056,19242248,-0.0038012997379416325,ITUB4.SA,-1.0
2018-05-16,17.693788528442383,17.793337105575482,17.417264968660895,17.446761197484637,14177398,0.017384268198004316,ITUB4.SA,-1.0
2018-05-17,16.768356323242188,17.64216763700277,16.727799014336057,17.64216763700277,38453906,-0.052302659982206956,ITUB4.SA,-1.0
2018-05-18,16.650375366210938,16.650375366210938,16.19318978431854,16.410722086766633,67811749,-0.0070359285523841075,ITUB4.SA,-1.0
2018-05-21,16.421783447265625,16.949020192795015,16.26692943482196,16.871593784146725,29325382,-0.013728934868891929,ITUB4.SA,-1.0
2018-05-22,16.819971084594727,17.059624289790758,16.488143385839187,16.59137776689674,37297736,0.02424752698802668,ITUB4.SA,-1.0
2018-05-23,16.502891540527344,16.764666930676555,16.47708354089769,16.591379013185485,34838390,-0.018851372720717352,ITUB4.SA,-1.0
2018-05-24,16.720420837402344,16.731481918923453,16.20793123113707,16.348037068591207,27927373,0.013181283797496723,ITUB4.SA,-1.0
2018-05-25,16.572940826416016,16.84946306192761,16.45127013447959,16.845776035046313,19195002,-0.008820352814112531,ITUB4.SA,-1.0
2018-05-28,15.872422218322754,16.41809526440189,15.806056900596102,16.40334715042997,22406717,-0.042268817310726625,ITUB4.SA,-1.0
2018-05-29,15.817118644714355,16.174755642837813,15.72863115234512,16.030963915917948,34432039,-0.0034842554493388356,ITUB4.SA,-1.0
2018-05-30,15.846617698669434,16.00147053913256,15.658581594472526,15.817121464239406,41881288,0.0018650080724365026,ITUB4.SA,-1.0
2018-06-01,16.161962509155273,16.283674552879766,15.745188755509908,16.04762590228172,26340210,0.019899818149353043,ITUB4.SA,-1.0
2018-06-04,16.51235008239746,16.593490659217057,16.33900158745428,16.342689904179224,26154795,0.021679766491458086,ITUB4.SA,-1.0
2018-06-05,15.999671936035156,16.57872895649701,15.933283469119022,16.3758740456025,32517553,-0.031048163574779797,ITUB4.SA,-1.0
2018-06-06,15.593966484069824,15.962792039549718,15.431683000545847,15.86320991668683,25763400,-0.025357110669974703,ITUB4.SA,-1.0
2018-06-07,15.140305519104004,15.38004355880013,14.550184792356001,15.32840715831502,45800335,-0.029092082853279355,ITUB4.SA,-1.0
2018-06-08,15.177192687988281,15.361606061793733,14.723537079636118,15.140309535001546,34032997,0.002436355649344968,ITUB4.SA,-1.0
2018-06-11,14.738295555114746,15.442754519025495,14.697725264748984,15.236212359164645,24579358,-0.028918202588341102,ITUB4.SA,1.0
2018-06-12,14.708785057067871,14.9632740518504,14.62764330922822,14.734602070768519,15770680,-0.0020023006009425304,ITUB4.SA,1.0
2018-06-13,14.564939498901367,14.852624481438765,14.351022011730407,14.789924322170723,24389864,-0.00977956762631349,ITUB4.SA,1.0
2018-06-14,14.048587799072266,14.745669967651164,14.048587799072266,14.660839894108873,31758386,-0.035451688616217725,ITUB4.SA,1.0
2018-06-15,14.185051918029785,14.255128721531946,13.849419967916077,14.08915809990952,46156720,0.0097137250312469,ITUB4.SA,1.0
2018-06-18,13.897357940673828,14.129718076220215,13.790398057747376,14.092836141269865,22857085,-0.020281489205569048,ITUB4.SA,1.0
2018-06-19,14.524368286132812,14.73828695497254,13.742457514656898,13.834664187856555,48287043,0.045117233659492495,ITUB4.SA,1.0
2018-06-20,14.79361343383789,14.963272345828017,14.402658001651101,14.753041966761673,33294904,0.018537477320933915,ITUB4.SA,1.0
2018-06-21,14.39897346496582,14.804682264371584,14.273571911205277,14.749358717586741,17269809,-0.026676374277118664,ITUB4.SA,1.0
2018-06-22,14.509618759155273,14.616578718868318,14.310453298090295,14.579696757440395,13811496,0.007684248773613289,ITUB4.SA,1.0
2018-06-25,14.5391206741333,14.712469065896126,14.292007187342618,14.642392285397852,24706991,0.0020332660332245123,ITUB4.SA,1.0
2018-06-26,14.491177558898926,14.78254970044625,14.317829121941337,14.568630988649746,22118652,-0.0032975250917114396,ITUB4.SA,1.0
2018-06-27,14.229307174682617,14.660834001033587,14.144477135238647,14.435849203662267,19643330,-0.018071021706272283,ITUB4.SA,1.0
2018-06-28,14.62396240234375,14.753051122937984,14.233006727518399,14.233006727518399,19751079,0.027735379018545503,ITUB4.SA,1.0
2018-06-29,14.878445625305176,15.018599231486252,14.723538756249408,14.793615559339946,28425157,0.017401796856414187,ITUB4.SA,1.0
2018-07-02,14.887670516967773,14.887670516967775,14.651534080883769,14.72163695453272,12965655,0.0006200171640851071,ITUB4.SA,1.0
2018-07-03,15.238189697265625,15.404222103091369,14.931949118852307,15.03894889665982,16566556,0.023544259654212363,ITUB4.SA,1.0
2018-07-04,15.485391616821289,15.489081304991549,15.204980099918178,15.311978664837408,13271395,0.01622252540930247,ITUB4.SA,1.0
2018-07-05,15.385766983032227,15.570247738227765,15.12749249054802,15.53335206559214,16605134,-0.0064334591112854556,ITUB4.SA,1.0
2018-07-06,15.525972366333008,15.596075219278697,15.319352298274325,15.422662332303666,12935744,0.009112667795853291,ITUB4.SA,1.0
2018-07-10,15.566554069519043,15.784243146819446,15.304591153187875,15.61820967240787,25709866,0.002613794629316324,ITUB4.SA,1.0
2018-07-11,15.629281044006348,15.725212899486023,15.407903427079267,15.407903427079267,26562335,0.0040295992425278815,ITUB4.SA,1.0
2018-07-12,15.924446105957031,15.961341762867212,15.677240779428493,15.703068576471358,23021596,0.018885389617065984,ITUB4.SA,1.0
2018-07-13,16.330310821533203,16.334000508025582,15.839589694098368,15.839589694098368,22360491,0.025486896867599418,ITUB4.SA,1.0
2018-07-16,16.271278381347656,16.404104714057578,16.12738298824379,16.304484366520793,16164964,-0.0036148999753088384,ITUB4.SA,1.0
2018-07-17,16.5775146484375,16.654996861383772,16.134758291595613,16.16058609458053,18700958,0.018820664235017492,ITUB4.SA,1.0
2018-07-18,16.367212295532227,16.603348726771003,16.3487650525361,16.518488299365377,16660878,-0.012686000125181285,ITUB4.SA,1.0
2018-07-19,16.60334587097168,16.60334587097168,16.038833302583413,16.190108084388072,17703351,0.014427232394603307,ITUB4.SA,1.0
2018-07-20,17.075624465942383,17.17524365435724,16.928039331393062,17.068245089614003,28881982,0.028444784481446383,ITUB4.SA,-1.0
2018-07-23,16.74724006652832,17.053479273272853,16.69558564963446,17.02396178018571,13753203,-0.019231179513758412,ITUB4.SA,-1.0
2018-07-24,16.736173629760742,16.964930649014345,16.64762233262889,16.92803497288122,19517567,-0.0006607916721571572,ITUB4.SA,-1.0
2018-07-25,17.263797760009766,17.37079753802783,16.89114517534031,16.902214241619006,20243764,0.03152597134334134,ITUB4.SA,-1.0
2018-07-26,16.99077033996582,17.26749348649701,16.86532208297487,17.127286470329516,23964139,-0.015815026556693756,ITUB4.SA,-1.0
2018-07-27,17.082996368408203,17.22689295792171,16.91327436325425,17.086686055216465,21688339,0.005428007476826924,ITUB4.SA,-1.0
2018-07-30,17.330211639404297,17.451968972810022,17.130970844364928,17.182626485454026,17641659,0.01447142325998918,ITUB4.SA,-1.0
2018-07-31,16.60334587097168,16.998136417732113,16.56645019531652,16.894827569090612,40266083,-0.0419421172433877,ITUB4.SA,1.0
2018-08-01,16.811885833740234,16.85986658045536,16.571979707348586,16.601505860554816,21425086,0.012560116761354267,ITUB4.SA,-1.0
2018-08-02,16.87093734741211,16.970590944202605,16.53875948904903,16.682704105038802,21424406,0.003512486002811288,ITUB4.SA,-1.0
2018-08-03,17.27323341369629,17.321214129090272,16.996418280987914,16.996418280987914,20476085,0.02384550769171634,ITUB4.SA,-1.0
2018-08-06,17.147741317749023,17.406101836776493,17.05177870252087,17.34335626763038,14914812,-0.007265118981589214,ITUB4.SA,-1.0
2018-08-07,17.04439926147461,17.291687067689864,16.80080237160916,17.254777904191805,23634776,-0.006026569584849595,ITUB4.SA,-1.0
2018-08-08,16.64578628540039,17.236324526790664,16.63471353634587,17.04439926932683,24458694,-0.02338674246942818,ITUB4.SA,1.0
2018-08-09,16.557209014892578,16.848787879525624,16.43171902862807,16.793424122464444,17557024,-0.005321302880447409,ITUB4.SA,1.0
2018-08-10,15.955613136291504,16.3062445909209,15.789524111737585,16.30255486694343,25223809,-0.03633437725283062,ITUB4.SA,1.0
2018-08-13,16.081092834472656,16.243490845711104,15.667715969828613,15.833804899341022,28346130,0.00786429810683642,ITUB4.SA,1.0
2018-08-14,16.413270950317383,16.43541646030765,16.147528419657856,16.335762861759342,17940431,0.02065643916516935,ITUB4.SA,1.0
2018-08-15,16.30253791809082,16.368972023154235,16.055248902137198,16.140138786351823,26565394,-0.006746554819069828,ITUB4.SA,1.0
2018-08-16,16.280399322509766,16.424342736136833,16.19181848418361,16.354216488380256,16968827,-0.0013579846090397973,ITUB4.SA,1.0
2018-08-17,15.863316535949707,16.19180315139736,15.848552877474454,16.05524050690795,23012929,-0.02561870739763661,ITUB4.SA,1.0
2018-08-20,15.975717544555664,16.06586983982377,15.754093811572531,15.784143764906876,29124501,0.0070855932522830845,ITUB4.SA,1.0
2018-08-21,15.769120216369629,15.979476005045028,15.626379571103769,15.859272523282987,25410244,-0.01293195924438717,ITUB4.SA,1.0
2018-08-22,16.144756317138672,16.17104987959247,15.58881684396182,15.705263938141066,14992649,0.023820992903529348,ITUB4.SA,1.0
2018-08-23,15.517448425292969,16.238665752564785,15.517448425292969,16.13724424248346,23189167,-0.03885520967447342,ITUB4.SA,1.0
2018-08-24,15.633892059326172,15.844246626258501,15.472369432936071,15.814196669629693,11644974,0.0075040451781622775,ITUB4.SA,1.0
2018-08-27,16.152263641357422,16.186069986672887,15.724040598846614,15.814192882408488,18281691,0.033156911923414745,ITUB4.SA,1.0
2018-08-28,16.039575576782227,16.178559811671636,15.900591341892817,16.058357559235546,15209675,-0.006976611271169442,ITUB4.SA,1.0
2018-08-29,16.3062686920166,16.351344211863935,16.05835028877621,16.073375867935997,11660099,0.01662719278061342,ITUB4.SA,1.0
2018-08-30,15.663946151733398,16.22739725067664,15.652676959285929,16.174807685921778,21014487,-0.039391141677781794,ITUB4.SA,1.0
2018-08-31,15.878052711486816,16.013281765376504,15.656428974945252,15.656428974945252,20846067,0.013668749731351904,ITUB4.SA,1.0
2018-09-03,15.658233642578125,15.79350952243017,15.658233642578125,15.722113851504638,7336061,-0.013844208285671344,ITUB4.SA,1.0
2018-09-04,15.52295207977295,15.737139014135703,15.39519049062829,15.62816607311007,19958758,-0.008639643901935168,ITUB4.SA,1.0
2018-09-05,15.613140106201172,15.725870812602281,15.33507168004649,15.40646856554175,13287540,0.0058099790532588624,ITUB4.SA,1.0
2018-09-06,16.007692337036133,16.135453939447608,15.54174112368801,15.733382918272806,22281974,0.025270523940168488,ITUB4.SA,1.0
2018-09-10,16.154239654541016,16.214362105777003,15.970113353437151,16.191815729789276,16120437,0.009154805978237368,ITUB4.SA,1.0
2018-09-11,15.598113059997559,15.853635164771438,15.507928716073518,15.849877433021877,24332251,-0.034426045820555085,ITUB4.SA,1.0
2018-09-12,15.64320182800293,15.842359123508494,15.5342288532862,15.737143879577342,22141765,0.0028906552883634085,ITUB4.SA,1.0
2018-09-13,15.556769371032715,15.778471749575449,15.485373731097415,15.733380215219068,20057329,-0.0055252407992008035,ITUB4.SA,1.0
2018-09-14,15.831080436706543,15.925022455676784,15.526708002907448,15.530465732388844,21237971,0.017632906880049593,ITUB4.SA,1.0
2018-09-17,16.20684814453125,16.22563679292365,15.714592865038785,15.714592865038785,17493123,0.02373607469983141,ITUB4.SA,1.0
2018-09-18,16.191808700561523,16.360904010932167,16.071563850290538,16.12041309232611,25197466,-0.0009279684634301288,ITUB4.SA,1.0
2018-09-19,16.304548263549805,16.447339558403034,15.940053348826567,15.977630646453603,20664560,0.006962752900135927,ITUB4.SA,1.0
2018-09-20,16.19932746887207,16.571337714992612,16.18053882652975,16.402242370040426,14726167,-0.0064534627379382314,ITUB4.SA,1.0
2018-09-21,16.47365379333496,16.66529447484288,16.27073869754363,16.383469441657205,28743983,0.01693442675259349,ITUB4.SA,1.0
2018-09-24,16.06405258178711,16.53376135832308,16.015203327019584,16.481154374876176,12200710,-0.024864017217210876,ITUB4.SA,1.0
2018-09-25,16.101633071899414,16.199331600870973,15.75592683687807,15.88744493069223,23247800,0.0023394152827234116,ITUB4.SA,1.0
2018-09-26,16.278247833251953,16.48116285015673,16.150487428582302,16.23315628397591,20750555,0.010968748360113079,ITUB4.SA,1.0
2018-09-27,16.725414276123047,16.725414276123047,16.338374053493325,16.383465609753056,24503560,0.027470182752572292,ITUB4.SA,1.0
2018-09-28,16.582616806030273,16.627709567023153,16.34588346501223,16.44734095918135,16223087,-0.008537753847845164,ITUB4.SA,1.0
2018-10-01,16.39655113220215,16.731097984844514,16.253711258944257,16.633364991070483,14104830,-0.01122052544568608,ITUB4.SA,1.0
2018-10-02,17.02804946899414,17.13330044641709,16.779958662662114,16.79499469064807,35923351,0.03851409553755203,ITUB4.SA,1.0
2018-10-03,17.798635482788086,18.34368298464246,17.62572359260448,17.96402935874816,62555535,0.04525392148977958,ITUB4.SA,1.0
2018-10-04,17.817432403564453,17.862539275199477,17.347562557272038,17.66707332166352,30873117,0.0010560877430487725,ITUB4.SA,1.0
2018-10-05,17.757287979125977,18.095593775267776,17.637002177841154,18.03920988207045,25641886,-0.0033755943660235266,ITUB4.SA,1.0
2018-10-08,18.813554763793945,19.584139118122117,18.60305278030996,19.133065528048885,74232290,0.05948356448966918,ITUB4.SA,1.0
2018-10-09,18.715816497802734,18.937594222654997,18.5579406640464,18.90752217109052,26109758,-0.005195098279847987,ITUB4.SA,1.0
2018-10-10,18.06928253173828,18.494045541632257,18.06928253173828,18.456455463418973,23876275,-0.034544790826537386,ITUB4.SA,1.0
2018-10-11,17.855024337768555,18.28730418347608,17.70466644843006,18.215884246964254,38571172,-0.011857592773447778,ITUB4.SA,1.0
2018-10-15,18.061767578125,18.219642267297836,17.99034642222986,18.118151482720954,30577234,0.011578995158193273,ITUB4.SA,1.0
2018-10-16,18.78349494934082,18.78349494934082,18.148232014188956,18.200856935128492,26245548,0.03995884500750191,ITUB4.SA,1.0
2018-10-17,18.58802032470703,18.80228013842159,18.46021648182028,18.606815365860722,27909358,-0.010406722772358656,ITUB4.SA,1.0
2018-10-18,18.035451889038086,18.47149068479834,18.035451889038086,18.47149068479834,16734636,-0.029727126720131447,ITUB4.SA,1.0
2018-10-19,18.01665687561035,18.294819787138888,17.945236948517117,18.174532760443608,11907886,-0.0010421149158540421,ITUB4.SA,1.0
2018-10-22,18.27978515625,18.415107005475228,18.215883239586923,18.219641029057385,9730657,0.014604722865974695,ITUB4.SA,1.0
2018-10-23,18.343690872192383,18.370003933289016,17.93020600449905,17.93020600449905,15978529,0.0034959774087133244,ITUB4.SA,1.0
2018-10-24,17.866302490234375,18.38127932943918,17.77984651563445,18.343689245491728,15444546,-0.02602466348152932,ITUB4.SA,1.0
2018-10-25,18.07304573059082,18.362485744515414,17.862544899219646,17.986589749130676,26278008,0.011571685885730876,ITUB4.SA,1.0
2018-10-26,18.41135597229004,18.41135597229004,17.960280945213004,18.238443980117136,39293629,0.01871904972423044,ITUB4.SA,1.0
2018-10-29,18.07304573059082,18.539156716128726,17.855026881833606,18.39255659558026,43873102,-0.018375085583505757,ITUB4.SA,1.0
2018-10-30,18.60305404663086,18.719582068828654,17.561824736294295,17.761048492336958,48975171,0.029325899128498145,ITUB4.SA,1.0
2018-10-31,18.512842178344727,18.89625616052719,18.125670406248354,18.794764152391878,27467488,-0.004849304208868421,ITUB4.SA,1.0
2018-11-01,18.77791976928711,18.81552128644179,18.360549023119287,18.612475531506167,25710036,0.014318578875611943,ITUB4.SA,1.0
2018-11-05,18.980974197387695,18.999774965763134,18.710248008183203,18.800490477534854,29338638,0.010813467657514453,ITUB4.SA,1.0
2018-11-06,19.101295471191406,19.101295471191406,18.687684713692768,18.698965173285952,27441316,0.006339046276153226,ITUB4.SA,1.0
2018-11-07,19.12009048461914,19.30057412725804,18.8042413675887,19.16145093849995,26374030,0.0009839653784782243,ITUB4.SA,1.0
2018-11-08,18.856891632080078,19.356984759574548,18.838090863636573,19.17649982021782,23944935,-0.013765565217946474,ITUB4.SA,1.0
2018-11-09,19.09377098083496,19.18025326658181,18.653840466203185,18.800483971080443,26534803,0.012561951003202232,ITUB4.SA,1.0
2018-11-12,19.14641761779785,19.251699471328553,18.950892086068844,19.048654851933346,14860088,0.0027572676458587075,ITUB4.SA,1.0
2018-11-13,19.07497215270996,19.308099185817593,18.883208018757134,19.146415055054337,21769235,-0.0037315317420778538,ITUB4.SA,1.0
2018-11-14,19.240413665771484,19.30809640561515,18.917045450807255,19.05993001607167,30922232,0.00867322435582274,ITUB4.SA,1.0
2018-11-16,19.834501266479492,19.890903527169186,19.300567178380724,19.36448974049571,32743586,0.030877070058264122,ITUB4.SA,1.0
2018-11-19,19.82323455810547,19.917237172245635,19.672830863021346,19.755553017202647,22212804,-0.0005680358796348317,ITUB4.SA,1.0
2018-11-21,19.565671920776367,19.88151998232308,19.486709905389688,19.734876413583617,18112477,-0.012992967246295728,ITUB4.SA,1.0
2018-11-22,19.520553588867188,19.763080519155697,19.43031109519129,19.74051959102402,7492302,-0.002305994503632114,ITUB4.SA,1.0
2018-11-23,19.497983932495117,19.58258554155235,19.3344191152609,19.520543630266946,13481340,-0.0011561996061906221,ITUB4.SA,1.0
2018-11-26,19.17650032043457,19.78563670194016,19.01857629909062,19.599512136620575,24417622,-0.01648804374716739,ITUB4.SA,1.0
2018-11-27,19.82510757446289,19.87022817799221,19.187770974730856,19.317494385796223,19697544,0.03382302522307268,ITUB4.SA,1.0
2018-11-28,20.321443557739258,20.35528371108616,19.638986245325924,19.79690899236158,21896131,0.025035727115837014,ITUB4.SA,1.0
2018-11-29,20.501930236816406,20.57525138806634,20.028158297600775,20.09019899046222,16461470,0.008881587499644406,ITUB4.SA,-1.0
2018-11-30,20.31580352783203,20.77265536699056,20.31580352783203,20.338364443527546,24726931,-0.009078496845635442,ITUB4.SA,1.0
2018-12-03,20.059072494506836,20.764384542347095,19.90108271284899,20.764384542347095,27033719,-0.012637011032986312,ITUB4.SA,1.0
2018-12-04,20.03650665283203,20.32427275673868,19.720525818807776,20.115500337140308,26509707,-0.0011249693464632227,ITUB4.SA,1.0
2018-12-05,20.04779624938965,20.217071264907254,19.940589024078836,20.08729371236514,15862453,0.0005634513417547282,ITUB4.SA,1.0
2018-12-06,20.228357315063477,20.228357315063477,19.635895344465546,19.754387738585134,21087849,0.009006529367502125,ITUB4.SA,1.0
2018-12-07,20.064701080322266,20.510459060502523,19.9744223104721,20.104198499390673,19238340,-0.008090436222388697,ITUB4.SA,1.0
2018-12-10,19.528682708740234,20.166285199096492,19.483543281334423,20.002653402972264,17070004,-0.026714495742361843,ITUB4.SA,1.0
2018-12-11,19.703590393066406,19.839009822526645,19.381967723901184,19.805154355482728,22381961,0.008956450720963849,ITUB4.SA,1.0
2018-12-12,19.83901596069336,19.96315149223739,19.5963893062289,19.805160483174596,36444757,0.006873141641972502,ITUB4.SA,1.0
2018-12-13,20.188846588134766,20.188846588134766,19.70923413498342,19.82772645126441,18595362,0.017633466706943546,ITUB4.SA,1.0
2018-12-14,20.042137145996094,20.171914587609333,19.86722030786229,20.02520880536304,13770368,-0.007266856058279925,ITUB4.SA,1.0
2018-12-17,19.506105422973633,20.053427609588223,19.500463454173794,20.030857295673144,16461810,-0.026745237751730766,ITUB4.SA,1.0
2018-12-18,19.822521209716797,19.98620312747585,19.517732171574785,19.5967512807823,16439490,0.016221371713212474,ITUB4.SA,1.0
2018-12-19,19.55724334716797,20.178108873600078,19.55724334716797,19.95234014568475,16972226,-0.013382649953669445,ITUB4.SA,1.0
2018-12-20,19.551603317260742,19.87896846109174,19.517737452837316,19.74350744286243,30856688,-0.0002883857303971338,ITUB4.SA,1.0
2018-12-21,19.46129608154297,19.771728911264738,19.3145452182134,19.69835347959995,31905846,-0.0046189171421070485,ITUB4.SA,1.0
2018-12-26,19.0379695892334,19.286316715768596,18.772691367341263,19.241162249223407,21713151,-0.021752225059206154,ITUB4.SA,1.0
2018-12-27,19.359699249267578,19.45000700159991,18.99846823993824,18.99846823993824,15463863,0.016899368313737062,ITUB4.SA,1.0
2018-12-28,20.037002563476562,20.11602167766483,19.438714287632866,19.54595555951575,15502839,0.03498521880367589,ITUB4.SA,1.0
2019-01-02,20.89246940612793,20.97152194557931,19.960779634199483,20.01159807792003,28984066,0.042694352108868294,ITUB4.SA,1.0
2019-01-03,21.236902236938477,21.236902236938473,20.58189548515146,20.75129264693516,24856433,0.016485979905731973,ITUB4.SA,-1.0
2019-01-04,20.881168365478516,21.293370368944537,20.75129499695821,21.01668659835141,28181675,-0.016750742056966028,ITUB4.SA,1.0
2019-01-07,20.920705795288086,21.17480292273776,20.75130608332427,20.779540182150257,19148946,0.0018934491172886148,ITUB4.SA,1.0
2019-01-08,21.18608856201172,21.214320208380027,20.64401313009701,20.994102140430144,22157287,0.01268517273367542,ITUB4.SA,-1.0
2019-01-09,21.5079402923584,21.5079402923584,21.219964363482198,21.400656147294477,23008397,0.015191654155726653,ITUB4.SA,-1.0
2019-01-10,21.361141204833984,21.677351383789322,21.253854562475876,21.411959651953545,28032459,-0.006825343827859265,ITUB4.SA,-1.0
2019-01-11,21.231258392333984,21.41759749710477,21.061861202947256,21.231258392333984,15442903,-0.006080331160893571,ITUB4.SA,-1.0
2019-01-14,21.389368057250977,21.38936805725098,21.14656561044824,21.21432352472048,19711367,0.007447022780999291,ITUB4.SA,-1.0
2019-01-15,21.056222915649414,21.3103200288001,20.824712592189268,21.27644106451225,46588733,-0.015575268082248295,ITUB4.SA,-1.0
2019-01-16,20.99409294128418,21.11267166126055,20.723056564336463,21.090084889765915,19605771,-0.0029506704319253174,ITUB4.SA,-1.0
2019-01-17,20.99409294128418,21.090084889765915,20.745643335831097,20.915040461299935,29196956,0.0,ITUB4.SA,-1.0
2019-01-18,21.265138626098633,21.332898970241608,21.005396741454778,21.005396741454778,24162697,0.012910568966828295,ITUB4.SA,-1.0
2019-01-21,21.090106964111328,21.248212089563438,20.920709661339718,21.17480683574539,8808508,-0.008230920337029435,ITUB4.SA,-1.0
2019-01-22,21.056222915649414,21.21997531053387,20.875531038621038,21.09010187993726,13807871,-0.0016066323665201443,ITUB4.SA,-1.0
2019-01-23,21.197383880615234,21.28208371328949,20.869881603034358,21.146565445307907,30874136,0.006704002210240034,ITUB4.SA,-1.0
2019-01-24,21.169153213500977,21.30467150340157,21.027987616376596,21.090100674350985,24113752,-0.0013317995877818456,ITUB4.SA,-1.0
2019-01-28,21.5474796295166,21.654766280230017,20.931998706046496,20.931998706046496,25555494,0.01787158948683598,ITUB4.SA,-1.0
2019-01-29,21.389368057250977,21.767691213589007,21.38936805725098,21.682993820748703,17930858,-0.007337822101896152,ITUB4.SA,-1.0
2019-01-30,21.52487564086914,21.68862791989583,21.118321035572123,21.581343795391174,21965357,0.0063352775666614125,ITUB4.SA,-1.0
2019-01-31,21.897560119628906,22.24200180759681,21.666047452090506,21.716868317852917,30523926,0.017314129241803977,ITUB4.SA,-1.0
2019-02-01,21.922975540161133,22.086791201891543,21.657481276026978,21.8043509109299,15342292,0.0011606507936674504,ITUB4.SA,-1.0
2019-02-04,22.420076370239258,22.47656395726868,21.69138234711242,21.843899076235825,20038804,0.02267487956493297,ITUB4.SA,-1.0
2019-02-05,21.465425491333008,21.917328543403418,21.250771724707498,21.781757871926203,80658836,-0.042580179618543434,ITUB4.SA,-1.0
2019-02-06,20.56162452697754,21.403296316494583,20.56162452697754,21.3524582114859,44387767,-0.04210496385083973,ITUB4.SA,1.0
2019-02-07,20.635059356689453,20.94574234304111,20.369564980474866,20.79887264613605,34838503,0.0035714507681805507,ITUB4.SA,1.0
2019-02-08,21.07565689086914,21.211230002670355,20.533374209420582,20.606807813900264,34947045,0.021351890806984963,ITUB4.SA,-1.0
2019-02-11,20.838411331176758,21.132150684464545,20.674598064328755,21.075660657066464,20785904,-0.01125685243980068,ITUB4.SA,-1.0
2019-02-12,21.335506439208984,21.45978059861943,21.02482348212248,21.149097641532926,25112491,0.023854750735652797,ITUB4.SA,-1.0
2019-02-13,20.84971046447754,21.44848327457306,20.815815959504917,21.420238260669127,35669785,-0.022769366929049406,ITUB4.SA,-1.0
2019-02-14,21.40329360961914,21.40329360961914,20.578570400847763,21.013527529526318,37265389,0.026551119071162255,ITUB4.SA,-1.0
2019-02-15,21.182987213134766,21.369398430310447,21.00787497717906,21.290315327527914,30422409,-0.010293107243333988,ITUB4.SA,-1.0
2019-02-18,20.84406089782715,21.182988856247725,20.84406089782715,21.0982562562827,19942839,-0.01599993012777079,ITUB4.SA,-1.0
2019-02-19,21.324199676513672,21.465419800616512,21.007867379783615,21.07000442970394,25550736,0.023034800226311658,ITUB4.SA,-1.0
2019-02-20,21.053064346313477,21.6800796281414,21.053064346313477,21.482371886894835,32575109,-0.012714912367793207,ITUB4.SA,-1.0
2019-02-21,21.437185287475586,21.437185287475586,21.047419214434804,21.2677225205047,28676909,0.018245369645173426,ITUB4.SA,-1.0
2019-02-22,21.739686965942383,21.739686965942383,21.48469407782858,21.66259665903877,19781160,0.014111072624983567,ITUB4.SA,-1.0
2019-02-25,21.407596588134766,21.870143428075494,21.395736248456007,21.79305057941047,14109588,-0.015275766312913053,ITUB4.SA,-1.0
2019-02-26,21.48468589782715,21.597357190677354,21.401663528799265,21.460965220962038,9124162,0.0036010258963450337,ITUB4.SA,-1.0
2019-02-27,21.294925689697266,21.567708381488,21.294925689697266,21.478757754459625,11480349,-0.008832347330201107,ITUB4.SA,-1.0
2019-02-28,20.891674041748047,21.36015030272146,20.856094312424375,21.306780708735957,20408162,-0.01893651350679837,ITUB4.SA,-1.0
2019-03-01,20.66920280456543,21.114149156779245,20.66920280456543,21.054822207252958,18300555,-0.010648798977911045,ITUB4.SA,1.0
2019-03-06,20.675142288208008,20.894648861594966,20.568355029359815,20.84718728786144,10921100,0.00028735910614163807,ITUB4.SA,1.0
2019-03-07,20.959901809692383,21.084487771228837,20.568350326184465,20.645474724839996,21485645,0.013773038052888653,ITUB4.SA,-1.0
2019-03-08,21.20906639099121,21.292122820250523,20.675131653444964,20.83531245932431,15369145,0.011887678843209404,ITUB4.SA,-1.0
2019-03-11,21.903182983398438,21.962508640838706,21.256527676272324,21.268393064170706,22654901,0.03272735252043257,ITUB4.SA,-1.0
2019-03-12,21.95065689086914,21.95065689086914,21.707420760804148,21.903197871120735,14852836,0.0021674433120832948,ITUB4.SA,-1.0
2019-03-13,22.18795394897461,22.348133529450404,21.77267165581214,21.84386144086624,25155772,0.010810476391901469,ITUB4.SA,-1.0
2019-03-14,21.837942123413086,22.187965587813633,21.618434188109173,22.187965587813633,20177710,-0.015774858121954005,ITUB4.SA,-1.0
2019-03-15,21.831987380981445,22.05149253699269,21.642143767189157,21.790459170592598,21647098,-0.000272678734927867,ITUB4.SA,-1.0
2019-03-18,21.867591857910156,21.986245771187793,21.79640207404759,21.867591857910156,12806412,0.001630839937170725,ITUB4.SA,-1.0
2019-03-19,21.35738182067871,21.95064093108184,21.35738182067871,21.95064093108184,39681965,-0.023331788911493123,ITUB4.SA,-1.0
2019-03-20,20.876840591430664,21.487898421129945,20.876840591430664,21.39297660491572,29664772,-0.022500006474706402,ITUB4.SA,-1.0
2019-03-21,20.509023666381836,21.007362360306807,20.230191485074084,20.948036691616277,35755214,-0.01761841900540284,ITUB4.SA,-1.0
2019-03-22,19.903905868530273,20.24206385657456,19.79118653918218,20.20053561512777,34705489,-0.029504953901997033,ITUB4.SA,1.0
2019-03-25,19.933561325073242,20.24205635229555,19.75558303027516,19.868302317835163,22557916,0.001489931510872733,ITUB4.SA,1.0
2019-03-26,20.141206741333008,20.23612860422794,19.8742386012997,20.17086958310289,18209236,0.010416874981520774,ITUB4.SA,-1.0
2019-03-27,19.458951950073242,19.95729062571756,19.453018614190714,19.832704674754652,32088032,-0.033873580665833125,ITUB4.SA,1.0
2019-03-28,20.230192184448242,20.372574307048534,19.36996354843734,19.518279007342933,35287058,0.03963421238480924,ITUB4.SA,-1.0
2019-03-29,20.42595863342285,20.49714966234397,20.12339579896961,20.479352225626524,22320553,0.009676944597941217,ITUB4.SA,-1.0
2019-04-01,20.27462387084961,20.654476801329686,20.17966063822959,20.595123979310326,19521136,-0.007408942967583099,ITUB4.SA,-1.0
2019-04-02,19.954124450683594,20.375523729807433,19.90070755032909,20.328041470554098,18533727,-0.015807909542865706,ITUB4.SA,1.0
2019-04-03,19.77606201171875,20.29242307357441,19.687033446330176,20.203395790796414,22057470,-0.008923590679456916,ITUB4.SA,1.0
2019-04-04,20.072816848754883,20.233067464516346,19.73451170340555,19.995660142455534,20454728,0.015005759835314159,ITUB4.SA,1.0
2019-04-05,20.506103515625,20.577325643212923,20.060962973630552,20.179667374684684,18345649,0.02158574305414418,ITUB4.SA,-1.0
2019-04-08,20.381454467773438,20.57731554315771,20.2686860475589,20.53576921557284,10412949,-0.006078631552629332,ITUB4.SA,-1.0
2019-04-09,20.26868438720703,20.310229428777895,19.948183072711934,20.298360149820876,15165318,-0.0055329751242588765,ITUB4.SA,-1.0
2019-04-10,20.23307228088379,20.440803897462615,20.06688698762073,20.417064057432622,29815914,-0.0017570013742835844,ITUB4.SA,-1.0
2019-04-11,19.764188766479492,20.20339304679751,19.651420377232522,20.07281817732493,13699556,-0.023174113545143538,ITUB4.SA,1.0
2019-04-12,19.556453704833984,20.072814604653363,19.378397912542088,19.586129456447605,33375347,-0.010510679901915898,ITUB4.SA,1.0
2019-04-15,19.54458999633789,19.781997375047574,19.372470063621822,19.728580490381034,18725884,-0.0006066390499603891,ITUB4.SA,1.0
2019-04-16,19.526782989501953,19.859153545474665,19.41994923005058,19.41994923005058,19252729,-0.0009110964639971186,ITUB4.SA,1.0
2019-04-17,19.224090576171875,19.704842585381254,18.99261909670021,19.586138243064163,40764433,-0.015501396901517861,ITUB4.SA,1.0
2019-04-18,19.48524284362793,19.70484507091782,19.063843593727867,19.30125102569748,19844834,0.013584635716383353,ITUB4.SA,1.0
2019-04-22,19.431821823120117,19.67516384413683,19.224088921294896,19.449627024021183,11401605,-0.0027416143045546626,ITUB4.SA,1.0
2019-04-23,19.68109703063965,19.853218224128423,19.586133834682126,19.586133834682126,15183786,0.012828195410012455,ITUB4.SA,1.0
2019-04-24,19.710771560668945,19.72857675798573,19.396206234150316,19.692966363352156,16595051,0.0015077680874748811,ITUB4.SA,1.0
2019-04-25,20.013463973999023,20.060944922128918,19.372464119889194,19.59800086807409,22194223,0.015356700390870115,ITUB4.SA,1.0
2019-04-26,20.060951232910156,20.132174601425817,19.829479774371485,20.066887154925112,11411236,0.002372765602837612,ITUB4.SA,1.0
2019-04-29,19.900711059570312,20.24495236941563,19.817618373835625,20.149989116774382,12525541,-0.007987665763175222,ITUB4.SA,1.0
2019-04-30,20.078758239746094,20.197461291811873,19.8413495703932,19.99566559025578,15296746,0.008946774798288315,ITUB4.SA,-1.0
2019-05-02,20.212364196777344,20.31924410315503,19.945161222883293,19.992664544099984,16575223,0.006654094612622785,ITUB4.SA,-1.0
2019-05-03,20.016408920288086,20.35486418647584,19.974844170939793,20.307362165726136,35157216,-0.009694822168329065,ITUB4.SA,1.0
2019-05-06,19.577016830444336,19.88578328454626,19.553265169919595,19.796715199168442,16586780,-0.021951594394057028,ITUB4.SA,1.0
2019-05-07,19.35731315612793,19.42856683971585,18.971354527112016,19.41669101192125,32977891,-0.011222530798193131,ITUB4.SA,1.0
2019-05-08,19.577016830444336,19.820466859693187,19.440446707196966,19.440446707196966,20450083,0.011349905461794707,ITUB4.SA,1.0
2019-05-09,19.33356285095215,19.517634986676338,19.14355215932603,19.339501406854076,24543499,-0.01243570364171065,ITUB4.SA,1.0
2019-05-10,19.244487762451172,19.476063112812064,19.018849682252192,19.291989773284055,16418076,-0.004607277468083981,ITUB4.SA,1.0
2019-05-13,18.941667556762695,19.030735638870986,18.799160165205294,18.834787654684586,21598945,-0.01573542561518959,ITUB4.SA,1.0
2019-05-14,18.85259246826172,19.107919489311794,18.781338803813583,19.04260309557629,15113880,-0.004702600139826374,ITUB4.SA,1.0
2019-05-15,18.9119815826416,18.9119815826416,18.4903953607586,18.710093740884112,23968388,0.003150182898180365,ITUB4.SA,1.0
2019-05-16,18.668519973754883,18.805088745678777,18.502260999399574,18.70414616358571,20413714,-0.012873405561592777,ITUB4.SA,1.0
2019-05-17,18.704158782958984,19.001050742146656,18.472583260101427,18.626967797459905,26983074,0.001909032384688425,ITUB4.SA,1.0
2019-05-20,19.191059112548828,19.226685321996296,18.638841317493092,18.82291348811834,27380871,0.026031661473781442,ITUB4.SA,1.0
2019-05-21,19.93326759338379,19.945143413083578,19.214791408566303,19.23854304796588,26574515,0.0386747014055957,ITUB4.SA,1.0
2019-05-22,19.95109748840332,20.069853211447047,19.577014651091968,20.010475349925184,14927841,0.0008944792887568553,ITUB4.SA,1.0
2019-05-23,19.9095401763916,20.022358668757796,19.67202735827642,19.826410625892276,17894262,-0.0020829586961756963,ITUB4.SA,1.0
2019-05-24,19.61263084411621,20.099533166247664,19.6007550212375,20.06984296746132,13072667,-0.014912917608587484,ITUB4.SA,1.0
2019-05-27,19.683897018432617,19.939224164781525,19.61264331901756,19.79077820914518,12018297,0.0036336876415428154,ITUB4.SA,1.0
2019-05-28,20.23611068725586,20.23611068725586,19.66607867737282,19.761084012353326,36895918,0.028054082395682745,ITUB4.SA,1.0
2019-05-29,20.61612319946289,20.717067052727486,20.09953324293244,20.09953324293244,31874349,0.018778930303358754,ITUB4.SA,1.0
2019-05-30,20.829891204833984,20.91302070510682,20.592377247043455,20.6695694758023,18068630,0.01036897205662135,ITUB4.SA,1.0
2019-05-31,20.782392501831055,21.0199065122141,20.63394784931637,20.717077367996502,20639521,-0.00228031450264643,ITUB4.SA,1.0
2019-06-03,20.838830947875977,20.981399457107415,20.630918003692543,20.910115202491696,21458113,0.002715685695953818,ITUB4.SA,1.0
2019-06-04,20.80318260192871,20.96951291268677,20.64873321104335,20.91010959705314,18756361,-0.0017106691846789923,ITUB4.SA,1.0
2019-06-05,20.399242401123047,20.886352524709555,20.357659813942124,20.844769937528632,13815348,-0.019417230936972785,ITUB4.SA,1.0
2019-06-06,20.613086700439453,20.725954776826434,20.422994584527263,20.60714688344891,12972736,0.010482952999501194,ITUB4.SA,1.0
2019-06-07,20.832883834838867,20.957632849092896,20.595269293420852,20.660613709523005,15132234,0.010662989856571548,ITUB4.SA,1.0
2019-06-10,20.571508407592773,20.71407687340853,20.26260835335222,20.702195953968914,20715092,-0.012546291205684845,ITUB4.SA,1.0
2019-06-11,20.672496795654297,20.77942379980392,20.339836146059902,20.70219845597809,33011654,0.0049091387009934095,ITUB4.SA,1.0
2019-06-12,20.55368995666504,20.86259006456035,20.47646589248874,20.672497887967857,19982721,-0.005747096742287683,ITUB4.SA,1.0
2019-06-13,20.185382843017578,20.54180528818186,20.024993641304516,20.523984551042584,41781867,-0.01791926969921176,ITUB4.SA,1.0
2019-06-14,20.19132423400879,20.23884662830472,19.888365279648983,20.137860738094727,21272188,0.0002943412585938443,ITUB4.SA,1.0
2019-06-17,20.167564392089844,20.387358215399495,20.08439923103916,20.13786273224745,17717967,-0.0011767351979284912,ITUB4.SA,1.0
2019-06-18,20.69032096862793,20.69032096862793,20.304196752882035,20.405182671487363,25822203,0.02592065984641767,ITUB4.SA,1.0
2019-06-19,21.017040252685547,21.08238339777132,20.47646664857092,20.577452559482637,26374993,0.01579092390847925,ITUB4.SA,1.0
2019-06-21,21.492271423339844,21.492271423339844,21.088326458460386,21.13584886691024,31106515,0.02261170768769749,ITUB4.SA,-1.0
2019-06-24,21.444738388061523,21.682354163752137,21.26058609771482,21.527903524434368,25737001,-0.002211633863264062,ITUB4.SA,-1.0
2019-06-25,21.17743492126465,21.521977894761864,21.076448984451584,21.38534918298103,26954749,-0.012464757646364455,ITUB4.SA,1.0
2019-06-26,21.68235206604004,21.68235206604004,21.224942576513026,21.296226788831817,37241370,0.023842223888427272,ITUB4.SA,-1.0
2019-06-27,21.533845901489258,21.64077416862025,21.20712641759497,21.504144246928846,23374129,-0.006849172271461201,ITUB4.SA,-1.0
2019-06-28,21.5397891998291,21.73582246232113,21.46850496061833,21.65265730262024,19957908,0.0002759979971544979,ITUB4.SA,-1.0
2019-07-01,21.441728591918945,21.85178411000125,21.358529033258264,21.85178411000125,18040532,-0.0045525333140647994,ITUB4.SA,-1.0
2019-07-02,21.364473342895508,21.584359379449683,21.221845881398725,21.423901237808998,21334503,-0.0036030326889108233,ITUB4.SA,1.0
2019-07-03,21.732933044433594,21.780473825033667,21.174305113550744,21.215906186163483,19999036,0.017246374185049262,ITUB4.SA,-1.0
2019-07-04,21.982528686523438,22.285611715427795,21.816129556492335,21.851785779064137,26215807,0.011484673586374061,ITUB4.SA,-1.0
2019-07-05,22.226179122924805,22.255894347800723,21.792353278273787,21.89338093321756,16253791,0.011083822060504733,ITUB4.SA,-1.0
2019-07-08,22.166757583618164,22.285613380083625,22.024130114155174,22.267785267466028,11237547,-0.002673493225173851,ITUB4.SA,-1.0
2019-07-10,22.107336044311523,22.416362745123084,21.9587649717338,22.303447908036677,25793198,-0.002680659951392883,ITUB4.SA,-1.0
2019-07-11,22.077611923217773,22.077611923217773,21.738870116716594,21.970640691242565,17322437,-0.0013445365391004938,ITUB4.SA,-1.0
2019-07-12,21.667556762695312,22.261838220469315,21.667556762695312,22.255897229542054,21213498,-0.018573347604286417,ITUB4.SA,-1.0
2019-07-15,21.608121871948242,21.810179735064295,21.465495738346604,21.798292618605032,18855725,-0.0027430361160699634,ITUB4.SA,-1.0
2019-07-16,21.691326141357422,21.780466681071076,21.51898219944771,21.63189569018628,20218045,0.0038506016349897365,ITUB4.SA,-1.0
2019-07-17,21.631895065307617,21.940924155793155,21.620010516529614,21.744809837045192,26198019,-0.0027398544313291806,ITUB4.SA,-1.0
2019-07-18,22.208349227905273,22.208349227905273,21.667552213158597,21.67349320283843,18365476,0.02664834314595721,ITUB4.SA,-1.0
2019-07-19,21.631895065307617,22.154864013447394,21.631895065307617,22.036008251581542,19425851,-0.02595664165229039,ITUB4.SA,-1.0
2019-07-22,22.00035858154297,22.137042491498214,21.762644418572982,21.804244204453564,21145292,0.017033344287356478,ITUB4.SA,-1.0
2019-07-23,22.214305877685547,22.31533358403658,21.82802060034731,22.137047281104234,23938590,0.009724718592635462,ITUB4.SA,-1.0
2019-07-24,22.19647216796875,22.4341863499788,22.065731807959526,22.285615307287824,16643203,-0.0008028029241602397,ITUB4.SA,-1.0
2019-07-25,21.513044357299805,22.374755254564526,21.38230144742029,22.374755254564526,25357333,-0.030789929385949266,ITUB4.SA,-1.0
2019-07-26,21.899322509765625,22.0360089519248,21.400126496098707,21.679439086473373,26994858,0.017955531818291792,ITUB4.SA,-1.0
2019-07-29,21.988468170166016,22.14892629778038,21.661613492452535,21.845840721136895,22919117,0.004070704030256556,ITUB4.SA,-1.0
2019-07-30,21.257505416870117,21.869616388805337,21.192133955672222,21.869616388805337,50086077,-0.03324300481684617,ITUB4.SA,1.0
2019-07-31,20.69293212890625,21.263443192832987,20.62161712218714,21.239671523926617,40269086,-0.026558774272536168,ITUB4.SA,1.0
2019-08-01,20.737516403198242,21.474745261940924,20.737516403198242,20.93371521411762,37163986,0.0021545653372976314,ITUB4.SA,1.0
2019-08-02,20.76725196838379,20.927777986023024,20.55916340004473,20.8088696820516,31506464,0.001433901948883376,ITUB4.SA,1.0
2019-08-05,20.481868743896484,20.642394729669792,20.238108632124888,20.333234999455627,24126781,-0.013741983047240613,ITUB4.SA,1.0
2019-08-06,21.100191116333008,21.100191116333008,20.689960151300212,20.773195568531726,20106444,0.030188767449297327,ITUB4.SA,1.0
2019-08-07,21.87904167175293,21.87904167175293,20.785090102091136,20.850488452014684,36330551,0.03691201426213797,ITUB4.SA,-1.0
2019-08-08,21.997941970825195,22.206030486080806,21.801745696229045,21.997941970825195,34212974,0.005434438164893418,ITUB4.SA,-1.0
2019-08-09,21.83147621154785,21.99794706228226,21.611497974346992,21.992003510205382,13465478,-0.007567333321367942,ITUB4.SA,-1.0
2019-08-12,20.92778205871582,21.42719471991876,20.9218372205269,21.403414082348256,22939624,-0.0413940928261195,ITUB4.SA,1.0
2019-08-13,21.33800506591797,21.47474913234936,20.880210327558828,20.91588191065399,15448455,0.019601838649275338,ITUB4.SA,1.0
2019-08-14,20.868318557739258,21.147752817300457,20.82075601760088,21.046681616497473,23531503,-0.02201173477688012,ITUB4.SA,1.0
2019-08-15,20.808862686157227,21.094241748856074,20.69590054201002,21.094241748856074,21625004,-0.0028490973730119773,ITUB4.SA,1.0
2019-08-16,20.892139434814453,21.20232839999732,20.75833307452262,21.165836353720273,16250619,0.004001984630934485,ITUB4.SA,1.0
2019-08-19,20.8009090423584,21.208412341883346,20.624526428668947,21.07460466055126,25638203,-0.0043667328920861115,ITUB4.SA,1.0
2019-08-20,20.569774627685547,20.952948787644797,20.405557881625793,20.904292314758724,19603279,-0.011111745847365406,ITUB4.SA,1.0
2019-08-21,20.727928161621094,20.886063471454648,20.533299481349356,20.79483070254217,22148790,0.007688637177516,ITUB4.SA,1.0
2019-08-22,20.39948272705078,20.879972643490625,20.375153824211086,20.770493895077358,15354416,-0.015845550602517355,ITUB4.SA,1.0
2019-08-23,20.16227912902832,20.618440140790256,20.028472792679928,20.125787089281193,29781924,-0.011627922197650409,ITUB4.SA,1.0
2019-08-26,20.15619468688965,20.332575920706873,19.8824991703451,20.32041278543548,20180429,-0.00030177352965576887,ITUB4.SA,1.0
2019-08-27,20.393396377563477,20.636681405829407,20.119699570694888,20.16227448350055,32389410,0.011768178188322098,ITUB4.SA,1.0
2019-08-28,20.624521255493164,20.734000001056405,20.168361568133435,20.204854921442955,16420455,0.01133331955357697,ITUB4.SA,1.0
2019-08-29,20.73399543762207,20.965117328983112,20.399477706188875,20.70966654077037,19169793,0.005307962341174255,ITUB4.SA,1.0
2019-08-30,20.64276695251465,21.01985964935113,20.545452665770874,21.00161231696058,28678156,-0.004399947196954024,ITUB4.SA,1.0
2019-09-02,20.384157180786133,20.804010282534325,20.384157180786133,20.627551083650857,9478791,-0.012527863746338186,ITUB4.SA,1.0
2019-09-03,19.994728088378906,20.572786271408464,19.939964529308664,20.39024151282302,21658767,-0.01910449811357895,ITUB4.SA,1.0
2019-09-04,20.13468360900879,20.268549093886662,19.964308638284386,20.25029500843658,17459076,0.006999621100685305,ITUB4.SA,1.0
2019-09-05,20.7066593170166,21.09000437103435,20.317231320238832,20.33548540830511,47627014,0.028407484275138728,ITUB4.SA,1.0
2019-09-06,21.40032958984375,21.436837764521037,20.840525305291337,20.840525305291337,24245520,0.033499864087544795,ITUB4.SA,-1.0
2019-09-09,21.92361831665039,22.0879076871184,21.515935045951164,21.52201930173118,39482670,0.024452367642738837,ITUB4.SA,-1.0
2019-09-10,21.497682571411133,22.08182511850096,21.351647263375252,21.97229929494721,25237235,-0.019428168247016542,ITUB4.SA,-1.0
2019-09-11,21.40032958984375,21.710655649333198,21.290802435918888,21.607214067818884,18544604,-0.004528533773070387,ITUB4.SA,-1.0
2019-09-12,21.53419303894043,21.661974268041682,21.388157724237963,21.601126439406716,15460578,0.006255205020777366,ITUB4.SA,-1.0
2019-09-13,21.82626724243164,22.154847391995247,21.60721424770474,21.60721424770474,28419039,0.013563275993813795,ITUB4.SA,-1.0
2019-09-16,21.43683433532715,21.67414269255393,21.242119718374596,21.61937912435188,22842752,-0.01784239617241601,ITUB4.SA,-1.0
2019-09-17,21.515939712524414,21.570703286206754,21.21778350076778,21.236037587013087,13879363,0.003690161334451547,ITUB4.SA,-1.0
2019-09-18,21.449010848999023,21.686319280195807,21.19344832769378,21.522028524379564,15087367,-0.0031106642061481393,ITUB4.SA,-1.0
2019-09-19,21.09000587463379,21.80192982438698,21.00481837098902,21.625470558957094,20381537,-0.016737600483893056,ITUB4.SA,1.0
2019-09-20,21.14476203918457,21.35772940863166,21.065658821432987,21.223863941989965,37275926,0.0025963086438320904,ITUB4.SA,1.0
2019-09-23,21.07784080505371,21.126518826013186,20.810108402409238,21.11434899203658,14969309,-0.0031649083591881455,ITUB4.SA,1.0
2019-09-24,20.85877799987793,21.229953183956788,20.755336425270468,21.18735943971296,11893780,-0.010393038224449369,ITUB4.SA,1.0
2019-09-25,21.102170944213867,21.248207580142626,20.718827240425444,20.804014730156204,16169836,0.011668609941453134,ITUB4.SA,1.0
2019-09-26,21.71065330505371,21.722823133614227,21.053491767410215,21.22386673736476,21152430,0.028835059788324235,ITUB4.SA,-1.0
2019-09-27,21.61937713623047,21.686310526205133,21.278627245372064,21.655886616656513,18327294,-0.004204211063607022,ITUB4.SA,-1.0
2019-09-30,21.31514549255371,21.777591211806964,21.31514549255371,21.631555859931904,18111458,-0.014072174316572483,ITUB4.SA,1.0
2019-10-01,20.831192016601562,21.49472339173572,20.819018287598684,21.439936349182997,19370107,-0.022704676171279914,ITUB4.SA,1.0
2019-10-02,20.258970260620117,20.66074139070598,20.16157123864505,20.60595435862565,26887449,-0.027469467686986437,ITUB4.SA,1.0
2019-10-03,20.26506805419922,20.453778008834867,19.997219630055227,20.23462977653899,24835586,0.00030099227654001304,ITUB4.SA,1.0
2019-10-04,20.362455368041992,20.392890997112453,19.948509238327052,20.228531233278467,28530639,0.004805674157239981,ITUB4.SA,1.0
2019-10-07,19.985031127929688,20.478112970679458,19.95459287276445,20.26505307757886,17645455,-0.01853530103764678,ITUB4.SA,1.0
2019-10-08,19.899816513061523,20.2528862312331,19.820679380396193,20.161575369397685,16865951,-0.004263922048591384,ITUB4.SA,1.0
2019-10-09,20.216358184814453,20.35636919608927,19.863287224971373,20.082435352361408,14097805,0.01590676333850438,ITUB4.SA,1.0
2019-10-10,20.362455368041992,20.4294161199142,20.094607098514942,20.149394124962786,12342562,0.007226681575976501,ITUB4.SA,1.0
2019-10-11,20.624216079711914,20.867712974717204,20.447679942864045,20.453768121657244,22626576,0.012855066196031828,ITUB4.SA,1.0
2019-10-14,20.971195220947266,21.025982243033003,20.526813497543273,20.58160051962901,11634550,0.016823870536183616,ITUB4.SA,1.0
2019-10-15,20.9224910736084,21.086852098206855,20.81291705720943,20.989453118686562,18101714,-0.0023224306876995504,ITUB4.SA,1.0
2019-10-16,21.220788955688477,21.293839225439168,20.59378400665329,20.98338018328369,20011385,0.014257283276194244,ITUB4.SA,1.0
2019-10-17,21.092947006225586,21.385144056264835,20.89206210985906,21.214696105952676,19322521,-0.0060243730678364305,ITUB4.SA,1.0
2019-10-18,20.84336280822754,21.07468464564267,20.788575780311408,21.07468464564267,12936707,-0.011832590198248782,ITUB4.SA,1.0
2019-10-21,21.184255599975586,21.226867580392867,20.69117373643009,20.855533480605658,18556274,0.016354980474335257,ITUB4.SA,1.0
2019-10-22,21.841703414916992,21.84779159414075,21.105124499016267,21.165998398195235,40264667,0.031034737654041633,ITUB4.SA,-1.0
2019-10-23,22.152158737182617,22.371304198718867,21.616464861502653,21.665163706787432,38952766,0.014213878669078417,ITUB4.SA,-1.0
2019-10-24,22.255640029907227,22.41999975002224,21.993880008228935,22.194766156939384,30875043,0.004671386385062037,ITUB4.SA,-1.0
2019-10-25,22.401744842529297,22.602631053933738,22.121722834671235,22.249558797105184,21476581,0.006564844346230281,ITUB4.SA,-1.0
2019-10-28,22.70611572265625,22.846125403610156,22.23738388539187,22.31043149944814,23766261,0.013586927369564128,ITUB4.SA,-1.0
2019-10-29,22.304359436035156,22.6635174383193,22.26174742506889,22.578293416386767,18759987,-0.01769374786636091,ITUB4.SA,-1.0
2019-10-30,22.444351196289062,22.523486972878942,21.85995855977979,22.200853058526686,26711381,0.00627643042856163,ITUB4.SA,-1.0
2019-10-31,22.054767608642578,22.32261464215237,21.719958487877847,22.097378291293055,29501393,-0.017357756713007544,ITUB4.SA,-1.0
2019-11-01,22.136978149414062,22.478015276002537,21.869020219086742,22.32576618275994,21479867,0.0037275632294246908,ITUB4.SA,-1.0
2019-11-04,22.21005630493164,22.38057487033959,22.06998861139336,22.197877535449322,11404098,0.003301180270601334,ITUB4.SA,-1.0
2019-11-05,22.59371566772461,23.135722058072744,22.411018392748016,22.922573921212532,53231512,0.017274128328426563,ITUB4.SA,-1.0
2019-11-06,22.289228439331055,22.752063812518845,22.270958968298554,22.593724010054938,21562009,-0.013476633629966317,ITUB4.SA,-1.0
2019-11-07,22.423198699951172,22.502369893448684,22.27095227639045,22.398838535191057,17776203,0.006010538273443222,ITUB4.SA,-1.0
2019-11-08,22.088260650634766,22.39884694570357,21.93601153779767,22.143069067843538,17094704,-0.014937121763860417,ITUB4.SA,-1.0
2019-11-11,22.185693740844727,22.4110206660498,21.862924837360378,22.045623446923518,19804840,0.0044110802453412035,ITUB4.SA,-1.0
2019-11-12,21.8081111907959,22.100427860547594,21.576693607900125,21.936000062825787,22256652,-0.017019190585583766,ITUB4.SA,-1.0
2019-11-13,21.58888053894043,21.82638889551902,21.424451372988827,21.72285883574749,20040504,-0.01005271157769938,ITUB4.SA,1.0
2019-11-14,21.728940963745117,21.795929427693874,21.412262841221054,21.619321563023174,15875935,0.006487618686483287,ITUB4.SA,-1.0
2019-11-18,21.631513595581055,22.0456299519594,21.607153422836824,21.923831720347675,15120338,-0.00448376054436439,ITUB4.SA,1.0
2019-11-19,21.394010543823242,21.68023803885116,21.223491924142348,21.619338907838,20266650,-0.010979492984084627,ITUB4.SA,1.0
2019-11-21,21.613237380981445,21.619328080665504,21.33310072898306,21.393999829497353,29530285,0.010247112700498162,ITUB4.SA,1.0
2019-11-22,21.7593936920166,21.820292783091624,21.442716839161474,21.473165068644807,18618589,0.0067623516301063,ITUB4.SA,-1.0
2019-11-25,21.448814392089844,21.862930738041943,21.320925462484578,21.795940922709274,17224432,-0.014273343472833377,ITUB4.SA,1.0
2019-11-26,21.010332107543945,21.36963862561413,20.918982145152135,21.314828911389906,29657861,-0.020443194506247764,ITUB4.SA,1.0
2019-11-27,21.132137298583984,21.272206322182303,20.864179338142172,21.132137298583984,21942357,0.005797394844430093,ITUB4.SA,1.0
2019-11-28,21.07124137878418,21.132140505746012,20.71802407350663,20.979891372286474,17958276,-0.0028816734880804384,ITUB4.SA,1.0
2019-11-29,21.193029403686523,21.211298868611642,20.888531302645283,21.113859528920614,18729509,0.005779822019644554,ITUB4.SA,1.0
2019-12-02,21.49461555480957,21.640836954631656,21.226540794099172,21.275282138454497,18635470,0.014230440838749914,ITUB4.SA,1.0
2019-12-03,21.500709533691406,21.756597665126613,21.26919076004379,21.683486958519705,18127093,0.00028351188074515754,ITUB4.SA,1.0
2019-12-04,22.27446174621582,22.280555071622324,21.50679622513941,21.561629570689277,38590319,0.035987287364258824,ITUB4.SA,-1.0
2019-12-05,22.244003295898438,22.58518747179436,22.11605922993747,22.158707251924458,32944354,-0.0013674157725744873,ITUB4.SA,-1.0
2019-12-06,21.841890335083008,22.347573192928564,21.841890335083008,22.2379091248908,32623828,-0.018077364738098844,ITUB4.SA,-1.0
2019-12-09,22.26837158203125,22.469427649796632,21.793151380839618,21.933280768999463,30252119,0.01952583958647658,ITUB4.SA,-1.0
2019-12-10,21.945465087890625,22.402409266371528,21.799243688085024,22.268371886031442,24390430,-0.014500678370266806,ITUB4.SA,-1.0
2019-12-11,21.689577102661133,22.34148402898661,21.665206430348306,22.237910646590016,41970398,-0.011660175995572342,ITUB4.SA,-1.0
2019-12-12,21.683490753173828,21.98811897011683,21.53726931437097,21.902822911378113,26461781,-0.00028061171771565085,ITUB4.SA,1.0
2019-12-13,22.145526885986328,22.182120204842743,21.560021922164776,21.834477085640735,30880481,0.021308198853769555,ITUB4.SA,-1.0
2019-12-16,21.639299392700195,22.346786187382182,21.639299392700195,22.224804114835514,24544972,-0.02285913069002088,ITUB4.SA,1.0
2019-12-17,21.968652725219727,22.127228152108295,21.67590092976133,21.803980169777653,21811156,0.015220147683276508,ITUB4.SA,-1.0
2019-12-18,22.249208450317383,22.413881011849025,21.79178276448829,21.90766379764359,45832002,0.012770729666802927,ITUB4.SA,-1.0
2019-12-19,22.358980178833008,22.389476352023614,22.023534135848834,22.05403030903944,24986388,0.004933736351149021,ITUB4.SA,-1.0
2019-12-20,22.26140022277832,22.3833796602211,22.139418149310178,22.340686593513592,28170345,-0.004364240017845966,ITUB4.SA,-1.0
2019-12-23,22.468761444091797,22.468761444091797,22.145513625020513,22.261395913376198,13246469,0.009314832815471297,ITUB4.SA,-1.0
2019-12-26,22.81031036376953,22.81031036376953,22.352883518589646,22.444369414830696,18505402,0.015201056832954363,ITUB4.SA,-1.0
2019-12-27,22.749330520629883,22.98719237249926,22.511468668760504,22.871310011220046,15244854,-0.002673345612890232,ITUB4.SA,-1.0
2019-12-30,22.627336502075195,22.92619057820154,22.480960663090432,22.77371497708508,10452831,-0.0053625322487648175,ITUB4.SA,-1.0
2020-01-02,23.203937530517578,23.203937530517578,22.56938451716555,22.746325510810795,23414691,0.025482496730868,ITUB4.SA,-1.0
2020-01-03,22.959882736206055,23.33207414531913,22.850058356887214,22.88056424988919,28201956,-0.010517818106971943,ITUB4.SA,-1.0
2020-01-06,22.618186950683594,22.929363759134326,22.520564456852764,22.91105970635927,25259895,-0.014882296632274694,ITUB4.SA,-1.0
2020-01-07,22.09345817565918,22.72191002115062,22.09345817565918,22.618185304911588,22661019,-0.023199418068677424,ITUB4.SA,-1.0
2020-01-08,21.733482360839844,22.459559694159903,21.733482360839844,22.239905692538006,29436359,-0.01629332139664441,ITUB4.SA,-1.0
2020-01-09,21.30027198791504,21.92262441852613,21.06231529563401,21.837202410816072,54864165,-0.019932855937775495,ITUB4.SA,-1.0
2020-01-10,21.11113166809082,21.629758159988786,21.092827606990966,21.404003238420465,28915972,-0.00887971383330366,ITUB4.SA,-1.0
2020-01-13,21.391788482666016,21.599239230555657,21.19654087506937,21.367382202080012,33084393,0.013294257218783079,ITUB4.SA,-1.0
2020-01-14,21.391788482666016,21.391788482666016,21.129425581276394,21.306367819160695,20884928,0.0,ITUB4.SA,-1.0
2020-01-15,21.129430770874023,21.318576195507315,20.98909660085558,21.288068996554784,37114247,-0.012264412206795305,ITUB4.SA,-1.0
2020-01-16,21.17214584350586,21.397900762508538,21.001304425725063,21.294175992726306,25897547,0.0020215912626817545,ITUB4.SA,-1.0
2020-01-17,21.318572998046875,21.538225588688164,21.19044199053634,21.29416671512702,22346045,0.006916028050407919,ITUB4.SA,-1.0
2020-01-20,20.88538360595703,21.35519766449563,20.842673236998976,21.233168792356523,20759052,-0.020319811843387936,ITUB4.SA,-1.0
2020-01-21,20.43995475769043,21.037900663214256,20.403346658881055,20.75113150884343,30452887,-0.02132730031061314,ITUB4.SA,-1.0
2020-01-22,20.561994552612305,20.787749436680343,20.43996442227552,20.65351748000144,19763485,0.005970648974942483,ITUB4.SA,-1.0
2020-01-23,21.050100326538086,21.2392456552763,20.378937015672506,20.4399513826438,37476920,0.023738250327654642,ITUB4.SA,-1.0
2020-01-24,20.891475677490234,21.123331476599724,20.714532053001793,21.117229244833258,16718661,-0.00753557686601003,ITUB4.SA,-1.0
2020-01-27,20.43995475769043,20.799942746771112,20.38504260947637,20.586391108564584,16300584,-0.021612686761342648,ITUB4.SA,-1.0
2020-01-28,20.433862686157227,20.726734196042788,20.317934792206522,20.604704070620606,19471058,-0.00029804721220882957,ITUB4.SA,-1.0
2020-01-29,20.116592407226562,20.616913570450404,20.0860851961033,20.55589914820388,22740896,-0.01552669134581175,ITUB4.SA,-1.0
2020-01-30,20.409442901611328,20.409442901611328,19.878613757657927,19.921324072772272,47347843,0.014557659093374253,ITUB4.SA,-1.0
2020-01-31,20.025060653686523,20.37284560843199,19.85421929164902,20.12878670817069,28845953,-0.018833549243740366,ITUB4.SA,-1.0
2020-02-03,20.083049774169922,20.33332394434938,20.01590246644673,20.144092061655343,19924938,0.002895827457717326,ITUB4.SA,-1.0
2020-02-04,20.241762161254883,20.424890357770607,20.083051409380943,20.363848065314972,17822429,0.007902803053801755,ITUB4.SA,-1.0
2020-02-05,20.363855361938477,20.827779061469062,20.363855361938477,20.57750478123527,39419222,0.006031747617176064,ITUB4.SA,-1.0
2020-02-06,20.31501579284668,20.595812484950656,20.211243618475248,20.57139503716362,30010677,-0.002398345903746768,ITUB4.SA,-1.0
2020-02-07,20.577499389648438,20.846087349126293,20.144095641690214,20.174616790857183,42053561,0.012920669099070192,ITUB4.SA,-1.0
2020-02-10,20.925447463989258,21.10247202157165,20.55919226048123,20.589712098361836,52133635,0.016909152455903298,ITUB4.SA,-1.0
2020-02-11,21.407676696777344,21.639639775667764,21.14519379171694,21.46261528601063,108217248,0.023045109721928636,ITUB4.SA,-1.0
2020-02-12,21.322219848632812,21.657955130885565,21.218447676671527,21.468723212803464,75093200,-0.0039918786776799164,ITUB4.SA,-1.0
2020-02-13,20.992591857910156,21.236763718216473,20.876610949796664,21.18792881849557,22982338,-0.015459365538048941,ITUB4.SA,-1.0
2020-02-14,20.63854217529297,20.998694909924488,20.553082427948027,20.919338864897483,35695618,-0.01686545830136643,ITUB4.SA,-1.0
2020-02-17,20.449312210083008,20.74842269283852,20.363853768201817,20.74842269283852,36522255,-0.009168766068976208,ITUB4.SA,-1.0
2020-02-18,20.534765243530273,20.59580752916081,20.125779027678618,20.37605319025301,27135350,0.004178772986072943,ITUB4.SA,-1.0
2020-02-19,20.827774047851562,21.010902265902192,20.461518930899278,20.571394806410478,22404168,0.014268914245981312,ITUB4.SA,-1.0
2020-02-20,20.7545223236084,20.919338110033046,20.650750153905246,20.894920663344447,54393857,-0.003517021265684428,ITUB4.SA,-1.0
2020-02-21,20.55744743347168,20.69583975297589,20.412765171898926,20.620352291755616,22094859,-0.00949551558276751,ITUB4.SA,-1.0
2020-02-26,19.53209114074707,19.878070569877103,19.355956455240783,19.563543568958966,39916949,-0.04987760742392178,ITUB4.SA,-1.0
2020-02-27,19.544660568237305,20.337266173847915,19.230133757465545,19.311911108897856,69123763,0.00064352697310599,ITUB4.SA,-1.0
2020-02-28,20.129688262939453,20.18001322786796,19.374824664206855,19.563540563890005,63523344,0.029932865431947953,ITUB4.SA,-1.0
2020-03-02,20.063600540161133,20.321632096894405,19.679697609349386,20.095067703662522,58095028,-0.0032830971803966547,ITUB4.SA,-1.0
2020-03-03,19.698579788208008,20.120241428139284,19.48460116373639,19.918851301618567,49501903,-0.018193182785037343,ITUB4.SA,-1.0
2020-03-04,19.887380599975586,20.032129260156946,19.465717674998526,20.019543484517385,35383476,0.009584488516304113,ITUB4.SA,-1.0
2020-03-05,19.207693099975586,19.81816060401021,18.993714421025356,19.673410521196356,34451470,-0.034176823668816136,ITUB4.SA,-1.0
2020-03-06,18.798616409301758,19.10070370440653,18.45247480199651,18.628692050798424,36741263,-0.021297544090515874,ITUB4.SA,-1.0
2020-03-09,17.49586296081543,17.904938815077,17.22524290090191,17.621731617488845,53794386,-0.06930049638343128,ITUB4.SA,-1.0
2020-03-10,17.93012237548828,18.691633038839885,17.35741479491793,18.565762956948525,50493617,0.024820691362606118,ITUB4.SA,-1.0
2020-03-11,16.470027923583984,17.709842804924154,15.752571851749357,17.495865513346875,54658299,-0.08143248670183911,ITUB4.SA,-1.0
2020-03-12,14.852601051330566,15.456775455609543,14.103677974398412,14.60086239623252,66265997,-0.09820425804727206,ITUB4.SA,1.0
2020-03-13,16.495201110839844,17.10566849648089,14.884071840725332,16.9546241923825,101625228,0.11059342763146018,ITUB4.SA,-1.0
2020-03-16,14.978473663330078,16.149059905110168,14.298777680340908,14.789669299168454,70717328,-0.09194961839616778,ITUB4.SA,-1.0
2020-03-17,15.859559059143066,16.809873725650323,14.789668618181173,15.425310265599192,79869022,0.05882344327046085,ITUB4.SA,-1.0
2020-03-18,14.758201599121094,15.26167897868813,13.556146873338045,15.08546175983601,94874360,-0.0694443934988872,ITUB4.SA,-1.0
2020-03-19,14.380593299865723,14.934419249410778,13.298115678492188,14.330246104469177,83448395,-0.025586335619501188,ITUB4.SA,-1.0
2020-03-20,13.877114295959473,15.085461924131671,13.593908436873193,14.72044034395732,83160613,-0.035011003607963165,ITUB4.SA,1.0
2020-03-23,12.914214134216309,14.154027598017965,12.586952602218059,14.009277540409693,60567800,-0.06938763645000223,ITUB4.SA,1.0
2020-03-24,14.160324096679688,14.651214432593555,13.530976570610765,13.656845259802447,58312904,0.0964913505005156,ITUB4.SA,1.0
2020-03-25,14.852601051330566,15.563764078018025,13.851937959263978,13.990395103591556,49727030,0.048888496472563325,ITUB4.SA,-1.0
2020-03-26,15.261680603027344,15.620409328177606,14.928127517582487,15.249093463193,57531134,0.0275426203318192,ITUB4.SA,-1.0
2020-03-27,14.456111907958984,15.116927726815797,14.166611851703443,14.487579068850007,47564812,-0.052783747479852594,ITUB4.SA,-1.0
2020-03-30,15.173572540283203,15.349789784348328,14.36800780169452,14.544225045759644,34245491,0.049630262749225995,ITUB4.SA,-1.0
2020-03-31,14.53164005279541,15.261683417525202,14.35542278269077,15.072880365301918,46028351,-0.04230595568601747,ITUB4.SA,-1.0
2020-04-01,13.476795196533203,14.093956418365691,13.34454500236265,13.993195208139056,50241525,-0.07258952550639941,ITUB4.SA,1.0
2020-04-02,13.53976821899414,13.854645758435568,13.319353533108988,13.464196303044508,44364087,0.004672700114722872,ITUB4.SA,1.0
2020-04-03,13.010773658752441,13.527175027710589,12.601431840438202,13.489389063791435,42366382,-0.03906969097887536,ITUB4.SA,1.0
2020-04-06,13.968005180358887,14.282884146296224,13.785376414415035,13.94281453646291,44533358,0.07357222150755871,ITUB4.SA,1.0
2020-04-07,14.484407424926758,15.038593457608622,14.434026134180657,14.799285048406391,43110310,0.03697036462257408,ITUB4.SA,-1.0
2020-04-08,15.227519035339355,15.359766507864844,14.446619995153409,14.490702939635483,46392951,0.05130424660202171,ITUB4.SA,-1.0
2020-04-09,14.799291610717773,15.555000419639178,14.799291610717773,15.403857841302012,42268831,-0.0281219431496208,ITUB4.SA,-1.0
2020-04-13,15.114168167114258,15.114168167114256,14.497006657532284,14.767802791446789,24475859,0.02127646137930328,ITUB4.SA,-1.0
2020-04-14,15.303091049194336,15.838384822340814,15.303091049194336,15.403852278054414,38256991,0.01249972079119388,ITUB4.SA,-1.0
2020-04-15,14.736305236816406,15.416441564103037,14.71741157817145,15.01969514636576,39479498,-0.037037341708018534,ITUB4.SA,-1.0
2020-04-16,14.364751815795898,15.000806733418772,14.358454835230479,14.925236162029703,35203782,-0.025213472105086288,ITUB4.SA,-1.0
2020-04-17,14.622953414916992,14.868558807727688,14.238802192858737,14.761499244164552,28510925,0.017974664820673558,ITUB4.SA,-1.0
2020-04-20,14.25769329071045,14.465512697464701,14.169527399304357,14.3080732168336,32385445,-0.024978546661711842,ITUB4.SA,-1.0
2020-04-22,14.087657928466797,14.566273331759753,13.986896719304031,14.10655022989709,54442009,-0.011925867584375527,ITUB4.SA,1.0
2020-04-23,13.88613510131836,14.320667547867044,13.753886273358415,14.270287625229262,46968628,-0.014304920531980181,ITUB4.SA,1.0
2020-04-24,13.149324417114258,13.741295153458786,12.828148399461476,13.690915215418844,77972720,-0.0530608897888476,ITUB4.SA,1.0
2020-04-27,13.583854675292969,13.942815244906086,13.287867996777948,13.564961010950588,43526121,0.033045823830550214,ITUB4.SA,1.0
2020-04-28,14.704821586608887,14.868559429274638,14.226207464727294,14.471812867804974,66017077,0.08252200410792021,ITUB4.SA,-1.0
2020-04-29,14.900053977966309,15.18974246687277,14.585174830653656,15.114170491654198,35725869,0.013276760293046586,ITUB4.SA,-1.0
2020-04-30,14.339568138122559,14.692231849745891,14.144342611387259,14.226211556266106,52450082,-0.03761636304623983,ITUB4.SA,1.0
2020-05-04,13.794458389282227,13.920491864651396,13.72513916073875,13.832267887166022,36303925,-0.03801437697353849,ITUB4.SA,1.0
2020-05-05,14.30489444732666,14.727109535750257,13.807059010284267,13.989809434445476,58831591,0.037002979286306914,ITUB4.SA,1.0
2020-05-06,14.015013694763184,14.355307267068197,13.863773014950112,14.24187607629986,33059693,-0.02026444540579253,ITUB4.SA,1.0
2020-05-07,13.510883331298828,14.166262178203691,13.315530584222959,14.103245426595544,59143166,-0.03597073641481552,ITUB4.SA,1.0
2020-05-08,14.065436363220215,14.349014505477033,13.800764338325758,13.876384722321623,40499198,0.04104491307661062,ITUB4.SA,1.0
2020-05-11,14.103245735168457,14.512857353218912,13.970908374987566,13.970908374987566,43299294,0.0026881051516545185,ITUB4.SA,1.0
2020-05-12,13.618016242980957,14.27969778434319,13.6054139782623,14.185171266226542,49000210,-0.03440551921870805,ITUB4.SA,1.0
2020-05-13,13.611708641052246,13.825966104887478,13.359640315578025,13.699932623059095,39327676,-0.0004631806730266419,ITUB4.SA,1.0
2020-05-14,14.210372924804688,14.235580167954343,13.063459703306126,13.42896064352344,69987336,0.04398156760033034,ITUB4.SA,1.0
2020-05-15,13.630610466003418,14.349007150263,13.630610466003418,14.178860352125128,42790577,-0.04079853933947608,ITUB4.SA,1.0
2020-05-18,14.285998344421387,14.456145253124598,13.870084132641777,14.147361181706883,56197819,0.04808206353285449,ITUB4.SA,1.0
2020-05-19,13.668429374694824,14.317505862434109,13.61801487361723,14.260790229630798,46319079,-0.04322896831132006,ITUB4.SA,1.0
2020-05-20,13.611708641052246,13.832268596069369,13.460467918131204,13.81966497552304,46901668,-0.004149762352914421,ITUB4.SA,1.0
2020-05-21,14.39312744140625,14.39312744140625,13.681032835861483,13.687333967511618,68890818,0.057407840629006834,ITUB4.SA,1.0
2020-05-22,14.46874713897705,14.714513050676743,13.99611734780698,14.241884621324555,58072141,0.00525387535673838,ITUB4.SA,1.0
2020-05-25,15.098919868469238,15.243859517625495,14.739721311469388,15.067411485925351,31903240,0.043554063350418115,ITUB4.SA,1.0
2020-05-26,14.500253677368164,15.388796155604355,14.405727186414845,15.332080533395905,60124797,-0.039649603833666,ITUB4.SA,1.0
2020-05-27,14.953983306884766,14.953983306884766,14.594784675720625,14.897267661868414,41286633,0.031291151148947094,ITUB4.SA,1.0
2020-05-28,14.689313888549805,15.155641400047799,14.689313888549805,14.802745199307372,27099660,-0.017698924286822515,ITUB4.SA,1.0
2020-05-29,14.519157409667969,14.683003134221071,14.311201050741483,14.60738140204997,61146310,-0.011583691394495332,ITUB4.SA,1.0
2020-06-01,14.919581413269043,15.03939181268493,14.31422145405433,14.396197707710016,44437732,0.027579011116336538,ITUB4.SA,1.0
2020-06-02,15.922213554382324,15.95374247425942,15.026785143803618,15.133983743926864,65499523,0.06720243104284207,ITUB4.SA,1.0
2020-06-03,16.344697952270508,16.880693522080445,16.269028294078506,16.58432012636793,66527720,0.02653427530319119,ITUB4.SA,1.0
2020-06-04,16.817628860473633,16.918522151261733,16.06723645811086,16.25010461080483,50233367,0.028934820917717152,ITUB4.SA,-1.0
2020-06-05,17.189678192138672,18.09771678614082,17.139232209229743,17.757202654066305,73266011,0.022122579511756557,ITUB4.SA,-1.0
2020-06-08,17.883316040039062,17.958985680457392,17.347320596126476,17.410379765395835,35987818,0.040351997294376885,ITUB4.SA,-1.0
2020-06-09,17.530189514160156,17.8076443981737,17.18967410043427,17.38515547410021,58505854,-0.01974614356131099,ITUB4.SA,-1.0
2020-06-10,16.76719093322754,17.763512567948727,16.69782650141867,17.725677051678773,55794358,-0.043524833563054144,ITUB4.SA,-1.0
2020-06-12,16.432981491088867,16.628462941994698,16.155526497445514,16.338394747261187,61413132,-0.019932345463805068,ITUB4.SA,1.0
2020-06-15,16.048322677612305,16.388836780961356,15.783478223595814,15.827618965931896,42389042,-0.023407731195045245,ITUB4.SA,1.0
2020-06-16,16.508649826049805,16.754577227637043,16.205969842349727,16.710436481849857,43066689,0.028683816850197275,ITUB4.SA,1.0
2020-06-17,16.716747283935547,16.98789708573907,16.48973687990876,16.508655322048075,40552449,0.012605359013514006,ITUB4.SA,-1.0
2020-06-18,17.372543334960938,17.599552244078236,16.59692717741006,16.71043231332112,61149709,0.03922988365419622,ITUB4.SA,-1.0
2020-06-19,17.71306037902832,17.80764709983235,17.39146334796653,17.71936697803829,70349896,0.01960087463889737,ITUB4.SA,-1.0
2020-06-22,17.164459228515625,17.807652108854544,16.96897777020657,17.681536445641417,33178998,-0.030971562156600574,ITUB4.SA,-1.0
2020-06-23,16.93744468688965,17.49866252059164,16.748269875911596,17.46713361254615,67533031,-0.013225848749655489,ITUB4.SA,-1.0
2020-06-24,16.294248580932617,16.975278088518298,16.142907933299725,16.89330184760444,64993751,-0.037974801857501794,ITUB4.SA,1.0
2020-06-25,16.489730834960938,16.603235995364628,16.08615889965521,16.414061182260184,52542988,0.011997009439089545,ITUB4.SA,1.0
2020-06-26,16.212276458740234,16.533872153205778,16.105076531213218,16.212276458740234,44938632,-0.0168258887302426,ITUB4.SA,1.0
2020-06-29,16.697816848754883,16.723040511686907,16.23749249512098,16.33208054976375,34859350,0.029948933528880728,ITUB4.SA,-1.0
2020-06-30,16.048322677612305,16.59062342098489,16.048322677612305,16.533870843309202,51811183,-0.03889695144135019,ITUB4.SA,1.0
2020-07-01,16.46790313720703,16.5373084398426,16.11456903434722,16.15242548050599,44340408,0.026144817001969134,ITUB4.SA,1.0
2020-07-02,16.751842498779297,17.193511769316746,16.66350891737365,16.720296349430676,47130873,0.0172419863783837,ITUB4.SA,-1.0
2020-07-03,16.72028350830078,16.840164510496002,16.530997213015844,16.650878215211062,11603506,-0.0018839116043990467,ITUB4.SA,-1.0
2020-07-06,17.496356964111328,17.572071209758192,16.941117344690085,17.111474056518485,33275416,0.046415089518384356,ITUB4.SA,-1.0
2020-07-07,16.638263702392578,17.483742638742026,16.60671620474662,17.30707419760923,73551300,-0.0490441103527367,ITUB4.SA,1.0
2020-07-08,16.997909545898438,17.07993414377853,16.72029097655531,16.814933484716544,38509083,0.021615587415779514,ITUB4.SA,-1.0
2020-07-09,17.00422477722168,17.14303410199651,16.77077155343336,17.048391566492196,49262840,0.0003715298817299484,ITUB4.SA,-1.0
2020-07-10,17.161954879760742,17.23136155725567,16.79600281067123,17.00421738912167,27255901,0.009275936104440996,ITUB4.SA,-1.0
2020-07-13,16.909578323364258,17.382795019915722,16.909578323364258,17.319700005779115,28077666,-0.014705583260454458,ITUB4.SA,-1.0
2020-07-14,17.193510055541992,17.300771861269105,16.68243685306255,16.8780322313906,32228524,0.01679117756505022,ITUB4.SA,-1.0
2020-07-15,17.313385009765625,17.540529180918167,17.079931884307115,17.376481370368335,36201842,0.006972104813757429,ITUB4.SA,-1.0
2020-07-16,17.023143768310547,17.237668641216068,16.98528732006797,17.143024793592758,22066534,-0.01676398008196356,ITUB4.SA,-1.0
2020-07-17,17.174577713012695,17.28814844810449,17.035767067276737,17.105172390144716,36778199,0.008895768417585215,ITUB4.SA,-1.0
2020-07-20,17.225059509277344,17.37017916114411,17.01053451010272,17.193511996003565,32553016,0.0029393326059132807,ITUB4.SA,-1.0
2020-07-21,17.527908325195312,17.69195612092384,17.262906361623404,17.41433624987999,42023423,0.01758187341848405,ITUB4.SA,-1.0
2020-07-22,17.079933166503906,17.5720779986075,16.89064679750319,17.5720779986075,51680208,-0.02555782186785338,ITUB4.SA,-1.0
2020-07-23,16.72028350830078,17.12409327166932,16.695044971993944,17.098854735362483,33214348,-0.02105685395235901,ITUB4.SA,-1.0
2020-07-24,16.701358795166016,16.96005045898652,16.474215992684183,16.625644527672073,34212861,-0.0011318416416425947,ITUB4.SA,-1.0
2020-07-27,17.540531158447266,17.616245436197982,16.74552783329286,16.802313882483087,56040672,0.050245753867891096,ITUB4.SA,-1.0
2020-07-28,17.439573287963867,17.830765200589155,17.363857668610564,17.490049004024375,26941380,-0.005755690610017683,ITUB4.SA,-1.0
2020-07-29,17.849695205688477,17.975886553700537,17.59100355584258,17.761361671132583,30774772,0.023516740401421377,ITUB4.SA,-1.0
2020-07-30,17.54684829711914,17.811849074594434,17.300775757032255,17.58470613540535,32962255,-0.016966503073555184,ITUB4.SA,-1.0
2020-07-31,16.96636390686035,17.65410275886113,16.90326753605065,17.62886557404607,34987266,-0.033081974633250466,ITUB4.SA,-1.0
2020-08-03,17.2220401763916,17.493502563986237,16.729622030266267,17.108404694874327,37612314,0.015069597170898064,ITUB4.SA,-1.0
2020-08-04,16.21825408935547,16.849561391590218,16.041488481295826,16.571785305474755,90419518,-0.05828496953642859,ITUB4.SA,-1.0
2020-08-05,16.20563507080078,16.603357834395265,16.009929244395114,16.50866115871876,56571143,-0.0007780750310830697,ITUB4.SA,-1.0
2020-08-06,16.432905197143555,16.603358400612446,16.041494895253635,16.224574413527954,33894374,0.014024141932719836,ITUB4.SA,-1.0
2020-08-07,16.085695266723633,16.69806159161417,16.035189983678926,16.18039062602715,75467317,-0.02112894380235797,ITUB4.SA,-1.0
2020-08-10,16.29401969909668,16.464471551228677,16.04149611236762,16.1109401669316,34110211,0.01295091252934566,ITUB4.SA,-1.0
2020-08-11,16.104623794555664,16.59704180456696,16.104623794555664,16.489720192949626,29715757,-0.011623645241543135,ITUB4.SA,-1.0
2020-08-12,15.921555519104004,16.32559235322955,15.725850944976484,16.21826930176291,56153519,-0.011367435699649708,ITUB4.SA,-1.0
2020-08-13,15.467015266418457,16.1298883042542,15.467015266418457,16.073070537338545,46391704,-0.028548733956311745,ITUB4.SA,-1.0
2020-08-14,15.612210273742676,15.915237799549844,15.384940652589684,15.51120109847362,34715799,0.009387396651729052,ITUB4.SA,-1.0
2020-08-17,15.239734649658203,15.624831056013711,15.0566551580055,15.605890904424882,42819015,-0.023857968702286736,ITUB4.SA,1.0
2020-08-18,15.336474418640137,15.589551197779445,15.216263051093891,15.576897153732624,47555975,0.006347864395664038,ITUB4.SA,-1.0
2020-08-19,15.2605562210083,15.45036420562927,15.197287348556683,15.387093965911534,31101529,-0.004950172742410941,ITUB4.SA,-1.0
2020-08-20,15.2605562210083,15.336479141403464,14.893594299709907,14.994825315992166,37688678,0.0,ITUB4.SA,-1.0
2020-08-21,15.235247611999512,15.33647862487232,15.06442002141426,15.127690259001062,26907617,-0.0016584329327359315,ITUB4.SA,1.0
2020-08-24,15.488327026367188,15.709770843706584,15.330153457096033,15.342807506709681,37897717,0.016611440838568692,ITUB4.SA,-1.0
2020-08-25,15.374438285827637,15.627516483299727,15.260554600957768,15.58955434349912,36263931,-0.007353198337410327,ITUB4.SA,-1.0
2020-08-26,15.051769256591797,15.412403504032124,14.87461393607074,15.374441356649129,34718858,-0.020987370285474483,ITUB4.SA,1.0
2020-08-27,15.298514366149902,15.500974978529632,15.058090252596223,15.115032769825627,39986969,0.016393096741769808,ITUB4.SA,-1.0
2020-08-28,15.45669174194336,15.538942376307572,15.27953779155849,15.374441107579145,63602201,0.01033939453254673,ITUB4.SA,-1.0
2020-08-31,14.899925231933594,15.368118313802807,14.899925231933594,15.292195370009578,51036438,-0.03602106578207298,ITUB4.SA,1.0
2020-09-01,15.409558296203613,15.409558296203613,15.023370125260564,15.11200352082576,63655112,0.03420373299442958,ITUB4.SA,-1.0
2020-09-02,15.377911567687988,15.479207124129076,15.131003734371458,15.41589791440508,28518629,-0.002053707699293472,ITUB4.SA,-1.0
2020-09-03,15.75143051147461,16.14395043952951,15.295601403072434,15.320925622466218,91774926,0.02428931536915968,ITUB4.SA,-1.0
2020-09-04,15.802085876464844,16.01100735769284,15.542515934249582,15.928705660795218,47223326,0.003215921560478785,ITUB4.SA,-1.0
2020-09-08,15.447539329528809,15.681784847264613,15.365236332651008,15.548834799479696,33126654,-0.02243669283332317,ITUB4.SA,-1.0
2020-09-09,15.466541290283203,15.707117323908342,15.295604823357449,15.574168562704973,33617016,0.0012300962858253772,ITUB4.SA,-1.0
2020-09-10,15.137331008911133,15.612152677987797,15.130999268924656,15.447547960400714,41152259,-0.021285320046240397,ITUB4.SA,1.0
2020-09-11,14.960058212280273,15.238620457137937,14.833438512567927,15.162649184565279,26452944,-0.011710967840136477,ITUB4.SA,1.0
2020-09-14,15.225963592529297,15.333589485050547,14.763802692377308,15.061358883926987,49272923,0.017774354649953805,ITUB4.SA,1.0
2020-09-15,15.023374557495117,15.339921905843516,14.941071508130268,15.301936935473224,33112604,-0.013305498453548226,ITUB4.SA,1.0
2020-09-16,14.9790620803833,15.333595867446446,14.966399963968485,15.042371294319457,29033351,-0.0029495688163954092,ITUB4.SA,1.0
2020-09-17,14.998047828674316,15.086681235595606,14.808118904109083,14.877759829015039,28402837,0.0012674857871026735,ITUB4.SA,1.0
2020-09-18,14.624515533447266,14.953724800446075,14.580198848730628,14.877753536379943,44287157,-0.02490539432158001,ITUB4.SA,1.0
2020-09-21,14.497902870178223,14.573874171042135,14.213010149904203,14.402939086132678,41436302,-0.008657562910680427,ITUB4.SA,1.0
2020-09-22,14.624515533447266,14.757465587597176,14.40926247847929,14.466241268563069,30894983,0.008733170887044839,ITUB4.SA,1.0
2020-09-23,14.23200798034668,14.643520602099311,14.225676238148912,14.510570433600979,27895932,-0.026839012355855063,ITUB4.SA,1.0
2020-09-24,14.580208778381348,14.776468124889977,14.194019090152857,14.244667546114862,45360901,0.024466034484768917,ITUB4.SA,1.0
2020-09-25,14.504230499267578,14.548547192889586,14.320631986755256,14.44091995970971,24666882,-0.005211055634980033,ITUB4.SA,1.0
2020-09-28,14.497902870178223,15.130998868227342,14.295311822449532,14.719486401088545,66094801,-0.000436260930193777,ITUB4.SA,1.0
2020-09-29,14.181354522705078,14.504234953258516,14.118045331843089,14.497903213289865,30706679,-0.021834078370346677,ITUB4.SA,1.0
2020-09-30,14.244661331176758,14.364949309398455,14.162358310216092,14.295308396903819,25282781,0.004464087571488529,ITUB4.SA,1.0
2020-10-01,14.266831398010254,14.317512239375107,14.051434741848379,14.285836542390893,23197155,0.0015563772502595885,ITUB4.SA,1.0
2020-10-02,14.311179161071777,14.773646850238405,14.152799290351858,14.165469844295401,40201106,0.0031084521730389003,ITUB4.SA,1.0
2020-10-05,14.46322250366211,14.577256115636867,14.152798735880467,14.393535144227588,25874887,0.010624096091530255,ITUB4.SA,1.0
2020-10-06,14.488572120666504,14.811666631670366,14.387209002601534,14.627945552349376,23946974,0.001752694947338096,ITUB4.SA,1.0
2020-10-07,14.380866050720215,14.570923002672338,14.29850949852728,14.526575376580414,25827981,-0.007433863671952645,ITUB4.SA,1.0
2020-10-08,15.248785972595215,15.381824731154737,14.317513293629013,14.393535245798805,71616250,0.060352409848886124,ITUB4.SA,1.0
2020-10-09,15.204450607299805,15.59089801001423,14.944708842090854,15.141099157597717,55458763,-0.0029074685273364764,ITUB4.SA,1.0
2020-10-13,15.058730125427246,15.28679736744642,14.963703020619018,15.191770262638192,35136596,-0.009584067562598886,ITUB4.SA,1.0
2020-10-14,15.01439380645752,15.185442966532264,14.989052683094437,15.134762088856524,24984802,-0.002944226943470074,ITUB4.SA,1.0
2020-10-15,14.881348609924316,15.03339254709844,14.735639266361678,14.86234346004001,24705404,-0.008861176698055084,ITUB4.SA,1.0
2020-10-16,14.640620231628418,14.856017089238662,14.62794966717479,14.830675960331405,24088939,-0.0161765162960672,ITUB4.SA,1.0
2020-10-19,14.798990249633789,15.172766857171178,14.532912682768089,14.729302876678544,43371919,0.010817165905529169,ITUB4.SA,1.0
2020-10-20,15.38817024230957,15.457857651683621,14.887690552265086,14.900361114792235,51806311,0.03981217520501845,ITUB4.SA,1.0
2020-10-21,15.527542114257812,15.799954365216578,15.248793898712648,15.369162166301416,43210807,0.00905707889590679,ITUB4.SA,1.0
2020-10-22,16.325773239135742,16.42080037576128,15.552880111237604,15.56555066993103,75295554,0.05140743583267904,ITUB4.SA,-1.0
2020-10-23,16.11670684814453,16.661532468516207,16.097700332177762,16.408125489772328,57271110,-0.012805910502912132,ITUB4.SA,-1.0
2020-10-26,16.230749130249023,16.382793124832727,15.939330333088296,16.028022891437182,36406802,0.007076028817737168,ITUB4.SA,-1.0
2020-10-27,15.768282890319824,16.57918663480304,15.641578624067506,16.534840346972324,53568353,-0.02849321594573273,ITUB4.SA,1.0
2020-10-28,15.06507682800293,15.470529383309387,15.033401103816603,15.362830278215135,43793395,-0.04459623582404104,ITUB4.SA,1.0
2020-10-29,15.14108657836914,15.229779081886512,14.596261004041082,14.938360464886722,48676512,0.005045427330640839,ITUB4.SA,1.0
2020-10-30,14.875021934509277,15.160104836965235,14.716643304839687,14.982721045545434,44402270,-0.017572361301993245,ITUB4.SA,1.0
2020-11-03,15.239517211914062,15.417015641359866,15.030322830056493,15.15076799719116,42419859,0.024503848062178424,ITUB4.SA,1.0
2020-11-04,15.848093032836914,16.317196670996307,15.765682415891101,16.16505409893678,109894315,0.039934061719952396,ITUB4.SA,1.0
2020-11-05,16.22210121154785,16.443975654186247,16.10799466845956,16.171387953467015,50004728,0.023599569862190917,ITUB4.SA,1.0
2020-11-06,16.20309066772461,16.367910537623903,16.012913473248283,16.06996676858375,36059991,-0.0011718915802171326,ITUB4.SA,1.0
2020-11-09,17.515310287475586,17.76254074816526,16.951118786611744,16.951118786611744,113427009,0.08098576047376094,ITUB4.SA,1.0
2020-11-10,18.307710647583008,18.478870473271684,17.52798483598771,17.52798483598771,96471437,0.0452404409115168,ITUB4.SA,1.0
2020-11-11,18.15557098388672,18.3837827336125,17.882983243184054,18.231641567128644,69702386,-0.008310141372939728,ITUB4.SA,1.0
2020-11-12,17.711816787719727,18.28868660129926,17.489942412572123,18.016100353421717,52200255,-0.024441764820331446,ITUB4.SA,1.0
2020-11-13,18.04779624938965,18.130206815887014,17.743514031391268,17.857620548103064,41748557,0.01896922634739928,ITUB4.SA,1.0
2020-11-16,18.681726455688477,18.757797033488888,18.32038949872998,18.396460076530396,61190157,0.03512507552384769,ITUB4.SA,1.0
2020-11-17,18.694408416748047,18.77048038348935,18.320394078268354,18.618339189857878,45997873,0.0006788430978075244,ITUB4.SA,1.0
2020-11-18,18.23798179626465,18.745121345150874,18.199947186301582,18.656372095336465,46844791,-0.02441514116458976,ITUB4.SA,1.0
2020-11-19,18.263347625732422,18.637363474164296,18.174598334566564,18.320400937185624,30181873,0.0013908243659377373,ITUB4.SA,1.0
2020-11-23,18.320388793945312,18.5169059297887,18.212622260367603,18.288692835241584,31243381,0.0031232591845604674,ITUB4.SA,1.0
2020-11-24,18.8338623046875,19.131805887926475,18.447169510699688,18.447169510699688,53998780,0.028027435253551225,ITUB4.SA,1.0
2020-11-25,18.611997604370117,18.884585370719158,18.33940983802108,18.776817445222225,47849082,-0.011780095698276538,ITUB4.SA,1.0
2020-11-26,18.218963623046875,18.59931792410416,18.142893036820492,18.56762196067028,34762819,-0.0211172379063147,ITUB4.SA,1.0
2020-11-27,18.358427047729492,18.8845852725747,18.32039243769038,18.415481702639052,50016285,0.0076548495056105725,ITUB4.SA,1.0
2020-11-30,18.104846954345703,18.510558347690832,18.104846954345703,18.364755901327715,67854576,-0.013812735302676793,ITUB4.SA,1.0
2020-12-01,18.869138717651367,19.325803484715898,18.3553906833731,18.425159273372703,58196205,0.04221475968468269,ITUB4.SA,1.0
2020-12-02,19.01500701904297,19.179913379832104,18.672507611275638,18.97695107240952,36436713,0.007730522498896386,ITUB4.SA,1.0
2020-12-03,19.002328872680664,19.58584538400806,18.96427291168949,19.11649401436399,45192877,-0.0006667442378331945,ITUB4.SA,1.0
2020-12-04,19.192607879638672,19.28774573578187,18.805710367645396,19.167237236409058,39764447,0.010013457204793852,ITUB4.SA,1.0
2020-12-07,19.30677032470703,19.70000835846294,19.04672471315478,19.186261850793286,34741292,0.00594825079448813,ITUB4.SA,1.0
2020-12-08,19.256032943725586,19.744410282950497,19.1482097669382,19.30677422972804,31536148,-0.0026279579716405044,ITUB4.SA,1.0
2020-12-09,19.37019157409668,19.49704336677115,19.211627175914764,19.275052386929666,35784218,0.0059284604832530174,ITUB4.SA,1.0
2020-12-10,20.01079750061035,20.11862204576953,19.509734850449473,19.509734850449473,57185795,0.03307173933015406,ITUB4.SA,-1.0
2020-12-11,19.89256477355957,20.006961853018154,19.581147831142353,19.809943363489214,27197665,-0.0059084465297885025,ITUB4.SA,-1.0
2020-12-14,19.625633239746094,20.102291562665837,19.625633239746094,20.000604215715178,30308089,-0.013418658521513138,ITUB4.SA,-1.0
2020-12-15,19.803586959838867,19.95611730284111,19.625634435193053,19.625634435193053,28385955,0.009067412904281591,ITUB4.SA,-1.0
2020-12-16,20.17856788635254,20.451853039901195,19.714619023531167,19.85443971793195,46688550,0.018935000375140287,ITUB4.SA,-1.0
2020-12-17,20.15313148498535,20.432771303220868,20.064155241611743,20.267529904588358,20237079,-0.00126056524479079,ITUB4.SA,-1.0
2020-12-18,20.121355056762695,20.413705971908268,20.02602257974902,20.15948832225403,35932075,-0.0015767489159851378,ITUB4.SA,-1.0
2020-12-21,19.76544952392578,20.019667166523625,19.644696246699002,19.733672490279712,26583352,-0.017687950529817642,ITUB4.SA,-1.0
2020-12-22,19.860780715942383,20.11499973313533,19.797226648358794,19.809937736561373,22273647,0.00482312288932274,ITUB4.SA,-1.0
2020-12-23,20.299306869506836,20.369217167186598,19.873491599536347,19.905268633000976,22613773,0.02208000580825331,ITUB4.SA,-1.0
2020-12-28,20.445486068725586,20.610727497078944,20.343798718947472,20.477263108013208,17498731,0.007201191654397698,ITUB4.SA,-1.0
2020-12-29,20.40098762512207,20.58529490918378,20.292945471479992,20.509031152192993,18563298,-0.002176443419047991,ITUB4.SA,-1.0
2020-12-30,20.1022891998291,20.547170432053154,20.1022891998291,20.464549043170397,29055105,-0.014641370838593515,ITUB4.SA,-1.0
2021-01-04,19.647655487060547,20.340728094188762,19.609505508146793,20.334370222396732,35517057,-0.022616016924700277,ITUB4.SA,-1.0
2021-01-05,19.520483016967773,19.749386965299376,19.18348427790579,19.53955800247528,32007023,-0.006472653705503206,ITUB4.SA,-1.0
2021-01-06,20.09275245666504,20.38524071536489,19.577715288791854,19.698527239696002,48789132,0.029316356526620346,ITUB4.SA,-1.0
2021-01-07,20.874835968017578,21.02108073063398,20.029159493047864,20.124537169314458,52265063,0.03892366230257882,ITUB4.SA,-1.0
2021-01-08,20.868486404418945,21.26271165931495,20.620505979983058,20.93842988291751,59519322,-0.00030417310144903453,ITUB4.SA,-1.0
2021-01-11,20.397958755493164,20.79218258961199,20.169053352641342,20.645937776474657,35762351,-0.02254728205041967,ITUB4.SA,-1.0
2021-01-12,20.461545944213867,20.63322364715137,20.359810347545146,20.461545944213867,37490176,0.0031173309782077663,ITUB4.SA,-1.0
2021-01-13,20.12454605102539,20.684091118223893,19.876565632185876,20.461544940824616,48404705,-0.01646991356895855,ITUB4.SA,-1.0
2021-01-14,20.72224235534668,20.94478854616004,20.137263011448017,20.359810576342575,31976092,0.029699865169919404,ITUB4.SA,-1.0
2021-01-15,19.940147399902344,20.59506873052372,19.933789527367782,20.378881827215412,42778794,-0.0377418110469373,ITUB4.SA,-1.0
2021-01-18,19.83841323852539,20.30258053107922,19.800261880991222,20.130901483296885,21439532,-0.005101976396496011,ITUB4.SA,-1.0
2021-01-19,19.6031494140625,20.099110212327997,19.425112486291503,20.022808868151998,30824398,-0.011859004126701933,ITUB4.SA,-1.0
2021-01-20,19.27886390686035,19.774823198867647,19.145334872537674,19.743031095107252,32848502,-0.016542520814003425,ITUB4.SA,-1.0
2021-01-21,19.01817512512207,19.367891199299795,18.8528552738298,19.278874086217524,39282922,-0.01352199916954211,ITUB4.SA,-1.0
2021-01-22,18.611225128173828,18.738394923422508,18.426830367847987,18.59850801124089,41696212,-0.021397951920775093,ITUB4.SA,-1.0
2021-01-26,17.993507385253906,19.012608632457443,17.92344382179584,18.46484183252407,57774842,-0.033190600761946354,ITUB4.SA,-1.0
2021-01-27,17.993507385253906,18.46484183252407,17.745101206768243,17.90433607774011,48685803,0.0,ITUB4.SA,-1.0
2021-01-28,18.719614028930664,18.872480088066823,17.980765768499488,18.018982627393548,58947950,0.04035381363567936,ITUB4.SA,-1.0
2021-01-29,18.05082893371582,18.82152387177827,18.018982240208455,18.61133459347761,52468890,-0.03572643614239346,ITUB4.SA,-1.0
2021-02-01,18.531972885131836,18.748645643590404,18.315298749504237,18.480990087492856,52534944,0.026654950483593787,ITUB4.SA,-1.0
2021-02-02,18.136856079101562,18.67216702503803,17.84370921523104,18.531967129412642,113671397,-0.021320817188723362,ITUB4.SA,-1.0
2021-02-03,18.047636032104492,18.417255659645896,17.977535401751343,18.32803717634861,46949933,-0.004919267518468939,ITUB4.SA,-1.0
2021-02-04,17.971168518066406,18.200586952240528,17.767240102910147,18.181469093684907,74160061,-0.004236982278568724,ITUB4.SA,-1.0
2021-02-05,17.894691467285156,18.130484778544627,17.773609420518245,18.041264906161526,44519988,-0.004255541352492842,ITUB4.SA,-1.0
2021-02-08,17.563304901123047,17.9711615738358,17.53144135678643,17.843706019320976,32786187,-0.018518708007229212,ITUB4.SA,-1.0
2021-02-09,17.77361488342285,18.1049989511941,17.35301367018403,17.518705015485107,42778341,0.011974396816760713,ITUB4.SA,-1.0
2021-02-10,17.64615821838379,17.96479654249086,17.448603338825507,17.779985983988222,32474159,-0.007171116617247009,ITUB4.SA,-1.0
2021-02-11,17.64615821838379,17.926559447817205,17.52507615100391,17.83734093741425,25381012,0.0,ITUB4.SA,-1.0
2021-02-12,17.69075584411621,17.907429817159617,17.461336181226958,17.544182476640966,28173404,0.0025273277718862452,ITUB4.SA,-1.0
2021-02-17,17.913814544677734,18.022150918641454,17.614295443198117,17.716259656351195,27915647,0.012608771639099237,ITUB4.SA,-1.0
2021-02-18,17.786354064941406,18.162347256234664,17.72262696560435,17.792727601176264,55882732,-0.0071152059444646865,ITUB4.SA,-1.0
2021-02-19,17.601537704467773,17.971157207879315,17.423100797797925,17.773601077517682,30505118,-0.010390907535003158,ITUB4.SA,-1.0
2021-02-22,16.320621490478516,16.957896629039734,16.26963870817919,16.91965954231524,97990677,-0.0727729721968624,ITUB4.SA,1.0
2021-02-23,17.365741729736328,17.4804501586256,16.473556032498205,16.511793093573093,86633938,0.06403679172803178,ITUB4.SA,-1.0
2021-02-24,17.11084747314453,17.537820797152694,16.957900468783688,17.48046584266349,40386578,-0.01467799421174898,ITUB4.SA,-1.0
2021-02-25,16.57554054260254,17.24468098299326,16.556422677130325,17.14271673852581,46423088,-0.03128465328103447,ITUB4.SA,1.0
2021-02-26,16.374919891357422,16.913273057759483,16.349283630577748,16.791502896548803,54721294,-0.01210341531423853,ITUB4.SA,1.0
2021-03-01,15.884350776672363,16.653879569310526,15.884350776672363,16.60899043593361,51129457,-0.029958565778631874,ITUB4.SA,1.0
2021-03-02,16.525625228881836,16.87832617611712,15.339268505133585,15.60219118061545,75324899,0.04037146127188551,ITUB4.SA,1.0
2021-03-03,16.5640926361084,16.85907863601447,15.916407249444266,16.52561704487374,69736603,0.0023277429261394644,ITUB4.SA,1.0
2021-03-04,17.083532333374023,17.378518473648036,16.628228843654835,16.68594364377882,74479227,0.03135938132423188,ITUB4.SA,1.0
2021-03-05,17.7183895111084,17.840231221868795,17.006575660907373,17.141244419526625,87989913,0.03716193848822069,ITUB4.SA,1.0
2021-03-08,17.15406608581543,17.94283240249776,17.03222439359297,17.250257843649685,64742225,-0.03184958909155777,ITUB4.SA,1.0
2021-03-09,17.391340255737305,17.673500667894857,16.897559880913843,17.070704242627226,42477076,0.013831949156245527,ITUB4.SA,1.0
2021-03-10,17.519596099853516,17.62861215407716,17.064291310197625,17.384928720232878,42320722,0.00737469581011152,ITUB4.SA,1.0
2021-03-11,17.545255661010742,17.87871891661101,17.30157209353385,17.699162311983866,39134159,0.0014646205889097264,ITUB4.SA,1.0
2021-03-12,17.429826736450195,17.64144681438465,17.35287410682037,17.410588925495176,27834637,-0.006578925197257446,ITUB4.SA,1.0
2021-03-15,17.63502311706543,17.692736512112948,17.301560092762994,17.41057751696227,31826649,0.011772714882249291,ITUB4.SA,1.0
2021-03-16,17.275917053222656,17.660682905326016,17.06429701250389,17.641443711944667,24795138,-0.02036323181767008,ITUB4.SA,1.0
2021-03-17,17.949247360229492,17.98772295779174,17.166893118154317,17.224607900306562,40771231,0.038975083344778616,ITUB4.SA,1.0
2021-03-18,18.051856994628906,18.41738221656392,17.853061262809813,17.910776063285724,51899784,0.005716653870778243,ITUB4.SA,1.0
2021-03-19,18.090330123901367,18.327601432964087,17.795344022276463,18.10956792615239,53595885,0.00213125604107689,ITUB4.SA,1.0
2021-03-22,18.19293785095215,18.199351376916734,17.63503038250367,17.9492543521049,40546557,0.0056719654283816645,ITUB4.SA,1.0
2021-03-23,17.731220245361328,18.289129082177467,17.724808105406616,17.95566593091685,35929469,-0.025378947005343377,ITUB4.SA,1.0
2021-03-24,17.42339324951172,17.827396517428365,17.42339324951172,17.72479266685679,45459132,-0.017360733868845846,ITUB4.SA,1.0
2021-03-25,17.731220245361328,17.75045805103484,17.231026211375095,17.314392345642588,58976162,0.017667453832980407,ITUB4.SA,1.0
2021-03-26,18.03358268737793,18.059281084164752,17.66096148737731,17.680234590791393,37105863,0.017052545613475356,ITUB4.SA,1.0
2021-03-29,18.02715492248535,18.123521807274297,17.731627587769758,18.065701121060222,25971872,-0.00035643305071475506,ITUB4.SA,1.0
2021-03-30,18.322681427001953,18.341954525416124,17.87939044501403,17.88581434836819,27019104,0.016393407933050552,ITUB4.SA,1.0
2021-03-31,17.969337463378906,18.296987151866652,17.783026175634884,18.18776966346939,33286180,-0.01928451166008527,ITUB4.SA,1.0
2021-04-01,17.419755935668945,18.081836011223054,17.419755935668945,18.081836011223054,36071207,-0.030584406844715084,ITUB4.SA,1.0
2021-04-05,17.64472007751465,17.73470991406249,17.432596712127516,17.586866987775913,27186335,0.012914310778893379,ITUB4.SA,1.0
2021-04-06,17.43902587890625,17.760422525916987,17.323322474779925,17.676860036678587,26249344,-0.01165754955050391,ITUB4.SA,1.0
2021-04-07,17.284753799438477,17.58043823938496,17.130482146970355,17.368316279974696,35444885,-0.008846370235299439,ITUB4.SA,1.0
2021-04-08,17.14977264404297,17.41974641065353,17.14334529254616,17.361894690794564,30197509,-0.0078092610957463116,ITUB4.SA,1.0
2021-04-09,17.12405776977539,17.34903726237153,17.03406791747233,17.053351358030366,23231598,-0.0014994294560815025,ITUB4.SA,1.0
2021-04-12,17.548311233520508,17.548311233520508,17.2076295522402,17.226913001641773,28113582,0.02477528804498319,ITUB4.SA,1.0
2021-04-13,17.541873931884766,17.638292513309878,17.2783275867683,17.464737399828802,30517241,-0.00036683311288931986,ITUB4.SA,1.0
2021-04-14,17.76685333251953,18.05611048740715,17.387603550206062,17.586869466764497,45978612,0.01282527747653206,ITUB4.SA,1.0
2021-04-15,17.76685333251953,18.049681748042687,17.606154295761225,17.77970803305513,33895961,0.0,ITUB4.SA,1.0
2021-04-16,17.96612548828125,18.06254549945925,17.67043949134453,17.67043949134453,22814088,0.011215950963977539,ITUB4.SA,1.0
2021-04-19,17.69614601135254,17.972548473159087,17.644723040533275,17.92112411324312,30561428,-0.015027139663741695,ITUB4.SA,1.0
2021-04-20,17.606151580810547,17.856841817240433,17.529016444008224,17.61900766846034,22424902,-0.0050855384265171555,ITUB4.SA,1.0
2021-04-22,17.61258316040039,17.8182778340094,17.503308472775444,17.696147055646794,27442166,0.00036530297721926175,ITUB4.SA,1.0
2021-04-23,17.69614601135254,17.933980203222113,17.61258212103745,17.644723040533275,19459161,0.004744497169502537,ITUB4.SA,1.0
2021-04-26,17.68328857421875,17.901839309018477,17.535445634368436,17.78613589711882,23160786,-0.0007265670799472268,ITUB4.SA,1.0
2021-04-27,17.413314819335938,17.837558809543545,17.36831920252311,17.657576342292245,33665508,-0.015267168985548252,ITUB4.SA,1.0
2021-04-28,18.171131134033203,18.229103711473094,17.675145228379446,17.726675634993303,42502908,0.04351935990129685,ITUB4.SA,1.0
2021-04-29,17.59785270690918,18.261314316735188,17.565646021849552,18.151811309132622,37968076,-0.03154885751995451,ITUB4.SA,1.0
2021-04-30,17.733116149902344,17.77176360325412,17.35951621284225,17.507668032021144,48196913,0.007686360673996084,ITUB4.SA,1.0
2021-05-03,17.981245040893555,18.168147546979498,17.775008273059985,17.85234671280816,46978032,0.013992402062543263,ITUB4.SA,1.0
2021-05-04,17.214305877685547,18.271268497295,17.175637345811296,18.110147293222365,89509379,-0.042652172386495435,ITUB4.SA,1.0
2021-05-05,17.70411491394043,17.820123275124416,17.091850265506597,17.33675696053476,56856659,0.02845360363265126,ITUB4.SA,1.0
2021-05-06,17.59455108642578,17.800787850004763,17.45920847146913,17.633219609123326,27016611,-0.006188608018375286,ITUB4.SA,1.0
2021-05-07,17.807235717773438,17.85234993182437,17.555884698701693,17.66544878479532,30255405,0.012088096496633227,ITUB4.SA,1.0
2021-05-10,18.071474075317383,18.20037101508583,17.736338967852472,17.83301306543651,32535114,0.014838819552447813,ITUB4.SA,1.0
2021-05-11,18.032808303833008,18.148816690503406,17.865241407952446,17.878131383444494,28633629,-0.002139602520703443,ITUB4.SA,1.0
2021-05-12,17.76856803894043,17.91680066260645,17.646115365327102,17.852350787474723,26098428,-0.014653306375824515,ITUB4.SA,1.0
2021-05-13,18.284154891967773,18.413053222744367,17.768564354376764,17.79434429908362,48363464,0.029016792568619998,ITUB4.SA,1.0
2021-05-14,18.690176010131836,18.80618432669831,18.26481403973101,18.4710507374587,50573834,0.022206173627550507,ITUB4.SA,1.0
2021-05-17,18.677289962768555,18.709512797250042,18.28415076928533,18.606395827188646,42125619,-0.0006894556453773681,ITUB4.SA,1.0
2021-05-18,18.638626098632812,18.851307181584207,18.483949200624128,18.56128764962847,29956293,-0.0020701003310873434,ITUB4.SA,1.0
2021-05-19,18.773971557617188,18.844865726854817,18.17459674669457,18.38727786164943,29980879,0.007261557706461197,ITUB4.SA,1.0
2021-05-20,18.877084732055664,19.15421425519784,18.728852143302355,18.812634872103587,36382216,0.005492347430165356,ITUB4.SA,1.0
2021-05-21,18.96731185913086,18.999536090546474,18.651512441397276,18.902863396299633,31633020,0.0047797172262504795,ITUB4.SA,1.0
2021-05-24,18.915761947631836,19.076884582416266,18.819089202416148,19.025326063519557,28429122,-0.002717829067285904,ITUB4.SA,1.0
2021-05-25,18.721277236938477,18.96659137249897,18.579254438519065,18.927857121071067,38124430,-0.010281621815277031,ITUB4.SA,1.0
2021-05-26,18.979494094848633,19.089238997673057,18.772914305353368,18.772914305353368,23792660,0.01379269451769427,ITUB4.SA,1.0
2021-05-27,18.818103790283203,19.044050002002688,18.637346820907617,18.979494340104026,67821833,-0.008503403924198016,ITUB4.SA,1.0
2021-05-28,19.127971649169922,19.19898231243747,18.721267111897085,18.760001342376317,29988923,0.016466476236926653,ITUB4.SA,1.0
2021-05-31,19.069875717163086,19.321644789858087,18.97304081455376,19.153797811345168,17563652,-0.0030372238663035622,ITUB4.SA,1.0
2021-06-01,19.76421546936035,19.76421546936035,19.247504665397596,19.273339228547044,48906171,0.03641029246836425,ITUB4.SA,1.0
2021-06-02,20.42300796508789,20.532808610414637,19.783577557611874,19.796495526906092,64182184,0.0333325902436572,ITUB4.SA,-1.0
2021-06-04,20.84930419921875,20.913892681586983,20.30675759744536,20.39072234536738,41730769,0.020873332413109402,ITUB4.SA,-1.0
2021-06-07,21.340181350708008,21.430605788813402,20.5844902072985,20.849305231371513,67509805,0.023544054362622413,ITUB4.SA,-1.0
2021-06-08,21.191617965698242,21.41121928424548,20.836378650224347,21.19807625327431,81765550,-0.0069616739693187935,ITUB4.SA,-1.0
2021-06-09,21.482271194458008,22.08294787570713,20.939724694721143,21.101197266057067,101547730,0.013715480773116573,ITUB4.SA,-1.0
2021-06-10,21.404766082763672,21.882724142016265,21.262671160279975,21.70187529751888,56582926,-0.003607863944773748,ITUB4.SA,-1.0
2021-06-11,21.152868270874023,21.41122355374369,20.90097127686824,21.340176793108192,26202324,-0.011768304821256126,ITUB4.SA,-1.0
2021-06-14,21.081823348999023,21.353096629040156,20.900973099854944,21.27558878121413,26905690,-0.0033586424765299494,ITUB4.SA,-1.0
2021-06-15,21.081823348999023,21.204542014381918,20.855760886514755,21.15932980104173,19955642,0.0,ITUB4.SA,-1.0
2021-06-16,21.50164794921875,21.708331324403527,20.959100076482272,21.107654668378995,75863980,0.019914055500311445,ITUB4.SA,-1.0
2021-06-17,21.24974822998047,22.17982818354452,21.22391228799732,21.740622752962715,56128933,-0.01171536804217066,ITUB4.SA,-1.0
2021-06-18,20.862218856811523,21.294964690576045,20.720123939044253,21.152868377025566,46601083,-0.018236892455139486,ITUB4.SA,-1.0
2021-06-21,20.9591007232666,21.14640923891869,20.707203738112554,20.810546126785578,31004431,0.0046438908114248,ITUB4.SA,-1.0
2021-06-22,20.687829971313477,20.96556293607539,20.545735042116284,20.817008321679094,46060415,-0.012942862174043057,ITUB4.SA,-1.0
2021-06-23,20.53927993774414,21.068908640376698,20.44239720019989,20.700752562768187,32356327,-0.007180551743480201,ITUB4.SA,-1.0
2021-06-24,20.545730590820312,20.797626155995168,20.33258614952795,20.778249896162414,26939907,0.00031406422697011216,ITUB4.SA,-1.0
2021-06-25,19.893381118774414,20.752412942814935,19.770662486166188,20.655530252582007,44105310,-0.03175109637314932,ITUB4.SA,-1.0
2021-06-28,19.667325973510742,19.957975526609,19.40897066011414,19.91922299728036,40825275,-0.01136333456409433,ITUB4.SA,-1.0
2021-06-29,19.473556518554688,19.66086503771098,19.26687173734194,19.544604673805914,34621647,-0.009852353859240215,ITUB4.SA,-1.0
2021-06-30,19.247499465942383,19.551067016160374,19.228123199868577,19.376676434145715,25504056,-0.011608411252300721,ITUB4.SA,-1.0
2021-07-01,19.18610191345215,19.373504735143523,18.94700258026868,19.25072429842464,22975087,-0.0031898976071605967,ITUB4.SA,-1.0
2021-07-02,19.392894744873047,19.451054205078822,19.108560381914906,19.30888632535666,28580038,0.010778261908215292,ITUB4.SA,-1.0
2021-07-05,19.12794303894043,19.29595984842248,19.09563254372802,19.205488506747407,13798920,-0.013662308253524769,ITUB4.SA,-1.0
2021-07-06,19.095630645751953,19.211949534144082,18.888841821162792,19.050395677653437,27612682,-0.0016892769453932255,ITUB4.SA,-1.0
2021-07-07,19.179643630981445,19.34766047619619,18.837151191702123,19.115022626813456,44403516,0.004399592073602632,ITUB4.SA,-1.0
2021-07-08,18.927627563476562,19.173188579630754,18.714375663857346,18.83715756842115,55591098,-0.01313976799327976,ITUB4.SA,-1.0
2021-07-12,19.18610191345215,19.386427815652123,18.94700258026868,18.998700488246673,30539448,0.013655929625028485,ITUB4.SA,-1.0
2021-07-13,19.30242919921875,19.405823663626567,18.84361635068946,19.063329762116886,35688706,0.006063101629051548,ITUB4.SA,-1.0
2021-07-14,19.328266143798828,19.935708113741672,19.27010809874323,19.515668943930443,48257302,0.001338533316890711,ITUB4.SA,-1.0
2021-07-15,19.095630645751953,19.43166143834499,18.9857746936515,19.29595793053524,25655652,-0.012036025182812993,ITUB4.SA,-1.0
2021-07-16,18.785446166992188,19.250721689802074,18.75313567712721,19.23779721455894,21614354,-0.01624374101667958,ITUB4.SA,1.0
2021-07-19,18.67559814453125,18.798378616697146,18.488196665222524,18.54635473375929,39053943,-0.005847506707290839,ITUB4.SA,1.0
2021-07-20,18.92115592956543,19.043937777716533,18.494655119258237,18.591586613787666,29845712,0.013148590108536196,ITUB4.SA,-1.0
2021-07-21,18.998708724975586,19.16672420577395,18.888851321137555,18.908237346791,15188431,0.004098734543431126,ITUB4.SA,-1.0
2021-07-22,18.804840087890625,19.076249972494935,18.70790718825412,19.011627573908534,19526235,-0.010204305981600825,ITUB4.SA,1.0
2021-07-23,18.753137588500977,18.953464880458878,18.61097113930794,18.875919417582146,18986587,-0.002749425102686276,ITUB4.SA,1.0
2021-07-26,19.082712173461914,19.218417120452987,18.791916257477116,18.791916257477116,27382004,0.01757437033699505,ITUB4.SA,-1.0
2021-07-27,19.270111083984375,19.39935446259647,18.953466272694996,19.063322236799404,41281308,0.009820349896754843,ITUB4.SA,-1.0
2021-07-28,19.896934509277344,20.17480723899137,19.451047788924292,19.483358279161468,78928065,0.03252827254399837,ITUB4.SA,-1.0
2021-07-29,19.793548583984375,20.019723493087028,19.580296758413677,19.955102489482336,26288092,-0.00519607305561387,ITUB4.SA,-1.0
2021-07-30,19.580299377441406,20.090808725770295,19.42520838945094,19.64492178617611,48144908,-0.01077367232248172,ITUB4.SA,-1.0
2021-08-02,19.69990348815918,20.372298040691586,19.69990348815918,19.913259505681104,42392667,0.00610839029640009,ITUB4.SA,-1.0
2021-08-03,19.893861770629883,20.320573760318766,19.499474880294137,20.30117814183587,62356921,0.009845646329551094,ITUB4.SA,-1.0
2021-08-04,19.337854385375977,19.86801376640281,19.286132234562345,19.771034209685315,57249470,-0.027948690488779904,ITUB4.SA,-1.0
2021-08-05,19.396034240722656,19.764559469728034,19.202075211662645,19.525341657273888,55969180,0.003008599309273885,ITUB4.SA,-1.0
2021-08-06,19.939115524291992,20.06842288411016,19.36369924013729,19.473610984994778,37719836,0.027999604291743196,ITUB4.SA,-1.0
2021-08-09,20.171873092651367,20.320574704163796,19.8938626946551,19.8938626946551,38432832,0.011673414905280177,ITUB4.SA,-1.0
2021-08-10,19.790424346923828,20.152483493631618,19.764562580108098,20.14601875051674,35944764,-0.018909931862822416,ITUB4.SA,-1.0
2021-08-11,20.010244369506836,20.230066584254015,19.486551297004773,19.654651377376293,39474399,0.011107393087161244,ITUB4.SA,-1.0
2021-08-12,19.6352596282959,20.10076455141919,19.6352596282959,19.939131964846013,30945175,-0.018739638271602965,ITUB4.SA,-1.0
2021-08-13,19.900339126586914,20.00378481936942,19.473626866390184,19.667587365710084,34220225,0.013500177909999023,ITUB4.SA,-1.0
2021-08-16,19.682262420654297,20.214216330506552,19.636851823611384,19.889854121966994,40491380,-0.010958441690135157,ITUB4.SA,-1.0
2021-08-17,19.61089324951172,19.837947529411007,19.29301922032269,19.662791851285427,44072680,-0.003626065419577218,ITUB4.SA,-1.0
2021-08-18,19.649816513061523,20.188256777128142,19.468174217025616,19.539534091013174,53791214,0.001984777697506157,ITUB4.SA,-1.0
2021-08-19,19.396820068359375,20.000132358543876,19.234638998483195,19.396820068359375,45082749,-0.012875257361002701,ITUB4.SA,-1.0
2021-08-20,19.32546043395996,19.41628160342202,18.942713075578844,19.202201930912246,39317932,-0.0036789346989828386,ITUB4.SA,-1.0
2021-08-23,19.533042907714844,19.610889393160285,19.318964722263164,19.370863313831357,24393150,0.010741398605442987,ITUB4.SA,-1.0
2021-08-24,20.07798194885254,20.11690591625979,19.61738937835912,19.62387740721418,34165275,0.027898317927846472,ITUB4.SA,-1.0
2021-08-25,20.10392951965332,20.142853483690136,19.799030041374813,19.948236467321227,19855031,0.001292339582079638,ITUB4.SA,-1.0
2021-08-26,19.61737823486328,20.071483920458213,19.571967666303788,20.04553462359367,39789600,-0.024201800166200993,ITUB4.SA,-1.0
2021-08-27,19.95471954345703,20.019592805309777,19.52656302476558,19.7341546588797,25233269,0.017196044474191652,ITUB4.SA,-1.0
2021-08-30,19.8120059967041,19.9806737147881,19.682260843304583,19.90931381032298,21302552,-0.007151869333073324,ITUB4.SA,-1.0
2021-08-31,20.071491241455078,20.285569513904473,19.805514356346784,19.870387622170405,49407297,0.013097373622547037,ITUB4.SA,-1.0
2021-09-01,20.159109115600586,20.52906114421458,20.120167682643704,20.159109115600586,32612838,0.004365289708247788,ITUB4.SA,-1.0
2021-09-02,19.432191848754883,20.055267541798813,19.32834566614963,20.048777769018056,36876544,-0.036058997581552954,ITUB4.SA,-1.0
2021-09-03,19.321855545043945,19.57497912033175,18.99733605492936,19.555508399752895,56222519,-0.005678016384858209,ITUB4.SA,-1.0
2021-09-06,19.568498611450195,19.646382933223833,19.224508237910744,19.256959921767407,30840146,0.012764978282301387,ITUB4.SA,-1.0
2021-09-08,18.64035987854004,19.536032420288013,18.543004899265096,19.497089587025723,54336867,-0.04743024752890701,ITUB4.SA,-1.0
2021-09-09,18.886993408203125,19.153097837101726,18.406705518490973,18.796126804999545,63103001,0.013231157084420131,ITUB4.SA,-1.0
2021-09-10,18.698776245117188,19.250458751910763,18.555988640144527,19.146612583481826,40810093,-0.009965438067246257,ITUB4.SA,-1.0
2021-09-13,18.932432174682617,19.094690512496406,18.78964315430145,19.036278352435957,35205595,0.012495787237758016,ITUB4.SA,-1.0
2021-09-14,18.81560516357422,19.055749188101036,18.757191600571748,18.886999674198076,27397073,-0.006170734432347502,ITUB4.SA,-1.0
2021-09-15,18.51055335998535,18.867523022237386,18.51055335998535,18.85454348031933,29908367,-0.016212702219082886,ITUB4.SA,-1.0
2021-09-16,18.497573852539062,18.60142001406159,18.276900583980282,18.380746745502808,52599525,-0.0007011949990834987,ITUB4.SA,-1.0
2021-09-17,18.056232452392578,18.497579115072604,18.056232452392578,18.478106989968566,49421346,-0.023859420898373895,ITUB4.SA,-1.0
2021-09-20,17.647335052490234,17.932911665596652,17.43315294330727,17.718729556413688,49865822,-0.022645776242660287,ITUB4.SA,1.0
2021-09-21,17.601900100708008,17.88098690479417,17.569448440309266,17.731708144890188,38037755,-0.0025746069674024152,ITUB4.SA,1.0
2021-09-22,18.01079559326172,18.166565544500564,17.71872921389337,17.73819993182796,43868060,0.023230190502971038,ITUB4.SA,-1.0
2021-09-23,18.633869171142578,18.789637691188915,18.04973511708813,18.127619377111298,56944126,0.034594450570188284,ITUB4.SA,-1.0
2021-09-24,18.374258041381836,18.614403461786015,18.34829754945199,18.497576339045466,46899175,-0.01393221812262102,ITUB4.SA,-1.0
2021-09-27,18.854551315307617,19.036281808724652,18.192532688549043,18.452147478775128,66204022,0.026139464942969814,ITUB4.SA,-1.0
2021-09-28,18.426172256469727,19.217998407128427,18.413191315955746,18.770162271036536,69369851,-0.022720193743889228,ITUB4.SA,-1.0
2021-09-29,18.757183074951172,18.802615669681977,18.42617397011431,18.59492340731632,59439332,0.017964166071725574,ITUB4.SA,-1.0
2021-09-30,18.776668548583984,18.97138002231191,18.627389705306307,18.880514761411412,47356794,0.0010388272884553906,ITUB4.SA,-1.0
2021-10-01,19.26694107055664,19.396816489925637,18.792898385992945,18.90978471977831,48506222,0.026110729957451895,ITUB4.SA,-1.0
2021-10-04,15.805771827697754,16.110977388782715,15.481085448737034,16.07201575303119,66781965,-0.17964290388307547,ITUB4.SA,-1.0
2021-10-05,16.188907623291016,16.481125579711833,15.805775885707074,15.974614361694732,55746545,0.024240245890546186,ITUB4.SA,-1.0
2021-10-06,16.24085235595703,16.318777028729116,15.818759092069582,15.942139940901624,44244216,0.0032086619971369856,ITUB4.SA,-1.0
2021-10-07,15.89668083190918,16.39670007963022,15.844731527417384,16.318774017920575,43538924,-0.02119171558884414,ITUB4.SA,-1.0
2021-10-08,16.01357650756836,16.461645270947137,15.994095684082644,16.01357650756836,55105154,0.007353464342350957,ITUB4.SA,-1.0
2021-10-11,15.734339714050293,16.110976797954088,15.727846576101468,15.961621995297214,48452065,-0.017437503320141712,ITUB4.SA,-1.0
2021-10-13,15.753829002380371,15.877209905281115,15.442128771382036,15.7798029691436,47860412,0.0012386467232987641,ITUB4.SA,-1.0
2021-10-14,15.675896644592285,15.981102182452828,15.481084270714002,15.864214477462893,41792857,-0.004946883565659532,ITUB4.SA,-1.0
2021-10-15,16.078506469726562,16.149937995599704,15.636932443384342,15.72784478419935,59503573,0.025683368183801125,ITUB4.SA,-1.0
2021-10-18,16.188907623291016,16.266832318115547,15.825258111899675,15.96162667867143,32581454,0.006866381138840305,ITUB4.SA,-1.0
2021-10-19,15.805771827697754,16.097991112408828,15.6953786553152,16.039547255466612,47718221,-0.023666562593886442,ITUB4.SA,-1.0
2021-10-20,16.22786521911621,16.266828258462258,15.786291123102384,15.94214047385669,42786725,0.02670501611814924,ITUB4.SA,-1.0
2021-10-21,15.89668083190918,16.33176169487218,15.662906856724145,15.831743850465775,80104912,-0.0204083767479718,ITUB4.SA,-1.0
2021-10-22,15.286283493041992,15.760326406989696,14.877177618543483,15.662920847815908,105874771,-0.03839778538183558,ITUB4.SA,-1.0
2021-10-25,15.584983825683594,15.77979621121182,15.370690622597017,15.370690622597017,45016582,0.019540415613616302,ITUB4.SA,-1.0
2021-10-26,15.416143417358398,15.578487270238629,15.247306427821385,15.383674927445274,32568991,-0.010833531187048884,ITUB4.SA,-1.0
2021-10-27,15.533031463623047,15.870706853836166,15.442119128433866,15.507057513079447,33442194,0.007582184668380343,ITUB4.SA,-1.0
2021-10-28,15.500565528869629,15.571997062100907,15.18237230324013,15.37069014147775,41697345,-0.0020901222552371923,ITUB4.SA,-1.0
2021-10-29,15.13691234588623,15.675893174412195,15.130419209630766,15.5460178194723,39933604,-0.02346063969769996,ITUB4.SA,-1.0
2021-11-01,15.739762306213379,15.837242996053485,15.369339336203927,15.408330488637523,40188416,0.03982648155394686,ITUB4.SA,-1.0
2021-11-03,15.889232635498047,16.16217633667493,15.603291414592055,15.603291414592055,70258916,0.00949635238301294,ITUB4.SA,-1.0
2021-11-04,15.050901412963867,16.071191753058446,14.95992019820243,15.908724896876494,81180809,-0.05276096346284642,ITUB4.SA,-1.0
2021-11-05,14.86894416809082,15.304354820380354,14.647990514841808,15.27186171868952,126468405,-0.012089458290937993,ITUB4.SA,-1.0
2021-11-08,14.790959358215332,15.063903077651469,14.706476176513473,14.816954399412555,37621718,-0.00524481153428813,ITUB4.SA,1.0
2021-11-09,14.641491889953613,15.070404508207217,14.544012579301407,14.855947496891204,49238027,-0.010105326141586657,ITUB4.SA,1.0
2021-11-10,15.011907577514648,15.291349228069473,14.569997695499536,14.641483324116333,54292566,0.025299039902839437,ITUB4.SA,-1.0
2021-11-11,14.979422569274902,15.252367741800851,14.829954566661428,15.226372695964383,44943164,-0.0021639493896433715,ITUB4.SA,-1.0
2021-11-12,14.946921348571777,15.206867428236457,14.790952577270893,14.966416918342789,41650213,-0.0021697245372989116,ITUB4.SA,-1.0
2021-11-16,14.790959358215332,15.21337245796815,14.660985556607448,14.998916879036647,28013991,-0.010434388909884018,ITUB4.SA,1.0
2021-11-17,14.849454879760742,15.063910565289165,14.725980479267342,14.901443583618354,33810419,0.0039548159202345,ITUB4.SA,-1.0
2021-11-18,14.602497100830078,14.927430895645237,14.420536029512824,14.823452137479514,37668284,-0.01663076395263896,ITUB4.SA,1.0
2021-11-19,14.479028701782227,14.609002553882224,14.355554314695562,14.557012451290712,32752424,-0.008455293515575057,ITUB4.SA,1.0
2021-11-22,14.514896392822266,14.784543759589736,14.389938342309348,14.475435282592727,31671315,0.0024772166544309027,ITUB4.SA,1.0
2021-11-23,14.75823974609375,14.75823974609375,14.409671499975557,14.633281666849548,43766770,0.016765076834569737,ITUB4.SA,1.0
2021-11-24,15.152850151062012,15.238348559888138,14.560941697758029,14.606978974528744,52266989,0.026738311055876984,ITUB4.SA,-1.0
2021-11-25,15.290962219238281,15.44880532866078,15.15942653159529,15.192311519446953,20130804,0.00911459341308074,ITUB4.SA,-1.0
2021-11-26,15.001572608947754,15.100224649538312,14.784540109403277,14.968689069168699,36577772,-0.01892553301364075,ITUB4.SA,-1.0
2021-11-29,14.902932167053223,15.25150048501,14.863471039617707,15.172579651393335,38197962,-0.006575340097057292,ITUB4.SA,-1.0
2021-11-30,14.718778610229492,14.96211860235695,14.501744607146728,14.916081344961322,69161379,-0.012356867411021932,ITUB4.SA,1.0
2021-12-01,14.625083923339844,15.085819839684236,14.6119198368192,14.8488691270639,27021256,-0.006365656374811679,ITUB4.SA,1.0
2021-12-02,15.177973747253418,15.243792786640826,14.704073534436288,14.769892573823697,35524082,0.037804215470601754,ITUB4.SA,-1.0
2021-12-03,15.125316619873047,15.533396312100969,15.020005318608275,15.118733863457464,40226598,-0.0034693120608342287,ITUB4.SA,-1.0
2021-12-06,15.303033828735352,15.645294615050794,15.138486194377876,15.204305248120868,42204929,0.0117496521447229,ITUB4.SA,-1.0
2021-12-07,15.112146377563477,15.559718158959132,15.006835119168825,15.546554073862866,34780267,-0.012473830569036282,ITUB4.SA,-1.0
2021-12-08,14.967347145080566,15.230626077562198,14.77647141252607,15.197715144220076,42979561,-0.009581645708374609,ITUB4.SA,-1.0
2021-12-09,14.565851211547852,15.000259102966384,14.447375814842388,14.993677768649912,31683098,-0.026824789299062735,ITUB4.SA,1.0
2021-12-10,14.58559513092041,14.763308207629846,14.394719386937068,14.664578246443723,23448341,0.0013554936876538637,ITUB4.SA,1.0
2021-12-13,14.19726276397705,14.75672740262063,14.19726276397705,14.611925242079426,54986869,-0.02662437586246469,ITUB4.SA,1.0
2021-12-14,14.335487365722656,14.585600900885705,14.269666891435115,14.322323270865148,35664007,0.0097360036257359,ITUB4.SA,1.0
2021-12-15,14.289405822753906,14.4605361162725,14.072200511590106,14.421043853594787,35939779,-0.003214508289333451,ITUB4.SA,1.0
2021-12-16,14.434211730957031,14.453958578668436,14.197262359805288,14.414466305621751,28503900,0.010133794924666706,ITUB4.SA,1.0
2021-12-17,14.11827564239502,14.381554577463088,14.032711197517417,14.23675102093806,39972240,-0.021888004308847964,ITUB4.SA,1.0
2021-12-20,13.901065826416016,14.144597813385378,13.762845084274645,14.138016482872821,25313939,-0.015385010286012246,ITUB4.SA,1.0
2021-12-21,13.920823097229004,14.026134420994397,13.841838537622683,13.947149861388077,28202409,0.0014212774084878532,ITUB4.SA,1.0
2021-12-22,13.973474502563477,14.026130862274346,13.802344178255158,13.973474502563477,20497442,0.0037822049002944613,ITUB4.SA,1.0
2021-12-23,14.045870780944824,14.197255622216932,13.933978193977573,14.039288027372958,25353141,0.005180979030524391,ITUB4.SA,1.0
2021-12-27,14.190675735473633,14.282822925091939,14.026128198566466,14.138020808138487,15891231,0.010309432344006497,ITUB4.SA,1.0
2021-12-28,14.138026237487793,14.282828410048836,14.085371289931853,14.236754797546283,17328328,-0.0037101473507866745,ITUB4.SA,1.0
2021-12-29,14.019546508789062,14.203840902027302,13.973472910479504,14.170931392145594,14565961,-0.00838021706202341,ITUB4.SA,1.0
2021-12-30,13.789175987243652,14.11169111623644,13.789175987243652,14.11169111623644,45316940,-0.01643209510386001,ITUB4.SA,1.0
2022-01-03,14.169708251953125,14.367333274109509,13.893033505649289,13.945734270797926,37222335,0.027596447029285986,ITUB4.SA,1.0
2022-01-04,14.571542739868164,14.611066879673814,14.117005167077325,14.242167315753756,49793763,0.028358698765703405,ITUB4.SA,1.0
2022-01-05,14.2948637008667,14.63741424226334,14.182876763035498,14.551776251020472,35851405,-0.01898762841661661,ITUB4.SA,1.0
2022-01-06,14.584714889526367,14.650589397626744,14.176289807439096,14.255340925449511,40624734,0.02027659687598793,ITUB4.SA,1.0
2022-01-07,14.907505989074707,14.920681178959853,14.413444198046195,14.551781556477192,48590177,0.02213215013069214,ITUB4.SA,1.0
2022-01-10,15.045842170715332,15.072191122356394,14.696704681613978,14.867979273368856,47125888,0.009279632806588056,ITUB4.SA,1.0
2022-01-11,15.381805419921875,15.381805419921875,14.953618162736962,15.012905804325683,63361665,0.0223293083494156,ITUB4.SA,1.0
2022-01-12,15.315925598144531,15.480613276312717,15.105125483975241,15.322513902473165,47231371,-0.004282970690294818,ITUB4.SA,1.0
2022-01-13,15.599187850952148,15.691412719007829,15.184174521126812,15.210524890164084,49188741,0.018494621888339058,ITUB4.SA,1.0
2022-01-14,15.480622291564941,15.711184605840096,15.421334635954807,15.526734754419971,33902872,-0.007600752072485006,ITUB4.SA,1.0
2022-01-17,15.480622291564941,15.64531006564024,15.250059977289785,15.454273329630396,19948957,0.0,ITUB4.SA,1.0
2022-01-18,15.572848320007324,15.783648571864676,15.329110795717714,15.408160534270282,49389056,0.00595751428498037,ITUB4.SA,1.0
2022-01-19,15.46744155883789,15.862691505621713,15.414742230268452,15.691416908302097,35038364,-0.00676862440341186,ITUB4.SA,1.0
2022-01-20,15.342283248901367,15.592607613533112,15.26982040834857,15.506971005221176,29391946,-0.008091726706089264,ITUB4.SA,1.0
2022-01-21,15.348869323730469,15.579431579610722,15.230292618966667,15.269818187221267,42676371,0.0004292760550861363,ITUB4.SA,1.0
2022-01-24,15.329107284545898,15.513557106778432,15.065607741867344,15.381806623651435,44921297,-0.0012875241014670413,ITUB4.SA,1.0
2022-01-25,15.882454872131348,15.908805250354224,15.151243976836332,15.190768120595376,44585362,0.03609783513899134,ITUB4.SA,1.0
2022-01-26,16.053730010986328,16.139366600068072,15.684829007181612,16.027379634234165,63314645,0.01078392101434611,ITUB4.SA,1.0
2022-01-27,16.132776260375977,16.4160392158153,15.941739611943069,16.132776260375977,47070145,0.004923855660681653,ITUB4.SA,1.0
2022-01-28,16.33040428161621,16.34357804608269,15.895628770542919,15.915390840817793,33360845,0.01225009372538266,ITUB4.SA,1.0
2022-01-31,16.686134338378906,16.804709647498704,16.152546870915458,16.2513601030405,50129358,0.02178329762253073,ITUB4.SA,1.0
2022-02-01,16.803239822387695,16.935080742647557,16.59888411667609,16.67139747755982,32598902,0.00701813143979324,ITUB4.SA,1.0
2022-02-02,16.539546966552734,16.816414448033584,16.427480539833926,16.790045709444783,39095411,-0.01569297698671368,ITUB4.SA,1.0
2022-02-03,16.730724334716797,16.829605012342117,16.289054173941146,16.61206638191215,47261735,0.011558803185520938,ITUB4.SA,1.0
2022-02-04,16.783458709716797,16.981220028132796,16.612063287781496,16.638432033397322,39194888,0.0031519481132429306,ITUB4.SA,1.0
2022-02-07,16.69117546081543,16.842793665177823,16.631846474363357,16.776871777693255,26166974,-0.005498464321179508,ITUB4.SA,1.0
2022-02-08,16.875743865966797,16.954850090606577,16.4999957094809,16.664798207296087,42299308,0.011057843444559401,ITUB4.SA,1.0
2022-02-09,16.203353881835938,16.75049606086226,16.196760983543584,16.44725977816847,100922428,-0.039843576050408336,ITUB4.SA,1.0
2022-02-10,16.513185501098633,16.68457952828095,16.124251421595265,16.18358039726757,68333609,0.019121449887607334,ITUB4.SA,1.0
2022-02-11,17.48881721496582,17.7986450828718,17.2515012823958,17.37015924868081,182038996,0.05908198111153529,ITUB4.SA,-1.0
2022-02-14,17.449260711669922,17.594287403443584,17.31741981867683,17.534958431769606,43043123,-0.0022618169547823364,ITUB4.SA,-1.0
2022-02-15,17.614059448242188,17.732717365962728,17.469034212358398,17.66679550913609,33336032,0.00944445379637493,ITUB4.SA,-1.0
2022-02-16,17.429489135742188,17.712948264825883,17.38993600340657,17.653619278606488,44408048,-0.01047857894668447,ITUB4.SA,-1.0
2022-02-17,17.18557357788086,17.455848201557274,17.113060248547846,17.403112141312512,38194109,-0.013994418078561832,ITUB4.SA,-1.0
2022-02-18,17.251493453979492,17.501992225071145,17.17898012698078,17.284453668642357,29924682,0.003835768169150766,ITUB4.SA,-1.0
2022-02-21,16.829607009887695,17.324014730400194,16.631845631164296,17.29105450061296,25401293,-0.024455067917292572,ITUB4.SA,1.0
2022-02-22,16.983713150024414,17.24094245043145,16.81222742486305,16.983713150024414,34318570,0.009156847218486863,ITUB4.SA,-1.0
2022-02-23,16.74627685546875,17.20137345347735,16.706702556570846,16.99690980583089,25506096,-0.013980234619973109,ITUB4.SA,1.0
2022-02-24,16.46265983581543,16.574784845514007,16.05373123378238,16.32415196783601,49889615,-0.016936123897933864,ITUB4.SA,1.0
2022-02-25,16.799034118652344,16.81882054714021,16.363722714610578,16.403296996916126,44070414,0.020432559877421097,ITUB4.SA,1.0
2022-03-02,16.520280838012695,16.771087572705593,16.441078786336973,16.612683469354153,36789303,-0.016593411184881335,ITUB4.SA,1.0
2022-03-03,16.533479690551758,17.061494264111367,16.302473136329606,16.52687868824909,50467105,0.0007989484360757526,ITUB4.SA,1.0
2022-03-04,16.282670974731445,16.58627853262428,16.025263295668957,16.546678228964442,34369894,-0.015169747718844717,ITUB4.SA,1.0
2022-03-07,15.932865142822266,16.137470572488464,15.853663087026277,16.01866677563509,59892079,-0.021483320055538324,ITUB4.SA,1.0
2022-03-08,15.781058311462402,16.14406779988796,15.701856267193527,15.992263287406542,49265672,-0.009527905370381728,ITUB4.SA,1.0
2022-03-09,16.566478729248047,16.705082647609597,15.946060171116525,15.979062326618392,58459174,0.04976981912646261,ITUB4.SA,1.0
2022-03-10,16.57968521118164,16.57968521118164,16.157272304023284,16.328878439005695,33553115,0.000797180991170876,ITUB4.SA,1.0
2022-03-11,16.394872665405273,16.889886413031327,16.355270938015142,16.652280327645407,48649207,-0.0111469273042486,ITUB4.SA,1.0
2022-03-14,16.625883102416992,16.856889667618166,16.50707931850821,16.513680321124603,36267443,0.014090407514977032,ITUB4.SA,1.0
2022-03-15,16.566478729248047,16.790885684541305,16.30247146946201,16.57307830455737,41720798,-0.0035730055843054,ITUB4.SA,1.0
2022-03-16,16.889892578125,16.936093897118596,16.592884506400107,16.7314884633809,45741022,0.019522184174598722,ITUB4.SA,1.0
2022-03-17,17.259502410888672,17.28590357101885,16.804090243396217,16.92289261134452,49108185,0.021883492216070888,ITUB4.SA,-1.0
2022-03-18,17.384906768798828,17.556511452668747,17.206701081903883,17.21990166163522,73408542,0.007265815370844031,ITUB4.SA,-1.0
2022-03-21,17.813919067382812,17.879920539260414,17.39810580086153,17.45090811941858,40745625,0.024677284974225167,ITUB4.SA,-1.0
2022-03-22,18.058122634887695,18.170326835217875,17.886517972776197,17.952519436745572,41741192,0.013708581844408263,ITUB4.SA,-1.0
2022-03-23,17.978919982910156,18.242928682468,17.932718674435307,18.07792360182397,30594059,-0.0043859848323614115,ITUB4.SA,-1.0
2022-03-24,18.09772491455078,18.302331741132633,17.972321558701726,18.038323024660475,53835967,0.006608012703407828,ITUB4.SA,-1.0
2022-03-25,18.130725860595703,18.163726593962892,17.90632030317139,18.163726593962892,36342901,0.0018234858912231644,ITUB4.SA,-1.0
2022-03-28,18.117525100708008,18.289129754781797,17.89971771243748,18.176926986025563,24411278,-0.0007280877770252658,ITUB4.SA,-1.0
2022-03-29,18.32872772216797,18.533331638334268,18.077919654977325,18.28912599798476,33838857,0.0116573660191428,ITUB4.SA,-1.0
2022-03-30,18.36833953857422,18.454142614951387,18.1637326414653,18.374939116917506,37371325,0.00216118745429017,ITUB4.SA,-1.0
2022-03-31,18.137325286865234,18.480534595640243,18.01192194044046,18.4013325571782,46340719,-0.012576762925350149,ITUB4.SA,-1.0
2022-04-01,18.188608169555664,18.41315791858809,18.049913746541122,18.294277800138527,45495048,0.0028274776947165847,ITUB4.SA,-1.0
2022-04-04,18.02349853515625,18.16879535958635,17.845178342812982,18.129169601666867,28469684,-0.009077639853486752,ITUB4.SA,-1.0
2022-04-05,17.660259246826172,18.01029448442598,17.581006281701526,17.983876353639232,41644661,-0.020153650392655487,ITUB4.SA,-1.0
2022-04-06,17.653650283813477,17.772528983243685,17.4753300938154,17.5479792186926,38196035,-0.0003742279725527098,ITUB4.SA,-1.0
2022-04-07,17.64044189453125,17.67346526594042,17.442308802252963,17.508354117835957,26732002,-0.0007481959294467488,ITUB4.SA,-1.0
2022-04-08,17.6074275970459,17.765933555963283,17.44231496338353,17.541382258133783,29650496,-0.001871511931658909,ITUB4.SA,-1.0
2022-04-11,17.5413761138916,17.653652437097094,17.462123162192952,17.567794240202936,30882294,-0.0037513420282573318,ITUB4.SA,-1.0
2022-04-12,17.230968475341797,17.765927694226942,17.178132221645036,17.69988237710599,33798183,-0.017695740433042895,ITUB4.SA,-1.0
2022-04-13,17.27720069885254,17.528168639857157,17.151716728350227,17.35645365773634,38370517,0.002683089089095647,ITUB4.SA,-1.0
2022-04-14,17.389474868774414,17.481936888096815,17.178132702541657,17.21775989392358,26768711,0.006498400515155822,ITUB4.SA,-1.0
2022-04-18,17.488542556762695,17.54137881752897,17.310223744765448,17.330036628935016,23802743,0.005696991354590786,ITUB4.SA,-1.0
2022-04-19,17.17812728881836,17.574393368811826,17.00641236808385,17.514953314089308,39035022,-0.017749636193914897,ITUB4.SA,-1.0
2022-04-20,17.2904052734375,17.33663484581618,17.079063153135866,17.184734213286685,28485092,0.0065361015628417896,ITUB4.SA,-1.0
2022-04-22,16.95358657836914,17.184741676831585,16.814893519291672,17.10548870410671,34773809,-0.01948009255663885,ITUB4.SA,-1.0
2022-04-25,16.887535095214844,16.94037134261412,16.570523319760014,16.84130409235808,42282427,-0.0038960182760721107,ITUB4.SA,-1.0
2022-04-26,16.312955856323242,16.841309950695486,16.279932476593736,16.682804007830956,47838319,-0.0340238664584277,ITUB4.SA,-1.0
2022-04-27,16.18086051940918,16.57712665442567,16.114816639318153,16.50447752998444,27688480,-0.008097572143117127,ITUB4.SA,-1.0
2022-04-28,16.04877471923828,16.240304010055567,15.890268802671574,16.187469180278487,41170160,-0.008163088731434232,ITUB4.SA,1.0
2022-04-29,15.76478385925293,16.478061866975946,15.76478385925293,16.15444480808962,50954295,-0.01769548547808575,ITUB4.SA,1.0
2022-05-02,15.69714069366455,15.915247986979569,15.492250812302888,15.776452306843488,44535284,-0.004290776593722678,ITUB4.SA,1.0
2022-05-03,15.776449203491211,15.968118778613077,15.650872388302199,15.730183985879918,29699668,0.005052417594668679,ITUB4.SA,1.0
2022-05-04,15.756621360778809,15.75662136077881,15.465811223010313,15.703746011207382,53745441,-0.0012568000857895445,ITUB4.SA,1.0
2022-05-05,15.393099784851074,15.591379379071103,15.135336169535972,15.591379379071103,45795293,-0.023071035827046504,ITUB4.SA,1.0
2022-05-06,15.723578453063965,16.00777852073907,15.379892889841427,15.386501595851271,68490643,0.021469273429782332,ITUB4.SA,1.0
2022-05-09,15.498858451843262,15.796277310464069,15.208048298135385,15.690528033816518,63819963,-0.014291912104582916,ITUB4.SA,1.0
2022-05-10,15.419548034667969,15.690529237848072,15.313798749905622,15.591390086797418,40331174,-0.005117177979379606,ITUB4.SA,1.0
2022-05-11,15.935072898864746,16.007775794047987,15.445983032109057,15.452593165284728,64249824,0.033433202000325624,ITUB4.SA,1.0
2022-05-12,16.186227798461914,16.30519735027116,15.8161060171108,15.8161060171108,61754278,0.01576113904160814,ITUB4.SA,-1.0
2022-05-13,16.377897262573242,16.470427699096025,16.192836389527674,16.31841320648124,29721422,0.011841515299169325,ITUB4.SA,-1.0
2022-05-16,16.549747467041016,16.72819972340427,16.272156020448538,16.42417058810045,30939624,0.010492812460149326,ITUB4.SA,-1.0
2022-05-17,16.695144653320312,16.93308087152708,16.662098273745254,16.761237412470432,30953220,0.008785462531609944,ITUB4.SA,-1.0
2022-05-18,16.457212448120117,16.76784875057147,16.417555929426847,16.64227191714698,43092975,-0.01425158093211698,ITUB4.SA,-1.0
2022-05-19,16.404340744018555,16.60922923217792,16.31841898185611,16.47043352827151,25636391,-0.003212676768209466,ITUB4.SA,-1.0
2022-05-20,16.609220504760742,16.67531468257611,16.42415966346022,16.58278426192585,43072014,0.01248936265950773,ITUB4.SA,-1.0
2022-05-23,17.038833618164062,17.18423800360743,16.708366898432793,16.71497560437905,43627637,0.025865940745393834,ITUB4.SA,-1.0
2022-05-24,17.29659080505371,17.382512526285772,16.88681402393965,16.972734316880388,44474328,0.015127630955611204,ITUB4.SA,-1.0
2022-05-25,16.985960006713867,17.27016152921439,16.95952232362268,17.217286163032014,32876147,-0.01795907655103246,ITUB4.SA,-1.0
2022-05-26,17.19745635986328,17.29659551601788,16.99917661926237,17.005785325022657,39868230,0.012451245208738193,ITUB4.SA,-1.0
2022-05-27,17.28998565673828,17.46182770624999,17.098314634685188,17.223891462086375,27475589,0.005380405970440538,ITUB4.SA,-1.0
2022-05-30,17.131359100341797,17.475044589187913,17.131359100341797,17.362686613293402,20339502,-0.00917447588134146,ITUB4.SA,-1.0
2022-05-31,17.28998565673828,17.44860886731961,17.197455212517234,17.31642333459904,75013550,0.009259426264278003,ITUB4.SA,-1.0
2022-06-01,17.050334930419922,17.40747881381943,17.050334930419922,17.387636454723562,32284608,-0.013860666577531933,ITUB4.SA,-1.0
2022-06-02,17.123088836669922,17.248750465695355,16.858537813049626,17.209068598243185,20319901,0.004267007454510363,ITUB4.SA,-1.0
2022-06-03,16.964357376098633,17.169384155600458,16.918060914323636,17.03049477027547,22647423,-0.009270024940322585,ITUB4.SA,-1.0
2022-06-06,16.904829025268555,17.182607728147257,16.904829025268555,17.096627993289506,15100624,-0.0035090248047915384,ITUB4.SA,-1.0
2022-06-07,16.904829025268555,16.990807330870613,16.77916600603283,16.845304813329445,23796625,0.0,ITUB4.SA,-1.0
2022-06-08,16.58075523376465,16.91805817628672,16.488162325199994,16.83207843436705,33085526,-0.01917048619773054,ITUB4.SA,-1.0
2022-06-09,16.296361923217773,16.613823936764298,16.216996777145095,16.574142078355866,43419279,-0.017152011867815453,ITUB4.SA,-1.0
2022-06-10,15.93921947479248,16.230225989219264,15.780489168470941,16.230225989219264,40198953,-0.021915471079251403,ITUB4.SA,-1.0
2022-06-13,15.747414588928223,15.959055890312433,15.496091436819183,15.873076164982741,38005578,-0.012033518088360173,ITUB4.SA,1.0
2022-06-14,15.64159870147705,15.833397689125,15.51593709863793,15.754032541503234,22637566,-0.0067195720829988925,ITUB4.SA,1.0
2022-06-15,15.70773696899414,15.972287952351959,15.61514405335611,15.820170815338631,48238381,0.004228357265734228,ITUB4.SA,1.0
2022-06-17,15.509324073791504,15.59530239690194,15.1587933261333,15.436572085578069,51504593,-0.01263153919589366,ITUB4.SA,1.0
2022-06-20,16.183923721313477,16.210379239289114,15.595296307260343,15.595296307260343,50406830,0.04349639251280757,ITUB4.SA,-1.0
2022-06-21,16.0119686126709,16.302973646080797,15.932602044371087,16.24345086373947,37577078,-0.01062505679114889,ITUB4.SA,-1.0
2022-06-22,15.89291763305664,16.084716569123906,15.754028304756236,16.051647885612685,41717966,-0.007435124468083698,ITUB4.SA,-1.0
2022-06-23,15.529160499572754,15.959056278157684,15.449795366938787,15.912759831683239,30701240,-0.022888002183267253,ITUB4.SA,1.0
2022-06-24,15.502707481384277,15.694507893027659,15.410116002744877,15.668052368127372,30073785,-0.0017034416116186168,ITUB4.SA,1.0
2022-06-27,15.595294952392578,15.654819148038788,15.496088912485765,15.56222627242364,26288885,0.005972342000226671,ITUB4.SA,1.0
2022-06-28,15.423341751098633,15.76725927399389,15.224928180381763,15.694507297904696,39383080,-0.011025966602033699,ITUB4.SA,1.0
2022-06-29,15.264613151550293,15.661440336796602,15.211703527170208,15.522550964885985,34774375,-0.01029145318244884,ITUB4.SA,1.0
2022-06-30,14.99344539642334,15.132334748154866,14.900852495268989,15.092652892949115,41362317,-0.01776446952403854,ITUB4.SA,1.0
2022-07-01,15.124263763427734,15.203690714412863,14.720507831169346,14.773460085405322,39467601,0.008725037077575326,ITUB4.SA,1.0
2022-07-04,14.978658676147461,15.091181592724546,14.899231660567752,15.005134824797363,9918395,-0.009627251253866875,ITUB4.SA,1.0
2022-07-05,15.084551811218262,15.084551811218262,14.700653632514328,14.892603437050818,32430425,0.007069600647181318,ITUB4.SA,1.0
2022-07-06,14.945563316345215,15.137513237082095,14.793329046590333,14.965421141836213,31863245,-0.009213962510286944,ITUB4.SA,1.0
2022-07-07,15.157367706298828,15.256651099659164,15.038226489970638,15.084559026279408,45776032,0.014171723438618944,ITUB4.SA,1.0
2022-07-08,15.163979530334473,15.395642090775091,15.077932823441248,15.375785708557034,25028649,0.0004362118913889823,ITUB4.SA,1.0
2022-07-11,14.919078826904297,15.031600232709906,14.780079860998164,14.952173273884242,18746051,-0.016150160512962253,ITUB4.SA,1.0
2022-07-12,14.885987281799316,15.031604607332612,14.634468267257391,14.912463419236168,22335508,-0.002218068922948846,ITUB4.SA,1.0
2022-07-13,14.82641315460205,15.051457408448245,14.753605939554827,14.813176519407321,38407906,-0.004002027280387677,ITUB4.SA,1.0
2022-07-14,14.66094970703125,14.760233112772587,14.323383838918845,14.707282249117856,54813633,-0.011160045645931649,ITUB4.SA,1.0
2022-07-15,14.925695419311523,15.024978748777993,14.574891747199471,14.694032886854284,35260546,0.018057882850065488,ITUB4.SA,1.0
2022-07-18,15.124263763427734,15.22354852493577,14.879363163508437,15.01174236872954,23331189,0.013303791785761243,ITUB4.SA,1.0
2022-07-19,15.633929252624512,15.733212633991172,15.111033344539834,15.111033344539834,39625655,0.033698532184370356,ITUB4.SA,1.0
2022-07-20,15.435359954833984,15.660404272343012,15.38240910796863,15.55450114824285,33584725,-0.012701176689615234,ITUB4.SA,1.0
2022-07-21,15.561118125915527,15.640546534918824,15.1904579387108,15.408882487546538,24553356,0.008147407734547807,ITUB4.SA,1.0
2022-07-22,15.395646095275879,15.686879308491179,15.283123229244712,15.620688966599506,25588351,-0.010633685144004534,ITUB4.SA,1.0
2022-07-25,15.620696067810059,15.726599232611246,15.349320548978897,15.48831818458608,36454048,0.014617767331196019,ITUB4.SA,1.0
2022-07-26,15.534648895263672,15.819262454880521,15.435364064200472,15.640552047558497,24585080,-0.005508536378459272,ITUB4.SA,1.0
2022-07-27,15.587592124938965,15.753065808786051,15.488308772852195,15.633924641986619,27262812,0.0034080737860406884,ITUB4.SA,1.0
2022-07-28,15.68687915802002,15.706735545212378,15.415502334790636,15.587594361319542,26772676,0.0063696196490927726,ITUB4.SA,1.0
2022-07-29,15.633929252624512,15.872211656495788,15.534645871257853,15.713356243791752,33518445,-0.003375426358686373,ITUB4.SA,1.0
2022-08-01,15.546265602111816,15.797972779131108,15.393916069250837,15.797972779131108,28369526,-0.005607269234506718,ITUB4.SA,1.0
2022-08-02,15.711856842041016,15.791343211960346,15.486644267737178,15.652241706741798,24247559,0.010651512341761649,ITUB4.SA,1.0
2022-08-03,15.824457168579102,15.857576359115148,15.592621403388367,15.698603671966762,22712684,0.007166583025170814,ITUB4.SA,1.0
2022-08-04,16.20864486694336,16.2748832582792,15.877450047386874,15.930441905606456,38418670,0.024278096510450764,ITUB4.SA,1.0
2022-08-05,16.513349533081055,16.64582636208769,16.049676337240424,16.22189707381253,64015406,0.018798898281689347,ITUB4.SA,1.0
2022-08-08,16.71868896484375,16.751808171081034,16.413989977158213,16.612706646020992,46382867,0.012434753552048372,ITUB4.SA,1.0
2022-08-09,17.15585708618164,17.407564064889474,16.751799263205477,17.248591386909613,117640069,0.02614846907297408,ITUB4.SA,1.0
2022-08-10,17.473812103271484,17.553299917647916,17.15586657152224,17.3280873064596,55029810,0.018533321622616228,ITUB4.SA,1.0
2022-08-11,17.500308990478516,17.738768152222633,17.440693842182686,17.639410526022385,45877889,0.001516377024683102,ITUB4.SA,1.0
2022-08-12,17.71227264404297,17.745391850906437,17.467188795526383,17.612913592013456,43155063,0.01211199491847692,ITUB4.SA,1.0
2022-08-15,17.864622116088867,17.957356467754117,17.447317533595232,17.447317533595232,41430750,0.00860135088859626,ITUB4.SA,1.0
2022-08-16,18.069963455200195,18.116330634620006,17.63941087038206,17.844750827401445,29105976,0.011494300734544938,ITUB4.SA,1.0
2022-08-17,18.116334915161133,18.202446025046847,17.884498963283708,17.937490855964015,28593294,0.0025662176946790183,ITUB4.SA,1.0
2022-08-18,18.063343048095703,18.22893912123482,17.957360702422996,18.136206179140586,37051026,-0.0029250876247094437,ITUB4.SA,1.0
2022-08-19,17.846616744995117,18.020796574903322,17.66573980674411,17.953803775819242,26106699,-0.011998128060986657,ITUB4.SA,1.0
2022-08-22,17.645639419555664,17.71263075850984,17.471459621938582,17.685833643844113,24991487,-0.01126136837649161,ITUB4.SA,1.0
2022-08-23,17.692533493041992,17.786321953523466,17.605445035572195,17.65233926581293,16685011,0.002657544584888205,ITUB4.SA,1.0
2022-08-24,17.76622772216797,17.85331764147682,17.652342129596025,17.652342129596025,22899063,0.004165272834156797,ITUB4.SA,1.0
2022-08-25,17.9873104095459,18.000707528735692,17.772936234552798,17.826529054445487,31242248,0.012443985906027244,ITUB4.SA,1.0
2022-08-26,17.88011360168457,18.18157612607977,17.79302368802954,18.020796306097047,28445551,-0.0059595795825282405,ITUB4.SA,1.0
2022-08-29,17.819820404052734,17.940404542456115,17.632243469080418,17.779624726111372,21271281,-0.0033720813511025627,ITUB4.SA,1.0
2022-08-30,17.739431381225586,18.02079826839924,17.67914002794967,17.893512662033082,34434249,-0.004511213974348838,ITUB4.SA,1.0
2022-08-31,17.290584564208984,17.860015349276775,17.290584564208984,17.860015349276775,56502823,-0.02530220993958332,ITUB4.SA,1.0
2022-09-01,17.55715560913086,17.570563333950183,17.121411071655935,17.470006122155603,54988228,0.015417121609275775,ITUB4.SA,1.0
2022-09-02,17.798498153686523,17.9392786019819,17.65101601307903,17.664423743807223,52927981,0.01374610728119019,ITUB4.SA,1.0
2022-09-05,18.086761474609375,18.254355942442817,17.83201892656753,17.858832940407837,28039710,0.01619593509709394,ITUB4.SA,1.0
2022-09-06,17.919164657592773,18.113573098062545,17.798495101730563,17.899052340598534,60187679,-0.00926627009771086,ITUB4.SA,1.0
2022-09-08,17.791791915893555,18.100165322863617,17.758273319257864,18.033128129592235,32229771,-0.007108185238157705,ITUB4.SA,1.0
2022-09-09,17.932573318481445,18.126983233466834,17.8454252451718,17.89905471730841,27710574,0.007912716338714043,ITUB4.SA,1.0
2022-09-12,18.15380096435547,18.31469084958882,18.01302050389948,18.100170036810056,30293474,0.012336636908994336,ITUB4.SA,1.0
2022-09-13,17.96609115600586,18.214130532584946,17.8990539565092,18.01972207456415,36812756,-0.010339972808899534,ITUB4.SA,1.0
2022-09-14,17.8990535736084,18.02642627810895,17.744866859103517,17.9258690323139,32836152,-0.003731339322246008,ITUB4.SA,1.0
2022-09-15,17.94597625732422,18.173904712628403,17.838715892987008,17.85212361961677,24907645,0.0026215175859916062,ITUB4.SA,1.0
2022-09-16,17.885648727416992,18.013020003748583,17.738166578164993,17.832019250062103,49605006,-0.0033616187295804068,ITUB4.SA,1.0
2022-09-19,18.556018829345703,18.636465190975123,17.818605437350005,17.838716303406905,46524605,0.03748089388008036,ITUB4.SA,1.0
2022-09-20,19.17276954650879,19.212992735652733,18.616358179908783,18.649875331143587,71309887,0.033237232772566294,ITUB4.SA,1.0
2022-09-21,18.97165298461914,19.226396904616152,18.891208069930958,19.172765995690067,54495600,-0.010489697975130108,ITUB4.SA,1.0
2022-09-22,19.353769302368164,19.44091736155447,18.978357263446657,19.166064007257926,49376706,0.02014143512211697,ITUB4.SA,1.0
2022-09-23,18.97165298461914,19.139247401961736,18.75713224631669,19.0386901720758,38830402,-0.019743767313701865,ITUB4.SA,1.0
2022-09-26,18.562725067138672,18.891209335870045,18.52920647116419,18.857690739895563,16535115,-0.021554680438863105,ITUB4.SA,1.0
2022-09-27,18.455463409423828,18.549316051116534,18.38172163417929,18.46887113662292,43896612,-0.005778335741487006,ITUB4.SA,1.0
2022-09-28,18.44876480102539,18.77054601199544,18.30798724155892,18.488987995659674,47539207,-0.0003629607260372536,ITUB4.SA,1.0
2022-09-29,18.72361946105957,18.844287594876178,18.341504186874115,18.408542843828556,58853685,0.014898268962640904,ITUB4.SA,1.0
2022-09-30,18.810768127441406,18.864397601842278,18.576136460622603,18.643173665799026,38351030,0.004654477547094027,ITUB4.SA,1.0
2022-10-03,19.956256866455078,19.97638039562774,19.117758605699162,19.312289436798814,80831732,0.060895372865854336,ITUB4.SA,-1.0
2022-10-04,19.989788055419922,20.26481578535886,19.721469132091382,20.103823271671743,49601833,0.0016802343840947032,ITUB4.SA,-1.0
2022-10-05,19.989788055419922,20.17761144671115,19.89587635977431,20.03674390324273,34375446,0.0,ITUB4.SA,-1.0
2022-10-06,19.627559661865234,20.08370351150512,19.547065564368832,20.056871179264476,55358719,-0.018120672042667096,ITUB4.SA,-1.0
2022-10-07,19.667804718017578,19.667804718017578,19.21836975490319,19.587309184996535,63511108,0.0020504360626418805,ITUB4.SA,-1.0
2022-10-10,19.459869384765625,19.815392862670034,19.312292945055855,19.775144347400083,54805929,-0.010572371255113455,ITUB4.SA,1.0
2022-10-11,19.325706481933594,19.553778471474413,19.265334442066518,19.38607852180067,36485999,-0.0068943372732533925,ITUB4.SA,1.0
2022-10-13,19.211666107177734,19.433029228129136,19.0171338693388,19.11775439225212,42127432,-0.005900967960082992,ITUB4.SA,1.0
2022-10-14,19.2183780670166,19.567194127123752,19.090926630475064,19.28545891489094,45494368,0.00034936896162074405,ITUB4.SA,1.0
2022-10-17,19.37265968322754,19.52023608248753,19.25191562012627,19.41290818746562,23093825,0.008027816690510559,ITUB4.SA,1.0
2022-10-18,19.848926544189453,19.848926544189453,19.486695815130656,19.654394287168014,52346412,0.0245844849777781,ITUB4.SA,-1.0
2022-10-19,19.855636596679688,19.962964503110584,19.66110576288271,19.82880570728181,32142870,0.00033805619035853773,ITUB4.SA,-1.0
2022-10-20,20.164203643798828,20.291656526117304,19.869052270874892,19.989796343801295,77600529,0.015540526520854137,ITUB4.SA,-1.0
2022-10-21,20.834999084472656,20.982575475408513,20.003209756986653,20.07699795245458,55808067,0.033266646802593725,ITUB4.SA,-1.0
2022-10-24,19.889183044433594,20.72097423911312,19.748315391246297,20.667310992495224,57756261,-0.045395540273574286,ITUB4.SA,-1.0
2022-10-25,19.72818374633789,19.969671880896627,19.72818374633789,19.88917486963503,29513856,-0.008094817053874048,ITUB4.SA,-1.0
2022-10-26,19.30558204650879,19.674521628566875,19.238502649630266,19.45315700956416,55085780,-0.021421216735552195,ITUB4.SA,-1.0
2022-10-27,19.661108016967773,19.875763854439192,19.392788944935145,19.52694775614481,44860228,0.01841570845170537,ITUB4.SA,-1.0
2022-10-28,19.815383911132812,19.8891706480414,19.520232614660312,19.594020801181614,32422834,0.007846754823374935,ITUB4.SA,-1.0
2022-10-31,20.39227294921875,20.506308197815166,19.41961458305387,19.45315427678147,94899400,0.02911319006854196,ITUB4.SA,-1.0
2022-11-01,20.44439697265625,21.00148358142219,20.1893459712721,20.8068397015144,47491734,0.0025560673676396917,ITUB4.SA,-1.0
2022-11-03,20.29672622680664,20.363844572882755,19.79333427987133,20.135640165587223,36849352,-0.007223042384038703,ITUB4.SA,-1.0
2022-11-04,20.37056541442871,20.759854587983586,20.303447041543336,20.598768462421138,35511052,0.003637985101486274,ITUB4.SA,-1.0
2022-11-07,19.90744400024414,20.350429006654984,19.732935370639094,20.182630183309882,52676342,-0.022734833558254453,ITUB4.SA,-1.0
2022-11-08,19.847036361694336,19.907443472351037,19.598696662530244,19.76649403097049,31659758,-0.0030344246377920214,ITUB4.SA,-1.0
2022-11-09,18.893949508666992,19.51144167958674,18.692592956064495,19.236255503045705,147203325,-0.04802162074267391,ITUB4.SA,-1.0
2022-11-10,18.538217544555664,18.75970929331248,18.09523259658692,18.363707487518063,99105549,-0.018827824428563678,ITUB4.SA,-1.0
2022-11-11,17.940868377685547,18.92751478786329,17.860324570341625,18.793276559412497,111377525,-0.03222257832687625,ITUB4.SA,-1.0
2022-11-14,17.88716697692871,18.32343927146574,17.719369605847863,18.155641900384893,59148831,-0.0029932442302307294,ITUB4.SA,-1.0
2022-11-16,17.632110595703125,17.91400939622234,17.457600571182315,17.887161476995313,50719991,-0.014259182661768843,ITUB4.SA,-1.0
2022-11-17,17.739503860473633,17.74621511620243,17.316654136816766,17.38377394638021,77606874,0.006090777629121691,ITUB4.SA,-1.0
2022-11-18,17.880451202392578,18.222758592928745,17.712655310552844,17.914011831215568,56028889,0.00794539368335978,ITUB4.SA,-1.0
2022-11-21,17.934146881103516,18.216045717314664,17.6925184783768,18.122079438577614,43986685,0.0030030382400949573,ITUB4.SA,-1.0
2022-11-22,17.638826370239258,18.088522605479955,17.511300896914708,17.987843607807,64036253,-0.016466939454779728,ITUB4.SA,-1.0
2022-11-23,17.457609176635742,17.59855864637417,17.350218897246144,17.51130504155832,55607979,-0.01027376707496086,ITUB4.SA,-1.0
2022-11-24,18.081806182861328,18.21604433535386,17.524721258586393,17.585128354685285,30856235,0.035755010890092365,ITUB4.SA,-1.0
2022-11-25,17.44417953491211,18.00126597472927,17.37706117605152,17.974418051003,46086134,-0.03526343781704655,ITUB4.SA,-1.0
2022-11-28,17.128725051879883,17.59184530493586,17.10858983014648,17.51801422463953,45835061,-0.018083652624698576,ITUB4.SA,-1.0
2022-11-29,17.27639389038086,17.52473370608762,16.726018379649148,17.14215564254133,77138265,0.008621122591069286,ITUB4.SA,-1.0
2022-11-30,17.45089340209961,17.477741327612105,17.068315540139686,17.316655224992314,60017162,0.010100459206125567,ITUB4.SA,-1.0
2022-12-01,17.449317932128906,17.529914985485306,17.18737642014005,17.20080950427291,50130944,-9.02801899250738e-05,ITUB4.SA,-1.0
2022-12-02,17.68438720703125,17.89931357651835,17.180654707841068,17.50976007611308,63158518,0.013471545181116706,ITUB4.SA,-1.0
2022-12-05,17.167219161987305,17.556772606427327,17.086622147868685,17.556772606427327,37424462,-0.02924432941834254,ITUB4.SA,-1.0
2022-12-06,17.56348991394043,17.56348991394043,17.16722062270624,17.27468380115487,53504452,0.02308299021606075,ITUB4.SA,-1.0
2022-12-07,17.435882568359375,17.684390963724393,17.38886750576168,17.610509736373576,25238368,-0.007265489159974492,ITUB4.SA,-1.0
2022-12-08,16.824687957763672,17.362002582607516,16.7239420098957,17.32842059998486,69736150,-0.03505383843917531,ITUB4.SA,1.0
2022-12-09,16.664533615112305,17.000152858318422,16.616588008940003,16.90426164597382,22514069,-0.009519008201127721,ITUB4.SA,1.0
2022-12-12,16.506999969482422,16.780974685778375,16.22617503418228,16.657685545386283,101446780,-0.009453228591229434,ITUB4.SA,1.0
2022-12-13,15.883710861206055,16.66453980612025,15.835763757052892,16.609743961470166,63557901,-0.03775907853811611,ITUB4.SA,1.0
2022-12-14,15.95219898223877,16.14398141560519,15.493290593778209,15.691923245575259,76898069,0.004311846370862238,ITUB4.SA,1.0
2022-12-15,16.041240692138672,16.383708672385012,15.650825625679625,15.780963487776598,55898707,0.0055817827999162795,ITUB4.SA,1.0
2022-12-16,16.219322204589844,16.335761096610113,16.020689586259785,16.10973204967808,64978909,0.011101479983306017,ITUB4.SA,1.0
2022-12-19,16.705631256103516,16.76727582666252,16.198778694047444,16.294669919324043,54924554,0.029983315293906188,ITUB4.SA,1.0
2022-12-20,16.883710861206055,17.246727981929677,16.637134115913476,16.70562740957786,44636914,0.010659854893988241,ITUB4.SA,1.0
2022-12-21,16.952205657958984,17.123440372519457,16.73302534173502,16.945356920650482,69855681,0.0040568567725423055,ITUB4.SA,1.0
2022-12-22,16.98645782470703,17.191939252918644,16.7604286977248,16.979609085172985,25305328,0.0020205138752529272,ITUB4.SA,1.0
2022-12-23,17.253585815429688,17.47276622810735,17.03440540275202,17.143995609090855,28695830,0.015725938478716506,ITUB4.SA,1.0
2022-12-26,16.911109924316406,17.246729158401067,16.815218714577934,17.08919338809242,17822996,-0.019849548654808258,ITUB4.SA,1.0
2022-12-27,16.81521987915039,16.93850900882938,16.623437446391158,16.890563400639575,19491678,-0.005670239599598115,ITUB4.SA,1.0
2022-12-28,17.15768814086914,17.260428088219978,16.79467099592695,16.952206765999374,25715021,0.020366564587322777,ITUB4.SA,1.0
2022-12-29,17.123441696166992,17.452212195917006,17.096043784479132,17.287826205957945,28098060,-0.001995982466925339,ITUB4.SA,1.0
2023-01-02,16.785974502563477,16.813391773428517,16.47753538958074,16.744850077479903,26445013,-0.019707906832716726,ITUB4.SA,1.0
2023-01-03,16.436420440673828,16.895651845749427,16.333606356260976,16.785984180275978,33847015,-0.02082417448187268,ITUB4.SA,1.0
2023-01-04,16.484392166137695,16.806539948131697,16.36787097463679,16.491245743961336,33855739,0.002918623652699681,ITUB4.SA,1.0
2023-01-05,16.998458862304688,17.073855628695945,16.46383088178343,16.51866395111347,41153732,0.031185056202617467,ITUB4.SA,1.0
2023-01-06,17.29318618774414,17.348019242232667,16.998454261378566,17.087559641287974,42632750,0.017338473318486036,ITUB4.SA,-1.0
2023-01-09,17.416561126708984,17.587916830887085,17.060142565486718,17.135539312319295,29083430,0.007134309295315555,ITUB4.SA,-1.0
2023-01-10,17.752422332763672,17.82096403497682,17.080708022461145,17.224646485837233,35564190,0.01928401385389633,ITUB4.SA,-1.0
2023-01-11,18.06085968017578,18.149963587960467,17.6564601223683,17.738711934311972,38743614,0.017374380894648933,ITUB4.SA,-1.0
2023-01-12,17.807260513305664,18.033449380551566,17.409715860091985,17.478257581993276,57811778,-0.014041367429949991,ITUB4.SA,-1.0
2023-01-13,17.71814727783203,17.74556454698994,17.231498896955575,17.553646625312368,23525385,-0.0050043203112037915,ITUB4.SA,-1.0
2023-01-16,17.52623176574707,17.718149713810465,17.334313817683675,17.64960801270614,27737426,-0.01083157900629228,ITUB4.SA,-1.0
2023-01-17,17.889511108398438,17.923781969794614,17.471404229421783,17.587925454411693,36595560,0.020727749553178576,ITUB4.SA,-1.0
2023-01-18,18.211658477783203,18.259636493533062,17.958052353655752,18.074573565936277,45007971,0.01800761169116183,ITUB4.SA,-1.0
2023-01-19,18.211658477783203,18.273346614053597,17.848384720421095,17.97861457200775,40213569,0.0,ITUB4.SA,-1.0
2023-01-20,17.889511108398438,18.287055766780302,17.841531606200878,18.273348607193483,37996401,-0.01768907372042805,ITUB4.SA,-1.0
2023-01-23,17.341167449951172,17.937483459173887,17.272624273271454,17.848379551311215,52002547,-0.030651684952409886,ITUB4.SA,-1.0
2023-01-24,17.498811721801758,17.841523135481648,17.36858191784039,17.471395934429903,34378279,0.00909075310561236,ITUB4.SA,-1.0
2023-01-25,17.560503005981445,17.649606915635697,17.1492498624901,17.498813405122338,43609396,0.003525455622956697,ITUB4.SA,-1.0
2023-01-26,17.457687377929688,17.64275171988715,17.300040304680117,17.58106360590133,33862197,-0.005854936388595244,ITUB4.SA,-1.0
2023-01-27,17.087560653686523,17.450834289989338,17.01216390323562,17.4165619625379,34365362,-0.02120136053708266,ITUB4.SA,1.0
2023-01-30,17.094411849975586,17.176663646948413,16.81338858001936,17.128682691440744,39913324,0.0004009464210787961,ITUB4.SA,1.0
2023-01-31,17.36172866821289,17.53993795494792,17.19722801602885,17.210935169365943,32928039,0.01563767274260952,ITUB4.SA,-1.0
2023-02-01,17.133773803710938,17.49044098038076,16.996593322243367,17.27781264224072,31850216,-0.013129733153779188,ITUB4.SA,1.0
2023-02-02,17.291526794433594,17.812810723394932,16.94171805663998,17.010307540208395,52480220,0.009207136298746255,ITUB4.SA,-1.0
2023-02-03,17.229795455932617,17.394410807385388,17.030885363114407,17.078898297475355,41535326,-0.0035700339961216576,ITUB4.SA,1.0
2023-02-06,17.236650466918945,17.312099772631658,16.955431270691996,17.312099772631658,31860299,0.0003978579434595897,ITUB4.SA,1.0
2023-02-07,16.838829040527344,17.33953632248793,16.639918984362357,17.28466356061731,34547549,-0.023079972942255278,ITUB4.SA,1.0
2023-02-08,18.231204986572266,18.251781530726067,17.36697234515609,17.456138357986816,120349072,0.08268840681818079,ITUB4.SA,-1.0
2023-02-09,17.778514862060547,18.430119415993822,17.68934882805189,18.27922225261555,40856546,-0.024830510371921966,ITUB4.SA,-1.0
2023-02-10,17.69620704650879,17.819669304291217,17.497296948745287,17.64133575540922,59102038,-0.004629622676042722,ITUB4.SA,-1.0
2023-02-13,18.320377349853516,18.40268651949256,17.682492402002573,17.682492402002573,49663922,0.035271417298876395,ITUB4.SA,-1.0
2023-02-14,18.09402084350586,18.436971080809432,18.046007928863045,18.347803604081605,39640950,-0.012355450001113932,ITUB4.SA,-1.0
2023-02-15,18.361526489257812,18.567296387837175,17.915691956043606,18.02543600076903,41791724,0.014784201259940621,ITUB4.SA,-1.0
2023-02-16,18.498708724975586,18.581016396008067,18.121463626976237,18.23806603741837,34692120,0.0074711781614686945,ITUB4.SA,-1.0
2023-02-17,18.436981201171875,18.622174608841043,18.31351892939243,18.49185249849225,21326685,-0.003336855816339801,ITUB4.SA,-1.0
2023-02-22,18.09402084350586,18.18318832023369,18.0117132015819,18.039149576305242,20794515,-0.018601763158722306,ITUB4.SA,-1.0
2023-02-23,18.16261863708496,18.560441806488072,18.080310957371015,18.11460570039793,43189053,0.0037911857277272976,ITUB4.SA,-1.0
2023-02-24,17.607046127319336,18.046021030360343,17.524738425639594,18.0048664383969,35419959,-0.03058878903239426,ITUB4.SA,-1.0
2023-02-27,17.38069725036621,17.696211326680405,17.339544142649533,17.689352969476648,20098513,-0.012855584935505981,ITUB4.SA,-1.0
2023-02-28,17.442420959472656,17.71678032887925,17.27094579775112,17.421844414384932,29465137,0.003551279227600901,ITUB4.SA,-1.0
2023-03-01,17.159400939941406,17.39963239587328,16.740710559651742,17.379041552015252,49786059,-0.016225959698418335,ITUB4.SA,-1.0
2023-03-02,16.59657096862793,17.296672916454032,16.500476915721,17.090761538625117,52237191,-0.03280009443706133,ITUB4.SA,1.0
2023-03-03,16.617158889770508,16.877981109142855,16.53479257318092,16.706386841161887,29015336,0.001240492459646969,ITUB4.SA,1.0
2023-03-06,16.994661331176758,17.18684640083912,16.548517207564025,16.77502231104529,35169906,0.02271762844120362,ITUB4.SA,1.0
2023-03-07,17.04271125793457,17.077028329583726,16.678930422556206,17.056437493283866,31883639,0.002827354180319208,ITUB4.SA,1.0
2023-03-08,17.255491256713867,17.385902389486183,16.99466750789297,17.152534084388805,40035234,0.012485102608320808,ITUB4.SA,-1.0
2023-03-09,16.926034927368164,17.214312714053673,16.891716355135603,17.159403295136908,47884998,-0.019092839748478085,ITUB4.SA,1.0
2023-03-10,16.521068572998047,16.891711114710187,16.3975205646686,16.850527950841634,37246581,-0.023925648039123226,ITUB4.SA,1.0
2023-03-13,16.322023391723633,16.521073181025933,16.109247360579527,16.31515878752611,38429660,-0.012047960481184172,ITUB4.SA,1.0
2023-03-14,16.267105102539062,16.438699348017966,16.109238574691567,16.171012562395006,43849139,-0.003364674088901065,ITUB4.SA,1.0
2023-03-15,16.225923538208008,16.308288368784403,15.800370183074692,16.040601556954154,57389962,-0.002531585311059903,ITUB4.SA,1.0
2023-03-16,16.49361228942871,16.57597712968992,16.143560605861477,16.23965316671224,45421743,0.016497597230158423,ITUB4.SA,1.0
2023-03-17,16.02001190185547,16.41810984840395,15.992557945155484,16.404382128415925,68565874,-0.028714170023069308,ITUB4.SA,1.0
2023-03-20,16.06119728088379,16.37693043440284,15.91019382342847,16.06119728088379,36932854,0.002570870688526128,ITUB4.SA,1.0
2023-03-21,16.39065933227539,16.575979882824303,16.129835564305388,16.129835564305388,43704795,0.020512919779880345,ITUB4.SA,1.0
2023-03-22,16.294567108154297,16.644618889303825,16.253385418181733,16.43870747288791,41241539,-0.0058626210314721705,ITUB4.SA,1.0
2023-03-23,15.889599800109863,16.644612486355072,15.71114093462422,16.30142544107124,59823759,-0.02485290375353244,ITUB4.SA,1.0
2023-03-24,16.12009048461914,16.25893764091186,15.786858209669978,16.078435887654642,34011300,0.014505757691120946,ITUB4.SA,1.0
2023-03-27,16.397777557373047,16.50885494347662,16.23116222834523,16.31446989285914,44616067,0.01722614851441806,ITUB4.SA,1.0
2023-03-28,16.474151611328125,16.606055603108356,16.314477884355483,16.411670457273107,32135279,0.004657585681221654,ITUB4.SA,1.0
2023-03-29,16.633813858032227,16.71712150585666,16.370004556290947,16.488025099275774,25802715,0.009691682489695763,ITUB4.SA,1.0
2023-03-30,17.092012405395508,17.216974669183156,16.814319652732628,16.883742465834526,43270629,0.027546211065841986,ITUB4.SA,1.0
2023-03-31,17.175317764282227,17.41829905639259,17.001757769589883,17.175317764282227,65512439,0.004873935082121861,ITUB4.SA,1.0
2023-04-03,16.694326400756836,17.15979464092604,16.54148536603791,17.14589986492192,38304803,-0.028004801432300663,ITUB4.SA,1.0
2023-04-04,17.027795791625977,17.166740543063764,16.756851424465395,16.770746199874445,25918394,0.0199750132388703,ITUB4.SA,1.0
2023-04-05,17.013900756835938,17.236214176955997,16.79853697691723,17.069479862529185,36165246,-0.0008160207557147414,ITUB4.SA,1.0
2023-04-06,16.958324432373047,17.138955038182456,16.833272936451635,17.06253451274975,24650907,-0.0032665245470272497,ITUB4.SA,1.0
2023-04-10,17.138952255249023,17.19452985478604,17.02779555484865,17.1181093417621,16023452,0.010651277701183792,ITUB4.SA,1.0
2023-04-11,17.694732666015625,17.798942720107753,17.375157368744865,17.507155469445518,54871529,0.03242791055657368,ITUB4.SA,1.0
2023-04-12,17.812841415405273,18.07683919850004,17.625264161732147,17.812841415405273,47390217,0.0066747970494343,ITUB4.SA,1.0
2023-04-13,17.812841415405273,18.000418669078396,17.680843274521216,17.896208583262222,40614537,0.0,ITUB4.SA,1.0
2023-04-14,18.06989288330078,18.15326156090233,17.673898420664052,17.75031895780207,38988116,0.014430683005643319,ITUB4.SA,1.0
2023-04-17,18.0351505279541,18.229674373295722,17.868416232325938,18.097676264146234,24167003,-0.0019226652626583851,ITUB4.SA,1.0
2023-04-18,18.021257400512695,18.22967452107428,17.840626827237234,18.06988686091602,27411575,-0.0007703360956079486,ITUB4.SA,1.0
2023-04-19,17.736413955688477,17.95872731732511,17.70862591147845,17.889254954810937,31036155,-0.01580596950000368,ITUB4.SA,1.0
2023-04-20,17.78504180908203,17.840620890464606,17.514099041982302,17.63915047376729,24745399,0.0027416958983390582,ITUB4.SA,1.0
2023-04-24,17.625259399414062,17.910100023504558,17.49326129419569,17.778100416959937,28674303,-0.008984089628981118,ITUB4.SA,1.0
2023-04-25,17.78504180908203,17.868410431155894,17.507150906146578,17.507150906146578,25980256,0.009065535209840991,ITUB4.SA,1.0
2023-04-26,17.604419708251953,17.82673311840478,17.57663165797765,17.736417826365695,19299068,-0.010155843476164494,ITUB4.SA,1.0
2023-04-27,17.917049407958984,17.923996045582708,17.597474050738036,17.597474050738036,23660439,0.017758591585980366,ITUB4.SA,1.0
2023-04-28,18.00735855102539,18.014306688180362,17.722520959497785,18.014306688180362,23245081,0.005040402636066199,ITUB4.SA,1.0
2023-05-02,17.31053352355957,18.05439953094157,17.28272502729766,17.887550055719988,49467233,-0.03869668199760157,ITUB4.SA,1.0
2023-05-03,17.282718658447266,17.47042218316988,17.15758197373264,17.345285498455254,26517638,-0.0016068173216295945,ITUB4.SA,1.0
2023-05-04,17.4217586517334,17.574702311909608,17.046348617725055,17.3730930526441,45003213,0.008045030185003688,ITUB4.SA,1.0
2023-05-05,18.068294525146484,18.068294525146484,17.393950047723408,17.623366287586375,49402765,0.03711082711783287,ITUB4.SA,1.0
2023-05-08,18.318567276000977,18.471512432437613,17.94315875928707,18.388086982190803,59838715,0.013851487228425219,ITUB4.SA,1.0
2023-05-09,18.429805755615234,18.624462198708517,18.235149312521948,18.269909177024367,43258053,0.006072444309549896,ITUB4.SA,1.0
2023-05-10,18.7009334564209,18.798261670964408,18.276859233895973,18.39504456751993,35088896,0.014711370504979726,ITUB4.SA,1.0
2023-05-11,18.88167953491211,19.006816199533993,18.49931817183372,18.60359922646832,35897745,0.009665083238353134,ITUB4.SA,1.0
2023-05-12,18.7078800201416,18.80520820967273,18.541032124473716,18.638360314004846,20136809,-0.009204663941528857,ITUB4.SA,1.0
2023-05-15,18.77739906311035,18.839967397363356,18.568838449716715,18.735687841841102,20327832,0.0037160299774161576,ITUB4.SA,1.0
2023-05-16,18.71483612060547,18.99291649547249,18.652267773349237,18.791307209608025,29875057,-0.0033318215315449873,ITUB4.SA,1.0
2023-05-17,18.902542114257812,19.06243868859533,18.735694168144597,18.83997375887795,27183049,0.010029796277279512,ITUB4.SA,1.0
2023-05-18,18.83302116394043,18.86778102526064,18.603604877347415,18.839972535264657,26807799,-0.0036778624746427457,ITUB4.SA,1.0
2023-05-19,18.680072784423828,18.770449610317392,18.471513652083512,18.707881269675582,55195001,-0.008121287507999564,ITUB4.SA,1.0
2023-05-22,18.32552146911621,18.867779467520922,18.28381023991549,18.680074429069425,29853077,-0.0189801891780238,ITUB4.SA,1.0
2023-05-23,18.471513748168945,18.74959409508517,18.256000239870705,18.415896777376123,31465336,0.007966609806917324,ITUB4.SA,1.0
2023-05-24,18.367225646972656,18.561881965522208,18.249040380461345,18.35332140959787,32566612,-0.005645888183183012,ITUB4.SA,1.0
2023-05-25,18.94424819946289,19.020719271540433,18.547982588660336,18.680070624811485,51557618,0.03141587976218618,ITUB4.SA,1.0
2023-05-26,18.79826545715332,19.298810875956967,18.624464609791666,19.048537415380206,33629706,-0.007705913730253422,ITUB4.SA,1.0
2023-05-29,18.71483612060547,18.80521145370379,18.56189093790147,18.74264310644756,11247177,-0.004438140143196212,ITUB4.SA,1.0
2023-05-30,18.45065689086914,18.902538024305848,18.221240639014972,18.82606694192067,48896654,-0.014116032223518094,ITUB4.SA,1.0
2023-05-31,18.30466651916504,18.464563075722346,18.214291184382304,18.415898971654883,38429660,-0.007912475559412102,ITUB4.SA,1.0
2023-06-01,18.574338912963867,18.72042912780597,18.303028084440832,18.414335129562,28928095,0.014732439594923985,ITUB4.SA,1.0
2023-06-02,18.84564781188965,18.936085246589794,18.685644044870493,18.783037511459824,28470477,0.014606651692805173,ITUB4.SA,1.0
2023-06-05,18.887386322021484,18.977822242872655,18.664772280399703,18.887386322021484,27870213,0.002214755923938272,ITUB4.SA,1.0
2023-06-06,19.019569396972656,19.09609328164095,18.887392734681956,19.01261186017165,29698762,0.006998484210441358,ITUB4.SA,1.0
2023-06-07,19.075223922729492,19.21435813457205,18.90826407120424,19.130878208809424,31760369,0.0029261717021675793,ITUB4.SA,1.0
2023-06-09,19.339567184448242,19.339567184448242,19.012602208076057,19.179563462896592,33168008,0.013857937541889909,ITUB4.SA,1.0
2023-06-12,19.130882263183594,19.506542760407115,19.075227965308947,19.430018852508265,33613277,-0.010790568334562378,ITUB4.SA,1.0
2023-06-13,19.346527099609375,19.409137394821187,19.158697717330615,19.228264043851883,37732299,0.011272080056693445,ITUB4.SA,1.0
2023-06-14,19.610885620117188,19.631755221418132,19.318705188476134,19.457837868291705,56524690,0.013664391502759665,ITUB4.SA,1.0
2023-06-15,19.868282318115234,19.896109456737214,19.534361164722576,19.548276237390592,30322705,0.013125195005676105,ITUB4.SA,1.0
2023-06-16,19.930889129638672,20.06306575985505,19.65262230233734,19.81958360140355,47145602,0.0031510933114915485,ITUB4.SA,1.0
2023-06-19,20.202205657958984,20.24394637040948,19.85437089760976,19.88219803924342,18433003,0.013612866267809665,ITUB4.SA,1.0
2023-06-20,20.192588806152344,20.227693902364813,19.911746519181733,20.227693902364813,28148931,-0.0004760297944423897,ITUB4.SA,1.0
2023-06-21,20.389177322387695,20.480451780822055,20.14344014653071,20.178545240614454,29839027,0.009735676694186735,ITUB4.SA,-1.0
2023-06-22,20.192588806152344,20.361093874880538,20.0521669040316,20.2698209281823,27091956,-0.009641807176765993,ITUB4.SA,1.0
2023-06-23,20.12939453125,20.255774063211547,19.99599458852194,20.255774063211547,18796809,-0.003129577663815386,ITUB4.SA,1.0
2023-06-26,20.101303100585938,20.318957003014297,19.96088279426573,20.101303100585938,15397130,-0.001395542753183765,ITUB4.SA,1.0
2023-06-27,19.87664031982422,20.24173666603651,19.64494546617792,20.206631569092636,29488704,-0.011176528190113721,ITUB4.SA,1.0
2023-06-28,19.764301300048828,19.91876400413711,19.658984509618527,19.86961657320848,21198769,-0.005651811270305451,ITUB4.SA,1.0
2023-06-29,20.003019332885742,20.045144837956965,19.806428079227288,19.820470420007947,70141424,0.012078242949894902,ITUB4.SA,1.0
2023-06-30,19.95386505126953,20.304917381233196,19.904716116768174,20.199600620154936,31561301,-0.002457343103968279,ITUB4.SA,1.0
2023-07-03,20.34564208984375,20.380770515066445,19.924117687520475,20.05057424911068,19990991,0.019634142937600574,ITUB4.SA,-1.0
2023-07-04,20.219186782836914,20.387796554228316,20.184059873648177,20.282415826662103,9245166,-0.006215351004820846,ITUB4.SA,-1.0
2023-07-05,20.39481544494629,20.514248723588288,20.134876088298512,20.177027759878925,19998696,0.008686237680857634,ITUB4.SA,-1.0
2023-07-06,20.092731475830078,20.310520772082068,20.092731475830078,20.254316495031027,32074550,-0.014811802045066602,ITUB4.SA,1.0
2023-07-07,20.47210693359375,20.69691949970051,20.12785951298233,20.212164415049106,31476099,0.018881228678143014,ITUB4.SA,-1.0
2023-07-10,20.3386173248291,20.633686683907772,20.268363510779377,20.633686683907772,15000240,-0.006520560350610438,ITUB4.SA,-1.0
2023-07-11,19.980318069458008,20.275385875255566,19.741454522791432,20.24025897240539,31780310,-0.017616696830894507,ITUB4.SA,1.0
2023-07-12,19.860891342163086,20.127857086222892,19.811713362035555,20.022476350898366,20884135,-0.005977218524737982,ITUB4.SA,1.0
2023-07-13,20.078670501708984,20.226204378868342,19.78360274739027,19.825755934384276,24777803,0.010965225869977502,ITUB4.SA,1.0
2023-07-14,19.867916107177734,20.22621303624181,19.783611215318025,20.127857076036523,27914740,-0.010496431748970192,ITUB4.SA,1.0
2023-07-17,20.25431251525879,20.25431251525879,19.783608619407367,19.832786593057108,18054808,0.01944826050183801,ITUB4.SA,-1.0
2023-07-18,19.860891342163086,20.33159530001624,19.7906375186134,20.254315183183333,44289196,-0.019424069456779436,ITUB4.SA,1.0
2023-07-19,19.65011978149414,19.95923859576772,19.593915532600892,19.86088267841763,44539023,-0.010612391812521271,ITUB4.SA,1.0
2023-07-20,20.01544761657715,20.01544761657715,19.46043735839433,19.74848040711231,42807912,0.018591634002509405,ITUB4.SA,1.0
2023-07-21,20.373748779296875,20.373748779296875,19.973300127976596,20.022478112430694,36214305,0.017901231567910347,ITUB4.SA,-1.0
2023-07-24,20.050569534301758,20.549375443894675,19.910061939304967,20.37373943193549,37238424,-0.015862532148404718,ITUB4.SA,1.0
2023-07-25,20.092731475830078,20.338621392393726,19.89601954257916,20.338621392393726,39541700,0.002102780245528235,ITUB4.SA,1.0
2023-07-26,20.20513343811035,20.23323556957929,19.903040838566454,20.08570165668759,38028465,0.005594160376625856,ITUB4.SA,1.0
2023-07-27,19.755504608154297,20.177030490279517,19.73442876951206,20.177030490279517,22188332,-0.022253197749636078,ITUB4.SA,1.0
2023-07-28,20.050569534301758,20.078671660586394,19.713350091738903,19.804681243057374,18444673,0.014935833429720047,ITUB4.SA,1.0
2023-07-31,20.12083625793457,20.289446074812794,20.015455501939194,20.226217013929947,17263407,0.003504475197704693,ITUB4.SA,1.0
2023-08-01,20.18244171142578,20.19650143989969,19.880161347110402,19.91531142786992,16807601,0.00306177400886698,ITUB4.SA,1.0
2023-08-02,20.119173049926758,20.210560522512,19.901249544269465,20.168381338438174,20784091,-0.0031348368251798986,ITUB4.SA,1.0
2023-08-03,19.96451759338379,20.477690830946976,19.880160744247913,20.273827052981627,24826182,-0.0076869688510150525,ITUB4.SA,1.0
2023-08-04,19.598974227905273,20.062937740278315,19.47243817211273,19.915314367386628,50087777,-0.018309651799433224,ITUB4.SA,1.0
2023-08-07,19.44431495666504,19.880160442935544,19.41619702014554,19.634119003706086,37391152,-0.007891192132904012,ITUB4.SA,1.0
2023-08-08,19.402143478393555,19.690364193021235,19.057685353647006,19.233428209737152,50438327,-0.002168833325600361,ITUB4.SA,1.0
2023-08-09,19.331846237182617,19.4021433792595,18.924120078666906,19.331846237182617,39723999,-0.003623168815817812,ITUB4.SA,1.0
2023-08-10,19.395111083984375,19.641154098373267,19.34590278493655,19.437290277089552,34693139,0.003272571384313805,ITUB4.SA,1.0
2023-08-11,19.43025779724121,19.54273410684133,19.30372175904739,19.42322717336961,22008185,0.0018121429212054618,ITUB4.SA,1.0
2023-08-14,19.14906883239746,19.416200673212916,19.099860535293256,19.31778407900451,28513531,-0.01447170530509767,ITUB4.SA,1.0
2023-08-15,19.043622970581055,19.23342553256911,18.888967455768892,19.191247860638292,28083444,-0.005506579079083362,ITUB4.SA,1.0
2023-08-16,19.02956771850586,19.34590640903067,18.973330302980354,19.015507984836972,38445182,-0.0007380555736116179,ITUB4.SA,1.0
2023-08-17,18.804611206054688,19.219367948182704,18.797582100220197,19.20530821736399,43034739,-0.011821420001695948,ITUB4.SA,1.0
2023-08-18,18.95223617553711,19.10689169600208,18.656986384630976,18.76946271247375,23685478,0.007850466455530336,ITUB4.SA,1.0
2023-08-21,18.874902725219727,19.036587289791733,18.783515269018448,18.881931828397132,37088868,-0.004080439352966758,ITUB4.SA,1.0
2023-08-22,19.170166015625,19.22640343842458,18.931153550638747,18.980361865269717,24097210,0.015643168852507827,ITUB4.SA,1.0
2023-08-23,19.40916633605957,19.486492554131253,19.057677726254617,19.17015402062623,27395600,0.01246730572076249,ITUB4.SA,1.0
2023-08-24,19.184215545654297,19.402137531905936,19.078768345168424,19.402137531905936,21142233,-0.011589925425459668,ITUB4.SA,1.0
2023-08-25,18.881935119628906,19.191244577183394,18.74836998278367,19.15609601687143,25293885,-0.015756725903440127,ITUB4.SA,1.0
2023-08-28,19.521652221679688,19.67630625295594,18.783526082267915,18.896002431900662,38836520,0.03387984854294701,ITUB4.SA,1.0
2023-08-29,19.830957412719727,20.098089274098204,19.606004746027264,19.68333251004339,40091091,0.015844211725918544,ITUB4.SA,1.0
2023-08-30,19.451353073120117,19.929376407886586,19.388085033067938,19.90125694138562,19884943,-0.019142007705393427,ITUB4.SA,1.0
2023-08-31,19.282636642456055,19.43026307320064,19.106893785188518,19.36699503692436,41890409,-0.008673763209676721,ITUB4.SA,1.0
2023-09-01,19.44980812072754,19.639734447043555,19.2247105903074,19.316156937080617,33312919,0.0086695342224834,ITUB4.SA,1.0
2023-09-04,19.273948669433594,19.492012545467272,19.217675052471073,19.365395007141647,11195852,-0.009041706231874502,ITUB4.SA,1.0
2023-09-05,18.98554039001465,19.323185069404424,18.957402826689606,19.27394509364944,23401321,-0.01496363222531194,ITUB4.SA,1.0
2023-09-06,18.802654266357422,19.112161464688427,18.71120792130866,19.034785425169716,21773767,-0.009632916414294646,ITUB4.SA,1.0
2023-09-08,18.830785751342773,19.06995200493212,18.66196340770777,18.746374579525273,25732129,0.0014961443521133155,ITUB4.SA,1.0
2023-09-11,19.309123992919922,19.337260045129753,18.915204060700614,18.99258010443786,31296405,0.025401926817792964,ITUB4.SA,1.0
2023-09-12,19.42166519165039,19.484972424541713,19.217670151908667,19.330218877261416,18673652,0.0058283948444131095,ITUB4.SA,1.0
2023-09-13,19.52014923095703,19.724144329375807,19.337258069699928,19.45684045972803,26195186,0.005070833954494258,ITUB4.SA,1.0
2023-09-14,19.442768096923828,19.67489918380972,19.323184218124492,19.555316825137997,34267698,-0.003964167134054675,ITUB4.SA,1.0
2023-09-15,19.400564193725586,19.696004072396192,19.302084234168717,19.63973046127561,40731689,-0.002170673588650196,ITUB4.SA,1.0
2023-09-18,19.351322174072266,19.555317223152286,19.245807074168077,19.449802123248098,16235663,-0.002538174620161038,ITUB4.SA,1.0
2023-09-19,19.293996810913086,19.47869600168294,19.222959014883696,19.393450339416525,21474768,-0.0029623486521239695,ITUB4.SA,1.0
2023-09-20,19.620773315429688,19.77705677521126,19.343723759063163,19.372139491807356,27867381,0.016936693196288433,ITUB4.SA,1.0
2023-09-21,19.17323112487793,19.46448699259082,19.151918559195895,19.3934492007324,25385884,-0.022809610169636563,ITUB4.SA,1.0
2023-09-22,19.12350082397461,19.336615695260036,19.102189797392672,19.26557638139466,18539052,-0.0025937360572884094,ITUB4.SA,1.0
2023-09-25,19.18033218383789,19.31530458761002,19.13060542796629,19.13770859230989,16063674,0.002971807326827669,ITUB4.SA,1.0
2023-09-26,18.896181106567383,19.180333801925947,18.881973241526115,19.159022771941842,27469811,-0.014814710952188004,ITUB4.SA,1.0
2023-09-27,18.86066436767578,19.12350761964785,18.725691926101184,19.045365114205122,26052315,-0.0018795723162950972,ITUB4.SA,1.0
2023-09-28,19.357925415039062,19.450275749252047,18.789618618257716,18.846450065513473,32463735,0.02636498045188218,ITUB4.SA,1.0
2023-09-29,19.329513549804688,19.585252043193456,19.194541138363086,19.535525284496256,19969351,-0.0014677123000124137,ITUB4.SA,1.0
2023-10-02,19.150131225585938,19.327842501663294,19.022180520070048,19.292300553678217,14289396,-0.009280229621741465,ITUB4.SA,1.0
2023-10-03,18.908445358276367,19.143023443818194,18.872901874151637,19.07193954787266,24198953,-0.012620585439470089,ITUB4.SA,1.0
2023-10-04,19.342058181762695,19.427359157955202,18.922661075419605,18.97952788083066,26973104,0.02293223029552416,ITUB4.SA,1.0
2023-10-05,19.647720336914062,19.78278033468438,19.242538807451375,19.306514919269258,32443908,0.015802979821432306,ITUB4.SA,1.0
2023-10-06,19.832542419433594,20.10977176799773,19.35627693059817,19.47001208734633,50011299,0.009406795259208067,ITUB4.SA,1.0
2023-10-09,19.661937713623047,19.72591383139032,19.47711867126864,19.654829938827522,16544632,-0.00860226098109207,ITUB4.SA,1.0
2023-10-10,19.640615463256836,19.93916969507971,19.541097385982546,19.704591589526324,27848800,-0.0010844429820077162,ITUB4.SA,1.0
2023-10-11,19.88941192626953,19.917846103349575,19.60507476392567,19.690375759013612,17994759,0.012667447386164543,ITUB4.SA,1.0
2023-10-13,19.683263778686523,19.967600880299038,19.612178351169497,19.860975043251294,25238141,-0.010364718089564628,ITUB4.SA,1.0
2023-10-16,19.711698532104492,19.832541458226125,19.59796338086864,19.818324372302655,12962992,0.0014446157780376723,ITUB4.SA,1.0
2023-10-17,19.42025375366211,19.654831850860738,19.334951230906206,19.6192899011218,30382867,-0.014785371132158165,ITUB4.SA,1.0
2023-10-18,19.015077590942383,19.398934444782444,18.91555948872144,19.242547977776685,63292779,-0.020863587461792177,ITUB4.SA,1.0
2023-10-19,19.235429763793945,19.477115574541834,18.894224368668425,18.965308249929375,26245718,0.011588286810700454,ITUB4.SA,1.0
2023-10-20,19.164350509643555,19.356278894154336,19.007965613345696,19.135917869686217,27017857,-0.0036952256863104216,ITUB4.SA,1.0
2023-10-23,19.185678482055664,19.413148837268274,19.06483399176332,19.121702348642604,18187709,0.0011128982639603269,ITUB4.SA,1.0
2023-10-24,19.185678482055664,19.462907881461515,19.06483399176332,19.37049756960881,17958163,0.0,ITUB4.SA,1.0
2023-10-25,19.221221923828125,19.782788542611875,19.171462875785924,19.228329700911704,28965258,0.0018526028050405152,ITUB4.SA,1.0
2023-10-26,19.697481155395508,19.77567282259242,19.256757642881784,19.334949310078695,32592557,0.02477778121779939,ITUB4.SA,1.0
2023-10-27,19.406034469604492,19.83254089049161,19.327841267339753,19.789889633942153,34189408,-0.01479613984609307,ITUB4.SA,1.0
2023-10-30,19.249649047851562,19.541093916029745,19.18567293294245,19.541093916029745,17119856,-0.008058597545926971,ITUB4.SA,1.0
2023-10-31,19.06482696533203,19.320731404669502,18.951093365795046,19.24964752092096,28770042,-0.009601322188269146,ITUB4.SA,1.0
2023-11-01,19.333459854125977,19.447269918237183,19.105839725903568,19.134292626222297,29703861,0.014090497085677,ITUB4.SA,1.0
2023-11-03,19.866943359375,19.994979874152595,19.596645416767828,19.738906844597405,40014727,0.027593793830708035,ITUB4.SA,1.0
2023-11-06,20.0518856048584,20.07322451152543,19.83137793303211,19.952300453696914,20420512,0.009309043778801929,ITUB4.SA,1.0
2023-11-07,20.613819122314453,20.756080530255826,19.881167030195073,20.051882871753623,68857281,0.028023973831164506,ITUB4.SA,1.0
2023-11-08,20.70628547668457,20.791642615470835,20.471552960731536,20.670720130287233,26848927,0.004485648866008551,ITUB4.SA,1.0
2023-11-09,20.79876708984375,20.93391608913544,20.471563278612894,20.713408370872543,29266749,0.004466354588963606,ITUB4.SA,1.0
2023-11-10,21.047719955444336,21.24688716650749,20.82009984646828,20.92679590789629,27757367,0.011969597261471954,ITUB4.SA,1.0
2023-11-13,20.905460357666016,20.99793152213967,20.748972468361178,20.969478619661032,17013694,-0.006758907761955646,ITUB4.SA,1.0
2023-11-14,21.218435287475586,21.389149608823313,20.933910906174827,20.97658871792993,47389424,0.014970965692932214,ITUB4.SA,1.0
2023-11-16,21.55986785888672,21.737696193361867,21.1757598246649,21.339360170758553,46722314,0.016091317139330652,ITUB4.SA,1.0
2023-11-17,21.65945053100586,21.75903414800141,21.424717939111172,21.54564046341612,27884376,0.004618890652342111,ITUB4.SA,1.0
2023-11-20,21.87284278869629,21.929747050197076,21.517187695698137,21.68078956111293,26508121,0.009852154715788153,ITUB4.SA,1.0
2023-11-21,21.837282180786133,21.94397827073342,21.702133185320633,21.787490364711264,18805760,-0.0016257881178817213,ITUB4.SA,1.0
2023-11-22,21.972427368164062,22.214273948825905,21.88707020356686,21.979539824728942,44180768,0.0061887365954742535,ITUB4.SA,1.0
2023-11-23,21.9439697265625,22.14313691331363,21.751916532002998,21.972422621002202,25892449,-0.0012951523800595055,ITUB4.SA,1.0
2023-11-24,21.823055267333984,21.972430712405213,21.62388800723901,21.85862062989895,23216076,-0.005510145189553062,ITUB4.SA,1.0
2023-11-27,21.76614761352539,22.022220661761608,21.702130888630165,21.929749497195456,20472630,-0.0026076849969662863,ITUB4.SA,1.0
2023-11-28,21.97953987121582,22.086237480060785,21.68079056307562,21.7590337341097,23380701,0.009803859712769203,ITUB4.SA,1.0
2023-11-29,22.12891387939453,22.32096864074115,21.93686065521155,22.19293367034037,25551189,0.0067960480089179764,ITUB4.SA,1.0
2023-11-30,22.47034454345703,22.520136348909936,22.214273059912237,22.264064865365143,48828674,0.0154291650246976,ITUB4.SA,1.0
2023-12-01,22.418855667114258,22.546963774120353,22.15552301961205,22.45444091061079,34579613,-0.0022914146351069586,ITUB4.SA,1.0
2023-12-04,22.44732666015625,22.596785620190722,22.283633293734205,22.290749727916303,14713024,0.0012699574619126075,ITUB4.SA,1.0
2023-12-05,22.63236427307129,22.746237952970723,22.433085717753013,22.48290535658258,29425256,0.008243191526386973,ITUB4.SA,1.0
2023-12-06,22.433090209960938,22.77471131806859,22.290747697076938,22.717775235728936,26385417,-0.008804827489784395,ITUB4.SA,1.0
2023-12-07,22.682178497314453,22.682178497314453,22.38807008725322,22.560230275971524,22783950,0.011103610114442164,ITUB4.SA,1.0
2023-12-08,22.969106674194336,23.040839809096735,22.553051701432327,22.617612142917398,20982366,0.012649939110295438,ITUB4.SA,1.0
2023-12-11,22.811296463012695,23.004977826064618,22.76108294853804,22.847164587793955,21996515,-0.006870541959689724,ITUB4.SA,1.0
2023-12-12,22.696521759033203,22.911722749837317,22.51718889184856,22.868683481786018,16825276,-0.0050314853504970225,ITUB4.SA,1.0
2023-12-13,23.385162353515625,23.507108996570654,22.696518656989724,22.696518656989724,53507397,0.03034123914640552,ITUB4.SA,1.0
2023-12-14,23.578842163085938,23.700790356475583,23.248868802043653,23.485589394815282,48235322,0.00828216655682934,ITUB4.SA,1.0
2023-12-15,23.478418350219727,23.700792021141826,23.169963048441552,23.61471194046819,31684684,-0.004259064638187815,ITUB4.SA,1.0
2023-12-18,23.59318733215332,23.69361433672191,23.435374132195054,23.550148073156617,31521986,0.004888275701609102,ITUB4.SA,1.0
2023-12-19,23.607542037963867,23.92317009193815,23.550155823687962,23.68644943900312,27090256,0.0006084258819487598,ITUB4.SA,1.0
2023-12-20,23.363643646240234,23.650577756047035,23.299083200251786,23.52145686407014,25825488,-0.010331375936190823,ITUB4.SA,1.0
2023-12-21,23.521459579467773,23.578845787981038,23.34929785356284,23.492765700119858,24714129,0.006754765464544121,ITUB4.SA,1.0
2023-12-22,23.894466400146484,24.059453829957512,23.52862652773579,23.542971912778413,36993016,0.01585814942386965,ITUB4.SA,1.0
2023-12-26,24.13836669921875,24.23162102433898,23.837085641390622,23.937512660666663,26212408,0.01020739676659077,ITUB4.SA,1.0
2023-12-27,24.303354263305664,24.353567773143435,24.080979041036645,24.109672918138926,20593974,0.006835075717540384,ITUB4.SA,1.0
2023-12-28,24.3679141998291,24.3679141998291,24.202926735230328,24.30335375279633,14225154,0.0026564208308033077,ITUB4.SA,1.0
2024-01-02,24.057615280151367,24.323166208162824,23.85665526408074,24.323166208162824,21468310,-0.012733913831652899,ITUB4.SA,1.0
2024-01-03,23.79205894470215,24.23703902468906,23.79205894470215,24.05043497533592,20995509,-0.011038348246773855,ITUB4.SA,1.0
2024-01-04,23.634164810180664,23.84947766227065,23.469091571878728,23.792060074519547,30121031,-0.006636421626579847,ITUB4.SA,1.0
2024-01-05,24.186800003051758,24.186800003051758,23.598279048129736,23.619809867544802,31414011,0.02338289494507717,ITUB4.SA,1.0
2024-01-08,23.92842674255371,24.16527198755395,23.89254307335718,24.057616326998954,13381523,-0.010682407778848213,ITUB4.SA,1.0
2024-01-09,23.91407585144043,24.00020069712713,23.53368969458463,23.827951005753732,21458906,-0.000599742359482458,ITUB4.SA,1.0
2024-01-10,23.89254379272461,24.071969899051847,23.820771799205197,23.83512619790908,11422452,-0.0009003926745729807,ITUB4.SA,1.0
2024-01-11,23.935604095458984,24.100677344812997,23.777708820548607,23.835124861155535,23114559,0.001802248563733455,ITUB4.SA,1.0
2024-01-12,23.964311599731445,24.0289056113008,23.655695939009906,23.87100879391164,27608377,0.0011993641003573696,ITUB4.SA,1.0
2024-01-15,24.007381439208984,24.093504743832852,23.813599350838967,23.949963834808045,11169567,0.0017972491844089333,ITUB4.SA,1.0
2024-01-16,23.6700496673584,24.093497391140925,23.64851884777306,23.827946480286325,40226258,-0.014051168916725532,ITUB4.SA,1.0
2024-01-17,23.684406280517578,23.79923991403292,23.562396223464972,23.612635841191157,30594852,0.0006065307576847978,ITUB4.SA,1.0
2024-01-18,23.58392333984375,23.827944966599674,23.49779851598525,23.827944966599674,25613957,-0.004242577985013041,ITUB4.SA,1.0
2024-01-19,23.64134407043457,23.713116063737054,23.476270812321626,23.648522045259075,36066109,0.0024347403849389604,ITUB4.SA,1.0
2024-01-22,23.253782272338867,23.806418108435285,22.945166568499353,23.648522819974264,41153165,-0.016393391041602423,ITUB4.SA,1.0
2024-01-23,23.361434936523438,23.41167455152909,23.08870604106086,23.382967307946117,24343524,0.004629469000947184,ITUB4.SA,1.0
2024-01-24,23.253782272338867,23.734647663770144,23.189188251744817,23.47627158139394,26632184,-0.004608135779205269,ITUB4.SA,1.0
2024-01-25,23.20353889465332,23.44756053839621,23.14612285841351,23.38296652825873,17399934,-0.002160654000158635,ITUB4.SA,1.0
2024-01-26,23.54804229736328,23.61981273812816,23.21789578826327,23.23942661029504,16393377,0.014847019856498944,ITUB4.SA,1.0
2024-01-29,23.426029205322266,23.598278861255327,23.289663214137956,23.47626726656349,9956124,-0.005181453748903664,ITUB4.SA,1.0
2024-01-30,23.275312423706055,23.49780327732756,23.203541981112547,23.375793214720893,23823364,-0.006433731482839988,ITUB4.SA,1.0
2024-01-31,23.526506423950195,23.9212468914025,23.30401716008906,23.31119513369066,27023862,0.010792293382420937,ITUB4.SA,1.0
2024-02-01,23.474550247192383,23.740245722772993,23.15140626239241,23.53917749232879,26301462,-0.002208410200033817,ITUB4.SA,1.0
2024-02-02,23.510454177856445,23.618167802104924,23.115501118631588,23.517634465410257,25338865,0.0015294832184635787,ITUB4.SA,1.0
2024-02-05,23.955684661865234,23.9628649526431,23.553551134523,23.610998116218642,21139400,0.01893755350877635,ITUB4.SA,1.0
2024-02-06,24.982553482055664,25.040000443115407,23.898227543705964,24.09929423515059,76215210,0.042865350528890955,ITUB4.SA,-1.0
2024-02-07,24.80303192138672,25.04000475005522,24.48707125347663,24.774309211828317,53422083,-0.007185877168156218,ITUB4.SA,1.0
2024-02-08,24.314725875854492,25.018459377559125,24.314725875854492,24.72404114625552,55241227,-0.019687353025223397,ITUB4.SA,1.0
2024-02-09,24.623504638671875,24.7096758551468,24.228551548686177,24.32908489321086,30560069,0.01269924918725951,ITUB4.SA,1.0
2024-02-14,24.623504638671875,24.73121827130961,24.501427326160705,24.558875838359768,14313415,0.0,ITUB4.SA,1.0
2024-02-15,24.831756591796875,24.86766269502824,24.515794366858312,24.688136834343354,32298657,0.00845744568780571,ITUB4.SA,1.0
2024-02-16,24.80303192138672,24.98255777911446,24.61632732604932,24.903565284401008,25879532,-0.0011567715841594994,ITUB4.SA,1.0
2024-02-19,25.075908660888672,25.0902707912133,24.8102131294428,24.831755549017785,32035461,0.011001749317052667,ITUB4.SA,-1.0
2024-02-20,25.62166404724121,25.815548943659888,25.054368385891074,25.054368385891074,62343778,0.02176413200945193,ITUB4.SA,-1.0
2024-02-21,25.478044509887695,25.72937793475531,25.478044509887695,25.60012030144509,32185244,-0.005605394602345548,ITUB4.SA,-1.0
2024-02-22,25.333518981933594,25.75623935571207,25.333518981933594,25.733989818439483,24314973,-0.005672551827830108,ITUB4.SA,-1.0
2024-02-23,25.407682418823242,25.496675769034038,25.118454431299757,25.36318654504103,25725331,0.002927482634470957,ITUB4.SA,-1.0
2024-02-26,25.48184585571289,25.54117422391075,25.333522531248587,25.42993293254735,15356342,0.002918937495641316,ITUB4.SA,-1.0
2024-02-27,25.793319702148438,25.845232617882154,25.511507188921463,25.674661380093344,17802262,0.012223362789305803,ITUB4.SA,-1.0
2024-02-28,25.808155059814453,25.87490047355071,25.556005897104857,25.73399259863729,15121697,0.000575162787781025,ITUB4.SA,-1.0
2024-02-29,25.17036247253418,25.771069473302013,25.022039182508347,25.71173951623326,48078175,-0.0247128314984969,ITUB4.SA,-1.0
2024-03-01,25.279924392700195,25.428324895503156,25.1612043111539,25.31702411753085,16520612,0.004352814556626727,ITUB4.SA,-1.0
2024-03-04,25.087003707885742,25.3763837931304,25.087003707885742,25.287344136935186,17674233,-0.007631379026994289,ITUB4.SA,-1.0
2024-03-05,25.06474494934082,25.257664477485466,24.931184659286707,25.1686248186095,20542423,-0.0008872625365748954,ITUB4.SA,-1.0
2024-03-06,25.339282989501953,25.443162851213497,25.049902916596885,25.198301802767542,36605983,0.010953155147439553,ITUB4.SA,-1.0
2024-03-07,25.07216453552246,25.48026471374292,24.856983887622103,25.26508406584256,18729056,-0.010541673735999568,ITUB4.SA,-1.0
2024-03-08,25.302183151245117,25.420901618241935,24.968282451940947,24.990543567548027,19630131,0.009174262373588205,ITUB4.SA,-1.0
2024-03-11,25.42832374572754,25.42832374572754,25.22056401328574,25.23540422324305,22865412,0.004985364058445407,ITUB4.SA,-1.0
2024-03-12,25.53220558166504,25.680604485726032,25.32444583319533,25.56930530768029,24434504,0.004085280531122448,ITUB4.SA,-1.0
2024-03-13,25.78448486328125,25.91062424704712,25.37638468756535,25.458005043404594,30214957,0.009880826033978662,ITUB4.SA,-1.0
2024-03-14,25.769638061523438,25.918036921295553,25.636077804944595,25.82157798313966,32383745,-0.0005758036988730009,ITUB4.SA,-1.0
2024-03-15,25.628662109375,25.895782676829956,25.524783848507266,25.87352316403546,42577460,-0.005470622125614111,ITUB4.SA,-1.0
2024-03-18,25.7325439453125,25.93288438625351,25.509943989871505,25.725124641639294,14672010,0.0040533460347702555,ITUB4.SA,-1.0
2024-03-19,25.769638061523438,25.85867769808269,25.702857933234014,25.79189756979327,11934228,0.0014415254197086558,ITUB4.SA,-1.0
2024-03-20,25.821584701538086,25.969983599921424,25.643505382085944,25.76964476640785,19759180,0.002015807901167621,ITUB4.SA,-1.0
2024-03-21,25.554458618164062,25.918038085813553,25.42831926099424,25.821579143323685,38034356,-0.010345069307776122,ITUB4.SA,-1.0
2024-03-22,25.197124481201172,25.555802875240364,25.114927046455595,25.48107881537205,13144839,-0.013983240353560022,ITUB4.SA,-1.0
2024-03-25,25.197124481201172,25.21206961613831,25.070093256461565,25.13734555627,13844693,0.0,ITUB4.SA,-1.0
2024-03-26,25.697778701782227,25.697778701782227,25.092509630880816,25.16723530401623,19262812,0.0198694982419354,ITUB4.SA,-1.0
2024-03-27,25.839757919311523,25.914481985902512,25.518443141116244,25.630529241002726,19398772,0.0055249607048506455,ITUB4.SA,-1.0
2024-03-28,25.88458824157715,25.996675934254817,25.697776496992514,25.83228108227883,18913508,0.0017349358459786135,ITUB4.SA,-1.0
2024-04-01,25.000638961791992,26.009936295644685,24.993161775698947,25.852933159740637,35605204,-0.034149636514801185,ITUB4.SA,-1.0
2024-04-02,25.03054428100586,25.09035369108246,24.776350652988306,25.008115954182244,20491664,0.0011961821959658447,ITUB4.SA,-1.0
2024-04-03,24.84363555908203,25.105304739693466,24.679156865188684,25.000637067448892,33775409,-0.007467225635427455,ITUB4.SA,1.0
2024-04-04,24.514684677124023,25.18754911105101,24.380111467210405,24.94830820801371,54117291,-0.013240851210190696,ITUB4.SA,1.0
2024-04-05,24.469818115234375,24.664200664424833,24.320292207435322,24.522151940617977,28261098,-0.0018301912702762824,ITUB4.SA,1.0
2024-04-08,24.83616065979004,25.067924335834867,24.589442612288455,24.641776449823794,19296916,0.014971200146665087,ITUB4.SA,1.0
2024-04-09,25.097827911376953,25.142686178251985,24.88101699391629,24.955779156400546,20178616,0.010535736790048933,ITUB4.SA,-1.0
2024-04-10,24.567012786865234,25.04549286556539,24.43243960837677,25.008113401768366,31255391,-0.021149843181094474,ITUB4.SA,1.0
2024-04-11,24.52215576171875,24.61934624363821,24.33524713611505,24.462344743023053,20688126,-0.0018259047420884356,ITUB4.SA,1.0
2024-04-12,24.267961502075195,24.469821261210058,24.21562605432261,24.447391321990192,25841237,-0.01036590184458308,ITUB4.SA,1.0
