Date,Close,High,Low,Open,Volume,Retorno_Diario,Ticker,DiasParaEleicaoBR,DiasParaEleicaoUSA,Alvo
2015-01-02,39.68174362182617,40.24183655757359,39.495048134744195,39.59688233108443,27913900,,MSFT,1395,676,-1.0
2015-01-05,39.31682586669922,39.656274166635725,39.24893426436205,39.350768430618025,39673900,-0.009196111909917093,MSFT,1392,673,-1.0
2015-01-06,38.739768981933594,39.673256065034195,38.64641962617343,39.359265426136794,36447900,-0.014677097452426402,MSFT,1391,672,-1.0
2015-01-07,39.231956481933594,39.42713995849056,38.60397542470675,39.01980010690438,29114100,0.012704967348399432,MSFT,1390,671,-1.0
2015-01-08,40.3860969543457,40.521876936055044,39.64779350612929,39.67325124105913,29645200,0.02941837664771052,MSFT,1389,670,-1.0
2015-01-09,40.046653747558594,40.581288953526226,39.80055470490753,40.40307829728728,23944200,-0.008404952010362177,MSFT,1388,669,-1.0
2015-01-12,39.54596710205078,40.34367754928058,39.34229869140774,40.24184010670803,23651900,-0.012502583827951774,MSFT,1385,666,-1.0
2015-01-13,39.342288970947266,40.657658191964224,39.08770190191982,39.85995117907819,35270600,-0.0051504147206189455,MSFT,1384,665,-1.0
2015-01-14,39.002838134765625,39.24045554269455,38.71430525440573,39.002838134765625,29719600,-0.008628141500163111,MSFT,1383,664,-1.0
2015-01-15,38.59549331665039,39.35925767959362,38.536089781449235,39.223477708098144,32750800,-0.010443978889632222,MSFT,1382,663,-1.0
2015-01-16,39.24046325683594,39.274405832712475,38.33243056055651,38.45124090650261,35695300,0.016711016876866935,MSFT,1381,662,-1.0
2015-01-20,39.36775207519531,39.58839660575821,38.671879147575076,39.29137562034672,36161900,0.003243815383275228,MSFT,1377,658,-1.0
2015-01-21,38.96888732910156,39.15558600339818,38.59549321775821,38.985860230151246,39081100,-0.010131763310536224,MSFT,1376,657,-1.0
2015-01-22,39.99574279785156,40.004227633145206,39.10468617846555,39.35927332153996,35898000,0.026350648918403996,MSFT,1375,656,-1.0
2015-01-23,40.03816604614258,40.216376689620084,39.71568733133765,40.19091895119488,26211600,0.0010606940970050438,MSFT,1374,655,-1.0
2015-01-26,39.89389419555664,39.995731614111214,39.24045523137454,39.88540936263555,42525500,-0.0036033581163450457,MSFT,1371,652,-1.0
2015-01-27,36.20238494873047,36.66064376463559,35.73564129723508,36.44848726511484,169164000,-0.09253318888175455,MSFT,1370,651,1.0
2015-01-28,34.95488357543945,36.312686333165615,34.929425846070956,36.270255705134986,84507100,-0.03445909364970612,MSFT,1369,650,1.0
2015-01-29,35.65077209472656,35.74412146027306,34.615450713735726,34.73425781997641,63585300,0.019908191591748503,MSFT,1368,649,1.0
2015-01-30,34.284481048583984,35.28585967660725,34.242047171959896,35.260398703182744,78004900,-0.03832430452031299,MSFT,1367,648,1.0
2015-02-02,35.03126907348633,35.107645518621844,34.140212705072116,34.44571848561419,50352500,0.02178210088243948,MSFT,1364,645,1.0
2015-02-03,35.30284118652344,35.58288932739616,34.836097522320266,35.328302168490005,52082400,0.00775227732878947,MSFT,1363,644,1.0
2015-02-04,35.506500244140625,35.82049085402081,35.09916028712709,35.591361521216285,41614800,0.005768914080913401,MSFT,1362,643,1.0
2015-02-05,36.02416229248047,36.18540001311411,35.52347299053892,35.82897876626599,36548200,0.014579359970158468,MSFT,1361,642,1.0
2015-02-06,35.99021530151367,36.31269396940989,35.76957404700579,36.2193446257623,34616600,-0.0009423394967850163,MSFT,1360,641,1.0
2015-02-09,35.947792053222656,36.27027078740073,35.82049687894819,35.84595785615354,31381100,-0.0011787439429191693,MSFT,1357,638,1.0
2015-02-10,36.15146255493164,36.29573064333667,35.79504122578558,36.27027290189794,29670700,0.005665730496255295,MSFT,1356,637,1.0
2015-02-11,35.96477127075195,36.19390068230769,35.82050316543849,36.19390068230769,38262500,-0.005164141945737666,MSFT,1355,636,1.0
2015-02-12,36.567298889160156,36.567298889160156,36.07509419578971,36.20238940607563,33268800,0.016753272636498062,MSFT,1354,635,1.0
2015-02-13,37.22922134399414,37.22922134399414,36.61821283139051,36.81339642098276,40264900,0.018101486162277025,MSFT,1353,634,-1.0
2015-02-17,37.246307373046875,37.605265157337435,36.91298523869162,37.57962624711345,33695700,0.0004589413486482119,MSFT,1349,630,-1.0
2015-02-18,37.203575134277344,37.348869913711866,37.08392252785421,37.2890436105003,27111700,-0.0011472879268685787,MSFT,1348,629,-1.0
2015-02-19,37.17793655395508,37.2035754669067,36.793336558235666,36.904443948174396,27603400,-0.0006891429178440545,MSFT,1347,628,-1.0
2015-02-20,37.48561096191406,37.502704654763036,36.998452126728196,37.18647622748982,29721100,0.00827572577925273,MSFT,1346,627,-1.0
2015-02-23,37.733455657958984,37.76763977525135,37.30612321907061,37.34885581090189,32518800,0.00661172886569017,MSFT,1343,624,-1.0
2015-02-24,37.68218994140625,37.86166885638093,37.536895157648814,37.733471028665775,25271700,-0.0013586276596938562,MSFT,1342,623,-1.0
2015-02-25,37.596717834472656,37.68218303729052,37.4343293847148,37.5625304492301,29759800,-0.002268236189735706,MSFT,1341,622,-1.0
2015-02-26,37.65653991699219,37.80183139759085,37.51124517610538,37.59671362965295,28957300,0.0015911517272042541,MSFT,1340,621,-1.0
2015-02-27,37.4770622253418,37.776196957690736,37.31467703483593,37.71637066327865,33807700,-0.004766175863369804,MSFT,1339,620,-1.0
2015-03-02,37.502708435058594,37.76765255020286,37.22066736505342,37.32322627219672,31924000,0.0006843175050006423,MSFT,1336,617,-1.0
2015-03-03,36.989898681640625,37.45996702112603,36.827513511819916,37.22920708909359,31748600,-0.013673939158447057,MSFT,1335,616,1.0
2015-03-04,36.80187225341797,36.93007003393722,36.648032308564545,36.75913639962365,25748700,-0.005083183110095368,MSFT,1334,615,1.0
2015-03-05,36.8446044921875,36.95571184246477,36.59675088783354,36.81041711359636,23193500,0.0011611430656375266,MSFT,1333,614,1.0
2015-03-06,36.20362091064453,36.84461985520895,36.02414198863591,36.75060615502655,36248800,-0.017396945641766415,MSFT,1332,613,1.0
2015-03-09,36.62239456176758,36.86170298278805,36.05831578269293,36.05831578269293,32108000,0.011567175895379034,MSFT,1329,610,1.0
2015-03-10,35.92158126831055,36.50275392913108,35.92158126831055,36.19507390160382,39159700,-0.019136195266397316,MSFT,1328,609,1.0
2015-03-11,35.87883758544922,36.21215642566365,35.75918500283772,36.160878610423495,32215300,-0.001189916516816436,MSFT,1327,608,1.0
2015-03-12,35.05836486816406,35.59680482591244,34.92161857448228,35.32331223854888,59992500,-0.022867873445763465,MSFT,1326,607,1.0
2015-03-13,35.366050720214844,35.44297072695943,34.70795805368657,34.784878060431154,58007700,0.008776389121621264,MSFT,1325,606,1.0
2015-03-16,35.51988983154297,35.588261357863075,35.28058133869942,35.442969826752055,35273500,0.004349909254645512,MSFT,1322,603,1.0
2015-03-17,35.6395378112793,35.75064519492034,35.169472625505605,35.357496743641775,31673400,0.0033684783456191525,MSFT,1321,602,1.0
2015-03-18,36.32326126098633,36.60530226630405,35.323304810033946,35.40877000300337,44194800,0.019184408432217248,MSFT,1320,601,1.0
2015-03-19,36.143795013427734,36.400193942104984,36.08396870541269,36.118152838357524,33879100,-0.004940807662316193,MSFT,1319,600,1.0
2015-03-20,36.64805603027344,36.73352127260657,36.314737020768185,36.37456334245938,71904500,0.013951523813654942,MSFT,1318,599,1.0
2015-03-23,36.63095474243164,36.86171476128214,36.56257995449549,36.648048439415675,26246100,-0.00046663560620163747,MSFT,1315,596,1.0
2015-03-24,36.665138244628906,36.89589497869671,36.53693716100103,36.562576073611005,25513300,0.0009331862201689134,MSFT,1314,595,1.0
2015-03-25,35.434410095214844,36.690768687715845,35.41731640399102,36.682220211959816,43469900,-0.033566712368644946,MSFT,1313,594,1.0
2015-03-26,35.22074890136719,35.56261625434301,34.972895233474155,35.229297378350374,37495600,-0.006029765791882302,MSFT,1312,593,1.0
2015-03-27,35.01563262939453,35.40877782031078,34.895980028706006,35.1438304471513,34401400,-0.005823733974171463,MSFT,1311,592,1.0
2015-03-30,35.007080078125,35.50278737790586,34.96434747717904,35.12673266488908,35049700,-0.0002442495144968637,MSFT,1308,589,1.0
2015-03-31,34.75068664550781,35.0669118542966,34.6481277351445,34.853245555871126,34887200,-0.007324045080166486,MSFT,1307,588,1.0
2015-04-01,34.801963806152344,34.836147932225785,34.45155124666279,34.699401647066175,36865300,0.001475572588467422,MSFT,1306,587,1.0
2015-04-02,34.43445587158203,34.81905579864843,34.2891611167843,34.75068102926398,37487500,-0.010559976920191616,MSFT,1305,586,1.0
2015-04-06,35.51133346557617,35.70790604298308,34.340443217418255,34.477189499974735,39223700,0.03127325717038154,MSFT,1301,582,1.0
2015-04-07,35.494239807128906,35.819013451123595,35.306215706111814,35.562614578617705,28809400,-0.0004813578308411337,MSFT,1300,581,1.0
2015-04-08,35.400230407714844,35.6309903989644,35.075459984731566,35.4344177975938,24753400,-0.002648581852291998,MSFT,1299,580,1.0
2015-04-09,35.451499938964844,35.57115250425774,35.254927401656815,35.254927401656815,25723900,0.001448282416795399,MSFT,1298,579,1.0
2015-04-10,35.65663528442383,35.85320790075049,35.39168788313701,35.57971528148825,28022000,0.005786365762017187,MSFT,1297,578,1.0
2015-04-13,35.69082260131836,35.94722480750861,35.37459734338373,35.38314582241114,30276700,0.0009587925675496045,MSFT,1294,575,1.0
2015-04-14,35.596805572509766,35.92157598913514,35.374590802935685,35.725003391612766,24244400,-0.002634207394399457,MSFT,1293,574,1.0
2015-04-15,36.118141174316406,36.28907482499612,35.62243717366228,35.69080867776123,27343600,0.014645572641193594,MSFT,1292,573,1.0
2015-04-16,36.032676696777344,36.18651665942427,35.74209046292074,35.85319782711869,22509700,-0.0023662479507621237,MSFT,1291,572,1.0
2015-04-17,35.5711669921875,35.67372917017258,35.17802175744568,35.613899602870006,42387600,-0.012808088293677078,MSFT,1290,571,1.0
2015-04-20,36.673675537109375,36.895887005718286,35.62243796350941,35.66517056205479,46057700,0.03099444404407703,MSFT,1287,568,1.0
2015-04-21,36.44292068481445,36.87880172763278,36.34890699870506,36.75060065379475,26013800,-0.006292111410033718,MSFT,1286,567,1.0
2015-04-22,36.74205780029297,36.861710404750646,36.36600303166717,36.46856194116105,25064300,0.008208373803671787,MSFT,1285,566,1.0
2015-04-23,37.04118347167969,37.27194342687697,36.57966356128511,36.65658354635087,46309500,0.008141233488134558,MSFT,1284,565,1.0
2015-04-24,40.91283416748047,41.14359423015244,39.01547908599418,39.024024305964275,130933700,0.10452286706122393,MSFT,1283,564,-1.0
2015-04-27,41.04956817626953,41.13503665174244,40.357291456528316,40.36583667393112,59248200,0.003342081074836578,MSFT,1280,561,-1.0
2015-04-28,42.01533508300781,42.058067684828686,40.76752485222254,40.835896363078234,60730800,0.023526846922998335,MSFT,1279,560,-1.0
2015-04-29,41.92986297607422,42.143529210289316,41.45124943772872,41.63927676713017,47804600,-0.0020343073966857528,MSFT,1278,559,-1.0
2015-04-30,41.5709114074707,42.34011132869568,41.53672401979654,41.622192488981945,64725500,-0.00856076178470555,MSFT,1277,558,-1.0
2015-05-01,41.58800506591797,41.776032437677124,41.36579356680248,41.519633550916566,38937300,0.0004111927756338396,MSFT,1276,557,-1.0
2015-05-04,41.22904968261719,41.76748639815064,41.177768598156845,41.34015380851454,34039500,-0.008631223900541274,MSFT,1273,554,-1.0
2015-05-05,40.68206024169922,41.16067390417749,40.43420982354634,40.87008761986726,50369200,-0.013267088257641557,MSFT,1272,553,-1.0
2015-05-06,39.55390167236328,40.827354166664044,39.33169017028553,40.656420486448745,52433000,-0.027731107093233454,MSFT,1271,552,-1.0
2015-05-07,39.91286087036133,40.246179738118535,39.45134093333351,39.54535461609347,32971700,0.00907519063407225,MSFT,1270,551,-1.0
2015-05-08,40.81024932861328,41.006821866082,40.613676791144556,40.6393156950746,35364900,0.02248369168942088,MSFT,1269,550,-1.0
2015-05-11,40.48549270629883,40.94701273205212,40.48549270629883,40.63933271488326,24609400,-0.007957722083475671,MSFT,1266,547,-1.0
2015-05-12,40.46839141845703,40.75043246805131,39.673552609967786,40.041058865948344,29928300,-0.00042240532839399325,MSFT,1265,546,-1.0
2015-05-13,40.70770263671875,41.29742042563176,40.656421553221975,41.18631304153319,34184600,0.005913534239282203,MSFT,1264,545,-1.0
2015-05-14,41.639286041259766,41.72475124986588,41.04956501689589,41.04956501689589,32980900,0.022884696118928627,MSFT,1263,544,-1.0
2015-05-15,41.28031539916992,41.80166152726007,41.066649167020714,41.767474147647086,28642700,-0.00862096054514827,MSFT,1262,543,-1.0
2015-05-18,41.03247833251953,41.21196051771451,40.69061417940714,41.00683941761565,24136500,-0.006003759037543022,MSFT,1259,540,-1.0
2015-05-19,40.929237365722656,41.127087418180075,40.585148320550246,40.9120325853164,28574800,-0.0025160792375306107,MSFT,1258,539,-1.0
2015-05-20,40.929237365722656,41.23031281914126,40.662568191640226,40.76579359260141,25047900,0.0,MSFT,1257,538,-1.0
2015-05-21,40.791603088378906,40.946442845612935,40.438913259451766,40.6711728953028,22410700,-0.00336273740245685,MSFT,1256,537,-1.0
2015-05-22,40.344303131103516,40.73139935066199,40.27548398359597,40.688389024208554,25720600,-0.010965491017998819,MSFT,1255,536,-1.0
2015-05-26,40.0776252746582,40.32708970873735,39.73353617375753,40.284079391493975,29581900,-0.006610049889291925,MSFT,1251,532,-1.0
2015-05-27,40.95505905151367,41.092694067581526,40.103440133577976,40.2754847240322,27335600,0.02189335747420862,MSFT,1250,531,-1.0
2015-05-28,40.81740951538086,41.30773429079064,40.765795172162186,40.860419827324854,19283700,-0.0033609898098223567,MSFT,1249,530,-1.0
2015-05-29,40.30989074707031,40.92064587197081,40.07763106264111,40.80021565370619,36519600,-0.012433879913895662,MSFT,1248,529,-1.0
2015-06-01,40.628173828125,41.09269322842209,40.10343931462023,40.48193806218567,28837300,0.007895905326357644,MSFT,1245,526,-1.0
2015-06-02,40.36149978637695,40.731394456086925,40.103434577189745,40.37010381952026,21498300,-0.006563771309933686,MSFT,1244,525,-1.0
2015-06-03,40.3012809753418,41.066879062332205,40.27547544123856,40.74859549483354,28002200,-0.0014919864562485952,MSFT,1243,524,-1.0
2015-06-04,39.87977981567383,40.56795481581734,39.742144815645126,40.24967449352795,27745500,-0.010458753406023535,MSFT,1242,523,-1.0
2015-06-05,39.69053268432617,40.01741705826681,39.43246745499511,39.836771725882805,25438100,-0.004745440727666139,MSFT,1241,522,-1.0
2015-06-08,39.33784103393555,39.93999539675624,39.286226677758705,39.82816593244505,22121600,-0.008886039731331286,MSFT,1238,519,-1.0
2015-06-09,39.26903533935547,39.518496588427965,39.105591476556995,39.36365676129159,24406100,-0.0017490968688577135,MSFT,1237,518,-1.0
2015-06-10,40.0948486328125,40.284098054130176,39.3034446466936,39.38946860250999,28417400,0.02102963024990334,MSFT,1236,517,-1.0
2015-06-11,39.94859313964844,40.361498113529905,39.68192718984749,40.13784248323133,27347800,-0.0036477377556271007,MSFT,1235,516,-1.0
2015-06-12,39.54427719116211,39.97438678590966,39.484062110415515,39.759331988535884,23931000,-0.010120905811950909,MSFT,1234,515,-1.0
2015-06-15,39.1227912902832,39.269030344635134,38.72709101858835,39.096985749535456,33254500,-0.010658581489336405,MSFT,1231,512,-1.0
2015-06-16,39.42385482788086,39.77654463407841,38.967936335862234,39.01094664754946,27070300,0.0076953491217901515,MSFT,1230,511,-1.0
2015-06-17,39.54427719116211,39.6302977975213,39.01954296053397,39.33782314183394,28704100,0.003054555771042633,MSFT,1229,510,-1.0
2015-06-18,40.18946075439453,40.258276616013156,39.71633734930303,39.7593509544767,32658300,0.016315472403592546,MSFT,1228,509,-1.0
2015-06-19,39.65611267089844,40.284075714952415,39.56149129418943,40.24966615170737,63837000,-0.01327084448222593,MSFT,1227,508,-1.0
2015-06-22,39.7679443359375,40.18945330558351,39.7077292376276,39.8539682488636,20318100,0.0028200359921088936,MSFT,1224,505,-1.0
2015-06-23,39.49268341064453,39.81096375757913,39.24321892831424,39.68193278089199,25896500,-0.006921678499841932,MSFT,1223,504,-1.0
2015-06-24,39.26041793823242,39.78515236472786,39.18299805102036,39.28622347347744,34890900,-0.005881227922575283,MSFT,1222,503,-1.0
2015-06-25,39.26903533935547,39.6217253275043,39.14000105624911,39.59591650199615,20616000,0.00021949336190463242,MSFT,1221,502,-1.0
2015-06-26,38.933536529541016,39.810960890018656,38.735686421023104,39.269024920308524,49835300,-0.008543596931147812,MSFT,1220,501,-1.0
2015-06-29,38.16794204711914,38.907731414857835,38.159341295123774,38.74429087512752,34081700,-0.01966413921429866,MSFT,1217,498,1.0
2015-06-30,37.97869110107422,38.46901593888303,37.79804251755765,38.46041190651341,35945400,-0.004958374381602404,MSFT,1216,497,1.0
2015-07-01,38.23676300048828,38.90773325814261,37.935684162749894,38.24536375289111,28343900,0.006795176240467216,MSFT,1215,496,1.0
2015-07-02,38.19374084472656,38.49481630772715,37.90126613146466,38.26255668706536,21752000,-0.0011251516181212118,MSFT,1214,495,1.0
2015-07-06,38.18513870239258,38.26255857977619,37.80664334711526,37.8152440972794,23034000,-0.0002252238755285907,MSFT,1210,491,1.0
2015-07-07,38.107730865478516,38.271174703527976,37.26471597954164,38.14214043996026,36435800,-0.0020271718145994377,MSFT,1209,490,1.0
2015-07-08,38.05610656738281,38.623851223228904,37.87545800483631,38.22814781708197,39785900,-0.0013546935732788867,MSFT,1208,489,1.0
2015-07-09,38.29697036743164,38.89912463966496,38.279765584627626,38.494820447462615,32424700,0.006329176097464195,MSFT,1207,488,-1.0
2015-07-10,38.37439727783203,38.83031262047349,38.339987705921665,38.71848315250351,25465800,0.002021750275740697,MSFT,1206,487,-1.0
2015-07-13,39.17439270019531,39.24320854659451,38.666863117279284,38.6926686494944,28178300,0.020847113677676443,MSFT,1203,484,-1.0
2015-07-14,39.243221282958984,39.53569610840053,38.976555279585426,39.096985510977056,22880300,0.0017569789349491938,MSFT,1202,483,-1.0
2015-07-15,39.3636474609375,39.47547692777613,39.07977669924235,39.29483159929036,26629600,0.0030687128640687344,MSFT,1201,482,-1.0
2015-07-16,40.137840270996094,40.163645804979815,39.544290019032516,39.578696303851856,26271700,0.019667710184297915,MSFT,1200,481,-1.0
2015-07-17,40.10342788696289,40.24106286100035,39.793748375009436,40.043212790913785,29467100,-0.0008573551491775078,MSFT,1199,480,-1.0
2015-07-20,40.36149978637695,40.542148386137455,39.94859479538198,40.12924339514248,30631900,0.006435158115198458,MSFT,1196,477,-1.0
2015-07-21,40.671173095703125,40.7141866918508,39.98299821653694,40.24106338603968,42781900,0.007672492622057936,MSFT,1195,476,-1.0
2015-07-22,39.17439270019531,40.37009715448647,38.8819179696763,39.08836879035052,59152400,-0.03680199712916432,MSFT,1194,475,-1.0
2015-07-23,39.66471481323242,39.76794021657439,38.795891430798044,38.94213042688586,33934000,0.012516393471357246,MSFT,1193,474,-1.0
2015-07-24,39.51848220825195,39.84536653342252,39.398052004630415,39.49267667361218,32333200,-0.0036867176700760007,MSFT,1192,473,-1.0
2015-07-27,39.01094436645508,39.578688979367364,38.92492374811052,39.51847389023093,39701400,-0.012843049971461018,MSFT,1189,470,-1.0
2015-07-28,39.00234603881836,39.2604111913512,38.529226045595394,39.208800129730506,34328900,-0.0002204080874318448,MSFT,1188,469,-1.0
2015-07-29,39.81956481933594,40.24107057245339,38.93353642779455,39.05396992444822,40945900,0.020953067277138082,MSFT,1187,468,-1.0
2015-07-30,40.327083587646484,40.7743980383305,39.509874558156,39.793745234056104,39777900,0.012745462453273682,MSFT,1186,467,-1.0
2015-07-31,40.17224884033203,40.74859429484426,40.000204294597545,40.67977844543653,31201500,-0.003839472968034885,MSFT,1185,466,-1.0
2015-08-03,40.266883850097656,40.43032440572503,39.95720424450675,40.41311961858358,24125900,0.0023557309460509046,MSFT,1182,463,-1.0
2015-08-04,40.89483642578125,41.04107216784726,40.155047119742086,40.2152622231195,33403900,0.015594764621501112,MSFT,1181,462,-1.0
2015-08-05,40.929237365722656,41.64321770446235,40.89482780491015,41.273323129418735,26959700,0.0008412049771573393,MSFT,1180,461,-1.0
2015-08-06,40.10342788696289,41.09268151887235,39.853966752535165,41.041067173054564,27368000,-0.020176517616997236,MSFT,1179,460,-1.0
2015-08-07,40.2066650390625,40.24107132870432,39.7937567485875,39.905586213986034,19163000,0.0025742725133273137,MSFT,1178,459,-1.0
2015-08-10,40.71418380737305,40.85181877345526,40.29267487791578,40.38729953237413,23079900,0.012622752168514051,MSFT,1175,456,-1.0
2015-08-11,39.922786712646484,40.37870199584837,39.484076213156726,40.27547657505259,29237400,-0.019437872031791703,MSFT,1174,455,-1.0
2015-08-12,40.2066650390625,40.34430004206173,39.32063663086998,39.73354163986767,30181400,0.007110684142850543,MSFT,1173,454,-1.0
2015-08-13,40.198055267333984,40.51633555105869,39.99160443304433,40.48192926632831,22627200,-0.0002141379226591189,MSFT,1172,453,-1.0
2015-08-14,40.430320739746094,40.5163413861759,40.01741573022384,40.02601648227589,21473400,0.005778027590326085,MSFT,1171,452,-1.0
2015-08-17,40.705589294433594,40.81741875598609,40.060424624786215,40.26687876292335,21099700,0.0068084682399487395,MSFT,1168,449,-1.0
2015-08-18,40.93071746826172,41.069260063691594,40.437159265598034,40.55838362370967,23574100,0.005530645243819299,MSFT,1167,448,-1.0
2015-08-19,40.35923385620117,40.766204225878546,40.09080609914131,40.50643393699384,31485500,-0.013962218290057726,MSFT,1166,447,-1.0
2015-08-20,39.53664779663086,40.23802184651293,39.53664779663086,39.89166355698951,36238200,-0.02038160740367778,MSFT,1165,446,-1.0
2015-08-21,37.29396438598633,39.38076376180384,37.29396438598633,39.22490295339295,70053100,-0.05672416695974014,MSFT,1164,445,1.0
2015-08-24,36.09037399291992,36.96492334247518,34.393226692860644,35.02532737186898,88753700,-0.03227306114762818,MSFT,1161,442,1.0
2015-08-25,35.042659759521484,37.44118164356517,34.97338679532019,36.861032129287906,70616600,-0.02903029582358929,MSFT,1160,441,1.0
2015-08-26,36.98225784301758,37.09482476233304,35.55353758772981,36.37613259693328,63408000,0.05534962519416298,MSFT,1159,440,1.0
2015-08-27,38.01266860961914,38.05596255866367,37.17275212506554,37.43251912244933,50943200,0.027862300105511606,MSFT,1158,439,1.0
2015-08-28,38.03863525390625,38.22913254804704,37.571052788169276,37.57971355778429,28246700,0.0006831050078008882,MSFT,1157,438,1.0
2015-08-31,37.683616638183594,38.038632192160584,37.319940315288704,37.718253107624164,34441700,-0.009333106021099935,MSFT,1154,435,1.0
2015-09-01,36.21161651611328,36.878353998113326,36.073073877198794,36.51467750651464,49688900,-0.03906207135593198,MSFT,1153,434,1.0
2015-09-02,37.54509735107422,37.56241559653623,36.26357691494345,36.67920489667903,37671500,0.036824670181944796,MSFT,1152,433,1.0
2015-09-03,37.66630554199219,38.0819333447023,37.475808227081494,37.58837512253928,28285200,0.003228336040377977,MSFT,1151,432,1.0
2015-09-04,36.895668029785156,37.268001948706,36.54065235164163,37.068847134441754,37138800,-0.020459599132914397,MSFT,1150,431,1.0
2015-09-08,38.00400161743164,38.09925027160923,37.40653729093045,37.49312517484678,32469800,0.030039667170458806,MSFT,1146,427,1.0
2015-09-09,37.29396438598633,38.44560221445399,37.15542181218948,38.28108063717832,33469500,-0.018683222850922943,MSFT,1145,426,1.0
2015-09-10,37.48448181152344,37.917428000236484,37.0168991349652,37.337278389740014,31366600,0.005108532403937716,MSFT,1144,425,1.0
2015-09-11,37.648983001708984,37.744231648279936,37.18140053842383,37.354579595542305,27132500,0.004388514452798864,MSFT,1143,424,1.0
2015-09-14,37.26798629760742,37.614341058348465,37.1121254991836,37.60568359315394,23656000,-0.010119707724489335,MSFT,1140,421,1.0
2015-09-15,38.08193588256836,38.35036363482059,37.302634939221086,37.39788029990764,28882200,0.021840449829005015,MSFT,1139,420,1.0
2015-09-16,38.35901641845703,38.42828936662372,37.96070687584647,38.07327376505936,23372200,0.007275904689905799,MSFT,1138,419,1.0
2015-09-17,38.31573486328125,38.96515409825212,38.16853475551737,38.35037134856112,32768200,-0.0011283280755591818,MSFT,1137,418,1.0
2015-09-18,37.648983001708984,38.09058976251689,37.51910118620696,37.66630123773241,63143700,-0.01740151569456727,MSFT,1136,417,1.0
2015-09-21,38.19451141357422,38.506233182576864,37.75290447311477,37.77022271618348,26177200,0.014489857849293575,MSFT,1133,414,1.0
2015-09-22,38.01266860961914,38.142550456752744,37.50179208341385,37.56240427269951,28085900,-0.004760966883070372,MSFT,1132,413,1.0
2015-09-23,37.98667526245117,38.24644216180524,37.674953661980155,38.03862996356812,17145200,-0.0006838074809983885,MSFT,1131,412,1.0
2015-09-24,38.021324157714844,38.21182148762862,37.4671537104563,37.62301456163732,27905600,0.0009121328735479661,MSFT,1130,411,1.0
2015-09-25,38.04728698730469,38.73134234672001,37.89142618887802,38.51486938258468,29384600,0.000682849168591515,MSFT,1129,410,1.0
2015-09-28,37.48448181152344,38.17719505284085,37.415208835833056,37.952064488081675,27613800,-0.014792255121082398,MSFT,1126,407,1.0
2015-09-29,37.61436080932617,37.7269277346547,37.27666333645761,37.55374861179166,32763600,0.003464873769785104,MSFT,1125,406,1.0
2015-09-30,38.324378967285156,38.359015440485436,37.80484508174449,37.995342381230145,34958900,0.01887625211972077,MSFT,1124,405,1.0
2015-10-01,38.62744140625,38.748665753852926,37.88277378169978,38.748665753852926,28657900,0.007907823874290232,MSFT,1123,404,1.0
2015-10-02,39.458709716796875,39.458709716796875,38.02998617767158,38.333050448182576,41839000,0.02152014941409952,MSFT,1122,403,1.0
2015-10-05,40.37655258178711,40.60168309133239,39.57127260402867,39.614566551658555,34369300,0.02326084333668743,MSFT,1119,400,1.0
2015-10-06,40.48045349121094,40.852787338374036,40.02153175996547,40.11678041432571,27017200,0.0025732981837258695,MSFT,1118,399,1.0
2015-10-07,40.523738861083984,40.99997872902798,39.78773209272647,40.783505761497494,27711500,0.0010692906363425347,MSFT,1117,398,1.0
2015-10-08,41.08658981323242,41.147202009271425,40.26399147726701,40.31594620377914,33772700,0.013889413167869291,MSFT,1116,397,1.0
2015-10-09,40.79217529296875,41.16450914135563,40.627653688309024,41.086578724178935,28600600,-0.0071657083637749475,MSFT,1115,396,1.0
2015-10-12,40.69692611694336,40.75753829584697,40.263980094422685,40.67960787966861,19769100,-0.002334986436523967,MSFT,1112,393,1.0
2015-10-13,40.60167694091797,40.809492482424204,40.31593428735236,40.31593428735236,19987800,-0.002340451358701867,MSFT,1111,392,1.0
2015-10-14,40.41984176635742,40.783514847333116,40.289956635656914,40.393866061463754,24697800,-0.0044785139004269725,MSFT,1110,391,1.0
2015-10-15,40.70558166503906,40.72289990149738,40.28995389938708,40.70558166503906,27189400,0.007069297805105901,MSFT,1109,390,1.0
2015-10-16,41.138526916503906,41.164505922275275,40.610335578184454,40.71424169192254,26450300,0.01063601682510007,MSFT,1108,389,1.0
2015-10-19,41.23378372192383,41.45891753320132,40.71424974732669,41.06060462935263,29387600,0.002315513280610526,MSFT,1105,386,1.0
2015-10-20,41.363651275634766,41.398287740041795,40.714232432020665,41.07790539894934,30802200,0.00314954248649002,MSFT,1104,385,1.0
2015-10-21,40.8701057434082,41.5541612610586,40.792175326168085,41.493545778213125,25144300,-0.011931865708317835,MSFT,1103,384,1.0
2015-10-22,41.588809967041016,42.385432674504095,40.77487231871589,41.15586377690944,56637100,0.01758508353624033,MSFT,1102,383,1.0
2015-10-23,45.77972412109375,46.81879552231028,45.24287182999336,45.28616578356136,135227100,0.10077023500730165,MSFT,1101,382,1.0
2015-10-26,46.97464370727539,47.035255886519366,45.45933261994393,45.485308324443906,64633300,0.02610150255647925,MSFT,1098,379,-1.0
2015-10-27,46.489749908447266,47.07855685450599,46.39450454336068,46.74952020467993,50999900,-0.010322458257475353,MSFT,1097,378,-1.0
2015-10-28,46.74086380004883,46.74086380004883,45.77106539368787,46.359872394757666,47000800,0.005401489405644888,MSFT,1096,377,-1.0
2015-10-29,46.204010009765625,46.6109804156422,46.08278562583219,46.35987087571339,30202100,-0.011485748157753162,MSFT,1095,376,-1.0
2015-10-30,45.5805549621582,46.74951115968857,45.56323672555228,46.169361794295895,46619800,-0.013493526805912537,MSFT,1094,375,1.0
2015-11-02,46.10009765625,46.20400378517807,45.56324216670303,45.76239695678028,30285000,0.011398340685477182,MSFT,1091,372,1.0
2015-11-03,46.88806915283203,47.095881454140645,45.805703782758506,45.831679494642835,36596900,0.017092620984398232,MSFT,1090,371,-1.0
2015-11-04,47.10453796386719,47.520165831986894,46.81013447772614,46.9140406189769,37087800,0.004616714122511079,MSFT,1089,370,-1.0
2015-11-05,47.08720779418945,47.36429296940656,46.7581679099507,47.18245644250455,31468500,-0.00036790870745884163,MSFT,1088,369,-1.0
2015-11-06,47.55479431152344,47.6067490285736,46.72353865741887,46.83610555946939,32851200,0.009930223923612758,MSFT,1087,368,-1.0
2015-11-09,46.89671325683594,47.51149581907631,46.377179348514844,47.23441062755625,32513100,-0.013838374536466747,MSFT,1084,365,-1.0
2015-11-10,46.3338737487793,46.87072910077186,46.12606154416931,46.81877439806165,55283700,-0.012001683464983537,MSFT,1083,364,-1.0
2015-11-11,46.45511245727539,46.931352451355146,46.29059084438361,46.49840640162515,36516300,0.00261663225383324,MSFT,1082,363,-1.0
2015-11-12,46.16935729980469,46.74084583970323,46.05679042438231,46.30789987604932,35361100,-0.006151210111341565,MSFT,1081,362,1.0
2015-11-13,45.75373077392578,46.143382812081285,45.485303080281845,45.95288552606845,36848200,-0.009002215975847383,MSFT,1080,361,1.0
2015-11-16,46.55900955200195,46.662915658907075,45.76238725742113,45.961545308403025,32165200,0.017600286675094168,MSFT,1077,358,-1.0
2015-11-17,46.17546081542969,46.663626658882144,46.07085099864953,46.349803859302476,31551300,-0.00823790583740569,MSFT,1076,357,1.0
2015-11-18,46.942588806152344,47.05591446739311,46.18418577405412,46.201620746966626,29710000,0.01661332615150246,MSFT,1075,356,-1.0
2015-11-19,47.02104568481445,47.6486914236677,46.88156922344497,47.064634780864594,28149200,0.001671336853322991,MSFT,1074,355,-1.0
2015-11-20,47.23896789550781,47.33485856597413,46.43697924320855,47.291272804502285,37147600,0.0046345675116226115,MSFT,1073,354,-1.0
2015-11-23,47.23896789550781,47.47433499791228,46.855408539023,47.291272804502285,28235900,0.0,MSFT,1070,351,-1.0
2015-11-24,47.291263580322266,47.456890771761785,46.70720717468308,47.003591625033856,24600000,0.0011070454572617017,MSFT,1069,350,-1.0
2015-11-25,46.80309295654297,47.27382705400059,46.80309295654297,47.151785619558915,21005100,-0.010322638619079338,MSFT,1068,349,-1.0
2015-11-27,47.012325286865234,47.14308591153129,46.890283810713356,46.898999633846714,9009100,0.00447048084015611,MSFT,1066,347,-1.0
2015-11-30,47.37843704223633,47.91019189641592,47.073333433467674,47.544067565893535,56241400,0.007787569603016076,MSFT,1063,344,-1.0
2015-12-01,48.136863708496094,48.14557953302196,47.334871511481346,47.43076220817259,39952800,0.016007844783559433,MSFT,1062,343,-1.0
2015-12-02,48.12812042236328,48.78191667150911,47.99736316776193,48.22401107096542,47274900,-0.00018163389675240893,MSFT,1061,342,-1.0
2015-12-03,47.24768829345703,48.61630185725238,47.01232118482349,48.372218926245985,38627800,-0.018293507437642353,MSFT,1060,341,-1.0
2015-12-04,48.73835754394531,49.01731049659888,47.160527203626096,47.177962178839635,43963700,0.031550099154686206,MSFT,1059,340,-1.0
2015-12-07,48.65116882324219,48.79064525034482,48.19786960381355,48.63373385418181,30709800,-0.0017889138062255894,MSFT,1056,337,-1.0
2015-12-08,48.63373947143555,48.903973209632774,47.936357255373935,48.354786585010906,32878000,-0.0003582514506478285,MSFT,1055,336,-1.0
2015-12-09,47.9276237487793,48.703461439555284,47.517910364732764,48.26759726942228,36373200,-0.014519050567168068,MSFT,1054,335,-1.0
2015-12-10,48.18043899536133,48.520412609357294,47.9537877024436,48.28504549381071,31775800,0.005274938058836387,MSFT,1053,334,-1.0
2015-12-11,47.12565612792969,48.03225147574217,47.08206703132175,47.692277804639836,39549500,-0.021892346550291708,MSFT,1052,333,-1.0
2015-12-14,48.067100524902344,48.12812124316626,46.79437793628391,47.361002692025686,46768900,0.019977321788729352,MSFT,1049,330,-1.0
2015-12-15,48.11941909790039,48.72962977933481,48.02352842041175,48.5204134534159,39843000,0.0010884486983138153,MSFT,1048,329,-1.0
2015-12-16,48.93012619018555,49.03473268881511,47.73585563975724,48.41580619430097,37503300,0.016847815445064862,MSFT,1047,328,-1.0
2015-12-17,48.5552864074707,49.505470767760805,48.40709080796371,49.13062718271364,41280900,-0.0076607156347376915,MSFT,1046,327,-1.0
2015-12-18,47.186668395996094,48.81679988978041,47.0994935438217,48.616302717850196,84684200,-0.02818679721069539,MSFT,1045,326,-1.0
2015-12-21,47.796878814697266,48.25017474215823,47.273839680473685,47.84046457787075,37246300,0.012931839425072589,MSFT,1042,323,-1.0
2015-12-22,48.25018310546875,48.36350876966726,47.5092150269441,47.936363560996256,28322200,0.009483972636139981,MSFT,1041,322,-1.0
2015-12-23,48.659873962402344,48.71217885810055,48.32861627373955,48.555267496385525,27279800,0.008490969993586672,MSFT,1040,321,-1.0
2015-12-24,48.52912521362305,48.78192728304259,48.3199122305989,48.6947557610126,9558500,-0.002686993165669116,MSFT,1039,320,-1.0
2015-12-28,48.77320861816406,48.77320861816406,47.92763093716133,48.25016954032909,22458300,0.0050296271252896485,MSFT,1035,316,-1.0
2015-12-29,49.296241760253906,49.55775962263323,48.86909669428969,49.06959383295984,27731400,0.01072377965092608,MSFT,1034,315,-1.0
2015-12-30,49.087039947509766,49.49675013897104,49.069604976007895,49.22651639414397,21704500,-0.004243767988674874,MSFT,1033,314,-1.0
2015-12-31,48.363502502441406,48.982429012570215,48.31119758911672,48.851671717329594,27334100,-0.014739887470135882,MSFT,1032,313,-1.0
2016-01-04,47.770729064941406,47.770729064941406,46.541591808917865,47.3522997145271,53778000,-0.01225662755649426,MSFT,1028,309,-1.0
2016-01-05,47.98865509033203,48.285042924652224,47.54407500154197,47.88404859744857,34079700,0.004561915416747553,MSFT,1027,308,-1.0
2016-01-06,47.11692428588867,47.42203125304724,46.75951573749971,47.352291377566324,39518900,-0.018165351848315914,MSFT,1026,307,-1.0
2016-01-07,45.47807693481445,46.62876168212536,45.39090540981812,45.940095328360506,56564900,-0.034782562230299185,MSFT,1025,306,1.0
2016-01-08,45.61756134033203,46.44570088826242,45.46064991905702,45.652427958652474,48754000,0.0030670691225027635,MSFT,1024,305,1.0
2016-01-11,45.591400146484375,46.070850159158944,44.859148069268194,45.774462334443335,36943800,-0.0005734895307638599,MSFT,1021,302,1.0
2016-01-12,46.009830474853516,46.288783336759266,45.382188198255776,45.992395505311855,36095500,0.009177834570220034,MSFT,1020,301,1.0
2016-01-13,45.016056060791016,47.134356433727504,44.719668258496775,46.898989356136774,66883600,-0.02159917573714254,MSFT,1019,300,1.0
2016-01-14,46.29751205444336,46.56774582474847,44.955049050656754,45.329892659835885,52381900,0.028466642922290397,MSFT,1018,299,-1.0
2016-01-15,44.44944381713867,45.303737466080655,43.88281888372922,44.7283967096348,71820700,-0.039917225684426794,MSFT,1017,298,1.0
2016-01-19,44.07460021972656,45.05093534291781,43.63873590977216,44.876588953859894,43564500,-0.008433032344660751,MSFT,1013,294,1.0
2016-01-20,44.27509307861328,44.789413047137614,42.80186972662334,43.568991768319734,63273000,0.004548943334419242,MSFT,1012,293,1.0
2016-01-21,44.004852294921875,44.96375559687273,43.847940905973196,44.45815149350916,40191200,-0.006103675111683637,MSFT,1011,292,1.0
2016-01-22,45.58268737792969,45.617557318556756,44.68480469637575,44.81556531103698,37555800,0.035855934078203866,MSFT,1010,291,1.0
2016-01-25,45.146820068359375,45.89650711465909,45.024778609730184,45.2775773488705,34707700,-0.009562124013367201,MSFT,1007,288,1.0
2016-01-26,45.47807693481445,45.713444042761196,44.93760616400001,45.14682247952395,28900800,0.007337324443969839,MSFT,1006,287,1.0
2016-01-27,44.64993667602539,45.504230242221155,44.47559030375717,45.33859969214514,36775200,-0.0182096586884285,MSFT,1005,286,1.0
2016-01-28,45.38218688964844,45.51294416936985,44.67608560778363,45.20784052463956,62513800,0.016399804078921054,MSFT,1004,285,1.0
2016-01-29,48.02351760864258,48.02351760864258,47.07333352121762,47.709694853107,83611700,0.05820192679160252,MSFT,1003,284,-1.0
2016-02-01,47.69226837158203,48.02352615307198,47.50920617340884,47.840463954898794,44208500,-0.006897646269063307,MSFT,1000,281,-1.0
2016-02-02,46.20160675048828,47.29998310818172,45.89650313040123,47.22152741653362,56313800,-0.03125583395362208,MSFT,999,280,-1.0
2016-02-03,45.469364166259766,46.541589957553576,44.68480708707857,46.41954848421,57559800,-0.015848855391176975,MSFT,998,279,1.0
2016-02-04,45.32987976074219,46.0359810079983,44.780689901765214,45.41705127628386,46987100,-0.0030676568294983886,MSFT,997,278,1.0
2016-02-05,43.72591018676758,45.32989108111457,43.20287431213789,45.2775861634992,62009000,-0.03538437742258749,MSFT,996,277,1.0
2016-02-08,43.07210922241211,43.211585662901605,42.00859928531679,43.19415069216784,59290500,-0.014952255117454905,MSFT,993,274,1.0
2016-02-09,42.95878219604492,43.79564413749322,42.427027244570446,42.73213423454427,46740500,-0.0026310999951731917,MSFT,992,273,1.0
2016-02-10,43.333621978759766,43.926397611683335,43.16799476455886,43.49053337132072,38237000,0.008725568173796105,MSFT,991,272,1.0
2016-02-11,43.316184997558594,43.682312671650024,42.2875451720647,42.43574073610031,48878600,-0.0004023891935392987,MSFT,990,271,1.0
2016-02-12,44.02228546142578,44.179196843952354,43.368489142691736,43.8043533551811,34243300,0.01630107692787308,MSFT,989,270,1.0
2016-02-16,44.85637664794922,44.85637664794922,44.01350954311108,44.68956024675922,37291200,0.018947021441090506,MSFT,985,266,1.0
2016-02-17,46.02410125732422,46.33139887929198,45.172455694699934,45.207575997083055,40789000,0.026032521943084364,MSFT,984,265,1.0
2016-02-18,45.82215118408203,46.48942333780759,45.74313220138441,45.94507220658809,27176000,-0.004387919975081478,MSFT,983,264,1.0
2016-02-19,45.497310638427734,45.90118407267893,45.24269346712555,45.62901009924097,33559100,-0.0070891596588146255,MSFT,982,263,1.0
2016-02-22,46.22602844238281,46.53332262947908,45.90117075973196,45.90117075973196,25008300,0.016016722609085265,MSFT,979,260,1.0
2016-02-23,44.935394287109375,45.980198061502456,44.75979614160686,45.9538595119167,28895300,-0.02792007444208866,MSFT,978,259,1.0
2016-02-24,45.09343338012695,45.216351080192126,44.074968130543354,44.50518008077146,33014500,0.003517029182114273,MSFT,977,258,1.0
2016-02-25,45.743141174316406,45.743141174316406,44.43494185324168,45.41828678139434,26939500,0.014408035616019,MSFT,976,257,1.0
2016-02-26,45.04076385498047,46.25238769811877,44.86516566261512,46.18214708146985,35975900,-0.015354811700826199,MSFT,975,256,1.0
2016-02-29,44.672000885009766,45.348051600587134,44.4788425807716,45.08465269507828,31654000,-0.00818731607567813,MSFT,972,253,1.0
2016-03-01,46.164573669433594,46.17335206872831,44.70711154158489,44.75101358582572,33024500,0.03341181847363095,MSFT,971,252,1.0
2016-03-02,46.489437103271484,46.4982155042792,45.79582619968787,46.015323066701185,29289900,0.007037072109971287,MSFT,970,251,-1.0
2016-03-03,45.962646484375,46.507001171884276,45.46219385337142,46.507001171884276,24427800,-0.011331404545214752,MSFT,969,250,1.0
2016-03-04,45.68168258666992,46.05043903011936,45.400726891306576,46.00654033070435,33034200,-0.006112874675321178,MSFT,968,249,1.0
2016-03-07,44.803688049316406,45.479738630008775,44.408596468393874,45.26902356675083,38407800,-0.019219837966513942,MSFT,965,246,1.0
2016-03-08,45.34805679321289,45.769490401325044,44.42616721688243,44.601765390909975,33835100,0.0121500878074432,MSFT,964,245,1.0
2016-03-09,46.39283752441406,46.40161592155765,45.53241058638076,45.55874912706645,28251600,0.02303915107025145,MSFT,963,244,-1.0
2016-03-10,45.699249267578125,46.480657616314026,44.917840918842224,46.471879214878854,38387800,-0.014950330564948544,MSFT,962,243,1.0
2016-03-11,46.59479904174805,46.59479904174805,45.98898883757496,46.533340181147445,32275700,0.019596597067192523,MSFT,961,242,-1.0
2016-03-14,46.68259048461914,47.05134695030143,46.20847981339374,46.27871706684124,24083600,0.0018841468291865837,MSFT,958,239,-1.0
2016-03-15,47.05133819580078,47.05133819580078,46.305050351839,46.313828750915505,21104800,0.007899041320406974,MSFT,957,238,-1.0
2016-03-16,47.71862030029297,47.938117179961765,46.884534836956824,46.92843354303927,31691700,0.014182000556824503,MSFT,956,237,-1.0
2016-03-17,47.990787506103516,48.289303333407545,47.41131600007286,47.59569253625173,28223900,0.005703584975797815,MSFT,955,236,-1.0
2016-03-18,46.96354293823242,48.2629637621125,46.92842264182209,48.21906171697168,67625500,-0.02140503670085525,MSFT,954,235,-1.0
2016-03-21,47.288394927978516,47.34985376897692,46.47186649842182,46.752822157059,23925700,0.006917109941499744,MSFT,951,232,-1.0
2016-03-22,47.472774505615234,47.630812492424575,46.937201700234226,47.06890113899396,23124100,0.0038990449542120054,MSFT,950,231,-1.0
2016-03-23,47.384971618652344,47.622028571381236,47.18303495875487,47.50788929430685,20129000,-0.001849541929606513,MSFT,949,230,-1.0
2016-03-24,47.5956916809082,47.701052570479156,47.17425817039185,47.270837311203984,19950000,0.004446980868780592,MSFT,948,229,-1.0
2016-03-28,47.0074348449707,47.66592523590948,46.82305833932912,47.595684653233455,17025100,-0.012359455554954435,MSFT,944,225,-1.0
2016-03-29,48.03470230102539,48.16640178486504,46.92843936394893,47.11281596191884,23924300,0.021853297450554088,MSFT,943,224,-1.0
2016-03-30,48.33320236206055,48.85121502625472,48.2015062707097,48.227844819128684,23008300,0.00621425858256619,MSFT,942,223,-1.0
2016-03-31,48.49126052856445,48.80733663813693,48.16640601561821,48.24542504301132,26360500,0.0032701778235155743,MSFT,941,222,-1.0
2016-04-01,48.78976821899414,48.82488852505576,47.91178066299388,48.333214287963195,24399200,0.0061559070062500165,MSFT,940,221,-1.0
2016-04-04,48.66684341430664,48.86878012088704,48.28930855223052,48.66684341430664,18928800,-0.0025194791689878704,MSFT,937,218,-1.0
2016-04-05,47.902992248535156,48.55270102859097,47.815191501733,48.456121881736614,19272300,-0.015695514896430174,MSFT,936,217,-1.0
2016-04-06,48.39466857910156,48.464909184592095,47.595700112557076,47.72739957322361,21188700,0.01026400037841979,MSFT,935,216,-1.0
2016-04-07,47.8151969909668,48.21029202379374,47.61326027402333,48.17517172104103,19225100,-0.011973872435712907,MSFT,934,215,-1.0
2016-04-08,47.78008270263672,48.53515256058398,47.69228528395967,47.99957959858619,22167200,-0.0007343750635746549,MSFT,933,214,-1.0
2016-04-11,47.68350601196289,48.42101570286989,47.674724260701275,47.841544042104154,21414200,-0.002021275083906482,MSFT,930,211,-1.0
2016-04-12,47.98201370239258,48.096149655194345,47.20060208750238,47.73617494801724,24944300,0.006260187544825158,MSFT,929,210,-1.0
2016-04-13,48.59660720825195,48.675626217909944,48.192733758558454,48.3946704834052,20818000,0.012808831027213197,MSFT,928,209,-1.0
2016-04-14,48.60538864135742,48.79854696353867,48.35077146198333,48.48247092697173,20877100,0.00018070053878127545,MSFT,927,208,-1.0
2016-04-15,48.86000442504883,49.09705809644609,48.38589038374145,48.552706798606,28793800,0.005238427071741603,MSFT,926,207,-1.0
2016-04-18,49.5711669921875,49.68530629011879,48.47368276007607,48.719521505563165,23786000,0.014555106482431635,MSFT,923,204,-1.0
2016-04-19,49.50970458984375,49.843340710252434,48.88633439456488,49.72042302095866,29596800,-0.0012398820942310929,MSFT,922,203,-1.0
2016-04-20,48.807315826416016,49.60628416303628,48.71951843308644,49.42190762749065,36195700,-0.014186890615619174,MSFT,921,202,-1.0
2016-04-21,48.97414779663086,49.36924289084182,48.65807172126209,48.991707950735446,38909100,0.0034181754802535824,MSFT,920,201,-1.0
2016-04-22,45.462181091308594,46.032874173112006,44.57541539648554,45.576320377520425,126834100,-0.07171062414206764,MSFT,919,200,1.0
2016-04-25,45.751922607421875,45.769482756817354,45.330489069698366,45.46218516628044,33226900,0.006373242751625874,MSFT,916,197,1.0
2016-04-26,45.16366958618164,45.96263796738717,44.85637534312415,45.883618969278665,33532600,-0.012857449211212124,MSFT,915,196,1.0
2016-04-27,44.724666595458984,45.21634063135713,44.38225212461694,45.198780485511975,43369300,-0.00972026840921214,MSFT,914,195,1.0
2016-04-28,43.811561584472656,44.57540949263208,43.51304580955611,44.44371007604188,43134800,-0.020416139023360258,MSFT,913,194,1.0
2016-04-29,43.785221099853516,44.118857176492135,43.328667350046835,43.328667350046835,48411700,-0.0006012222268853007,MSFT,912,193,1.0
2016-05-02,44.434940338134766,44.55785803130569,43.706209229684355,43.899367518527775,33114500,0.014838779431981086,MSFT,909,190,1.0
2016-05-03,43.70623016357422,44.25936339703251,43.54819209687185,44.1979045210102,26460200,-0.01639948583288986,MSFT,908,189,1.0
2016-05-04,43.785221099853516,43.952040812800526,43.42524647875186,43.75888255539048,24257600,0.0018073152496489442,MSFT,907,188,1.0
2016-05-05,43.84669494628906,44.16277098506814,43.66231837342011,43.78523608866608,25390700,0.0014039862056502983,MSFT,906,187,1.0
2016-05-06,44.241783142089844,44.241783142089844,43.60085276239869,43.82912800546095,24787300,0.009010672213373372,MSFT,905,186,1.0
2016-05-09,43.960838317871094,44.4173922661095,43.89937945457524,44.32959484690309,17951600,-0.006350214757765316,MSFT,902,183,1.0
2016-05-10,44.79492950439453,44.86516677352566,44.06619816027406,44.18911924245333,22891000,0.01897350502036166,MSFT,901,182,1.0
2016-05-11,44.82124328613281,45.46217350298553,44.777344598534306,44.89148386569457,24039100,0.0005874276849950899,MSFT,900,181,1.0
2016-05-12,45.225135803222656,45.48853473933671,44.70712303105848,44.952961814814486,24102800,0.009011185042580028,MSFT,899,180,1.0
2016-05-13,44.84760284423828,45.567552322069254,44.81248254062299,45.163675529006404,22592300,-0.008347856834019174,MSFT,898,179,1.0
2016-05-16,45.506080627441406,45.62021655810695,44.557852792876446,44.60175148538285,20032000,0.014682563647606894,MSFT,895,176,1.0
2016-05-17,44.657325744628906,45.7359635140259,44.52470850305732,45.72712371366072,27803500,-0.018651460884123616,MSFT,894,175,1.0
2016-05-18,44.922569274902344,45.21432991945508,44.47166186148108,44.63080525766712,24907500,0.0059395300961420094,MSFT,893,174,1.0
2016-05-19,44.48933029174805,44.75456807445479,44.04726619634302,44.62195086944212,23842400,-0.009644127443003137,MSFT,892,173,1.0
2016-05-20,44.75458908081055,45.285068267895184,44.56008308096086,44.63081161562902,23905800,0.0059623012376901485,MSFT,891,172,1.0
2016-05-23,44.232940673828125,44.807625455631424,44.18873493046219,44.7368935681003,26118700,-0.011655752352915494,MSFT,888,169,1.0
2016-05-24,45.61219024658203,45.718284724083986,44.560078527371296,44.8253164074675,34757900,0.03118150300981415,MSFT,887,168,1.0
2016-05-25,46.08076858520508,46.40789850252183,45.7890079839584,45.90394224094667,24040200,0.010273094453256526,MSFT,886,167,-1.0
2016-05-26,45.877418518066406,45.95699020269796,45.40883158228167,45.91278446072086,24335200,-0.004412905283093793,MSFT,885,166,1.0
2016-05-27,46.257598876953125,46.257598876953125,45.771328918257126,45.90394615825661,17721400,0.008286873393650085,MSFT,884,165,-1.0
2016-05-31,46.85880661010742,46.85880661010742,46.045410076517584,46.20455009043892,37653100,0.012996950722702572,MSFT,880,161,-1.0
2016-06-01,46.72617721557617,46.81459206522991,46.36368476369997,46.36368476369997,25324800,-0.0028304048721258246,MSFT,879,160,-1.0
2016-06-02,46.3990478515625,46.628923073850885,45.83320633928563,46.54050822963172,22840800,-0.00700098710203545,MSFT,878,159,-1.0
2016-06-03,45.78902053833008,46.34601912234049,45.62103394751935,46.31065654193874,23368300,-0.01314741016203591,MSFT,877,158,1.0
2016-06-06,46.089599609375,46.28410550137877,45.87740737765686,45.96582221282321,18243300,0.0065644354806257965,MSFT,874,155,-1.0
2016-06-07,46.063079833984375,46.620081568072756,46.063079833984375,46.186860620311904,20866800,-0.000575396089690261,MSFT,873,154,-1.0
2016-06-08,46.01005172729492,46.36370113272327,45.85974811615867,45.99236875112108,21149400,-0.001151206278012018,MSFT,872,153,1.0
2016-06-09,45.63872528076172,45.974695151218164,45.52379097121582,45.974695151218164,20305700,-0.008070550512181196,MSFT,871,152,1.0
2016-06-10,45.514923095703125,46.018875941569284,45.12590786969397,45.13474766844526,25833200,-0.002712656506004163,MSFT,870,151,1.0
2016-06-13,44.33020782470703,44.843004035763094,43.37535068274065,43.835097963199644,83217800,-0.026029161216092223,MSFT,867,148,1.0
2016-06-14,44.056114196777344,44.294825866506145,43.82623895326417,44.118002907104334,42577100,-0.006182998938636275,MSFT,866,147,1.0
2016-06-15,43.93234634399414,44.31252188951834,43.93234634399414,44.01191804823601,33757600,-0.0028093229518697527,MSFT,865,146,1.0
2016-06-16,44.55121994018555,44.62195181583758,43.77318617142043,43.78202934221767,31188600,0.014086968889518658,MSFT,864,145,1.0
2016-06-17,44.32136535644531,44.5866032481092,44.047284290539054,44.56892027230724,45710500,-0.005159333101289687,MSFT,863,144,1.0
2016-06-20,44.2683219909668,44.94026166513362,44.23295603491945,44.77227506025031,35607900,-0.0011967899691700534,MSFT,860,141,1.0
2016-06-21,45.25853729248047,45.4707296192347,44.34788600483432,44.383251954740466,34097800,0.022368485114835135,MSFT,859,140,1.0
2016-06-22,45.081722259521484,45.497260440003636,45.046356303362046,45.161293974538616,28816800,-0.003906777450988441,MSFT,858,139,1.0
2016-06-23,45.89509963989258,46.027720233161396,45.223163619945616,45.33809786991802,29028800,0.018042287197652662,MSFT,857,138,1.0
2016-06-24,44.056114196777344,45.03749376311174,43.78203321341372,44.03843122630081,133503000,-0.0400693202007294,MSFT,856,137,1.0
2016-06-27,42.81834411621094,43.454917724261556,42.47353453607772,43.41070860050489,50216300,-0.02809530761242096,MSFT,853,134,1.0
2016-06-28,43.711307525634766,43.737833671449344,43.03052824288607,43.25156034614153,38140700,0.020854692722359403,MSFT,852,133,1.0
2016-06-29,44.6838493347168,44.84299271364393,44.029592846607216,44.12684750847181,31304000,0.022249204247932308,MSFT,851,132,1.0
2016-06-30,45.24085235595703,45.355790001827174,44.6484878977849,44.84299724115245,28527800,0.012465421612803507,MSFT,850,131,1.0
2016-07-01,45.23200988769531,45.72712301766737,45.15243819489056,45.20548711432115,21400400,-0.00019545317564195752,MSFT,849,130,1.0
2016-07-05,45.24085235595703,45.33810702764081,44.86068021533882,44.940251912836224,24806400,0.00019549138505392527,MSFT,845,126,1.0
2016-07-06,45.42652893066406,45.56798937337079,44.55124012269659,44.89604974100157,28167500,0.004104179409488484,MSFT,844,125,1.0
2016-07-07,45.42652893066406,45.629878106262304,45.15244784737096,45.4618915118285,19585200,0.0,MSFT,843,124,1.0
2016-07-08,46.23991775512695,46.29296667686011,45.576821410533306,45.73596480305037,28391000,0.017905590491062773,MSFT,842,123,1.0
2016-07-11,46.49631118774414,46.70850348086441,46.39021672752504,46.416739499409296,22269200,0.005544850533147017,MSFT,839,120,1.0
2016-07-12,47.044464111328125,47.21245063998058,46.67313185938796,46.80574907536016,27317600,0.011789170142350258,MSFT,838,119,1.0
2016-07-13,47.30971145629883,47.61915843466618,47.01795082417902,47.35392057655299,25356800,0.005638226515727984,MSFT,837,118,1.0
2016-07-14,47.5130615234375,47.734093622616214,47.3716011148704,47.60147301403612,24545500,0.004298273248326767,MSFT,836,117,1.0
2016-07-15,47.477699279785156,47.74293714494279,47.04447484763781,47.698731396196926,32024400,-0.0007442636302209538,MSFT,835,116,1.0
2016-07-18,47.70756912231445,48.04353886900182,47.3450766020694,47.47769721522244,31433900,0.004841638201014797,MSFT,832,113,1.0
2016-07-19,46.93836975097656,47.65451486020725,46.796909363401795,47.48652833124357,53336500,-0.016123214523166896,MSFT,831,112,1.0
2016-07-20,49.431617736816406,50.25385740245825,49.09564800707362,49.64381003262294,89893300,0.05311748147767692,MSFT,830,111,1.0
2016-07-21,49.3343620300293,49.71453749631274,49.29899608603036,49.49350540534246,32776700,-0.001967479747576051,MSFT,829,110,1.0
2016-07-22,50.0151481628418,50.0681970861459,49.31668584974237,49.58192709358039,32157200,0.01379943116317417,MSFT,828,109,1.0
2016-07-25,50.1566047668457,50.16544793973102,49.74106333097471,49.92673286206144,25610600,0.0028282752166073344,MSFT,825,106,1.0
2016-07-26,50.18312072753906,50.65171101906179,49.96208865296401,49.97093182464883,28079000,0.0005286633897294557,MSFT,824,105,1.0
2016-07-27,49.67918014526367,50.21849908014564,49.608451617714024,50.05051587611791,32327500,-0.010042033555693997,MSFT,823,104,1.0
2016-07-28,49.69685745239258,49.83831786404095,49.26363641726792,49.51119129448201,37550400,0.00035582928456578955,MSFT,822,103,1.0
2016-07-29,50.11239242553711,50.183120935900256,49.5553906509444,49.741056784914704,30558700,0.008361393344490597,MSFT,821,102,1.0
2016-08-01,50.023983001708984,50.174283200338074,49.63496437432647,50.0416626005155,26003400,-0.001764222771034052,MSFT,818,99,1.0
2016-08-02,50.023983001708984,50.30690380016065,49.78526794563752,50.26269468509849,35122000,0.0,MSFT,817,98,1.0
2016-08-03,50.36879348754883,50.492570917678535,49.94441228166896,50.11239545503328,22075600,0.0068929034664846345,MSFT,816,97,1.0
2016-08-04,50.740135192871094,50.8550728447536,50.10356157959278,50.218499231475285,26587700,0.00737245583248014,MSFT,815,96,1.0
2016-08-05,51.244083404541016,51.46511551381458,50.79317938560315,50.970005747558474,29335200,0.009931944598774445,MSFT,814,95,1.0
2016-08-08,51.332496643066406,51.35901941607931,51.08493839511111,51.332496643066406,19473500,0.001725335544152884,MSFT,811,92,1.0
2016-08-09,51.456275939941406,51.72151379770084,51.297132550749275,51.42974979328782,16920700,0.0024113243066217205,MSFT,810,91,1.0
2016-08-10,51.297119140625,51.562356929045805,51.12029282411731,51.42089655037595,15756900,-0.003093049320206709,MSFT,809,90,1.0
2016-08-11,51.544681549072266,51.67730214914919,51.30596649254298,51.30596649254298,18162300,0.0048260489593694444,MSFT,808,89,1.0
2016-08-12,51.22640609741211,51.447438231134825,50.94348523606164,51.305977800459594,21655200,-0.006174748627695847,MSFT,807,88,1.0
2016-08-15,51.38554763793945,51.72151741335166,51.24408721239998,51.28829296300308,19283900,0.003106630986853043,MSFT,804,85,1.0
2016-08-16,51.10085678100586,51.26099205320707,50.94961979820642,51.25209715750836,20523500,-0.005540290412773485,MSFT,803,84,1.0
2016-08-17,51.207611083984375,51.314366790861406,50.914028647944114,51.18981790055441,18856400,0.0020890902756487417,MSFT,802,83,1.0
2016-08-18,51.24320602416992,51.3321719620963,50.949626913271715,51.08307072960598,14214300,0.0006951103445769213,MSFT,801,82,1.0
2016-08-19,51.2609977722168,51.35885860433586,50.88735102452956,51.091967585458775,17271000,0.00034720208642835537,MSFT,800,81,1.0
2016-08-22,51.30546569824219,51.376638428072155,50.94071394212,51.243191256492246,15221900,0.0008674806960056181,MSFT,797,78,1.0
2016-08-23,51.50119400024414,51.759190088830955,51.46560763070741,51.51009228947982,18732400,0.0038149600503218917,MSFT,796,77,1.0
2016-08-24,51.554569244384766,51.634636872296944,51.34995272720979,51.421122066630225,18151500,0.0010363884794666323,MSFT,795,76,1.0
2016-08-25,51.75029373168945,51.85705284428549,51.403335100010125,51.49230102717349,18552600,0.0037964527717591068,MSFT,794,75,1.0
2016-08-26,51.6257438659668,52.221803688900344,51.32326650665046,51.84815358917872,20971200,-0.0024067470296577076,MSFT,793,74,1.0
2016-08-29,51.68802261352539,52.13284209692476,51.68802261352539,51.75919535984689,16417200,0.0012063506091124498,MSFT,790,71,1.0
2016-08-30,51.50119400024414,51.76808498436364,51.25209620089301,51.58126163485029,16930200,-0.00361454363766589,MSFT,789,70,1.0
2016-08-31,51.118656158447266,51.421133554390295,50.976314054103696,51.28768974052639,20860300,-0.0074277470498074205,MSFT,788,69,1.0
2016-09-01,51.23430633544922,51.438922882987455,50.71831412484593,50.71831412484593,26075400,0.002262386879723133,MSFT,787,68,1.0
2016-09-02,51.30546569824219,51.76807826102931,51.08305600807738,51.30546569824219,18900500,0.001388900677742333,MSFT,786,67,1.0
2016-09-06,51.25209426879883,51.42112442717174,50.89623737425255,51.40333124307414,16278400,-0.001040267907463699,MSFT,782,63,1.0
2016-09-07,51.29658126831055,51.45671654939284,51.07417153277439,51.12755109103623,17493400,0.0008680035449557533,MSFT,781,62,1.0
2016-09-08,51.091957092285156,51.41222760664246,50.86954738994845,51.269885532895074,20146100,-0.0039890411985759044,MSFT,780,61,1.0
2016-09-09,50.006595611572266,51.172023649141195,50.006595611572266,50.52258773916394,35113900,-0.021243294296839133,MSFT,779,60,1.0
2016-09-12,50.75389099121094,50.89623305821817,49.47281238814579,49.819770964369525,29303000,0.014943936304788963,MSFT,776,57,1.0
2016-09-13,50.29127883911133,50.398037935522744,49.86425263457347,50.26459076185977,30130200,-0.009114811555624769,MSFT,775,56,1.0
2016-09-14,50.051082611083984,50.38025144485583,49.846466073003214,50.16673661737418,24062500,-0.004776101017350598,MSFT,774,55,1.0
2016-09-15,50.878448486328125,51.02079057742542,49.80198621029836,49.953226591047255,26847000,0.01653042915521108,MSFT,773,54,1.0
2016-09-16,50.93184280395508,51.26990664092591,50.48702321614761,51.26990664092591,44607000,0.0010494486214787102,MSFT,772,53,1.0
2016-09-19,50.64713668823242,51.376640226005904,50.57596395591175,50.949614013189915,20937100,-0.005589943344844972,MSFT,769,50,1.0
2016-09-20,50.54038619995117,51.02078861788945,50.48700664520113,51.02078861788945,17384000,-0.002107729977676165,MSFT,768,49,1.0
2016-09-21,51.38554382324219,51.46561146381168,50.78059246457658,51.16313408762726,33707300,0.016722421153398948,MSFT,767,48,1.0
2016-09-22,51.43891906738281,51.5990543350914,51.269888904225056,51.52788159668627,19822200,0.001038721013135957,MSFT,766,47,1.0
2016-09-23,51.091957092285156,51.518983313527315,51.04747583055836,51.48339694666478,19955300,-0.0067451257022557165,MSFT,765,46,1.0
2016-09-26,50.62045669555664,50.83396813921532,50.558182241680925,50.780591975152255,21688700,-0.009228466153231585,MSFT,762,43,1.0
2016-09-27,51.554569244384766,51.65243005557773,50.4247275588252,50.64713725928095,28065100,0.018453261977585456,MSFT,761,42,1.0
2016-09-28,51.6257438659668,51.652435340470305,51.30547332154914,51.49230006826148,20536400,0.0013805686406695994,MSFT,760,41,1.0
2016-09-29,51.065269470214844,51.750288373073566,50.89623592295902,51.43002124955768,25463500,-0.010856490459625778,MSFT,759,40,1.0
2016-09-30,51.24320602416992,51.39444642179299,51.01190137296841,51.21651793964377,29910800,0.0034844926072281623,MSFT,758,39,1.0
2016-10-03,51.08306884765625,51.19872286584796,50.762801664030846,51.07417395104307,19189500,-0.003125042106813969,MSFT,755,36,1.0
2016-10-04,50.92292785644531,51.243194982862114,50.68272496635562,50.94961593522101,20085900,-0.003134913285819274,MSFT,754,35,1.0
2016-10-05,51.278785705566406,51.56346988236196,50.94072197298304,50.9674134477285,16726400,0.006988165529764556,MSFT,753,34,1.0
2016-10-06,51.36774444580078,51.47450014873877,50.95850802941702,51.36774444580078,16212600,0.001734805904826997,MSFT,752,33,1.0
2016-10-07,51.42113494873047,51.58127024467216,51.08307116910871,51.46561622122459,20089000,0.0010393779891586519,MSFT,751,32,1.0
2016-10-10,51.634639739990234,51.946011980440254,51.4833993705553,51.518985739093274,18196500,0.0041520824359990716,MSFT,748,29,1.0
2016-10-11,50.878448486328125,51.61685041706627,50.611557489733585,51.50119640751748,26497400,-0.014645037855787524,MSFT,747,28,1.0
2016-10-12,50.80727767944336,50.949619766455385,50.175634880433925,50.80727767944336,22177500,-0.001398839960772169,MSFT,746,27,1.0
2016-10-13,50.63825225830078,50.97631604193845,50.104470194623275,50.44253397826095,25313700,-0.0033267954683382506,MSFT,745,26,1.0
2016-10-14,51.08306884765625,51.36775644482895,50.81617783111671,50.81617783111671,27402500,0.00878420106378286,MSFT,744,25,1.0
2016-10-17,50.905147552490234,51.11865902412316,50.593771848612036,51.029696476560055,23830000,-0.0034829797656954486,MSFT,741,22,1.0
2016-10-18,51.29658126831055,51.554577376021264,51.07417153277439,51.18092725559484,19149500,0.0076894721779696695,MSFT,740,21,1.0
2016-10-19,51.18092727661133,51.45671657052257,51.06527665755137,51.12755111203081,22878400,-0.0022546140276733517,MSFT,739,20,1.0
2016-10-20,50.93184280395508,51.172045788615605,50.4069555545941,51.154252597858815,49455600,-0.004866744037481996,MSFT,738,19,1.0
2016-10-21,53.075862884521484,53.77867851272156,52.92462588270053,53.62743811719713,80032200,0.04209586699658763,MSFT,737,18,1.0
2016-10-24,54.267967224121094,54.267967224121094,53.31605397217781,53.32494886701814,54067000,0.022460385471137823,MSFT,734,15,1.0
2016-10-25,54.25907516479492,54.59713548563765,54.09004161067065,54.13452287460229,35137200,-0.00016385466014323669,MSFT,733,14,1.0
2016-10-26,53.93879318237305,54.44588694967479,53.79645113179189,54.09892841348962,29911600,-0.005902827894672336,MSFT,732,13,1.0
2016-10-27,53.46730041503906,54.116739845656724,53.45840551862252,53.92101818745944,28479900,-0.008741255402949344,MSFT,731,12,1.0
2016-10-28,53.26268768310547,53.84095440907984,53.004694944069485,53.387236604095996,33574700,-0.003826876059671802,MSFT,730,11,1.0
2016-10-31,53.307167053222656,53.751986551572124,53.307167053222656,53.52068190565992,26434700,0.0008350943606492134,MSFT,727,8,1.0
2016-11-01,53.20040512084961,53.396126763287924,52.71110440845686,53.35164549738005,24533000,-0.002002768825933976,MSFT,726,7,1.0
2016-11-02,52.871238708496094,53.316058146801666,52.75558470429981,53.21819732738196,22147000,-0.006187291461517752,MSFT,725,6,1.0
2016-11-03,52.6755256652832,53.05807071614618,52.58656312058632,52.96020988075749,21600400,-0.0037016920350958493,MSFT,724,5,1.0
2016-11-04,52.23069763183594,52.737791520012756,52.061667467011326,52.177321471208685,28697000,-0.008444681430876289,MSFT,723,4,1.0
2016-11-07,53.75198745727539,53.8409533946664,53.18261903278695,53.18261903278695,31664800,0.029126354699734902,MSFT,720,1,1.0
2016-11-08,53.796470642089844,54.072256556152276,53.51178643768147,53.86763999634023,22935400,0.000827563536135445,MSFT,719,0,1.0
2016-11-09,53.529563903808594,53.90321395711249,52.66661659266644,53.37832693978979,49632500,-0.004961417265771817,MSFT,718,1455,1.0
2016-11-10,52.22180938720703,53.814263993657605,51.26989593948594,53.80536570328446,57822400,-0.024430509446173865,MSFT,717,1454,1.0
2016-11-11,52.5064811706543,52.59544369111871,51.60794410293169,51.80366572039654,38767800,0.005451204904382445,MSFT,716,1453,1.0
2016-11-14,51.705806732177734,52.55986256973865,50.95850999537615,52.50648301935899,41328400,-0.015249059175652002,MSFT,713,1450,1.0
2016-11-15,52.72684860229492,53.28215336779802,52.234242401682906,52.2432008037942,35904100,0.019747141271886814,MSFT,712,1449,1.0
2016-11-16,53.42546844482422,53.434423432215816,52.673123088617274,52.789555007858425,27332500,0.013249793246677966,MSFT,711,1448,1.0
2016-11-17,54.31214904785156,54.58980143836419,53.71206592153548,54.106150209714876,32132700,0.016596590143951095,MSFT,710,1447,1.0
2016-11-18,54.052406311035156,54.75996971703068,54.00762455220881,54.437535586874276,27686300,-0.004782405803673173,MSFT,709,1446,1.0
2016-11-21,54.509193420410156,54.60771534755251,54.11510571184075,54.186759264900445,19652600,0.008450819131834653,MSFT,706,1443,1.0
2016-11-22,54.74205017089844,54.86744044815566,54.46440124743712,54.61665989364122,23206700,0.0042718803173684705,MSFT,705,1442,1.0
2016-11-23,54.09720993041992,54.72416160100037,53.96286119150677,54.643553040978546,21848900,-0.011779614363462754,MSFT,704,1441,1.0
2016-11-25,54.21363067626953,54.21363067626953,53.85537314078827,54.00763182462613,8409600,0.0021520656240747726,MSFT,702,1439,1.0
2016-11-28,54.2852783203125,54.652494218743804,53.92701740722521,54.04345271647297,20732600,0.0013215798895818143,MSFT,699,1436,1.0
2016-11-29,54.71519088745117,55.001798259238704,54.20467129291529,54.32110660540066,22366700,0.007919505627326018,MSFT,698,1435,1.0
2016-11-30,53.97181701660156,54.79581602256112,53.93599364674886,54.50920856395703,34655400,-0.013586242847598351,MSFT,697,1434,1.0
2016-12-01,53.02241516113281,53.87328229300458,52.78954453558674,53.83745551728528,34542100,-0.017590696551437524,MSFT,696,1433,1.0
2016-12-02,53.06719970703125,53.26424356719738,52.66415700061396,52.91494102717892,25515700,0.0008446342129520001,MSFT,695,1432,1.0
2016-12-05,53.935977935791016,54.26736707265377,53.344849797530415,53.47024009706609,23552700,0.01637128458927628,MSFT,692,1429,1.0
2016-12-06,53.69415283203125,54.150932272765,53.55980412889397,54.12406389878932,19907000,-0.004483558341106808,MSFT,691,1428,1.0
2016-12-07,54.96596908569336,54.97492748752493,53.55980066150881,53.74788610042106,30809000,0.02368630822131923,MSFT,690,1427,1.0
2016-12-08,54.6435432434082,55.15406630976335,54.49128455546156,54.90328226986632,21220800,-0.005865917542224874,MSFT,689,1426,1.0
2016-12-09,55.50336456298828,55.52127795135066,54.75101933491565,54.79580109750686,27349400,0.015735094551794004,MSFT,688,1425,1.0
2016-12-12,55.68248748779297,55.79892279520692,55.27944823770406,55.36901175625065,20198100,0.003227244442116861,MSFT,685,1422,1.0
2016-12-13,56.4079704284668,56.80205473625283,55.745192119161686,55.97805934271034,35718900,0.01302892477339257,MSFT,684,1421,1.0
2016-12-14,56.13927459716797,56.82892467578755,56.00492589247253,56.425881978330715,30352700,-0.0047634373167099175,MSFT,683,1420,1.0
2016-12-15,56.04971694946289,56.56023661423419,55.79893290217482,56.15719387451215,27669900,-0.0015952761831660167,MSFT,682,1419,1.0
2016-12-16,55.79892349243164,56.38109662014663,55.63770642372993,56.38109662014663,42453100,-0.004474482132664104,MSFT,681,1418,1.0
2016-12-19,56.981178283691406,57.11552697643632,55.906398991619625,56.031792699275165,34338200,0.021187770610307854,MSFT,678,1415,1.0
2016-12-20,56.9095344543457,57.1424016753745,56.45275158173946,57.043879745336696,26028400,-0.0012573244622814395,MSFT,677,1414,1.0
2016-12-21,56.9095344543457,57.052838148047165,56.53336012298588,56.811012524307905,17096300,0.0,MSFT,676,1413,1.0
2016-12-22,56.91848373413086,57.41108991830464,56.79309344179163,57.178222720621676,22176600,0.00015725448944481357,MSFT,675,1412,1.0
2016-12-23,56.640838623046875,56.90953261296448,56.24675091564689,56.82892407432626,12403800,-0.0048779428556262605,MSFT,674,1411,1.0
2016-12-27,56.67666244506836,57.38422591037119,56.61396729413059,56.61396729413059,11763200,0.0006324733689042628,MSFT,670,1407,1.0
2016-12-28,56.41691970825195,56.784135581493494,56.27361603617303,56.784135581493494,14653300,-0.004582886952246956,MSFT,669,1406,1.0
2016-12-29,56.33631134033203,56.60500529917004,56.18404926645876,56.300484568052546,10250600,-0.0014287977496248994,MSFT,668,1405,1.0
2016-12-30,55.655616760253906,56.416920302199124,55.55709484404448,56.39004851446896,25579900,-0.012082697000980303,MSFT,667,1404,1.0
2017-01-03,56.04971694946289,56.282584189841266,55.646674209740844,56.23780242245656,20694100,0.00708104971519119,MSFT,663,1400,1.0
2017-01-04,55.79892349243164,56.20196616418592,55.63770642372993,55.96014056113335,21340000,-0.004474482132664104,MSFT,662,1399,1.0
2017-01-05,55.79892349243164,56.12135762983507,55.55709788937907,55.70040157082179,24876000,0.0,MSFT,661,1398,1.0
2017-01-06,56.28257751464844,56.5602299061114,55.5660590715837,55.7989262843437,19922900,0.0086678020281592,MSFT,660,1397,1.0
2017-01-09,56.10344314575195,56.49753082448694,56.0138796278372,56.21092005057549,20382700,-0.003182767684189014,MSFT,657,1394,1.0
2017-01-10,56.085540771484375,56.488583514498366,55.78101996749935,56.18406271051334,18593000,-0.0003190958212861972,MSFT,656,1393,1.0
2017-01-11,56.59605407714844,56.631880853972646,55.91536240063597,56.076579479715406,21517300,0.009102404980708023,MSFT,655,1392,1.0
2017-01-12,56.076576232910156,56.78413965938796,55.48544811605473,56.47961890727279,20968200,-0.009178693686491934,MSFT,654,1391,1.0
2017-01-13,56.157188415527344,56.309447093160394,55.84370924104771,56.08553486137331,19422300,0.0014375375251578504,MSFT,653,1390,1.0
2017-01-17,56.00491714477539,56.15717921408959,55.55709275457791,56.13926582848622,20664000,-0.002711518775214361,MSFT,649,1386,1.0
2017-01-18,55.97806167602539,56.15719215671462,55.63771410437883,56.13032036380191,19670100,-0.0004795198371703169,MSFT,648,1385,1.0
2017-01-19,55.79892349243164,56.407964992720494,55.709359972765924,55.74518674728392,18451700,-0.003200149812805586,MSFT,647,1384,1.0
2017-01-20,56.19300842285156,56.26465855174416,55.861615899757346,56.13030986220552,30213500,0.0070625902034360255,MSFT,646,1383,1.0
2017-01-23,56.390052795410156,56.53335647987688,56.04075027806185,56.15718558938773,23097600,0.003506563860682377,MSFT,643,1380,1.0
2017-01-24,56.8916130065918,57.08865683875521,56.372135055116985,56.605005659788134,24672900,0.00889448025525641,MSFT,642,1379,1.0
2017-01-25,57.0349235534668,57.411094460244335,56.82892471166536,57.27674917209357,23672700,0.002519010084287787,MSFT,641,1378,1.0
2017-01-26,57.563358306884766,57.805187363861,56.91849334925738,57.42901642329751,43554600,0.00926510847205031,MSFT,640,1377,1.0
2017-01-27,58.91580581665039,59.03224459094554,58.11867854102679,58.56650316028775,44818000,0.023494937570448737,MSFT,639,1376,1.0
2017-01-30,58.33359909057617,58.924730529964954,58.03804020413927,58.83516702397627,31651400,-0.009882012441382537,MSFT,636,1373,1.0
2017-01-31,57.903709411621094,58.351533913128975,57.55440684710571,58.09179488226325,25270500,-0.007369503779246944,MSFT,635,1372,1.0
2017-02-01,56.945343017578125,57.87681843701375,56.84682111905322,57.64394787384062,39671500,-0.016551036259701668,MSFT,634,1371,1.0
2017-02-02,56.57814407348633,56.79310133066175,56.20197314421645,56.649797631421364,45827000,-0.006448269948579388,MSFT,633,1370,1.0
2017-02-03,57.0349235534668,57.05283694187946,56.48857716508367,56.87370647438228,30301800,0.00807342636384778,MSFT,632,1369,1.0
2017-02-06,56.99909210205078,57.00805050383716,56.551267678349404,56.87370181007507,19796400,-0.0006282370376533564,MSFT,629,1366,1.0
2017-02-07,56.81101608276367,57.124491864673985,56.63188560025931,57.08866850147693,20277200,-0.0032996318423875737,MSFT,628,1365,1.0
2017-02-08,56.73040771484375,57.151363837558144,56.6229307916551,56.936406574551064,18096400,-0.0014188862209837394,MSFT,627,1364,1.0
2017-02-09,57.37527084350586,57.715621825462726,56.71249251888045,56.89162299624369,22644400,0.011367151315102797,MSFT,626,1363,1.0
2017-02-10,57.32152557373047,57.590222958160666,57.30361218699318,57.54543778300285,18170700,-0.0009367323061878485,MSFT,625,1362,1.0
2017-02-13,57.966400146484375,58.09179045068031,57.43796372172231,57.53648565119899,22920100,0.011250129271671794,MSFT,622,1359,1.0
2017-02-14,58.18266677856445,58.317829994264265,57.6870706125607,58.03849772325491,23108400,0.003730896373305148,MSFT,621,1358,1.0
2017-02-15,58.1466178894043,58.18266186886182,57.81322311012299,58.1195866234827,17005200,-0.0006195812456887273,MSFT,620,1357,1.0
2017-02-16,58.137603759765625,58.78638162482592,58.06552267729246,58.335842204610266,20546300,-0.00015502414355061944,MSFT,619,1356,1.0
2017-02-17,58.22770309448242,58.290778323106494,57.93935821010318,58.092539926092456,21248800,0.0015497600329230643,MSFT,618,1355,1.0
2017-02-21,58.110565185546875,58.52506057504909,58.0745212115008,58.21869710768511,20655900,-0.0020117212720116573,MSFT,614,1351,1.0
2017-02-22,57.99342727661133,58.020458538405016,57.71409507182974,57.96639601481763,19292700,-0.002015776452380491,MSFT,613,1350,1.0
2017-02-23,58.22770309448242,58.32682229298944,57.84023901159616,58.047483245067696,20273100,0.004039696028890871,MSFT,612,1349,1.0
2017-02-24,58.22770309448242,58.38989752161352,57.7951823305714,58.146602443574714,21796800,0.0,MSFT,611,1348,1.0
2017-02-27,57.876285552978516,58.155617738626944,57.714091118640965,58.155617738626944,15871500,-0.006035229329477088,MSFT,608,1345,1.0
2017-02-28,57.65100860595703,57.849243561219254,57.45277021335273,57.74111852865993,23239800,-0.0038923877866223755,MSFT,607,1344,1.0
2017-03-01,58.516056060791016,58.561105873353505,57.68705838835512,57.786177600551966,26937500,0.015004897151870367,MSFT,606,1343,1.0
2017-03-02,57.67805862426758,58.34485504270065,57.56091741230496,58.29079251205867,24539600,-0.014320811977705072,MSFT,605,1342,1.0
2017-03-03,57.89431381225586,57.92134507673209,57.32663319685477,57.66003483299511,18135900,0.0037493492871705225,MSFT,604,1341,1.0
2017-03-06,57.91232681274414,58.173640468776924,57.497834860247316,57.64200731920634,18750300,0.0003111359182301765,MSFT,601,1338,1.0
2017-03-07,58.02947998046875,58.371887472508796,57.84025424476088,57.84025424476088,18521000,0.0020229400918980733,MSFT,600,1337,1.0
2017-03-08,58.56110763549805,58.64220830004733,57.89431126721559,57.9033239798734,21510900,0.009161337568563965,MSFT,599,1336,1.0
2017-03-09,58.32683181762695,58.75033306486863,58.10156212508576,58.7413272269405,19846800,-0.004000535975673403,MSFT,598,1335,1.0
2017-03-10,58.507049560546875,58.804407228710154,58.34485509379291,58.66924402730085,19538200,0.0030897913928089604,MSFT,597,1334,1.0
2017-03-13,58.30882263183594,58.74134358683689,58.18267211885386,58.57914908804745,20100000,-0.0033880862255034616,MSFT,594,1331,1.0
2017-03-14,58.038482666015625,58.164633134691094,57.804200277896214,58.14660771077463,14280200,-0.004636347530582952,MSFT,593,1330,1.0
2017-03-15,58.344844818115234,58.49802654454732,57.894305475890405,58.164631831099214,24833800,0.005278603747492561,MSFT,592,1329,1.0
2017-03-16,58.2457389831543,58.35387092499646,57.939375459964396,58.34485821117135,20674300,-0.0016986219651434764,MSFT,591,1328,1.0
2017-03-17,58.45298385620117,58.786378610265274,58.2817766853992,58.48902783293241,49219700,0.003558112175498618,MSFT,590,1327,1.0
2017-03-20,58.507049560546875,58.73231927133372,58.31782382844825,58.48903100854577,14598100,0.000924943446492188,MSFT,587,1324,1.0
2017-03-21,57.85826873779297,59.02066121103362,57.78618078409921,58.741328983827366,26640500,-0.011088934198989264,MSFT,586,1323,1.0
2017-03-22,58.59714126586914,58.69626046354863,57.777163300602005,57.777163300602005,20680000,0.012770387780260961,MSFT,585,1322,1.0
2017-03-23,58.45298385620117,58.786378610265274,58.36287047703027,58.51605909680943,19269200,-0.0024601440710886324,MSFT,584,1321,1.0
2017-03-24,58.55210876464844,58.97561006436101,58.353870310701204,58.894516264847844,22617100,0.0016958057896774292,MSFT,583,1320,1.0
2017-03-27,58.66023635864258,58.768368304006394,57.98442716816355,58.23672816599253,18614700,0.0018466900044329382,MSFT,580,1317,1.0
2017-03-28,58.831424713134766,58.99361914189563,58.25473493858156,58.53406711462578,20080400,0.0029183031831914175,MSFT,579,1316,1.0
2017-03-29,58.99361801147461,59.02064926996939,58.52505328195091,58.67824187122842,13618400,0.0027569160381668567,MSFT,578,1315,1.0
2017-03-30,59.20987319946289,59.45316826807449,58.89449706856271,58.94855958395015,15122800,0.0036657386896701283,MSFT,577,1314,1.0
2017-03-31,59.34504699707031,59.64240463435496,58.97560140989509,59.155821284621524,21040300,0.0022829604304683837,MSFT,576,1313,1.0
2017-04-03,59.06571960449219,59.417139795528776,58.741330678199056,59.29999514872602,20400900,-0.004706835813811261,MSFT,573,1310,1.0
2017-04-04,59.22792434692383,59.300005440521105,58.82243468133985,58.92155391905902,12997400,0.0027461739824348186,MSFT,572,1309,1.0
2017-04-05,59.07473373413086,59.786586929256245,58.96660865998161,59.74153710658966,21448600,-0.0025864592501277928,MSFT,571,1308,1.0
2017-04-06,59.22792434692383,59.52527518539431,59.00265460205063,59.11077967979006,18103500,0.0025931663692706497,MSFT,570,1307,1.0
2017-04-07,59.18284606933594,59.43514699165221,58.966589118019776,59.336027790073025,14108500,-0.0007610983853468811,MSFT,569,1306,1.0
2017-04-10,59.04768371582031,59.308997353182484,58.8945019929584,59.11977165882049,17952700,-0.002283809625466038,MSFT,566,1303,1.0
2017-04-11,59.00265884399414,59.11979664486239,58.43497464630083,59.11078392950713,18791500,-0.00076251715550546,MSFT,565,1302,1.0
2017-04-12,58.77737045288086,59.0296714053587,58.66923852695378,58.94857074224205,17108500,-0.003818275235849211,MSFT,564,1301,1.0
2017-04-13,58.52507019042969,59.34505526665593,58.52507019042969,58.831440582813926,17896500,-0.004292472774933498,MSFT,563,1300,1.0
2017-04-17,59.00265884399414,59.011664684661866,58.57915059323486,58.6061818646131,16689300,0.008160411461455297,MSFT,559,1296,1.0
2017-04-18,58.92155075073242,59.20989573367777,58.71430644641775,58.86748821476976,15155600,-0.0013746514962346135,MSFT,558,1295,1.0
2017-04-19,58.60616683959961,59.24593197205418,58.47100364267298,59.15582546566501,26992800,-0.005352607104097462,MSFT,557,1294,1.0
2017-04-20,59.02067947387695,59.245949242861215,58.69629045656459,58.984635485876936,22299500,0.007072850121930596,MSFT,556,1293,1.0
2017-04-21,59.83163070678711,60.10195020847524,58.975601764728054,59.17384019077721,32522600,0.01374012024495741,MSFT,555,1292,1.0
2017-04-24,60.8498420715332,60.96698669956027,60.462377964712,60.80479226240989,29770000,0.017017944400278484,MSFT,552,1289,1.0
2017-04-25,61.2012825012207,61.30941445340687,60.912937503411264,61.18326394653318,30242700,0.005775535609021887,MSFT,551,1288,1.0
2017-04-26,61.12016677856445,61.55268068285797,60.93094108610047,61.34543644216699,26190800,-0.001325392530044267,MSFT,550,1287,1.0
2017-04-27,61.51663589477539,61.61575509541896,60.894896306274624,61.408510857480195,34971000,0.006486715221954986,MSFT,549,1286,1.0
2017-04-28,61.68784713745117,62.30058093003193,60.9940195615083,62.093336678316554,39548800,0.0027831697911544495,MSFT,548,1285,1.0
2017-05-01,62.54387283325195,62.67002329515842,61.72388795617533,61.88608238929573,31954400,0.01387673156907887,MSFT,545,1282,1.0
2017-05-02,62.44478225708008,62.81422110068336,62.29159359052485,62.81422110068336,23906100,-0.0015843370690532543,MSFT,544,1281,1.0
2017-05-03,62.24652862548828,62.516848155752925,61.913126976007234,62.516848155752925,28928000,-0.0031748630458122706,MSFT,543,1280,1.0
2017-05-04,62.00322723388672,62.246522348746446,61.85004549471451,62.201465660902684,21749400,-0.003908674057398587,MSFT,542,1279,1.0
2017-05-05,62.17443084716797,62.201462108456276,61.714878781211894,62.08432435131196,19128800,0.002761204874633938,MSFT,541,1278,1.0
2017-05-08,62.12038040161133,62.21949962872851,61.65181553256898,62.14741166815487,18566100,-0.0008693355905340372,MSFT,538,1275,1.0
2017-05-09,62.21048355102539,62.426740546366155,61.88609462067128,62.04828908584833,22858400,0.001450460361503536,MSFT,537,1274,1.0
2017-05-10,62.4537467956543,62.67901641401944,62.10232674097933,62.16540195913424,17977800,0.003910325571242046,MSFT,536,1273,1.0
2017-05-11,61.68784713745117,61.931142236907384,61.38148367850326,61.597740642153845,28789400,-0.012263470127886977,MSFT,535,1272,1.0
2017-05-12,61.61577224731445,61.823023417629905,61.30940872345013,61.823023417629905,18714100,-0.001168380701892957,MSFT,534,1271,1.0
2017-05-15,61.66081237792969,61.70586906036447,60.88588418790626,61.39949874411392,31530300,0.000730983788281625,MSFT,531,1268,1.0
2017-05-16,62.90237808227539,62.92956428682488,61.76957346544223,61.83301024742126,34956000,0.020135409451564446,MSFT,530,1267,1.0
2017-05-17,61.153324127197266,62.62143440516845,61.10800917937013,62.43112406965701,30548800,-0.027805847861433586,MSFT,529,1266,1.0
2017-05-18,61.36175537109375,61.74237603639575,60.84519677844384,61.08082205824088,25201300,0.0034083387431720347,MSFT,528,1265,1.0
2017-05-19,61.3436393737793,61.71519570216488,61.108014071576946,61.17145085515941,26961100,-0.00029523270977005467,MSFT,527,1264,1.0
2017-05-22,62.03236770629883,62.077682649050736,61.171439106728826,61.524873535107204,16237600,0.011227379717772656,MSFT,524,1261,1.0
2017-05-23,62.240821838378906,62.30425862514268,61.96894594419635,62.27707241854266,15425800,0.003360409086221372,MSFT,523,1260,1.0
2017-05-24,62.322364807128906,62.422052149021894,62.03236715273734,62.41299469182396,14593900,0.0013101203734382505,MSFT,522,1259,1.0
2017-05-25,63.0926628112793,63.328281097769384,62.44923087985569,62.50360326687834,21854100,0.012359896909147405,MSFT,521,1258,1.0
2017-05-26,63.400814056396484,63.63643937528064,63.002064580452746,63.255818646838705,19827900,0.0048841058751778466,MSFT,520,1257,1.0
2017-05-30,63.8086051940918,63.8086051940918,63.2286030200323,63.24673176108138,17072800,0.006431954285832653,MSFT,516,1253,1.0
2017-05-31,63.29206848144531,64.10768934622519,63.264882271634654,63.917378963458546,30436400,-0.008095094871221398,MSFT,515,1252,1.0
2017-06-01,63.52767562866211,63.98986180534705,62.938615899803274,63.65454918083601,21603600,0.003722538271692999,MSFT,514,1251,1.0
2017-06-02,65.03202056884766,65.12264351522872,63.65452689314014,63.83577969998987,34770300,0.02368015082086239,MSFT,513,1250,1.0
2017-06-05,65.50328826904297,66.056097434773,65.0773526579962,65.22235495711433,33316800,0.007246702410182548,MSFT,510,1247,1.0
2017-06-06,65.72076416015625,65.81139402568252,65.49420332451659,65.52139643262727,31511100,0.0033200759360361154,MSFT,509,1246,1.0
2017-06-07,65.60298156738281,65.9473516878666,65.20423212275573,65.8295424947226,22301800,-0.0017921671221960978,MSFT,508,1245,1.0
2017-06-08,65.20420837402344,65.72076682365316,64.79640161897986,65.71170936800387,24588300,-0.006078583378863356,MSFT,507,1244,1.0
2017-06-09,63.727054595947266,65.32204539104532,62.15925000469392,65.28579481455553,49187400,-0.022654270558779666,MSFT,506,1243,1.0
2017-06-12,63.23768997192383,63.38269229573939,61.742386349509765,62.757381873944645,47761700,-0.007679071740035459,MSFT,503,1240,1.0
2017-06-13,64.02613067626953,64.18019047449377,63.40082019465208,63.45519261423898,25258600,0.012467892244257373,MSFT,502,1239,1.0
2017-06-14,63.68172836303711,64.43391213521697,62.92048713390757,64.2617305700125,25510700,-0.005379089905866663,MSFT,501,1238,1.0
2017-06-15,63.3464469909668,63.627380374144444,62.34958013102462,62.77550893600328,26068700,-0.005264954025100188,MSFT,500,1237,1.0
2017-06-16,63.43705749511719,63.46424369921775,62.73018853214037,63.19237474412158,48345100,0.0014303959962160828,MSFT,499,1236,1.0
2017-06-19,64.22550201416016,64.28893880499815,63.754251355856454,63.890189311678355,23798300,0.012428768769794374,MSFT,496,1233,1.0
2017-06-20,63.355491638183594,64.22548464037158,63.31924106549787,64.18016969599198,21512200,-0.013546182570667087,MSFT,495,1232,1.0
2017-06-21,63.68172836303711,63.99891912259703,63.38267325964438,63.62735596498194,19891100,0.005149304605141625,MSFT,494,1231,1.0
2017-06-22,63.672672271728516,63.97172738153534,63.17423556523478,63.92641935354736,22965700,-0.00014220862940417245,MSFT,493,1230,1.0
2017-06-23,64.53360748291016,64.56985805747534,63.364552381020836,63.51861213735529,27617300,0.013521267138082882,MSFT,492,1229,1.0
2017-06-26,63.9173698425293,64.98673773173387,63.835811224735636,64.70580438498988,19607000,-0.009549096423039027,MSFT,489,1226,1.0
2017-06-27,62.72113037109375,63.60018793255368,62.69394416430076,63.53675114533963,25215100,-0.018715405129821172,MSFT,488,1225,1.0
2017-06-28,63.25581741333008,63.29206107944425,62.34050927689499,62.721129997914694,25806200,0.008524831090779506,MSFT,487,1224,1.0
2017-06-29,62.06863784790039,62.97488167596064,61.70613893385796,62.875194301746674,28918700,-0.018767911221071465,MSFT,486,1223,1.0
2017-06-30,62.46736145019531,62.87516823813782,62.29517298173172,62.3314235495182,24161100,0.006423914171791445,MSFT,485,1222,1.0
2017-07-03,61.77863311767578,63.07456192190837,61.6426951760112,62.829879158184866,16165500,-0.011025410975116112,MSFT,482,1219,1.0
2017-07-05,62.60332489013672,62.9295732192205,61.82395465000231,61.86020523257735,21176300,0.013349142427448557,MSFT,480,1217,1.0
2017-07-06,62.141143798828125,62.331454187685,61.73333681043372,61.86926786383703,21117600,-0.007382692406827873,MSFT,479,1216,1.0
2017-07-07,62.94768142700195,63.292051515780685,62.25893433535434,62.25893433535434,16878300,0.012979124278511334,MSFT,478,1215,1.0
2017-07-10,63.4189453125,63.6636281007224,62.71206932788634,62.947694656090896,15014500,0.007486596405374524,MSFT,475,1212,1.0
2017-07-11,63.428009033203125,64.05331954073641,63.2105124317494,63.43707340820728,17460000,0.00014291818727762973,MSFT,474,1211,1.0
2017-07-12,64.47924041748047,64.59704960900523,63.93549558215669,64.06236914659588,17750900,0.016573614721645313,MSFT,473,1210,1.0
2017-07-13,65.04110717773438,65.28579684813963,64.6242359062525,64.79642442141984,20269800,0.008713917171108365,MSFT,472,1209,1.0
2017-07-14,65.9564208984375,66.40047841264717,65.21330127882297,65.46704842979993,25868100,0.014072849624190642,MSFT,471,1208,1.0
2017-07-17,66.47297668457031,66.56359967539545,65.90204561969004,65.97454677798655,21803900,0.007831774057725616,MSFT,468,1205,1.0
2017-07-18,66.42764282226562,66.50920140807482,65.84764760955035,66.23732562720089,26435300,-0.0006819893521514686,MSFT,467,1204,1.0
2017-07-19,66.93516540527344,67.09828956043695,66.56360214080993,66.60891709494639,22416200,0.00764023170844319,MSFT,466,1203,1.0
2017-07-20,67.26140594482422,67.33390709742993,66.40953468693321,67.22515536852136,42361000,0.004873978238127741,MSFT,465,1202,1.0
2017-07-21,66.8717269897461,67.32484886371313,66.30985337695417,66.56360052012114,46717100,-0.005793499996086693,MSFT,464,1201,1.0
2017-07-24,66.6995620727539,66.83550006587609,66.27362625421472,66.63612526450936,21394800,-0.002574554669697471,MSFT,461,1198,1.0
2017-07-25,67.2342300415039,67.34297487298188,66.60891960413943,66.88079551101742,22018700,0.008016064155965452,MSFT,460,1197,1.0
2017-07-26,67.10733795166016,67.40639306982698,66.88983452051569,67.37014249796957,16252200,-0.0018873137948545171,MSFT,459,1196,1.0
2017-07-27,66.30079650878906,67.44265866322178,65.53954815840943,66.84454137957957,36844200,-0.012018677353169305,MSFT,458,1195,1.0
2017-07-28,66.19203186035156,66.43671458455783,65.73891007071123,65.85671924694537,18306700,-0.0016404727267956831,MSFT,457,1194,1.0
2017-07-31,65.8839111328125,66.55453641748926,65.62110655654423,66.42766285856996,23600100,-0.004654951946317598,MSFT,454,1191,1.0
2017-08-01,65.7751693725586,66.53641076141517,65.69360384427212,66.24641305412351,22132300,-0.0016505055389729462,MSFT,453,1190,1.0
2017-08-02,65.48516845703125,65.75703740512179,64.74204893637247,65.74797994671539,26499200,-0.00440897253923811,MSFT,452,1189,1.0
2017-08-03,65.38549041748047,65.64830194460805,65.11361451656465,65.421740998542,18214400,-0.0015221467990295112,MSFT,451,1188,1.0
2017-08-04,65.86579132080078,66.19203960061935,65.46704188678017,65.61204419518425,22579000,0.0073456802151921075,MSFT,450,1187,1.0
2017-08-07,65.61207580566406,66.06519786659531,65.48520218173083,65.97457483722786,18705700,-0.0038520073933522303,MSFT,447,1184,1.0
2017-08-08,65.96548461914062,66.27360418110787,65.02299027191941,65.33110983388667,22044600,0.005386337943693809,MSFT,446,1183,1.0
2017-08-09,65.67549133300781,65.71174191582521,65.29487058456264,65.47611658455794,22213400,-0.00439613667370331,MSFT,445,1182,1.0
2017-08-10,64.71488189697266,65.42175105105959,64.6605025599789,65.15893948354913,24734500,-0.01462660448422659,MSFT,444,1181,1.0
2017-08-11,65.70266723632812,65.88391320789555,64.59704883313128,64.89611090889908,21443700,0.015263650498938519,MSFT,443,1180,1.0
2017-08-14,66.69048309326172,66.80829922141369,66.11048756942623,66.21017494828158,20096600,0.015034638599685568,MSFT,440,1177,1.0
2017-08-15,66.70870208740234,67.04579432497083,66.5447088269076,67.04579432497083,19181400,0.00027318731692416165,MSFT,439,1176,1.0
2017-08-16,67.1004638671875,67.5104435459423,66.66314618571081,66.81802677982452,18150400,0.005872723760565357,MSFT,438,1175,1.0
2017-08-17,65.9616470336914,67.30092465269057,65.9616470336914,67.03671280702335,22977500,-0.016971817598014916,MSFT,437,1174,1.0
2017-08-18,66.04362487792969,66.36249877245154,65.53342664669472,65.84318787253608,18761500,0.0012428107532913568,MSFT,436,1173,1.0
2017-08-21,65.73384857177734,66.034504010893,65.32386198636655,66.02539134430307,17734800,-0.004690480068665348,MSFT,433,1170,1.0
2017-08-22,66.654052734375,66.72693323559157,65.91607944551839,65.91607944551839,14343700,0.013998939398669918,MSFT,432,1169,1.0
2017-08-23,66.253173828125,66.64493516595137,66.08006787973466,66.47182921756102,13766500,-0.006014321557423541,MSFT,431,1168,1.0
2017-08-24,66.2258529663086,66.38073360137514,65.66098559315165,66.27140241436493,17098300,-0.00041237061166732314,MSFT,430,1167,1.0
2017-08-25,66.34427642822266,66.82714357554003,66.03451522086024,66.38072014984103,12794300,0.001788175714011686,MSFT,429,1166,1.0
2017-08-28,66.3533935546875,66.59026733472886,66.09829443714779,66.56293627941099,14569700,0.00013742144696848868,MSFT,426,1163,1.0
2017-08-29,66.55381774902344,66.65403623318191,65.64274567553059,65.82495730985785,11478400,0.0030205568034851193,MSFT,425,1162,1.0
2017-08-30,67.42845916748047,67.61067083710515,66.35339363446369,66.51738691749776,16897800,0.013141866958787052,MSFT,424,1161,1.0
2017-08-31,68.12084197998047,68.29394786292752,67.23710808775415,67.4466507293909,27652800,0.010268406264189567,MSFT,423,1160,1.0
2017-09-01,67.36466217041016,68.09351555945464,67.09133780518889,68.06618451311799,21736200,-0.011100564637655852,MSFT,422,1159,1.0
2017-09-05,67.06399536132812,67.31909435168599,66.4900226330229,66.81800208425005,21556000,-0.004463271979624039,MSFT,418,1155,1.0
2017-09-06,66.87266540527344,67.45575074796855,66.82710903906187,67.18242645255029,16535800,-0.002852945981280053,MSFT,417,1154,1.0
2017-09-07,67.72908020019531,67.96596083517592,67.05488895547938,67.12777637407754,17471200,0.012806649618819277,MSFT,416,1153,1.0
2017-09-08,67.40111541748047,67.8202077394271,67.27355893165222,67.71998925473027,14703800,-0.004842303804295511,MSFT,415,1152,1.0
2017-09-11,68.11176300048828,68.27575628266888,67.701776319572,67.701776319572,17910400,0.010543558197903424,MSFT,412,1149,1.0
2017-09-12,68.0388412475586,68.54903922335507,67.75641121823213,68.11172865865126,14394900,-0.0010706190783692504,MSFT,411,1148,1.0
2017-09-13,68.52171325683594,68.53993858642197,67.92040944810245,68.26661425004436,13380800,0.007097005187381322,MSFT,410,1147,1.0
2017-09-14,68.12084197998047,68.7768148512252,67.89307400807199,68.3303915725441,15733900,-0.005850280995644441,MSFT,409,1146,1.0
2017-09-15,68.61284637451172,68.68573382002735,67.48311877273684,68.17553560327664,38578400,0.007222523683366067,MSFT,408,1145,1.0
2017-09-18,68.4761734008789,69.21413948089543,68.36684226086892,68.53994816148617,23307000,-0.0019919443785615387,MSFT,405,1142,1.0
2017-09-19,68.73127746582031,68.97726386015866,68.33951620748289,68.52172783655365,16093300,0.003725442767485765,MSFT,404,1141,1.0
2017-09-20,68.2757339477539,68.83148839162244,67.70175417242199,68.64926983162528,21587900,-0.0066278924946935325,MSFT,403,1140,1.0
2017-09-21,67.61066436767578,68.5490675832167,67.51955854158105,68.43063070438642,19186100,-0.009740936371142483,MSFT,402,1139,1.0
2017-09-22,67.79287719726562,67.88398301560142,67.28267210291413,67.41022163876991,14111400,0.002695030899251938,MSFT,401,1138,1.0
2017-09-25,66.74515533447266,67.64711492048549,66.43538715334996,67.50134002326783,24149200,-0.015454748435359655,MSFT,398,1135,1.0
2017-09-26,66.74515533447266,67.2462409040666,66.49916193315028,67.11869134446597,18019600,0.0,MSFT,397,1134,1.0
2017-09-27,67.28266143798828,67.5742041810076,66.66313224020632,67.00934402630428,19565100,0.008053110384148132,MSFT,396,1133,1.0
2017-09-28,67.3008804321289,67.39198622744486,66.79067546669164,67.0002250517523,10883800,0.0002707828993568917,MSFT,395,1132,1.0
2017-09-29,67.86576080322266,67.91131718995035,67.3100062496026,67.36467530386156,17079100,0.008393357820384084,MSFT,394,1131,1.0
2017-10-02,67.97508239746094,68.33951258722502,67.69265230208444,68.06618820717003,15304800,0.0016108504928613598,MSFT,391,1128,1.0
2017-10-03,67.6562271118164,68.2210874572242,67.59245233246618,68.02976311917352,12190400,-0.004690767181128708,MSFT,390,1127,1.0
2017-10-04,68.0479736328125,68.0753046821616,67.15511996548265,67.50132484211808,13317700,0.005790250768028304,MSFT,389,1126,1.0
2017-10-05,69.21414947509766,69.35081168211163,68.29396469552741,68.53084539095639,21195300,0.01713755428747743,MSFT,388,1125,1.0
2017-10-06,69.24146270751953,69.26879375170316,68.8223704778747,68.94080731964603,13959800,0.00039461920183958554,MSFT,387,1124,1.0
2017-10-09,69.50570678710938,69.74258753200368,69.11394541902382,69.2141639283664,11386500,0.0038162694613490533,MSFT,384,1121,1.0
2017-10-10,69.50570678710938,69.81546803349188,69.36904455155766,69.5421505133185,13944500,0.0,MSFT,383,1120,1.0
2017-10-11,69.62413787841797,69.66058160158819,69.19593281982957,69.56947576912735,15388900,0.0017039045681721543,MSFT,382,1119,1.0
2017-10-12,70.26188659667969,70.41676719370622,69.578582485285,69.68790669451367,16876500,0.00915987957187192,MSFT,381,1118,1.0
2017-10-13,70.5989761352539,70.94518798700959,70.41676449290884,70.69008195642645,15335700,0.004797615818504797,MSFT,380,1117,1.0
2017-10-16,70.74473571777344,70.89050360995476,70.4714113624087,70.53518611853686,12380100,0.0020646132635164793,MSFT,377,1114,1.0
2017-10-17,70.69009399414062,70.71743200098348,70.38033275921948,70.58076977048836,16824000,-0.0007723786523253784,MSFT,376,1113,1.0
2017-10-18,70.70830535888672,70.92696071391107,70.48965000386237,70.7629674599107,13300700,0.000257622584963757,MSFT,375,1112,1.0
2017-10-19,70.98162078857422,70.99983916963527,70.4714157568069,70.67185270311612,15092800,0.0038653935814223495,MSFT,374,1111,1.0
2017-10-20,71.80158996582031,71.9473648382439,71.26406076334746,71.35516658314795,22866400,0.011551851988396367,MSFT,373,1110,1.0
2017-10-23,71.81978607177734,72.28442764894282,71.75601132877861,71.96555393394917,20627200,0.0002534220476968496,MSFT,370,1107,1.0
2017-10-24,71.84715270996094,72.15691391488348,71.48272244757686,71.88359643129226,17517200,0.00038104594402788017,MSFT,369,1106,1.0
2017-10-25,71.63761138916016,72.06581647598786,71.07275102009376,71.59206194539057,20410800,-0.002916487472324425,MSFT,368,1105,1.0
2017-10-26,71.75605773925781,72.35736185488304,71.74694506981389,72.15692483269791,32120700,0.0016534100984217925,MSFT,367,1104,1.0
2017-10-27,76.35694122314453,78.53440272218766,76.17472960559783,76.86714626394509,71066700,0.06411839820695131,MSFT,366,1103,1.0
2017-10-30,76.42984771728516,76.83072171700607,75.71921250027401,76.25674177178215,31756700,0.000954811612051909,MSFT,363,1100,1.0
2017-10-31,75.782958984375,76.85802407695257,75.71918423104103,76.85802407695257,27086600,-0.008463823391392955,MSFT,362,1099,1.0
2017-11-01,75.782958984375,76.31138234110038,75.50963464098551,76.23849492273962,22307400,0.0,MSFT,361,1098,1.0
2017-11-02,76.57563018798828,76.94916621939545,75.72833266439388,75.9378754024947,23992900,0.010459755256807979,MSFT,360,1097,1.0
2017-11-03,76.6575927734375,77.02202294103922,75.98340148147705,76.60293068112179,17633500,0.0010703481675307103,MSFT,359,1096,1.0
2017-11-06,76.95825958251953,77.16780226805324,76.60294202798121,76.71226622880634,19860900,0.003922205201129403,MSFT,356,1093,1.0
2017-11-07,76.77603149414062,77.35001128114772,76.46627036223568,77.23156747700848,17939700,-0.0023678821398437355,MSFT,355,1092,1.0
2017-11-08,77.04026794433594,77.08582433762683,76.375189088239,76.65761926403935,18034200,0.003441652883758195,MSFT,354,1091,1.0
2017-11-09,76.6120376586914,76.77603088926892,75.52786675463811,76.63026299038192,21178400,-0.005558525392901581,MSFT,353,1090,1.0
2017-11-10,76.41162109375,76.62116378852012,75.82853549388646,76.3387336560349,19397800,-0.0026159931398022085,MSFT,352,1089,1.0
2017-11-13,76.4662857055664,76.47539837331196,76.03808068360081,76.22029928386748,14196900,0.0007153965723267763,MSFT,349,1086,1.0
2017-11-14,76.57563018798828,76.62117963278277,75.60078309748117,76.07453763873833,18801300,0.0014299698411259776,MSFT,348,1085,1.0
2017-11-15,75.98042297363281,76.63053177776335,75.71488439405806,76.42908823561457,19383100,-0.007772802037597004,MSFT,347,1084,1.0
2017-11-16,76.18186950683594,76.38331307536608,75.94380618569674,76.09030615364117,20962800,0.0026512952326289696,MSFT,346,1083,1.0
2017-11-17,75.44937133789062,76.1086387949125,75.30286435373576,76.1086387949125,22079000,-0.009615124618063908,MSFT,345,1082,1.0
2017-11-20,75.56839752197266,75.62333414411275,75.31201730420291,75.44936584539013,16315000,0.00157756362937711,MSFT,342,1079,1.0
2017-11-21,76.65800476074219,76.76787798255899,75.76066719617009,75.76066719617009,21237500,0.01441882155106855,MSFT,341,1078,1.0
2017-11-22,76.09947967529297,76.82284218489627,76.03538461676293,76.75874712636623,20553100,-0.007285932984982257,MSFT,340,1077,1.0
2017-11-24,76.23680114746094,76.39245952205611,75.79728734090608,76.00788930746747,7425600,0.0018044994887469468,MSFT,338,1075,1.0
2017-11-27,76.79535675048828,76.89607853227055,76.27343796572373,76.28258941073238,18265200,0.007326587614123081,MSFT,335,1072,1.0
2017-11-28,77.72015380859375,77.88497063065476,76.93269643495067,76.97848160223707,21926000,0.012042356429310841,MSFT,334,1071,1.0
2017-11-29,76.31007385253906,77.7567988550948,76.16357385722971,77.56451368171776,27381100,-0.018143041244197522,MSFT,333,1070,1.0
2017-11-30,77.07003784179688,77.39051302573286,76.31004884429507,76.46571420720832,33054600,0.009958894689662712,MSFT,332,1069,1.0
2017-12-01,77.1524887084961,77.65609082738759,76.20021411963103,76.54815778281998,29532100,0.001069817389586225,MSFT,331,1068,1.0
2017-12-04,74.24072265625,77.30814127982515,73.89277203370699,77.29898284611664,39094900,-0.037740403465759464,MSFT,328,1065,1.0
2017-12-05,74.70767211914062,75.70573147263376,74.14913360140875,74.47876025655839,26152300,0.006289667532638266,MSFT,327,1064,1.0
2017-12-06,75.79730987548828,76.12694358194597,74.56118696919049,74.67106719995539,26162100,0.014585352821728348,MSFT,326,1063,1.0
2017-12-07,75.53176879882812,75.81562430606475,75.08310342949109,75.57755397330278,23184500,-0.003503304762350501,MSFT,325,1062,1.0
2017-12-08,77.0608901977539,77.44546043744039,76.30090116277675,76.57559119719478,24489100,0.02024474500257578,MSFT,324,1061,1.0
2017-12-11,78.0406265258789,78.16881659570267,77.0242574109656,77.17991578348948,22857900,0.012713794579984672,MSFT,321,1058,1.0
2017-12-12,78.36112976074219,78.79148528604273,77.90330592290542,78.11390097624141,23924100,0.004106876752930644,MSFT,320,1057,1.0
2017-12-13,78.15052795410156,78.74570034222774,77.98571109255643,78.50762998980979,22062700,-0.00268758001937508,MSFT,319,1056,1.0
2017-12-14,77.54619598388672,78.626660410482,77.39968901751064,78.22377323878445,19306000,-0.007732922425933819,MSFT,318,1055,1.0
2017-12-15,79.52397918701172,79.74373261773887,77.7201526029472,78.06810310292042,53936700,0.025504580566865664,MSFT,317,1054,1.0
2017-12-18,79.0936279296875,80.11915563673871,78.95628639440758,79.77121210430296,22283800,-0.005411591091439072,MSFT,314,1051,1.0
2017-12-19,78.59002685546875,79.06616048323895,78.07725950344386,79.06616048323895,23524800,-0.006367151025951645,MSFT,313,1050,1.0
2017-12-20,78.3061752319336,79.02038618748293,77.56450295351422,78.92881584401295,23674900,-0.0036118020936317663,MSFT,312,1049,1.0
2017-12-21,78.28787994384766,78.83726717786502,78.19631656915105,78.79148898343556,17990700,-0.0002336378712374243,MSFT,311,1048,1.0
2017-12-22,78.29701232910156,78.40688554784964,77.75677672219388,78.19629055469225,14145800,0.00011665132917704213,MSFT,310,1047,1.0
2017-12-26,78.19630432128906,78.31533599116699,77.85751220355503,78.11389240688388,9891200,-0.0012862305318777079,MSFT,306,1043,1.0
2017-12-27,78.48015594482422,78.72738471200246,78.0314905712152,78.425219323601,14678000,0.003629987708483995,MSFT,305,1042,1.0
2017-12-28,78.48931121826172,78.68159637064157,78.33365280716896,78.6541280611354,10594300,0.00011665717692932454,MSFT,304,1041,1.0
2017-12-29,78.32450866699219,78.7914909713157,78.28788191902193,78.40691361054688,18717400,-0.002099681456131708,MSFT,303,1040,1.0
2018-01-02,78.69989013671875,79.02952375498265,78.28785160680647,78.8647069458507,22483800,0.004792643785645145,MSFT,299,1036,1.0
2018-01-03,79.06614685058594,79.21265377899964,78.71820337435567,78.80060828221224,26061400,0.00465384021795856,MSFT,298,1035,1.0
2018-01-04,79.76204681396484,80.2656556861351,79.26759637197095,79.28590624648834,21912000,0.008801490790919297,MSFT,297,1034,1.0
2018-01-05,80.75096130371094,80.95240488652034,80.0550671955975,80.2656692101264,23407100,0.012398308835436689,MSFT,296,1033,1.0
2018-01-08,80.83335876464844,81.10805580416533,80.21071819613458,80.76010528933247,22113000,0.0010203898456093707,MSFT,293,1030,1.0
2018-01-09,80.77843475341797,81.24541699911678,80.44880104890551,81.17216351237246,19484300,-0.0006794720901105444,MSFT,292,1029,1.0
2018-01-10,80.41216278076172,80.75095486902036,80.0367509402163,80.4487895188845,18652200,-0.004534279152280218,MSFT,291,1028,1.0
2018-01-11,80.65023803710938,80.69601622319637,79.88109046098184,80.69601622319637,17808900,0.002960687141281726,MSFT,290,1027,1.0
2018-01-12,82.0420150756836,82.20683190606695,80.98901904744741,81.19046261634222,24271500,0.01725694892473628,MSFT,289,1026,1.0
2018-01-16,80.8974380493164,83.13161971035696,80.58612131862559,82.4998208340515,36599700,-0.013951108164655834,MSFT,285,1022,1.0
2018-01-17,82.53649139404297,82.664681526028,81.26374152230714,81.56590697020253,25621200,0.020260880742939857,MSFT,284,1021,1.0
2018-01-18,82.4998550415039,83.02177394264803,82.09697481037486,82.22516492743921,24159700,-0.00044388066321054964,MSFT,283,1020,1.0
2018-01-19,82.40827941894531,82.96682498276286,82.096962605453,82.53646951695232,36875000,-0.0011100094965321716,MSFT,282,1019,1.0
2018-01-22,83.88246154785156,83.89161997817749,82.17019834034734,82.4082686279732,23601600,0.017888762382864964,MSFT,279,1016,-1.0
2018-01-23,84.14802551269531,84.51428599197611,83.81839177992634,84.14802551269531,23412800,0.003165905720259099,MSFT,278,1015,-1.0
2018-01-24,84.07476043701172,85.54895359829072,83.85500697405287,84.74318624355053,33277500,-0.0008706689816808666,MSFT,277,1014,-1.0
2018-01-25,84.541748046875,85.37498376436372,84.17548759470802,84.66993815725789,26383200,0.005554432833777101,MSFT,276,1013,-1.0
2018-01-26,86.12579345703125,86.12579345703125,84.77063919745439,85.26508963892228,29172200,0.018736842409243337,MSFT,275,1012,-1.0
2018-01-29,85.99762725830078,87.3985670718956,85.81450051912867,87.11471853042764,31569900,-0.0014881279299262529,MSFT,272,1009,-1.0
2018-01-30,84.91714477539062,85.75954576063309,84.33113095094811,85.42991211115469,38635100,-0.012564096444950046,MSFT,271,1008,-1.0
2018-01-31,86.99565887451172,87.35276079115492,85.62218781485782,85.84194122836863,48756300,0.024476966396112854,MSFT,270,1007,-1.0
2018-02-01,86.30895233154297,87.96627239800233,85.68631162928595,86.79424448453909,47227900,-0.007893572528248849,MSFT,269,1006,-1.0
2018-02-02,84.03811645507812,86.04338647747564,83.7817363032499,85.74122116174871,47867800,-0.02631054850187231,MSFT,268,1005,-1.0
2018-02-05,80.57698822021484,85.374979653657,80.57698822021484,82.92104382388061,51031500,-0.04118521905132655,MSFT,265,1002,1.0
2018-02-06,83.62611389160156,83.76346245653718,78.0589736814714,79.56063549020098,67998600,0.037841147190231794,MSFT,264,1001,1.0
2018-02-07,82.05118560791016,84.02898087836529,81.67576672217729,82.85695301649008,41107600,-0.018832972266687786,MSFT,263,1000,1.0
2018-02-08,77.8392105102539,82.29841019952326,77.6102985923789,82.14275177196922,55628700,-0.051333506840274046,MSFT,262,999,1.0
2018-02-09,80.74180603027344,81.42854173352961,76.75874034855495,79.02039104901253,63499100,0.037289632063228106,MSFT,261,998,1.0
2018-02-12,81.61167907714844,82.20685149456543,80.51290460333072,81.25457702386579,35720300,0.010773514857332467,MSFT,258,995,1.0
2018-02-13,82.25263977050781,82.40829821275301,80.39387593966535,81.42855539121268,26407700,0.007853786377234995,MSFT,257,994,1.0
2018-02-14,83.54053497314453,83.70612601151022,81.33266381980353,81.42465728141752,34960900,0.015657797807220097,MSFT,256,993,1.0
2018-02-15,85.24243927001953,85.297633939161,83.36574331405193,83.9085096103449,27823900,0.020372197729187524,MSFT,255,992,1.0
2018-02-16,84.63529968261719,86.01522304700768,84.45131270815972,85.04927388447307,30596900,-0.007122503680110914,MSFT,254,991,1.0
2018-02-20,85.29765319824219,85.61043241886618,83.72454160466629,84.15691866030133,30911700,0.007825972355610888,MSFT,250,987,1.0
2018-02-21,84.16609191894531,85.88639825551188,84.16609191894531,85.53682032888707,26922500,-0.013266030621815417,MSFT,249,986,1.0
2018-02-22,84.38689422607422,85.30684289213622,84.0465106929168,84.68127751846801,24392800,0.0026234116625201143,MSFT,248,985,1.0
2018-02-23,86.53038024902344,86.53958170207245,84.96647012599861,86.10720465124793,26329200,0.025400698089525386,MSFT,247,984,-1.0
2018-02-26,87.7815170288086,87.80911437115007,86.70517856557466,86.84317229593475,30199800,0.014458930796149794,MSFT,244,981,-1.0
2018-02-27,86.6591796875,88.16789525437017,86.6591796875,88.07590177222497,25869100,-0.012785576956254485,MSFT,243,980,-1.0
2018-02-28,86.26361083984375,88.04831406715468,86.1348185470124,87.24795594571395,31167300,-0.0045646502665118716,MSFT,242,979,-1.0
2018-03-01,85.41724395751953,86.99955700318941,84.48809371211529,86.46598501920263,37135600,-0.009811401054096613,MSFT,241,978,1.0
2018-03-02,85.60123443603516,85.69322790777878,83.58654441718551,84.24890864358277,32830400,0.002154020312422178,MSFT,240,977,1.0
2018-03-05,86.14401245117188,86.72357771811313,84.87448552511593,84.94807610124526,23901600,0.006340773222637486,MSFT,237,974,1.0
2018-03-06,85.84961700439453,86.92595535660489,85.50003900637334,86.78796164047876,22175800,-0.003417480082486435,MSFT,236,973,1.0
2018-03-07,86.34638214111328,86.41997971868963,85.03085527120403,85.70242088394846,26716100,0.005786457226632846,MSFT,235,972,-1.0
2018-03-08,86.87078094482422,87.48714506618165,86.26361125967551,86.7235857416414,25887800,0.006073199486851921,MSFT,234,971,-1.0
2018-03-09,88.81183624267578,88.81183624267578,87.39511459541725,87.66190052431503,36937300,0.022344167702192275,MSFT,233,970,-1.0
2018-03-12,89.02342224121094,89.4282018680301,88.35186369887997,88.77503920934966,26073700,0.002382407655180163,MSFT,230,967,-1.0
2018-03-13,86.85237884521484,89.45582889286054,86.4475990840509,89.23504312252253,35387800,-0.02438732797885035,MSFT,229,966,-1.0
2018-03-14,86.3371810913086,87.77230578612534,86.01520046122678,87.50551983015717,32132000,-0.005931878444278671,MSFT,228,965,-1.0
2018-03-15,86.64079284667969,87.00877383234258,85.39886316138926,86.04282462230918,27611000,0.0035165817499878127,MSFT,227,964,-1.0
2018-03-16,87.02715301513672,87.74471193915784,86.40158756520638,87.10075060187022,49081300,0.004459333251263464,MSFT,226,963,-1.0
2018-03-19,85.45404815673828,86.38319846091478,84.73648917637232,86.2360032758896,33344100,-0.0180760234466687,MSFT,223,960,1.0
2018-03-20,85.6748275756836,86.26359423491014,85.55523676068991,85.60123700726943,23075200,0.0025836039802393795,MSFT,222,959,1.0
2018-03-21,85.07685852050781,86.5211776929269,84.82846844206638,85.49083262637478,24457100,-0.00697951862987467,MSFT,221,958,1.0
2018-03-22,82.60221099853516,84.40530996592305,82.48262017053011,83.9637314141338,38604700,-0.029087199092760807,MSFT,220,957,1.0
2018-03-23,80.20113372802734,83.21856455855394,80.10914025512633,82.33541458513045,44068900,-0.029067954010945196,MSFT,219,956,1.0
2018-03-26,86.27279663085938,86.47518648817777,83.1633722391695,83.35656064334098,56396800,0.07570544979353833,MSFT,216,953,1.0
2018-03-27,82.30780792236328,87.52391515207584,81.42465804897157,87.33992822711348,56569000,-0.04595873628000413,MSFT,215,952,1.0
2018-03-28,82.23423767089844,83.92694742136574,81.75586729584568,82.62981600780219,52501100,-0.0008938429211264864,MSFT,214,951,1.0
2018-03-29,83.96371459960938,84.90206620225291,81.32346632761482,82.96097388748707,45867500,0.02103110550659326,MSFT,213,950,1.0
2018-04-02,81.43385314941406,83.60493257128557,80.50471004649422,83.22775726642683,48515400,-0.03013041362282798,MSFT,209,946,1.0
2018-04-03,82.52861785888672,82.84140414550969,80.85431108316148,82.4090270244254,37213800,0.013443606892381554,MSFT,208,945,1.0
2018-04-04,84.93888092041016,85.33445921557684,80.70711751871136,80.81750689126298,35560000,0.029205179052491648,MSFT,207,944,1.0
2018-04-05,84.98487091064453,85.61963785321196,84.08332498215286,85.04007261346732,29771900,0.0005414480357643914,MSFT,206,943,1.0
2018-04-06,83.00698852539062,85.0584705477869,82.31702688205816,84.16611903275914,38026000,-0.023273346938815775,MSFT,205,942,1.0
2018-04-09,83.50375366210938,85.71163229621074,83.36576695013335,83.7521437809716,31533900,0.005984618229666339,MSFT,202,939,1.0
2018-04-10,85.4448471069336,85.81282805258338,84.30411249220671,84.99407413330529,26812000,0.023245583098918887,MSFT,201,938,1.0
2018-04-11,84.5064926147461,85.82201960609693,84.15691461696443,84.64448633077768,24872100,-0.010981990417902598,MSFT,200,937,1.0
2018-04-12,86.08879089355469,86.62236276120319,85.03084860939667,85.03084860939667,26758900,0.018723984747800237,MSFT,199,936,1.0
2018-04-13,85.62884521484375,86.6407876001484,85.0400784808973,86.52119676997754,23346100,-0.00534268949461314,MSFT,198,935,1.0
2018-04-16,86.6315689086914,87.08234883299939,85.94160737163209,86.53957544081383,20288100,0.011710115806558008,MSFT,195,932,1.0
2018-04-17,88.37947845458984,88.81185550143812,87.28473716734865,87.39513354696484,26771000,0.020176357971084524,MSFT,194,931,1.0
2018-04-18,88.71986389160156,88.97744843079862,87.87350566740112,88.51747403404606,21043300,0.0038514080753102586,MSFT,193,930,1.0
2018-04-19,88.41626739501953,89.2994172775778,87.70790298739428,88.71985214114463,23552500,-0.0034219675647041425,MSFT,192,929,1.0
2018-04-20,87.39513397216797,88.41627767796653,86.52118543990717,88.23229072969653,31154400,-0.011549157784386255,MSFT,191,928,1.0
2018-04-23,87.71713256835938,88.58188684299937,87.0547681893716,88.07591210386882,22331800,0.003684399594763965,MSFT,188,925,1.0
2018-04-24,85.66564178466797,88.74746911283324,85.01247892551943,88.53587778333161,34524800,-0.02338757234332356,MSFT,187,924,1.0
2018-04-25,84.92045593261719,85.83121013128265,83.05296133355034,85.83121013128265,33729300,-0.008698771602317579,MSFT,186,923,1.0
2018-04-26,86.71437072753906,87.53312454965037,85.64722681366479,86.06120796038577,42529000,0.021124648651737354,MSFT,185,922,1.0
2018-04-27,88.14950561523438,90.06300106159428,86.39240682012796,89.78701357693828,48272800,0.016550138986819007,MSFT,184,921,1.0
2018-04-30,86.03360748291016,88.68306448174256,85.69323092361456,88.61866834739051,41523600,-0.02400351672486911,MSFT,181,918,1.0
2018-05-01,87.39513397216797,87.66191996021601,85.36204801358001,85.74842481613834,31408900,0.015825518993008325,MSFT,180,917,1.0
2018-05-02,86.02442169189453,87.55153318224714,85.73003833118482,87.38594210318212,27471000,-0.01568408008516764,MSFT,179,916,1.0
2018-05-03,86.5395736694336,87.33073011055954,85.04925425317623,85.51843005399547,31142500,0.005988438717834388,MSFT,178,915,1.0
2018-05-04,87.54232788085938,87.73551627934727,85.48163759301762,85.84961850289308,22531300,0.01158723308779086,MSFT,177,914,1.0
2018-05-07,88.51747131347656,88.968244243217,87.4871261697035,87.55152230252355,24242000,0.011139107860420383,MSFT,174,911,1.0
2018-05-08,88.14027404785156,88.46226167616166,87.4503125905886,88.17707283447702,23484600,-0.004261274752067723,MSFT,173,910,1.0
2018-05-09,89.17984771728516,89.20744506102379,87.44114487522069,88.32429496812225,27327400,0.011794536387182086,MSFT,172,909,1.0
2018-05-10,90.07218933105469,90.1089811062134,89.28103281074924,89.65820816467034,22388100,0.010006090351246222,MSFT,171,908,1.0
2018-05-11,89.87899017333984,90.03538679519943,89.27182764732414,89.9709906633697,16778300,-0.002144936846208423,MSFT,170,907,1.0
2018-05-14,90.18257141113281,90.78974093200358,89.52020721332894,90.08137649098768,19454100,0.0033776663178735067,MSFT,167,904,1.0
2018-05-15,89.52942657470703,90.01699836821852,88.6278735654316,89.45582897830636,24594000,-0.007242472976825676,MSFT,166,903,1.0
2018-05-16,89.7603988647461,89.99138290348755,89.27071383046595,89.9544246114001,17384700,0.002579847753702902,MSFT,165,902,1.0
2018-05-17,88.86420440673828,90.12075849124754,88.54082807228562,89.40008921758864,17246700,-0.009984296742689747,MSFT,164,901,1.0
2018-05-18,89.03048706054688,89.55713037865736,88.70711082119367,88.70711082119367,17865800,0.0018711994882383287,MSFT,163,900,1.0
2018-05-21,90.1761703491211,90.55498756895888,89.43702562972157,89.62181004730303,19422500,0.012868437839670399,MSFT,160,897,1.0
2018-05-22,90.08380126953125,90.70283698134888,89.80661752291788,90.25011010768416,15441200,-0.0010243180568905164,MSFT,159,896,1.0
2018-05-23,91.15555572509766,91.22023098199448,88.99354118912281,89.3538757702729,21251200,0.011897304958965016,MSFT,158,895,1.0
2018-05-24,90.83214569091797,91.41422988095681,89.44624169417368,91.22020416730128,26649300,-0.0035478916409111827,MSFT,157,894,1.0
2018-05-25,90.87837982177734,91.45122289563655,90.41641164742877,90.82294589655949,18363900,0.0005090062610288992,MSFT,156,893,1.0
2018-05-29,90.55500030517578,91.35882038869043,89.83433110654555,90.39792577415855,28671000,-0.0035583767804371336,MSFT,152,889,1.0
2018-05-30,91.42346954345703,91.70065317873973,90.46258225237509,90.83215103398845,22158500,0.009590516651255765,MSFT,151,888,1.0
2018-05-31,91.32184600830078,92.38437399440679,91.10934464052364,91.7376215067284,34140900,-0.001111569443423277,MSFT,150,887,1.0
2018-06-01,93.12355041503906,93.18822568094627,91.62677091237519,91.7284044800973,28655600,0.019729171994338657,MSFT,149,886,1.0
2018-06-04,93.93660736083984,94.11215752369439,93.17897983299517,93.55779712145498,27281600,0.008730948746875411,MSFT,146,883,1.0
2018-06-05,94.41703796386719,94.54638846168065,93.80723671782648,94.24148783866029,23514400,0.005114412969821958,MSFT,145,882,1.0
2018-06-06,94.69420623779297,94.79583976984513,94.14908733776119,94.68497195238665,21122900,0.002935574763866855,MSFT,144,881,1.0
2018-06-07,93.20668029785156,94.87900959491209,92.74471220290945,94.84205130142787,28232200,-0.015708732340033338,MSFT,143,880,1.0
2018-06-08,93.89962768554688,94.19528696937581,92.89254067312352,93.4007013223843,22165100,0.007434524923330965,MSFT,142,879,1.0
2018-06-11,93.36376953125,93.86268894928409,93.01266921231696,93.32681123193733,23490900,-0.005706712236297373,MSFT,139,876,1.0
2018-06-12,93.60395812988281,93.73330861179633,93.08655620222873,93.40993240701253,18325200,0.002572610337379544,MSFT,138,875,1.0
2018-06-13,93.17893981933594,94.25070891261595,92.91099754601593,93.98276663929595,29492900,-0.004540601904431507,MSFT,137,874,1.0
2018-06-14,93.70560455322266,94.26920618014844,93.31755305408234,93.91811297365105,25691800,0.005652186372884893,MSFT,136,873,1.0
2018-06-15,92.51372528076172,93.80723731622108,92.45829136679475,93.78876169458992,65738600,-0.012719402197378438,MSFT,135,872,1.0
2018-06-18,93.18820190429688,93.41918594489863,91.85773157472727,92.40285757606563,23586000,0.007290557390141172,MSFT,132,869,1.0
2018-06-19,93.18820190429688,93.31755240310798,91.93164815949747,92.07023999367321,28653100,0.0,MSFT,131,868,1.0
2018-06-20,94.12138366699219,94.7219365605108,93.42843151378717,93.65941556485551,26180800,0.010013947512944599,MSFT,130,867,1.0
2018-06-21,93.44692993164062,94.66652573682559,93.2067044861885,94.31543243122292,23198200,-0.007165786445913591,MSFT,129,866,1.0
2018-06-22,92.77245330810547,93.10506391261723,92.0517770259508,92.77245330810547,38923100,-0.0072177504817820815,MSFT,128,865,1.0
2018-06-25,90.90605926513672,92.49523025685639,89.89897244426321,92.39359673652045,35433300,-0.02011797658050818,MSFT,125,862,1.0
2018-06-26,91.54359436035156,92.46753049951762,91.23869374264916,91.30336899042786,26897200,0.007013119921472022,MSFT,124,861,1.0
2018-06-27,90.12071990966797,92.41207728347278,89.99136943126314,92.00555022951718,31298400,-0.015543135056316437,MSFT,123,860,1.0
2018-06-28,91.12782287597656,91.57131534387281,89.86203482105812,89.97290265122696,26650700,0.011175043511836735,MSFT,122,859,1.0
2018-06-29,91.1093521118164,92.31047202922775,90.85065109553064,91.40501142315357,28053200,-0.00020269072141987365,MSFT,121,858,1.0
2018-07-02,92.40283966064453,92.44903223036478,90.5457263605302,90.63811854904283,19564500,0.014197088650577339,MSFT,118,855,1.0
2018-07-03,91.515869140625,92.97568275139814,91.41423561056784,92.83709798229538,14670300,-0.009598953054657078,MSFT,117,854,1.0
2018-07-05,92.17186737060547,92.31969348118511,91.49739091556795,91.93164201070638,18977400,0.0071681363695781375,MSFT,115,852,1.0
2018-07-06,93.46538543701172,93.71484509890726,92.08871548169017,92.2919825649765,19234600,0.014033762180441167,MSFT,114,851,1.0
2018-07-09,94.1029052734375,94.47248118176289,93.54854493548648,93.91812084381188,18212000,0.006820919139689519,MSFT,111,848,1.0
2018-07-10,94.35237121582031,94.71270578491907,94.11214582006312,94.24149632953066,19293100,0.002650990866412961,MSFT,110,847,1.0
2018-07-11,94.2230224609375,94.55563302785202,93.4099540444876,93.4561536769038,19644600,-0.0013709115437803288,MSFT,109,846,1.0
2018-07-12,96.26492309570312,96.46819020478931,94.91597697521908,94.95292822316713,24335900,0.021670931174089025,MSFT,108,845,1.0
2018-07-13,97.41059112548828,97.56765858332078,96.17251298657227,96.43122103656377,24635200,0.011901199242076776,MSFT,107,844,1.0
2018-07-16,96.93013000488281,97.77090810683644,96.5697884765343,97.38285667516554,21786900,-0.00493232938076027,MSFT,104,841,1.0
2018-07-17,97.89102935791016,98.39919704490751,96.38501601592206,96.6529583373322,25901700,0.009913319552743216,MSFT,103,840,1.0
2018-07-18,97.12417602539062,97.9834369746251,96.75460013502897,97.8818034285488,29493900,-0.007833744701118195,MSFT,102,839,1.0
2018-07-19,96.45893096923828,97.29970916099111,95.98772158098339,96.94861597803883,40171600,-0.006849428055672124,MSFT,101,838,1.0
2018-07-20,98.18669891357422,99.96989609860739,98.01115582529509,99.85902826370983,56004000,0.017911954102901362,MSFT,100,837,1.0
2018-07-23,99.75739288330078,99.91446034590324,98.05734660566769,98.21442111734395,29707000,0.015997013720861597,MSFT,97,834,1.0
2018-07-24,99.47096252441406,100.54272471997172,99.10138667974583,100.31174069818819,26316600,-0.002871269492996764,MSFT,96,833,1.0
2018-07-25,102.39985656738281,102.69551588625168,99.41553936989371,99.74815698475547,30702100,0.02944471400133364,MSFT,95,832,-1.0
2018-07-26,101.28187561035156,102.5569048628724,101.17100074310385,102.3166795083721,31372100,-0.010917798076167995,MSFT,94,831,-1.0
2018-07-27,99.48945617675781,101.79929681324543,98.06659349879253,101.79929681324543,37005300,-0.01769733649571703,MSFT,93,830,1.0
2018-07-30,97.35516357421875,99.35086217536963,96.79156190720565,99.03672723917165,34668300,-0.021452450184742955,MSFT,90,827,1.0
2018-07-31,98.01116943359375,98.60248813206182,97.3644097609053,98.389979670546,27655200,0.006738274943936418,MSFT,89,826,1.0
2018-08-01,98.1959228515625,98.35299028922145,97.40133727989961,97.96493883768544,23628700,0.0018850241154801939,MSFT,88,825,1.0
2018-08-02,99.38782501220703,99.86826877454448,96.86547587498092,97.38288498335321,26104300,0.012138000499738233,MSFT,87,824,1.0
2018-08-03,99.82205963134766,99.83130096632338,98.6948564327975,99.60031693544255,18659600,0.0043690926840112,MSFT,86,823,1.0
2018-08-06,99.90519714355469,100.17313942944662,99.37855390551114,99.8959628588866,20265900,0.000832857111084051,MSFT,83,820,1.0
2018-08-07,100.59819030761719,100.80145743864668,99.94219632506983,100.30253094859478,16080200,0.006936507648012791,MSFT,82,819,-1.0
2018-08-08,101.16178131103516,101.40200671754648,100.48731177419965,101.013955171772,15487500,0.0056023970381036126,MSFT,81,818,-1.0
2018-08-09,101.32808685302734,101.78082069089339,101.26341159748566,101.36504514891891,13677200,0.0016439562435230926,MSFT,80,817,-1.0
2018-08-10,100.70906066894531,101.34657899677377,100.13621760270271,101.09711223846054,18183700,-0.0061091273239956,MSFT,79,816,-1.0
2018-08-13,99.97915649414062,101.24495189342719,99.87752292672691,100.93080985349152,18472500,-0.007247651501825159,MSFT,76,813,1.0
2018-08-14,101.2264404296875,101.40199055058102,99.82206060975916,100.30250429710817,16788300,0.01247543967446818,MSFT,75,812,-1.0
2018-08-15,99.85375213623047,101.08731062441338,99.07465548854698,100.6235648100921,29982800,-0.013560570614063128,MSFT,74,811,1.0
2018-08-16,99.83521270751953,100.9667537894869,99.51986890497811,100.447360667089,21384300,-0.00018566581940404614,MSFT,73,810,1.0
2018-08-17,99.77957153320312,100.07636863207712,98.95410438082854,99.57552220093957,18061500,-0.0005573301524324226,MSFT,72,809,1.0
2018-08-20,99.12102508544922,100.07634025543908,98.75930394489382,99.71461911488367,17914200,-0.006600012784528375,MSFT,69,806,1.0
2018-08-21,98.29557800292969,99.56623716163527,98.1749995476128,99.16741542923414,22881900,-0.008327668946199185,MSFT,68,805,1.0
2018-08-22,99.29725646972656,99.5569530065571,98.1100682578156,98.17499239202323,18000600,0.010190473337132522,MSFT,67,804,1.0
2018-08-23,99.76099395751953,100.33604129537133,99.12102956709342,99.38072608218799,18167700,0.004670194366692915,MSFT,66,803,1.0
2018-08-24,100.54010009765625,100.6884950876742,99.76100340241206,99.8630280538869,17234000,0.0078097271210877395,MSFT,65,802,-1.0
2018-08-27,101.65309143066406,101.69019194872996,100.64212884911944,101.34701746377063,19662300,0.011070123581802038,MSFT,62,799,-1.0
2018-08-28,102.2652359008789,102.487831925535,101.82931367361901,101.96843884260409,19151500,0.006021897234993467,MSFT,61,798,-1.0
2018-08-29,103.89763641357422,103.9069133136329,102.2745256371733,102.4414744572226,20818000,0.015962418688179936,MSFT,60,797,-1.0
2018-08-30,103.83269500732422,104.44484293782575,103.35967932597329,103.572998458457,22798700,-0.0006250518153415596,MSFT,59,796,-1.0
2018-08-31,104.18513488769531,104.60250328427182,103.43386186717835,103.59154081975565,23222700,0.0033943054290002106,MSFT,58,795,-1.0
2018-09-04,103.610107421875,103.84198037029282,102.22814663064102,102.81246391322163,22634600,-0.005519285130648921,MSFT,54,791,-1.0
2018-09-05,100.62356567382812,103.34111645212573,100.26184450164855,102.96084856074191,32872400,-0.02882481084481847,MSFT,53,790,-1.0
2018-09-06,100.85543823242188,101.08731114076691,99.71462748603606,100.40096931340149,23477600,0.0023043564103597536,MSFT,52,789,-1.0
2018-09-07,100.36390686035156,100.8369297540978,99.45496867761031,100.38246066272717,22498600,-0.004873622887221818,MSFT,51,788,-1.0
2018-09-10,101.44905090332031,101.69020075352834,100.50301237742863,100.94820448036558,20727900,0.010812094476141176,MSFT,48,785,-1.0
2018-09-11,103.17417907714844,103.4987997705965,100.99457490548238,101.00385180420959,24301800,0.017004872480001376,MSFT,47,784,-1.0
2018-09-12,103.610107421875,103.73995570689291,102.49712009994978,103.35041085183917,18891100,0.004225169016373709,MSFT,46,783,-1.0
2018-09-13,104.72310638427734,105.48364940518745,103.99038698619792,103.99038698619792,26055600,0.010742185198886922,MSFT,45,782,-1.0
2018-09-14,105.1497573852539,105.48365502942725,104.28718965050632,105.14048048508201,19122300,0.004074086567017909,MSFT,44,781,-1.0
2018-09-17,104.0089111328125,105.45579581555096,103.74921460782863,105.44652599408695,20736500,-0.010849727862533354,MSFT,41,778,-1.0
2018-09-18,105.00132751464844,105.45579643604427,103.6193669550246,104.05528915718371,22170900,0.009541647643716678,MSFT,40,777,-1.0
2018-09-19,103.60083770751953,105.1033770649033,102.98869676086775,104.85295737677333,21728400,-0.013337829532998335,MSFT,39,776,-1.0
2018-09-20,105.33523559570312,105.54856180733915,103.81414972311683,104.13877041369311,23714500,0.016741156988325345,MSFT,38,775,-1.0
2018-09-21,105.97523498535156,106.93055058687298,105.27961600449203,105.73408509065031,71229700,0.006075833846376666,MSFT,37,774,-1.0
2018-09-24,106.35548400878906,106.5688102383254,104.08313190788077,104.83439800856782,27334500,0.0035880932322542858,MSFT,34,771,-1.0
2018-09-25,106.15144348144531,106.75431462235404,105.50220199197531,106.47607130238184,22668000,-0.0019184767879659725,MSFT,33,770,-1.0
2018-09-26,105.71552276611328,106.71720857283623,105.49291963021827,106.16999178521358,19352000,-0.004106592440339507,MSFT,32,769,-1.0
2018-09-27,106.11433410644531,106.57807997966387,105.91955461263711,106.45750152385875,19091300,0.0037724955606979194,MSFT,31,768,-1.0
2018-09-28,106.07723236083984,106.26272787750213,105.43726079881428,105.91028356536363,21647800,-0.00034963933871789976,MSFT,30,767,-1.0
2018-10-01,107.2273178100586,107.29224194710467,106.41112764773645,106.42967436852095,18883100,0.010841963196273285,MSFT,27,764,-1.0
2018-10-02,106.80067443847656,107.4406389222403,106.14215615738615,106.93979961362533,20787200,-0.003978868261330426,MSFT,26,763,-1.0
2018-10-03,106.81922149658203,107.75599013092516,106.59662546136201,107.05109443049466,16648000,0.00017366049608757983,MSFT,25,762,-1.0
2018-10-04,104.61177825927734,106.43893784078179,103.53588460828412,106.29981268574655,34821700,-0.020665224913433033,MSFT,24,761,-1.0
2018-10-05,103.9996337890625,104.96422593215057,102.61767324349766,104.4633796034587,29068900,-0.005851582684099466,MSFT,23,760,-1.0
2018-10-08,102.81245422363281,103.9068947200671,101.41193976584482,103.56372731751917,29640600,-0.011415228325107218,MSFT,20,757,-1.0
2018-10-09,104.12022399902344,104.88076693755482,102.7660869170627,103.08143070992189,26198600,0.012719954846579506,MSFT,19,756,-1.0
2018-10-10,98.4625244140625,103.41532680340741,98.11934993015274,103.17417697481676,61376300,-0.05433814265530201,MSFT,18,755,-1.0
2018-10-11,98.23068237304688,101.03170513534575,96.644664805702,97.7112820345856,63904300,-0.002354622150866903,MSFT,17,754,-1.0
2018-10-12,101.62527465820312,103.17418424176115,99.35292261411863,101.10588152268684,47742100,0.03455735217500311,MSFT,16,753,-1.0
2018-10-15,99.7981185913086,101.541807744727,99.19524749201396,101.01313768945039,32068100,-0.017979346900068083,MSFT,13,750,-1.0
2018-10-16,102.9515609741211,103.3318359022226,101.05020048601138,101.59742417441616,31610200,0.03159821474918201,MSFT,12,749,-1.0
2018-10-17,102.6826171875,103.70285676079119,101.60673037012776,103.58228537321527,26548200,-0.002612333257275168,MSFT,11,748,-1.0
2018-10-18,100.63285827636719,102.51566546031356,100.01144048115152,102.11684371128545,32506200,-0.019962082845920492,MSFT,10,747,-1.0
2018-10-19,100.78125762939453,102.82173666263786,100.36388209336712,101.03167729005055,32785500,0.001474661015985479,MSFT,9,746,-1.0
2018-10-22,101.6809310913086,102.52495208900953,100.3917179589841,101.39341087618917,26545600,0.008926991814514285,MSFT,6,743,-1.0
2018-10-23,100.26185607910156,101.0687764435557,97.4886577467644,99.95578210539132,43770400,-0.01395615674420525,MSFT,5,742,-1.0
2018-10-24,94.90097045898438,100.62359375559767,94.2238982617801,100.54939978187521,63897800,-0.05346884478068825,MSFT,4,741,1.0
2018-10-25,100.44737243652344,101.34703360717594,98.45326349909486,98.82426166264925,61646800,0.05844410179067849,MSFT,3,740,-1.0
2018-10-26,99.20451354980469,100.8647245782131,97.16403459571404,98.02660217860333,55523100,-0.01237323442685534,MSFT,2,739,-1.0
2018-10-29,96.32002258300781,100.81835642430593,94.26098964266824,100.271139655654,55162000,-0.029076206954522732,MSFT,1462,736,1.0
2018-10-30,96.2087173461914,96.81158129143232,92.85119483807064,96.14379321011006,65350900,-0.0011555773538205472,MSFT,1461,735,1.0
2018-10-31,99.06539916992188,100.29896499055472,97.74836248194747,97.79473990349346,51062400,0.02969254660626186,MSFT,1460,734,-1.0
2018-11-01,98.23992156982422,99.53841139684069,97.87820036406825,99.2879917452405,33384200,-0.008332653045507454,MSFT,1459,733,-1.0
2018-11-02,98.4625244140625,99.5384111298819,97.36808390116677,98.75932148148168,37680200,0.0022659102397599717,MSFT,1458,732,-1.0
2018-11-05,99.71464538574219,99.92796453704062,98.22138302184969,98.65730529998241,27922100,0.012716726278661827,MSFT,1455,729,-1.0
2018-11-06,99.90940856933594,100.94819476030045,98.57381823672418,99.59405770693584,24340200,0.001953205397665636,MSFT,1454,728,-1.0
2018-11-07,103.84197235107422,104.10166890105492,101.46759580702172,101.50469632504758,37901700,0.03936129577835623,MSFT,1453,727,-1.0
2018-11-08,103.64722442626953,104.07386987006564,102.86813459225974,103.69360185380904,25644100,-0.001875425903374306,MSFT,1452,726,-1.0
2018-11-09,101.62527465820312,103.36895666757977,100.87400857630267,102.81246301149793,32039200,-0.019507997240241992,MSFT,1451,725,-1.0
2018-11-12,99.12102508544922,101.9869705954188,98.4068526250303,101.48612430629616,33621800,-0.024641995617492474,MSFT,1448,722,-1.0
2018-11-13,99.18598937988281,100.85547061020337,98.90773897006179,99.75176002397086,35374600,0.0006554037791435263,MSFT,1447,721,-1.0
2018-11-14,97.77940368652344,100.84403476118644,97.31365441268596,100.69499158230887,39495100,-0.014181294174242187,MSFT,1446,720,-1.0
2018-11-15,99.9311752319336,100.41555851552734,96.79202929216486,97.79804244506956,38505200,0.022006388505995123,MSFT,1445,719,-1.0
2018-11-16,100.87197875976562,101.4215594926208,99.48404791115941,99.74486636788863,33502100,0.009414514796293405,MSFT,1444,718,-1.0
2018-11-19,97.45338439941406,101.12348398712622,96.4566811989798,100.8533485450012,44773900,-0.03389042628471883,MSFT,1441,715,1.0
2018-11-20,94.74272155761719,95.91641178109012,92.54438429761342,94.8265601269647,64052500,-0.027814968751492364,MSFT,1440,714,1.0
2018-11-21,96.04682922363281,97.27640719389326,95.23642281561786,96.50326158579782,28130600,0.013764726667921723,MSFT,1439,713,1.0
2018-11-23,96.00955963134766,96.69886659980608,95.01285642178213,95.17120947686023,13823100,-0.00038803563414235853,MSFT,1437,711,1.0
2018-11-26,99.17665100097656,99.32568707232222,97.41611932341354,97.61173316461277,32336200,0.03298725024663929,MSFT,1434,708,-1.0
2018-11-27,99.80074310302734,99.97773008222985,98.14267700345377,98.99033689521332,29124500,0.006292732167822779,MSFT,1433,707,-1.0
2018-11-28,103.50812530517578,103.70373915517847,100.47143792872174,100.49938174918353,46788500,0.03714784165806462,MSFT,1432,706,-1.0
2018-11-29,102.64181518554688,103.50810901739531,101.56127358592126,102.77222439836113,28123200,-0.008369489033587807,MSFT,1431,705,-1.0
2018-11-30,103.29386901855469,103.36839060484463,101.86867743791525,103.11688202780849,33665600,0.006352711434702174,MSFT,1430,704,-1.0
2018-12-03,104.41168212890625,105.65057706112067,103.14485048054775,105.25934932677006,34732800,0.010821679166173714,MSFT,1427,701,-1.0
2018-12-04,101.08623504638672,104.9240122203262,100.79747272569772,104.27196597787652,45197000,-0.03184937752859829,MSFT,1426,700,-1.0
2018-12-06,101.71034240722656,101.75691307682693,97.80736069210813,98.571189319909,49107400,0.006174009355017107,MSFT,1424,698,-1.0
2018-12-07,97.63965606689453,101.95249083822223,97.15528005532457,100.95578789509602,45044900,-0.04002234427678819,MSFT,1423,697,-1.0
2018-12-10,100.2199478149414,100.58323886825825,96.77340525810628,97.62107253789304,40801500,0.026426677970670776,MSFT,1420,694,-1.0
2018-12-11,101.15141296386719,103.34974986766312,100.08019543506957,102.2785323388655,42381900,0.009294209079471427,MSFT,1419,693,-1.0
2018-12-12,101.60787200927734,103.64784917121867,101.57061121135904,103.29388225115048,36183000,0.004512631430795944,MSFT,1418,692,-1.0
2018-12-13,101.9525375366211,103.27527119120424,101.18870882947076,102.0736369250583,31333400,0.003392114415232239,MSFT,1417,691,-1.0
2018-12-14,98.76678466796875,101.77552794537948,98.27309160080141,100.83471247191235,47043100,-0.031247411252594226,MSFT,1416,690,-1.0
2018-12-17,95.84187316894531,98.55253701926615,94.74270473412314,98.1892531990661,56957300,-0.029614323366466966,MSFT,1413,687,-1.0
2018-12-18,96.84790802001953,97.35091810354068,95.49723082164701,96.64297719635128,49319200,0.010496819582196837,MSFT,1412,686,-1.0
2018-12-19,96.58708953857422,99.55856516091758,94.40737917704242,96.54982874275306,68198200,-0.002693072950955222,MSFT,1411,685,-1.0
2018-12-20,94.55640411376953,97.16459535701641,92.01341036716586,95.99091249560125,70334200,-0.02102439813132262,MSFT,1410,684,-1.0
2018-12-21,91.50111389160156,95.94435924621926,90.78385596404704,94.66820355994379,111242100,-0.03231182753620654,MSFT,1409,683,1.0
2018-12-24,87.68195343017578,91.25891145477576,87.54223433711189,90.98877603023601,43935200,-0.04173895047824461,MSFT,1406,680,1.0
2018-12-26,93.6714859008789,93.79258525293807,87.52359728687782,88.62276578959084,51634800,0.06830975173782816,MSFT,1404,678,1.0
2018-12-27,94.24901580810547,94.25833278273342,89.79645424303467,92.49780123682501,49498500,0.006165482501662156,MSFT,1403,677,1.0
2018-12-28,93.51313781738281,95.394768847075,92.70273152953283,95.09668249191833,38196300,-0.007807805571369952,MSFT,1402,676,1.0
2018-12-31,94.61231994628906,95.38546555061806,93.55972900408138,94.35150145489395,33173800,0.011754306983611018,MSFT,1399,673,1.0
2019-01-02,94.1931381225586,94.77997966425383,92.16247095211507,92.73068564935639,35329300,-0.004430520506932267,MSFT,1397,671,1.0
2019-01-03,90.72796630859375,93.32684829113309,90.54166232197043,93.24300972046,42579100,-0.03678794318813505,MSFT,1396,670,1.0
2019-01-04,94.94766235351562,95.48793330274081,92.15316626592872,92.88905108847246,44060600,0.04650932029678034,MSFT,1395,669,1.0
2019-01-07,95.06874084472656,96.19585325052537,94.06272780016921,94.67751315480037,35656100,0.0012752129774415977,MSFT,1392,666,1.0
2019-01-08,95.758056640625,96.84790827102704,94.7427194953017,95.98161430940154,31514400,0.007250709221281015,MSFT,1391,665,1.0
2019-01-09,97.12735748291016,97.69557220674126,96.16791504630794,96.74544674618706,32280800,0.014299588883931458,MSFT,1390,664,1.0
2019-01-10,96.50325775146484,96.64298396891861,95.36682827277113,96.14929082644984,30067600,-0.006425581294694727,MSFT,1389,663,1.0
2019-01-11,95.758056640625,96.35421516187587,94.67751487912646,96.12134051742568,28314200,-0.007722030615370912,MSFT,1388,662,1.0
2019-01-14,95.05941772460938,95.82324615374536,94.32353311131985,94.91969153860799,28437100,-0.007295876091529152,MSFT,1385,659,1.0
2019-01-15,97.8166732788086,97.85393407687918,94.90107801402655,95.4879267001753,31587600,0.02900560113030659,MSFT,1384,658,1.0
2019-01-16,98.16130828857422,98.98103150786294,97.77008062851523,98.04953301813993,29853900,0.003523274695545142,MSFT,1383,657,1.0
2019-01-17,98.85062408447266,99.32568320599165,97.58378554688275,97.80734319858404,28393000,0.007022275965108182,MSFT,1382,656,1.0
2019-01-18,100.33169555664062,100.50868253341369,98.65500263810978,100.09882094794725,37427600,0.014982924851362878,MSFT,1381,655,1.0
2019-01-22,98.44075775146484,99.76348386192099,97.67692929687207,99.4374608215648,32371300,-0.01884686384182832,MSFT,1377,651,1.0
2019-01-23,99.40020751953125,99.70760374078597,98.12405197196367,98.85062679677567,25874300,0.00974646873898255,MSFT,1376,650,1.0
2019-01-24,98.9251480102539,99.67034972944384,98.12405864949432,99.53994049460114,23164800,-0.0047792607393097875,MSFT,1375,649,1.0
2019-01-25,99.82868957519531,100.49005263774534,98.92513491994113,99.89389418398842,31225600,0.009133588203959597,MSFT,1374,648,1.0
2019-01-28,97.88188934326172,99.1859890011281,97.49066157793322,98.98105814116421,29476700,-0.019501410268109143,MSFT,1371,645,1.0
2019-01-29,95.88848114013672,97.77942241706069,95.17122314123856,97.69558383618954,31490500,-0.020365444685424117,MSFT,1370,644,1.0
2019-01-30,99.09282684326172,99.09282684326172,97.18325881672939,97.4533942862602,49471900,0.033417420580914126,MSFT,1369,643,1.0
2019-01-31,97.27638244628906,98.01226706725222,96.11200939541745,96.68954098708664,55636400,-0.018330735481446925,MSFT,1368,642,1.0
2019-02-01,95.73941040039062,96.96898808099108,95.33886577907846,96.6709088586264,35535700,-0.015800053489315125,MSFT,1367,641,1.0
2019-02-04,98.49665832519531,98.5525530728634,95.73010639242624,95.823261936283,31315100,0.028799508094666804,MSFT,1364,638,1.0
2019-02-05,99.87528991699219,99.92186058707432,98.7015995866497,98.79474803358492,27325400,0.013996734663273669,MSFT,1363,637,1.0
2019-02-06,98.76678466796875,99.6703393486801,98.30103541867585,99.6703393486801,20609800,-0.011098893930067466,MSFT,1362,636,1.0
2019-02-07,98.058837890625,98.35691710788015,97.14597339699259,97.98432341638805,29760700,-0.007167862958419757,MSFT,1361,635,1.0
2019-02-08,98.43147277832031,98.53393821099789,97.11806321537307,97.23915549636857,21461100,0.0038001152747797473,MSFT,1360,634,1.0
2019-02-11,98.04023742675781,99.27913239392764,97.77941892983175,98.92515834229567,18914100,-0.00397469773152348,MSFT,1357,631,1.0
2019-02-12,99.5678939819336,99.8007686534428,98.25448453014259,98.86926996740598,25056600,0.015581934471721848,MSFT,1356,630,1.0
2019-02-13,99.49337768554688,100.39693259625562,99.40022923333152,100.1361140873441,18394900,-0.0007483968316156497,MSFT,1355,629,1.0
2019-02-14,99.57720947265625,99.94049338624748,98.42215310910387,99.02762156057535,21784700,0.0008425866028423101,MSFT,1354,628,1.0
2019-02-15,100.8067626953125,100.88128427641905,100.00567346533983,100.518000451986,26606900,0.012347737290166583,MSFT,1353,627,1.0
2019-02-19,100.76020050048828,101.2166399252208,100.39691661991846,100.40623359568878,18038500,-0.00046189554727549265,MSFT,1349,623,1.0
2019-02-20,100.23633575439453,100.97536324751083,99.43182517389431,100.90052339418028,21607700,-0.005199123696575159,MSFT,1348,622,1.0
2019-02-21,102.35050964355469,102.41599272737103,99.97439795817183,100.00246111736158,29063200,0.0210918912113911,MSFT,1347,621,1.0
2019-02-22,103.80986022949219,104.02501589378497,102.73406049666386,102.94922329807812,27763200,0.014258361692773391,MSFT,1346,620,1.0
2019-02-25,104.38984680175781,104.94178179394864,104.08114489937165,104.54888327300539,23750600,0.0055870085075102605,MSFT,1343,617,1.0
2019-02-26,105.11016082763672,105.93337774052556,103.99694128934875,104.0811379022455,21536700,0.006900230702003185,MSFT,1342,616,1.0
2019-02-27,104.93243408203125,105.11017696322715,103.72566811747757,104.48340920138725,21487100,-0.0016908617036264229,MSFT,1341,615,1.0
2019-02-28,104.80144500732422,105.59659871001597,104.52080630249667,104.81080177195453,29083900,-0.0012483182712089702,MSFT,1340,614,1.0
2019-03-01,105.2691879272461,105.72756949451394,104.46467742470709,105.60596009747732,23501200,0.004463134262024493,MSFT,1339,613,1.0
2019-03-04,105.01661682128906,105.94273676013616,103.65082168948928,105.72757397781771,26608000,-0.0023992880626341195,MSFT,1336,610,1.0
2019-03-05,104.49275207519531,105.13823332865095,104.053083989651,105.00726715217029,19538300,-0.004988398616813439,MSFT,1335,609,1.0
2019-03-06,104.53953552246094,105.39082286170616,104.24018322300454,104.65179531117776,17687000,0.0004477195435714787,MSFT,1334,608,1.0
2019-03-07,103.26726531982422,104.35242164385124,102.78082060923578,104.21209872096908,25339000,-0.012170230107473201,MSFT,1333,607,1.0
2019-03-08,103.37953186035156,103.56662434504166,101.7798675637525,102.11663974589133,22818400,0.0010871454780916334,MSFT,1332,606,1.0
2019-03-11,105.54985046386719,105.66210311360568,103.81921978822255,103.82856941761963,26491600,0.02099369734472556,MSFT,1329,603,1.0
2019-03-12,106.28888702392578,106.63500890616037,105.38147329686981,105.5405026555788,26132700,0.00700177742375474,MSFT,1328,602,1.0
2019-03-13,107.1120834350586,107.57982179067021,106.43853906103854,106.76595448254248,35513800,0.007744896330954321,MSFT,1327,601,1.0
2019-03-14,107.19628143310547,107.76692284327532,106.95306260758369,107.14951187609965,30763400,0.0007860737588762934,MSFT,1326,600,1.0
2019-03-15,108.43112182617188,109.68465734139798,107.19628556992394,107.89789318618023,54681100,0.01151943310493464,MSFT,1325,599,1.0
2019-03-18,109.98399353027344,110.02141345411441,108.5620721099197,108.67432474432194,31207600,0.014321273062091855,MSFT,1322,596,1.0
2019-03-19,110.05885314941406,110.79788071951401,109.44143500080321,110.47045811136597,37588700,0.0006806410345521208,MSFT,1321,595,1.0
2019-03-20,109.93721008300781,111.08784947474227,109.17947629889015,109.81560069084085,28113300,-0.0011052547153213022,MSFT,1320,594,1.0
2019-03-21,112.46302032470703,113.02430496873225,109.53497341755433,109.58175011169037,29854400,0.02297502583331079,MSFT,1319,593,1.0
2019-03-22,109.49755096435547,111.87365550981598,109.48819419892963,111.78946603234603,33624500,-0.0263683951559327,MSFT,1318,592,1.0
2019-03-25,110.06819152832031,110.39560694464829,108.81464904379506,109.03916145254556,27067100,0.005211445908507972,MSFT,1315,589,1.0
2019-03-26,110.30206298828125,111.05044007866555,109.31045281626866,110.9662506000597,26097700,0.002124786977178328,MSFT,1314,588,1.0
2019-03-27,109.23562622070312,110.58271513881942,108.06628018403877,110.2740060722308,22733400,-0.009668330207853182,MSFT,1313,587,1.0
2019-03-28,109.38529205322266,109.99335334252171,108.6369078299129,109.86238717401064,18334800,0.0013701192339681256,MSFT,1312,586,1.0
2019-03-29,110.33012390136719,110.6856024767777,109.41335359819583,110.45173330258429,25399800,0.008637649819363435,MSFT,1311,585,1.0
2019-04-01,111.34042358398438,111.42462019064217,110.47978681103898,111.27494050641506,22789100,0.009157061071737527,MSFT,1308,582,1.0
2019-04-02,111.49948120117188,111.77077032749823,110.87270632587649,111.37786465036814,18142300,0.0014285702538892053,MSFT,1307,581,1.0
2019-04-03,112.2291488647461,112.65946732105715,111.46205820138789,112.12624584941939,22860700,0.006544135055280842,MSFT,1306,580,1.0
2019-04-04,111.65850067138672,112.47236797841246,110.74173035529608,112.35075143836075,20112800,-0.005084670062383667,MSFT,1305,579,1.0
2019-04-05,112.1543197631836,112.47238560572077,111.66787493810098,111.68658133489869,15826200,0.004440495697287661,MSFT,1304,578,1.0
2019-04-08,112.19171142578125,112.27590089584136,110.98494572841143,112.0794516619142,15116200,0.0003333947606887211,MSFT,1301,575,1.0
2019-04-09,111.58364868164062,111.82687459816077,110.92881791076343,110.9755874589003,17612000,-0.00541985442964632,MSFT,1300,574,1.0
2019-04-10,112.4349365234375,112.58460907037887,111.82687529689778,112.03268129392232,16477200,0.007629145057137299,MSFT,1299,573,1.0
2019-04-11,112.56591796875,113.05236273378559,112.18236907908332,112.76236722792521,14209100,0.001164953255300638,MSFT,1298,572,1.0
2019-04-12,113.14590454101562,113.17397483732881,112.60333347668178,112.85590904653368,19745100,0.005152417203461601,MSFT,1297,571,1.0
2019-04-15,113.23945617675781,113.73525768050715,112.79042422523496,113.1365531698905,15792600,0.0008268229956858164,MSFT,1294,568,1.0
2019-04-16,112.9775390625,113.80076328032436,112.35077126910892,113.79140651317941,14071800,-0.0023129492413755948,MSFT,1293,567,1.0
2019-04-17,113.91299438476562,113.98783423352094,112.76236204291591,113.41719287672299,19300900,0.008280011496339279,MSFT,1292,566,1.0
2019-04-18,115.40975952148438,115.55007531249971,113.47332309714598,114.30589676373317,27991000,0.013139546939334279,MSFT,1291,565,1.0
2019-04-22,115.77459716796875,115.99910957520437,114.6613776228442,114.70815431219863,15648700,0.0031612373857903275,MSFT,1287,561,1.0
2019-04-23,117.34620666503906,117.47717284003048,115.84008851551653,116.09266409953676,24025500,0.013574735179515907,MSFT,1286,560,1.0
2019-04-24,116.94396209716797,117.7297592191694,116.48557330554524,117.67363289248983,31257000,-0.0034278446598557943,MSFT,1285,559,1.0
2019-04-25,120.81681823730469,122.89357779319953,120.51747309573709,121.66810551749202,38033900,0.03311719622530651,MSFT,1284,558,1.0
2019-04-26,121.50907135009766,122.0984262551426,120.69521116636285,121.33132848830684,23654900,0.005729774404696464,MSFT,1283,557,-1.0
2019-04-29,121.3968276977539,121.7803623353228,121.00392915671837,121.51842997463245,16324200,-0.0009237471004971409,MSFT,1280,554,-1.0
2019-04-30,122.1733169555664,122.2668561025382,121.04138336549838,121.43428204097502,24166500,0.006396289528633803,MSFT,1279,553,-1.0
2019-05-01,119.62876892089844,122.22003647987704,119.46038281379764,122.10778383322416,26821700,-0.02082736311066513,MSFT,1278,552,1.0
2019-05-02,118.06652069091797,119.74102494306064,117.42103944445549,119.72231854824663,27350200,-0.013059134889312984,MSFT,1277,551,1.0
2019-05-03,120.58293914794922,121.07874064972249,119.03940832533303,119.14231133179021,24911100,0.02131356494885539,MSFT,1276,550,1.0
2019-05-06,119.88135528564453,120.26490422849858,117.97298874984303,118.23492113173256,24239800,-0.005818268050705622,MSFT,1273,547,1.0
2019-05-07,117.42105865478516,118.97395375189055,116.20494295352088,118.30040923445314,36017700,-0.020522762901680203,MSFT,1272,546,1.0
2019-05-08,117.41167449951172,118.21618497687096,116.70071025826208,117.34619142052296,28419000,-7.991884403824034e-05,MSFT,1271,545,1.0
2019-05-09,117.4023208618164,117.67360994974439,115.5968506220423,116.27039495936411,27235800,-7.966531211811567e-05,MSFT,1270,544,1.0
2019-05-10,118.92717742919922,119.67556181475575,115.83075112977592,116.85042467666862,30915100,0.012988300028391908,MSFT,1269,543,1.0
2019-05-13,115.39106750488281,117.44912084796728,115.1010719665566,116.10203190610268,33944900,-0.029733404935314733,MSFT,1266,540,1.0
2019-05-14,116.68202209472656,117.75781468373503,115.71847501461691,115.87751149168133,25266300,0.011187647516902599,MSFT,1265,539,1.0
2019-05-15,118.32514953613281,118.97302006648157,116.14681023977987,116.67262121720279,24722700,0.014082096041087677,MSFT,1264,538,1.0
2019-05-16,121.05747985839844,121.48001415439977,118.73830498508457,119.01059833794817,30112200,0.023091712395691966,MSFT,1263,537,-1.0
2019-05-17,120.24999237060547,122.49405727210429,120.10914284499026,120.47532868826144,25770500,-0.006670281660724253,MSFT,1262,536,1.0
2019-05-20,118.51294708251953,119.79928963723597,118.08103576395764,118.79462463973465,23706900,-0.014445283977502776,MSFT,1259,533,1.0
2019-05-21,119.15142822265625,119.74295754983119,118.85096785850611,119.64906502919804,15293300,0.005387437877923507,MSFT,1258,532,1.0
2019-05-22,119.87442016601562,120.40962262909301,118.7946381649041,118.88853785820663,15396500,0.006067841184482781,MSFT,1257,531,1.0
2019-05-23,118.47538757324219,118.5786714923512,117.12331238748058,118.49416321147112,23603800,-0.011670818435124852,MSFT,1256,530,1.0
2019-05-24,118.53172302246094,119.63967194282175,118.27821250396839,119.16081794527584,14123400,0.00047550339671964537,MSFT,1255,529,1.0
2019-05-28,118.45661926269531,120.18426462822669,118.35333533719721,119.22654942142827,23128400,-0.0006336173798080491,MSFT,1251,525,1.0
2019-05-29,117.31111907958984,117.7336390455667,116.4660719840953,117.72424764352209,22763100,-0.009670208302713368,MSFT,1250,524,1.0
2019-05-30,118.05286407470703,118.08103111296509,117.16086726980984,117.61156137255807,16829600,0.006322887386437381,MSFT,1249,523,1.0
2019-05-31,116.12803649902344,117.01064191263474,115.79001770928038,116.6444560843364,26646800,-0.016304793541184304,MSFT,1248,522,1.0
2019-06-03,112.52252197265625,116.77592451967459,111.7432075229949,116.28767189983233,37983600,-0.031047752421074493,MSFT,1245,519,1.0
2019-06-04,115.6397933959961,115.75246155243883,113.28305322202273,113.87458253396697,29382600,0.02770353320108976,MSFT,1244,518,1.0
2019-06-05,118.14678192138672,118.18434036829679,116.62569705746488,117.32051041644787,24926100,0.021679289211506303,MSFT,1243,517,1.0
2019-06-06,120.01524353027344,120.15608588437492,117.9307967474827,118.71950963232716,21459000,0.01581474821827955,MSFT,1242,516,1.0
2019-06-07,123.37664031982422,124.17474459816778,120.42837096445183,121.3015921194578,33885600,0.028008082062533024,MSFT,1241,515,1.0
2019-06-10,124.50337982177734,125.89300622991307,123.94001040727616,124.31558046555737,26477100,0.009132518919564792,MSFT,1238,512,1.0
2019-06-11,124.03392791748047,126.04325810502874,123.26399056210855,125.70523927314767,23913700,-0.0037705956655063044,MSFT,1237,511,1.0
2019-06-12,123.46117401123047,123.91186101074868,122.72880226435784,123.37665855806716,17092500,-0.004617719650312546,MSFT,1236,510,1.0
2019-06-13,124.2405014038086,124.87897348900864,123.52689810025316,123.9212510341265,17200800,0.006312327732338252,MSFT,1235,509,1.0
2019-06-14,124.36253356933594,125.62070905739449,123.60199486874949,124.18413277249127,17821700,0.000982225314196894,MSFT,1234,508,1.0
2019-06-17,124.73809051513672,125.56434734863875,124.43762306508029,124.53152272499207,14517800,0.0030198560211174286,MSFT,1231,505,1.0
2019-06-18,126.90706634521484,126.98218322451574,125.41415597769388,125.99629388342612,25934500,0.01738823980005466,MSFT,1230,504,1.0
2019-06-19,127.4046859741211,127.63002225459323,125.63947536600742,126.75681551360796,23744400,0.003921134127808257,MSFT,1229,503,1.0
2019-06-20,128.58778381347656,129.2544372772468,127.43289204108706,129.05725364435972,33042600,0.009286140696550094,MSFT,1228,502,1.0
2019-06-21,128.60658264160156,129.32017171570158,128.12772851218912,128.2403967009723,36727900,0.00014619451060982058,MSFT,1227,501,1.0
2019-06-24,129.36708068847656,129.9492185826722,128.6347090386564,128.6347090386564,20628800,0.005913367972729233,MSFT,1224,498,1.0
2019-06-25,125.2826919555664,129.18868375607914,124.62543716391279,128.86944776114453,33327400,-0.031572087050071085,MSFT,1223,497,1.0
2019-06-26,125.7521743774414,127.4516670966558,125.44233691572948,126.14654161923751,23657700,0.0037473845313087395,MSFT,1222,496,1.0
2019-06-27,125.95874786376953,126.48456610062782,125.35782706301347,125.94936362505281,16557500,0.0016427030971895018,MSFT,1221,495,1.0
2019-06-28,125.78036499023438,126.38128580830697,125.02921038587301,126.35311876426313,30043000,-0.0014162007527106502,MSFT,1220,494,1.0
2019-07-01,127.39535522460938,128.35307790765293,126.72871593725142,128.2873595665588,22613500,0.012839764254940711,MSFT,1217,491,1.0
2019-07-02,128.24038696289062,128.24977120221527,127.07609656790167,127.80846839354673,15237800,0.006633144016839454,MSFT,1216,490,1.0
2019-07-03,129.066650390625,129.32955234604637,127.96807839401461,128.44694678409658,13629300,0.006443082770589914,MSFT,1215,489,1.0
2019-07-05,128.69105529785156,128.9445729935824,127.43287971131925,127.63944756308794,18141100,-0.0029100863130536725,MSFT,1213,487,1.0
2019-07-08,128.59715270996094,128.72860365919703,127.10422810361216,128.07133458593756,16779700,-0.0007296745502108903,MSFT,1210,484,1.0
2019-07-09,128.1276397705078,128.6064935682643,127.50793650724121,127.69572146751392,19953100,-0.00365103681970369,MSFT,1209,483,1.0
2019-07-10,129.4328155517578,130.11823737383,128.65349404903804,128.7567779669185,24204400,0.010186527930957867,MSFT,1208,482,1.0
2019-07-11,129.94923400878906,130.71917135245343,129.45159717040355,129.7614489555064,22327900,0.003989857246246453,MSFT,1207,481,1.0
2019-07-12,130.418701171875,130.63466758951597,129.5830455236234,130.37176565481306,18936800,0.0036126966554814732,MSFT,1206,480,1.0
2019-07-15,130.418701171875,131.01962192649322,130.00557979382822,130.92573656528842,16651500,0.0,MSFT,1203,477,1.0
2019-07-16,128.7098388671875,130.5595509790779,128.18403499667505,130.47504985569148,22726100,-0.013102893138273508,MSFT,1202,476,1.0
2019-07-17,127.94929504394531,129.5079237907478,127.90234520155985,129.29197170827115,20211000,-0.005908979685903981,MSFT,1201,475,1.0
2019-07-18,128.09014892578125,128.2779339956309,126.44700449220257,127.27327599203996,30381800,0.0011008570370596438,MSFT,1200,474,1.0
2019-07-19,128.27789306640625,132.0806004076441,128.11827509160875,131.65808055352386,48992400,0.0014657188097562113,MSFT,1199,473,1.0
2019-07-22,129.97738647460938,130.69098965497278,128.94456163383649,129.0196785121421,25074900,0.01324852917036412,MSFT,1196,470,1.0
2019-07-23,130.78489685058594,131.44216606376384,129.60183805561326,131.22619962991078,18034600,0.0062126989769433205,MSFT,1195,469,1.0
2019-07-24,132.1275634765625,132.14634627756064,130.3717512508396,130.41868676271594,20738300,0.01026622078167394,MSFT,1194,468,1.0
2019-07-25,131.6299285888672,132.02428145300124,130.81305582223808,131.85526489575548,18356900,-0.0037663215350488555,MSFT,1193,467,1.0
2019-07-26,132.70974731445312,133.02898340655997,131.73325623063093,131.7989745662603,19037600,0.00820344383045768,MSFT,1192,466,1.0
2019-07-29,132.41860961914062,132.8692964759371,130.85996692750166,132.85991224059356,16605900,-0.0021937928539842444,MSFT,1189,463,1.0
2019-07-30,131.78016662597656,132.59703941914336,131.26374702744815,131.5829830239639,16846500,-0.004821399310869778,MSFT,1188,462,1.0
2019-07-31,127.94929504394531,131.91162104632787,126.83195469974108,131.76138728152654,38598800,-0.029070167993520357,MSFT,1187,461,1.0
2019-08-01,129.6300048828125,132.33415564062386,128.56899850104418,128.63473115308523,40557500,0.013135749112880513,MSFT,1186,460,1.0
2019-08-02,128.5408172607422,129.87412401501584,127.00095698863781,129.6581576053758,30791600,-0.008402280190106914,MSFT,1185,459,1.0
2019-08-05,124.13720703125,125.75216991304656,122.79451599414664,125.16064772551509,42749600,-0.03425845831180274,MSFT,1182,456,1.0
2019-08-06,126.46577453613281,127.39531555257098,125.07614796696842,125.63011888160464,32696700,0.01875801430184132,MSFT,1181,455,1.0
2019-08-07,127.01970672607422,127.36710968068179,123.7803690226011,125.62068201828495,33414500,0.00438009565807973,MSFT,1180,454,1.0
2019-08-08,130.40928649902344,130.50318616539488,127.63001970311251,128.25912167906165,27496500,0.02668546369941671,MSFT,1179,453,1.0
2019-08-09,129.30133056640625,130.86935739641547,128.12765650259016,130.14637016152346,23466700,-0.008495989529284653,MSFT,1178,452,1.0
2019-08-12,127.49860382080078,129.44221569786,126.9821984950104,128.70045970706695,20484300,-0.01394205873759069,MSFT,1175,449,1.0
2019-08-13,130.13705444335938,130.3248395270228,126.75686562908375,127.7427552271711,25154600,0.020693956980634365,MSFT,1174,448,1.0
2019-08-14,126.21800231933594,128.98767873970914,125.9259641508235,128.46012406435935,32527300,-0.03011480581596504,MSFT,1173,447,1.0
2019-08-15,125.93538665771484,126.78325475447438,124.58823906339246,126.60425989933222,28074400,-0.0022391073890241087,MSFT,1172,446,1.0
2019-08-16,128.2434539794922,128.55433749610148,126.9151374198307,127.0658714354207,24449100,0.018327392983280788,MSFT,1171,445,1.0
2019-08-19,130.39134216308594,130.5232308115599,128.9593979976653,129.86378756919007,24355700,0.016748521011740847,MSFT,1168,442,1.0
2019-08-20,129.30801391601562,130.67402153767446,129.28918294004671,130.20298839221715,21170800,-0.008308283580019782,MSFT,1167,441,1.0
2019-08-21,130.74935913085938,131.40881695837308,130.00513317166792,130.52327244694763,14970300,0.011146603920309861,MSFT,1166,440,1.0
2019-08-22,129.79788208007812,131.13561438171598,128.39419824342653,130.62690495002428,18697000,-0.007277106802710764,MSFT,1165,439,1.0
2019-08-23,125.6622314453125,130.33488692548528,125.10641574171298,129.242086495675,38508600,-0.03186223510345232,MSFT,1164,438,1.0
2019-08-26,127.60284423828125,127.70647207929308,126.14263897849162,127.16950190298608,20312600,0.015443087160307956,MSFT,1161,435,1.0
2019-08-27,127.8760757446289,128.7992966287662,126.8586424872003,128.48841304665274,23102100,0.0021412650162988545,MSFT,1160,434,1.0
2019-08-28,127.70646667480469,127.89487700281988,125.81291915985409,127.06586868459571,17393300,-0.0013263549795110574,MSFT,1159,433,1.0
2019-08-29,130.11819458007812,130.4196627002038,128.97830239098192,129.2986014875221,20168700,0.018884931735013266,MSFT,1158,432,1.0
2019-08-30,129.8732147216797,131.1167343226189,128.37533328483565,131.08847349360568,23940100,-0.0018827486746879618,MSFT,1157,431,1.0
2019-09-03,128.1587371826172,129.25153791622546,127.83843798046176,128.69572205810942,18869300,-0.013201163478833156,MSFT,1153,427,1.0
2019-09-04,129.656494140625,129.71301577710162,128.57311006729495,129.3456107652232,17995900,0.011686733116553771,MSFT,1152,426,1.0
2019-09-05,131.93634033203125,132.24722382323785,130.7210671959704,131.0507960312826,26101800,0.017583740841654594,MSFT,1151,425,1.0
2019-09-06,131.04144287109375,132.0588619401179,130.19357448051684,131.9175577290847,20824500,-0.006782797360343595,MSFT,1150,424,1.0
2019-09-09,129.5529327392578,131.6537360953013,128.55434498368882,131.50300207093187,25773900,-0.01135907922885282,MSFT,1147,421,1.0
2019-09-10,128.19635009765625,128.95942129990866,126.71729949592779,128.87463880516665,28903400,-0.010471261537026377,MSFT,1146,420,1.0
2019-09-11,128.23403930664062,128.3753578535384,127.26371232538827,128.03621346568784,24726100,0.0002939959597576536,MSFT,1145,419,1.0
2019-09-12,129.5529327392578,130.40078647045735,128.94058115580236,129.86381627397438,27010000,0.010285049427971149,MSFT,1144,418,1.0
2019-09-13,129.3645477294922,130.06166757283842,128.65799802353388,129.79789016593057,23363100,-0.0014541161344820974,MSFT,1143,417,1.0
2019-09-16,128.43191528320312,128.78047525465175,127.80073251405359,127.9608820786325,16731400,-0.0072093356538396325,MSFT,1140,414,1.0
2019-09-17,129.4304962158203,129.55296944216616,128.52610618817388,129.0254145822023,17814200,0.007775177458151594,MSFT,1139,413,1.0
2019-09-18,130.49501037597656,130.6363145520836,128.6202935158189,129.4022101647855,23982100,0.008224600780184055,MSFT,1138,412,1.0
2019-09-19,132.8972930908203,134.12196771878425,131.95522683866946,132.1718980517229,35772100,0.01840900052747152,MSFT,1137,411,1.0
2019-09-20,131.3616943359375,133.44365228863472,130.24063341919867,132.84073058233662,39167300,-0.011554778274027067,MSFT,1136,410,1.0
2019-09-23,131.07913208007812,131.54074983945836,130.41968840581637,131.16391461502735,17139300,-0.002151024751072095,MSFT,1133,407,1.0
2019-09-24,129.4210205078125,132.53925639866858,128.94998754847387,132.2283729205309,29773200,-0.012649699047844298,MSFT,1132,406,1.0
2019-09-25,131.28636169433594,131.85160723093153,128.1492791532917,129.53411778063892,21382000,0.01441296923177049,MSFT,1131,405,1.0
2019-09-26,131.45590209960938,132.058823850773,130.41963797640327,131.36170411102069,17456600,0.0012913786556760787,MSFT,1130,404,1.0
2019-09-27,129.75074768066406,132.2283858897277,128.73331466372676,132.0305457024955,22477700,-0.012971303621295394,MSFT,1129,403,1.0
2019-09-30,130.97543334960938,131.154428187552,129.79785086291952,130.05221270498467,17280900,0.009438756160075723,MSFT,1126,400,1.0
2019-10-01,129.12901306152344,132.1247764949872,129.06306153164525,131.56896092082206,21466600,-0.014097455078902699,MSFT,1125,399,1.0
2019-10-02,126.8492202758789,128.46957544564953,125.8412168198559,128.3565320907137,30521700,-0.017655155348847318,MSFT,1124,398,1.0
2019-10-03,128.38478088378906,128.82755314879915,125.50206060506926,127.13183110990826,24132900,0.01210540044763797,MSFT,1123,397,1.0
2019-10-04,130.11819458007812,130.24066780072806,128.51668472258618,128.8275683309191,22897700,0.013501707011971398,MSFT,1122,396,1.0
2019-10-07,129.17611694335938,130.17470484785542,129.08191894517083,129.19496229291303,15303700,-0.007240168369681554,MSFT,1119,393,1.0
2019-10-08,127.81011199951172,129.7790267900296,127.7630058173658,129.13842871216846,25550500,-0.010574748461022576,MSFT,1118,392,1.0
2019-10-09,130.23121643066406,130.66455876545945,129.03478851759584,129.49640605880475,19749900,0.018942980279694765,MSFT,1117,391,1.0
2019-10-10,131.04144287109375,131.57841324781248,130.2406806757921,130.4667817882378,17654600,0.006221445692024652,MSFT,1116,390,1.0
2019-10-11,131.58782958984375,132.85962499655602,131.41826453550487,132.00234111128458,25446000,0.004169571906251779,MSFT,1115,389,1.0
2019-10-14,131.46536254882812,132.16248245077912,131.43710170819725,131.59725126336954,13304300,-0.0009306866858230789,MSFT,1112,386,1.0
2019-10-15,133.36831665039062,133.5755579861914,131.71027096567093,131.94578751181507,19695700,0.014474946591773952,MSFT,1111,385,1.0
2019-10-16,132.27548217773438,132.82188214829026,131.446459550024,132.63345746033028,20751600,-0.0081941086166738,MSFT,1110,384,1.0
2019-10-17,131.5972137451172,133.22698404761675,130.9660311929906,132.78421183757777,21460600,-0.005127695786478537,MSFT,1109,383,1.0
2019-10-18,129.44931030273438,131.88925812815606,128.64854834275522,131.6631570821554,32273500,-0.01632180029694974,MSFT,1108,382,1.0
2019-10-21,130.41021728515625,130.4761688191154,129.07248500490974,130.4290626341145,20078200,0.007423036709694797,MSFT,1105,379,1.0
2019-10-22,128.46949768066406,131.8986163276524,128.36586987643713,130.9188743034195,27431000,-0.014881653024537145,MSFT,1104,378,1.0
2019-10-23,129.28916931152344,129.48699516187958,127.75359681926605,128.95002490755215,29844600,0.006380282056498876,MSFT,1103,377,1.0
2019-10-24,131.832763671875,132.28495148242374,130.63633541553193,131.31462431875073,37029300,0.019673684763359844,MSFT,1102,376,1.0
2019-10-25,132.57696533203125,132.9632159036771,131.13560527178078,131.26749395785637,25959700,0.0056450433065982075,MSFT,1101,375,1.0
2019-10-28,135.83651733398438,137.23077117887058,135.19590489187667,136.03434317103782,35280100,0.024586111122620435,MSFT,1098,372,1.0
2019-10-29,134.55531311035156,136.1285618930684,134.38573372445262,135.73289582568952,20589500,-0.009431957243740907,MSFT,1097,371,1.0
2019-10-30,136.23219299316406,136.5995982341125,134.51762561887838,135.20534429087087,18496600,0.012462383268635913,MSFT,1096,370,1.0
2019-10-31,135.06402587890625,136.53364684424642,134.70605049939348,136.5053860083583,24605100,-0.008574824265777048,MSFT,1095,369,1.0
2019-11-01,135.3937530517578,136.05319650529455,134.68720341408505,135.90246246597496,33128400,0.002441265693850836,MSFT,1094,368,1.0
2019-11-04,136.17567443847656,136.59960136084538,135.80826918911828,136.43945182905225,16912000,0.005775165907542679,MSFT,1091,365,1.0
2019-11-05,136.09088134765625,136.61843608778935,135.57274209402962,136.5713299056799,18250200,-0.0006226742857706746,MSFT,1090,364,1.0
2019-11-06,135.71405029296875,136.14740705653168,134.9038728109251,136.00608850600966,16575800,-0.0027689662301829676,MSFT,1089,363,1.0
2019-11-07,135.90249633789062,136.48658729213378,135.4408929927609,135.50683016715396,17786700,0.0013885522133858519,MSFT,1088,362,1.0
2019-11-08,137.50396728515625,137.5322281167354,135.43141047077083,135.63866615220937,16732700,0.01178397005514853,MSFT,1087,361,1.0
2019-11-11,137.6453094482422,137.93734770505276,136.34525333749465,136.91991436291875,14362600,0.0010279133458950263,MSFT,1084,358,1.0
2019-11-12,138.54969787597656,139.02073102677576,137.59820171149596,137.8054574478309,18641600,0.006570426782864347,MSFT,1083,357,1.0
2019-11-13,138.7757568359375,138.91707537779078,137.80542988932166,138.23878662630173,16919200,0.001631609187363825,MSFT,1082,356,1.0
2019-11-14,139.4822540283203,139.81198279400337,138.48366662338225,138.50251196350825,19729800,0.005090926603398271,MSFT,1081,355,1.0
2019-11-15,141.28163146972656,141.30047681363962,139.68012223197073,140.30187483324576,23485700,0.012900404097577312,MSFT,1080,354,1.0
2019-11-18,141.6302032470703,141.82804343792287,140.34899287356916,141.3758557692715,21534000,0.0024672122887994252,MSFT,1077,351,1.0
2019-11-19,141.6772918701172,142.5628361269842,141.4982970469481,142.13890934172244,23935700,0.0003324758559071217,MSFT,1076,350,1.0
2019-11-20,141.4315643310547,142.58479709913956,140.33505998777505,142.0838041911342,25696800,-0.0017344172507741673,MSFT,1075,349,1.0
2019-11-21,141.29925537109375,141.60174933629176,140.3728928441606,141.22363187979425,18576100,-0.0009354981017620778,MSFT,1074,348,1.0
2019-11-22,141.40322875976562,142.07437819649104,140.6753797370488,141.8569696847513,15901800,0.0007358381924860158,MSFT,1073,347,1.0
2019-11-25,142.95346069335938,143.06690312574474,141.7151568529082,141.79078033326374,22420900,0.010963200396417294,MSFT,1070,344,1.0
2019-11-26,143.7096710205078,144.07832644663813,143.03853611781818,143.07634064349944,24620100,0.005289905704140674,MSFT,1069,343,1.0
2019-11-27,143.98379516601562,144.15393715206415,143.22757490605133,143.99324269067327,15184400,0.0019074857214633756,MSFT,1068,342,1.0
2019-11-29,143.09524536132812,143.9648936601184,143.00071241471292,143.77584219059054,11977300,-0.006171179219598866,MSFT,1066,340,1.0
2019-12-02,141.36538696289062,143.5206053054718,140.2027067994801,143.50169583265574,27418400,-0.012088860074067842,MSFT,1063,337,1.0
2019-12-03,141.1385498046875,141.25197782089813,138.62412300484814,139.4181623894377,24066000,-0.0016046159747906685,MSFT,1062,336,1.0
2019-12-04,141.64895629882812,141.96088323676742,141.03452109910205,141.92307871885663,17574700,0.003616350705366811,MSFT,1061,335,1.0
2019-12-05,141.72457885742188,142.09324866665452,141.29920947776307,141.83802126937863,17869100,0.0005338730377526524,MSFT,1060,334,1.0
2019-12-06,143.44496154785156,143.5583895213006,142.04596365508172,142.72656034317507,16403500,0.01213891552403501,MSFT,1059,333,1.0
2019-12-09,143.07632446289062,143.87981117385542,142.6509550844922,142.80220201751874,16687400,-0.0025698852088155144,MSFT,1056,330,1.0
2019-12-10,142.8589630126953,143.5773645453765,142.50920256203605,143.01019557177662,16476100,-0.0015191992875920324,MSFT,1055,329,1.0
2019-12-11,143.397705078125,143.5583995262769,142.10268754532999,143.24645815385242,18856600,0.0037711464094962732,MSFT,1054,328,1.0
2019-12-12,144.8534393310547,145.0424907847881,142.7549350201009,143.35044637817603,24612100,0.010151726292527474,MSFT,1053,327,1.0
2019-12-13,146.07284545898438,146.4131438731203,144.4658863347823,144.62658080483226,23845400,0.008418206247369886,MSFT,1052,326,1.0
2019-12-16,147.01809692382812,147.36784281482633,146.34696213711803,146.6210845661192,24144200,0.006471096403124266,MSFT,1049,323,1.0
2019-12-17,146.22410583496094,147.18828716752594,145.99723539679744,146.94250725358953,25425600,-0.005400635061128312,MSFT,1048,322,1.0
2019-12-18,145.9215850830078,146.97083722804186,145.74198115545315,145.85542356552523,24129200,-0.002068884266555715,MSFT,1047,321,1.0
2019-12-19,147.18829345703125,147.2450074630696,145.33555419211962,145.57187216641574,24958900,0.008680747082776552,MSFT,1046,320,1.0
2019-12-20,148.79525756835938,149.8161529808964,147.73654320144786,148.7385435605026,53477500,0.010917744024236953,MSFT,1045,319,1.0
2019-12-23,148.79525756835938,149.46639255960463,148.66292007545854,149.46639255960463,17718200,0.0,MSFT,1042,316,1.0
2019-12-24,148.766845703125,149.0787870550065,148.52106586144282,148.8613642067954,8989200,-0.0001909460402077512,MSFT,1041,315,1.0
2019-12-26,149.9862823486328,150.0429963517041,148.7857830633774,148.93703002070328,14520600,0.008196965121793909,MSFT,1039,313,1.0
2019-12-27,150.26040649414062,150.81811337522475,149.5609001937233,150.7235804290026,18412800,0.0018276614448689,MSFT,1038,312,1.0
2019-12-30,148.96539306640625,150.3171393638337,148.15245866742518,150.28878236114747,16348400,-0.00861846083043094,MSFT,1035,309,1.0
2019-12-31,149.06932067871094,149.13549661064357,147.88773124019278,148.19022505982903,18369400,0.0006976627937895774,MSFT,1034,308,1.0
2020-01-02,151.82952880859375,151.93350926772743,149.66486306224806,150.09023242281285,22622100,0.01851627227732444,MSFT,1032,306,1.0
2020-01-03,149.93898010253906,151.196193090949,149.40963030188232,149.6554101548303,21116200,-0.01245178537330538,MSFT,1031,305,1.0
2020-01-06,150.32656860351562,150.3927445508696,147.94447970171677,148.48329153461876,20813700,0.002584974905868398,MSFT,1028,302,1.0
2020-01-07,148.95591735839844,150.9315317648506,148.7101519070475,150.60069532153608,21634100,-0.009117824333050972,MSFT,1027,301,1.0
2020-01-08,151.32852172851562,151.99967088764276,149.30564115169364,150.23200324889638,27746500,0.015928231735893528,MSFT,1026,300,1.0
2020-01-09,153.2191162109375,153.34200617143892,152.21713032172246,152.9827982399451,21385000,0.012493312303767823,MSFT,1025,299,1.0
2020-01-10,152.5101318359375,154.2872472384287,152.35888490302304,153.909144329844,20725900,-0.0046272579592741,MSFT,1024,298,1.0
2020-01-13,154.34397888183594,154.3723358820374,152.43452580062083,152.9071617022491,21626500,0.012024427648329672,MSFT,1021,295,1.0
2020-01-14,153.2569122314453,154.6464628468558,152.86934735532085,154.44794943449625,23477400,-0.007043142584932771,MSFT,1020,294,1.0
2020-01-15,154.24948120117188,154.9678971670826,153.67287911610023,153.7201311781048,21417900,0.006476503769223818,MSFT,1019,293,1.0
2020-01-16,157.07583618164062,157.14201214066856,155.05295481159047,155.35544875508083,23865400,0.018323270577374817,MSFT,1018,292,1.0
2020-01-17,157.95492553710938,158.30467149192543,156.37630891838617,158.25740501659007,34371700,0.0055965919191554026,MSFT,1017,291,1.0
2020-01-21,157.38775634765625,158.98526801417273,157.32158039758605,157.55789835006,29517200,-0.003590702775013388,MSFT,1013,287,1.0
2020-01-22,156.63150024414062,158.3235444747058,156.61259077362428,158.23845906923225,24138800,-0.004805050412213241,MSFT,1012,286,1.0
2020-01-23,157.59568786621094,157.6713113277231,156.22504688259176,157.09469505443082,19680800,0.00615577084154495,MSFT,1011,285,1.0
2020-01-24,156.0076141357422,158.36134554616424,155.44990736909463,158.34243607605939,24918100,-0.010076885681142067,MSFT,1010,284,1.0
2020-01-27,153.39866638183594,154.43847085903872,151.4324998218429,152.33050491195482,32078100,-0.016723207827767927,MSFT,1007,281,1.0
2020-01-28,156.4046630859375,156.68823305925625,154.1454642817214,154.81659911684454,24899900,0.01959597677739322,MSFT,1006,280,1.0
2020-01-29,158.843505859375,159.5146553483084,156.6221252391188,158.65445433777757,34754500,0.01559315895906166,MSFT,1005,279,1.0
2020-01-30,163.3240509033203,164.52455005778435,161.44295493874296,164.52455005778435,51597500,0.028207291319243266,MSFT,1004,278,1.0
2020-01-31,160.9136505126953,162.964889047235,160.29922947457416,162.78529948092563,36142700,-0.014758392149187172,MSFT,1003,277,1.0
2020-02-03,164.83653259277344,164.94996061485972,161.07433972491364,161.1026967304352,30107000,0.024378802342618133,MSFT,1000,274,1.0
2020-02-04,170.2623748779297,170.75392031861364,166.66089114380435,167.44546857406942,36433300,0.0329165033977068,MSFT,999,273,-1.0
2020-02-05,170.05441284179688,174.11908498739666,168.64596691048436,173.95839049164914,39186300,-0.0012214209761958195,MSFT,998,272,-1.0
2020-02-06,173.5802764892578,173.75988045068001,170.20564902136644,171.0658498767549,27751400,0.020733738034431903,MSFT,997,271,-1.0
2020-02-07,173.82601928710938,175.47079730341426,172.49318267512277,172.8429430262262,33529100,0.0014157299597732376,MSFT,996,270,-1.0
2020-02-10,178.37278747558594,178.50512495189932,173.22105900121804,173.53300042903595,35844300,0.026157005764290364,MSFT,993,267,-1.0
2020-02-11,174.3459014892578,180.2632966918459,173.4573438505691,180.21603022567515,53159900,-0.022575674481060015,MSFT,992,266,-1.0
2020-02-12,174.60116577148438,175.6787750789202,171.89768776529226,175.42354764661337,47062900,0.0014641255116758511,MSFT,991,265,-1.0
2020-02-13,173.65591430664062,176.03798920849107,172.861874915652,173.06038836932544,35295800,-0.005413775221185468,MSFT,990,264,-1.0
2020-02-14,175.20611572265625,175.26282971697995,172.65387058847747,173.22103937911754,23149500,0.00892685643449087,MSFT,989,263,-1.0
2020-02-18,176.98321533203125,177.42749418236605,175.34789933909548,175.45187980244407,27792200,0.010142908551137975,MSFT,985,259,-1.0
2020-02-19,177.51405334472656,178.36711595467847,176.7462941031497,178.25337813017842,29997500,0.0029993692435716923,MSFT,984,258,-1.0
2020-02-20,174.80319213867188,177.48562006806304,171.6563251140853,177.20126104182248,36862400,-0.015271248416542482,MSFT,983,257,-1.0
2020-02-21,169.2771759033203,173.93114068656777,168.00705551331956,173.61834725384844,48572600,-0.03161278788872324,MSFT,982,256,-1.0
2020-02-24,161.97872924804688,165.44787749750017,154.7181659403322,159.0214301307952,68311100,-0.04311536163293406,MSFT,979,253,-1.0
2020-02-25,159.3057861328125,165.72274558384058,158.9076748317135,165.11611976454265,68073300,-0.0165018155633333,MSFT,978,252,-1.0
2020-02-26,161.2962646484375,164.22512915124068,159.43847946980046,160.86026003967774,56206100,0.012494703199076085,MSFT,977,251,-1.0
2020-02-27,149.93145751953125,158.31996665846233,149.74188971489195,154.80343832364952,93174900,-0.07045920842418185,MSFT,976,250,1.0
2020-02-28,153.56175231933594,155.17311496563838,144.07374325016832,144.46236668665765,97012700,0.0242130294726961,MSFT,975,249,-1.0
2020-03-02,163.7796173095703,163.90284290585905,153.8461156233935,156.68967642563902,71030800,0.06653912732765677,MSFT,972,246,-1.0
2020-03-03,155.931396484375,165.8743863348176,153.79872580292735,164.7369648639986,71677000,-0.04791939897112407,MSFT,971,245,-1.0
2020-03-04,161.6564483642578,161.79862063132381,156.98352219099715,159.70387209335476,49814400,0.036715196611841305,MSFT,970,244,-1.0
2020-03-05,157.59967041015625,161.9597896282365,157.0499134181391,157.39114139721516,47817300,-0.025095058039135476,MSFT,969,243,-1.0
2020-03-06,153.14474487304688,154.60443335618072,147.86519228321035,154.1305064578371,72821100,-0.02826735313287998,MSFT,968,242,-1.0
2020-03-09,142.76568603515625,149.52388595235027,142.17802150778155,143.1258749845001,70419300,-0.0677728696893557,MSFT,965,239,-1.0
2020-03-10,152.5286407470703,152.6329052497374,144.62354306046413,149.91256931165373,65354400,0.06838446256273323,MSFT,964,238,-1.0
2020-03-11,145.6187744140625,149.4765316073589,143.268086730117,148.9362624974482,56371600,-0.04530209080185832,MSFT,963,237,-1.0
2020-03-12,131.80848693847656,145.46705743198055,131.35352137185342,137.72309715695567,93226400,-0.0948386465354859,MSFT,962,236,1.0
2020-03-13,150.54759216308594,153.46698304753858,133.3914358600728,139.80840891555962,92727400,0.14216918545887047,MSFT,961,235,-1.0
2020-03-16,128.3583526611328,141.56196287538836,127.9602558230332,132.6995245572196,87905900,-0.1473901985620325,MSFT,958,232,1.0
2020-03-17,138.92694091796875,139.8084380256042,127.96026531156994,132.69953439718364,81059800,0.08233658377290887,MSFT,957,231,-1.0
2020-03-18,133.07867431640625,138.38666164416284,127.97923045511283,130.80383086914023,81593200,-0.04209598629984723,MSFT,956,230,1.0
2020-03-19,135.26820373535156,142.3202228977112,131.7516602526152,135.32507264150863,85922700,0.016452894727065903,MSFT,955,229,1.0
2020-03-20,130.18771362304688,139.4292873501573,128.77540638008531,138.38664247775617,84866200,-0.03755864254872876,MSFT,954,228,1.0
2020-03-23,128.8891143798828,133.23977291994353,125.6095493819508,129.86540232404437,78975200,-0.009974821794045075,MSFT,951,225,1.0
2020-03-24,140.6046142578125,141.79891917510017,133.90329612577463,136.25396924994934,82516700,0.09089596072015738,MSFT,950,224,1.0
2020-03-25,139.25865173339844,146.28225050950442,136.9079788119045,141.14488563874747,75638200,-0.009572676768246802,MSFT,949,223,1.0
2020-03-26,147.9694366455078,148.4907590553709,140.63304405067825,140.66147850366175,64568100,0.06255112198548063,MSFT,948,222,1.0
2020-03-27,141.89369201660156,146.8130548956865,141.4197651798974,143.83679493970843,57042300,-0.041060808006331606,MSFT,947,221,1.0
2020-03-30,151.87457275390625,152.22528840805572,142.18750815722464,144.4907998422536,63420300,0.07034055281426421,MSFT,944,218,1.0
2020-03-31,149.48602294921875,156.1873415159035,148.39598244665945,151.08788365564143,77927200,-0.015727121145933,MSFT,943,217,1.0
2020-04-01,144.17800903320312,149.52390266074318,142.95528427536644,145.02159814322476,57969900,-0.035508429559456434,MSFT,942,216,1.0
2020-04-02,147.16378784179688,147.37231685193453,142.51930962640844,143.94109044292765,49630700,0.02070897516629011,MSFT,941,215,1.0
2020-04-03,145.80833435058594,149.17321783075897,144.25385488302902,147.01211258227983,41243300,-0.009210509671496503,MSFT,940,214,1.0
2020-04-06,156.65179443359375,157.81765050477165,149.36279672981783,151.95992123012604,67111700,0.07436790311955321,MSFT,937,211,1.0
2020-04-07,154.96461486816406,161.13513757689245,154.74659809212773,160.74651406806288,62769000,-0.010770253679697861,MSFT,936,210,1.0
2020-04-08,156.5190887451172,157.9787771039358,154.97408255990595,157.0309233879731,48318200,0.010031153746134835,MSFT,935,209,1.0
2020-04-09,156.52854919433594,158.64225875732106,154.81293642372253,157.6849317896961,51385100,6.0442782376268767e-05,MSFT,934,208,1.0
2020-04-13,156.8792266845703,156.93611004324742,153.83662506623762,155.77972762278742,41905300,0.002240342046478716,MSFT,930,204,1.0
2020-04-14,164.64218139648438,164.6895769731253,159.23941831070533,160.18727199112618,52874300,0.049483637037060824,MSFT,929,203,1.0
2020-04-15,162.91708374023438,164.51895866137778,160.41475077875486,162.27253576214963,40940800,-0.010477859571695669,MSFT,928,202,1.0
2020-04-16,167.8080291748047,168.0355192918761,163.88391504970426,165.21091903796932,50479600,0.030021071592275517,MSFT,927,201,1.0
2020-04-17,169.28663635253906,170.6136254317699,166.69898595339458,170.1396986944594,52765600,0.008811301729752863,MSFT,926,200,1.0
2020-04-20,165.93121337890625,169.42879472823037,165.86487116192,167.41935015460905,36669600,-0.01982095601831879,MSFT,923,197,1.0
2020-04-21,159.06878662109375,164.613721103294,157.447950718237,164.4525877384879,56203700,-0.04135705765100417,MSFT,922,196,1.0
2020-04-22,164.47158813476562,164.926553888929,161.9123858808334,162.45265500207105,34620200,0.03396518970463691,MSFT,921,195,1.0
2020-04-23,162.48106384277344,165.93125039938644,161.99766370912621,165.0307923638797,32790800,-0.012102541931808819,MSFT,920,194,1.0
2020-04-24,165.44784545898438,165.4573187880793,161.80809117902592,163.087684835539,34277600,0.018259245391707868,MSFT,919,193,1.0
2020-04-27,164.97393798828125,167.67531233267164,164.26304771926806,167.3814800022421,33194400,-0.0028643919138893192,MSFT,916,190,1.0
2020-04-28,160.9550018310547,166.50942396479073,160.55690509338584,166.4335939486019,34392700,-0.024361036696063154,MSFT,915,189,1.0
2020-04-29,168.17767333984375,168.41463676243595,162.9170969287767,164.18721740272696,51286600,0.044873855590833234,MSFT,914,188,1.0
2020-04-30,169.8648681640625,170.99280191954153,167.0402537209176,170.613666224283,53875900,0.01003221646912289,MSFT,913,187,1.0
2020-05-01,165.46681213378906,169.32456881719065,164.93600196160241,166.63266802790082,39370500,-0.025891498800243995,MSFT,912,186,1.0
2020-05-04,169.51412963867188,169.66578968159777,164.7369539912882,165.3909752711956,30372900,0.02445999564922019,MSFT,909,183,1.0
2020-05-05,171.3340606689453,174.07335778006862,170.51890576062996,171.20136170541036,36839200,0.010736161251883258,MSFT,908,182,1.0
2020-05-06,173.0211944580078,174.59463494769062,172.15865865064302,172.58518988955504,32139300,0.009847042569792519,MSFT,907,181,1.0
2020-05-07,174.02593994140625,174.92639803706723,173.05912514642642,174.56620901356314,28316000,0.00580706592938407,MSFT,906,180,1.0
2020-05-08,175.04965209960938,175.35297229126738,173.79849246677702,175.33401116351305,30877800,0.005882526240328367,MSFT,905,179,1.0
2020-05-11,177.002197265625,177.7320341687052,173.3150471152791,173.59939164214202,30892700,0.011154236198678946,MSFT,902,176,1.0
2020-05-12,172.9927978515625,177.28657455794107,172.7937566459724,177.0590988944095,32038200,-0.022651692894216646,MSFT,901,175,1.0
2020-05-13,170.376708984375,174.45248294032083,167.3340921291514,173.0307023368351,44711500,-0.015122530531197276,MSFT,900,174,1.0
2020-05-14,171.11599731445312,171.26765735101736,166.5189018898924,168.28191004143457,41873900,0.0043391396305578755,MSFT,899,173,1.0
2020-05-15,173.60887145996094,177.30549477035595,167.77008972494357,169.7226658562342,46610400,0.014568328996889424,MSFT,898,172,1.0
2020-05-18,175.26763916015625,176.49036412535662,174.36718099656215,176.06383283345417,35264500,0.009554625211522394,MSFT,895,169,1.0
2020-05-19,174.0543975830078,176.86952452057,173.92169862979046,175.3813871151814,26799100,-0.006922222396342104,MSFT,894,168,1.0
2020-05-20,176.46864318847656,176.64923929090085,174.83379305536764,175.66071783659345,31261300,0.013870638369348764,MSFT,893,167,1.0
2020-05-21,174.3490447998047,177.428649474258,174.21597626776312,176.22151846713524,29119500,-0.012011189922325416,MSFT,892,166,1.0
2020-05-22,174.425048828125,175.3280292137114,173.50306901585824,174.12089846406892,20826900,0.00043593028231136977,MSFT,891,165,1.0
2020-05-26,172.58111572265625,177.26704182371978,172.13438260711965,177.11495937941368,36073600,-0.010571492557159723,MSFT,887,161,1.0
2020-05-27,172.80917358398438,172.98026990888053,167.85711192719066,171.27887888797957,39517100,0.0013214531634770932,MSFT,886,160,1.0
2020-05-28,172.41949462890625,175.03335144358766,171.45000181643846,171.79218001595007,33810200,-0.0022549668342042306,MSFT,885,159,1.0
2020-05-29,174.17791748046875,175.14742482016004,171.47851967536127,173.68365684604478,42130400,0.01019851528591409,MSFT,884,158,1.0
2020-06-01,173.77871704101562,173.94029918509904,172.47654567180405,173.50306582205417,22622400,-0.002291911886579401,MSFT,881,155,1.0
2020-06-02,175.7557373046875,175.84127822950188,172.3719831360549,175.12840818262552,30794600,0.011376653581838037,MSFT,880,154,1.0
2020-06-03,176.1834716796875,176.7347596373877,174.49159444895008,175.67021158300358,27311000,0.002433686555896042,MSFT,879,153,1.0
2020-06-04,173.86427307128906,176.63971241141127,173.2749717295189,175.1759587709763,28761800,-0.013163542449741716,MSFT,878,152,1.0
2020-06-05,177.932373046875,178.43613342107156,172.99930966240385,173.57911125390655,39893600,0.02339813639526689,MSFT,877,151,1.0
2020-06-08,179.03497314453125,179.21556924712382,175.309040013136,176.73478039775375,33211600,0.006196736876913134,MSFT,874,148,1.0
2020-06-09,180.4036865234375,181.25912495422665,177.98942467972202,178.69279515847796,29783900,0.007644949781969723,MSFT,873,147,1.0
2020-06-10,187.09510803222656,188.6919444062421,181.55373004654078,181.66779911114176,43872300,0.037091378994185575,MSFT,872,146,1.0
2020-06-11,177.04844665527344,186.0686216229626,176.85835083624784,183.56883332118247,52854700,-0.05369815107737941,MSFT,871,145,1.0
2020-06-12,178.44564819335938,182.22860811999774,176.01237274212465,181.1070182904642,43373600,0.007891633982004986,MSFT,870,144,1.0
2020-06-15,179.5862579345703,181.37319049220972,174.90031707971195,175.44210537773787,32770200,0.006391916825984945,MSFT,867,141,1.0
2020-06-16,183.9870147705078,185.89750128714283,181.98147311232987,183.34067171544817,42556700,0.024504975417110497,MSFT,866,140,1.0
2020-06-17,184.62384033203125,186.60086831332674,184.1010660695818,185.37472372472914,25687800,0.0034612527537216664,MSFT,865,139,1.0
2020-06-18,186.60089111328125,186.76247326807626,184.39573922892131,184.39573922892131,23061600,0.010708534594960462,MSFT,864,138,1.0
2020-06-19,185.48880004882812,189.423842544377,184.74741628179572,188.7584999974735,44441100,-0.005959730726998513,MSFT,863,137,1.0
2020-06-22,190.6405029296875,190.8210845257473,185.56485622646053,186.0971303068874,32818900,0.02777366007814619,MSFT,860,134,1.0
2020-06-23,191.9141082763672,193.85310825307525,191.45786104377248,192.08519011105747,30917400,0.006680665058617752,MSFT,859,133,1.0
2020-06-24,188.04562377929688,193.18779690970953,186.82899330343227,191.61948849260602,36740600,-0.020157374211902557,MSFT,858,132,1.0
2020-06-25,190.42189025878906,190.67852759970847,185.79299092407084,188.00764282127645,27803900,0.012636648658631566,MSFT,857,131,1.0
2020-06-26,186.61036682128906,189.9941209296588,185.23215432254898,189.8420385082229,54675800,-0.02001620418912986,MSFT,856,130,1.0
2020-06-29,188.61595153808594,188.70149248092682,183.96803843310832,186.0876350915484,26701600,0.010747445337361938,MSFT,853,127,1.0
2020-06-30,193.43495178222656,194.28089052562854,187.95061402599853,188.08368255293655,34310300,0.025549271972193477,MSFT,852,126,1.0
2020-07-01,194.5660400390625,196.13436320543227,191.78110070946224,193.0832723205904,32061200,0.0058473830422816064,MSFT,851,125,1.0
2020-07-02,196.04879760742188,197.72167556493906,194.85118093605638,195.49750959900197,29315800,0.007620844665706672,MSFT,850,124,1.0
2020-07-06,200.26898193359375,200.6777016892989,197.78819326414938,198.49156369076422,31897600,0.021526193364483692,MSFT,846,120,1.0
2020-07-07,197.9403076171875,204.04247526406778,197.69318448315684,200.03139079938165,33600700,-0.01162773333105771,MSFT,845,119,1.0
2020-07-08,202.29354858398438,202.70225385814945,198.35850577769656,199.67019154758614,33600000,0.021992695773798365,MSFT,844,118,1.0
2020-07-09,203.7097930908203,205.6678075649142,201.00088055902637,205.62027998475654,33121700,0.00700093758179321,MSFT,843,117,1.0
2020-07-10,203.09194946289062,203.48165528840798,200.63017471738777,203.04442188603093,26177600,-0.003032959871763441,MSFT,842,116,1.0
2020-07-13,196.81871032714844,205.1165151249502,196.2769220311056,203.86185665203897,38135600,-0.03088866472714835,MSFT,839,113,1.0
2020-07-14,198.03529357910156,198.5105402500345,192.02816869688823,195.9251971998892,37591800,0.006181237799653072,MSFT,838,112,1.0
2020-07-15,197.74066162109375,200.867793362139,194.87968140351137,199.1854158039586,32179400,-0.0014877749954713693,MSFT,837,111,1.0
2020-07-16,193.82464599609375,195.51652338118896,192.2943507766109,195.23137241106915,29940700,-0.019803795501118437,MSFT,836,110,1.0
2020-07-17,192.8361358642578,194.88919090755047,191.4198952550157,194.3474171263726,31635300,-0.005100022893145706,MSFT,835,109,1.0
2020-07-20,201.12445068359375,201.78979330001377,192.959699672657,194.85118714961936,36884800,0.04298112893721484,MSFT,832,106,1.0
2020-07-21,198.41551208496094,203.34857552033253,197.73115562552331,203.08243850870448,37990400,-0.01346896704714673,MSFT,831,105,1.0
2020-07-22,201.2670135498047,201.78978791424657,198.07335457284609,198.8432520443965,49605700,0.014371363583824737,MSFT,830,104,1.0
2020-07-23,192.51295471191406,200.47809519758303,192.14226281240857,196.93275836350443,67457000,-0.043494751988876645,MSFT,829,103,1.0
2020-07-24,191.33436584472656,192.81713354998143,187.7319869550339,190.4979268301186,39827000,-0.0061221275677327824,MSFT,828,102,1.0
2020-07-27,193.75808715820312,193.8721417261621,190.91610664507132,191.4959082044936,30160900,0.0126674646385454,MSFT,825,99,1.0
2020-07-28,192.0186767578125,194.56599205550995,191.75253977158675,193.52995775174696,23251400,-0.008977227355523976,MSFT,824,98,1.0
2020-07-29,193.95767211914062,194.51845971898967,192.00915783651203,192.4749048026826,19632600,0.010097951897531932,MSFT,823,97,1.0
2020-07-30,193.8055877685547,194.33787622603205,189.68996433654067,191.04916286194725,25079600,-0.0007841110327025946,MSFT,822,96,1.0
2020-07-31,194.86065673828125,194.94621217125055,189.15769604486636,194.28085515431556,51044000,0.0054439553672029906,MSFT,821,95,1.0
2020-08-03,205.81985473632812,206.86540338070947,200.02185312701084,201.0483878405726,78983000,0.05624120426098256,MSFT,818,92,1.0
2020-08-04,202.7307586669922,204.1374995340673,199.89829200805272,203.56719761461736,49280100,-0.01500873700106975,MSFT,817,91,1.0
2020-08-05,202.39810180664062,204.35611622762954,201.09593026524874,204.2610610698923,28806400,-0.0016408800644700516,MSFT,816,90,1.0
2020-08-06,205.63931274414062,205.65831217523817,201.07694019555387,201.82782381861747,32656800,0.01601403821759395,MSFT,815,89,1.0
2020-08-07,201.96087646484375,205.02146702314252,200.48760848126565,204.21355616358002,27820400,-0.017887806714631638,MSFT,814,88,1.0
2020-08-10,197.9403076171875,201.39060429500645,196.13437543787947,201.19099424197142,36716500,-0.019907661909736918,MSFT,811,85,1.0
2020-08-11,193.3114013671875,197.3699987722324,193.08327767210696,196.90426617025983,36446500,-0.023385364536020692,MSFT,810,84,1.0
2020-08-12,198.833740234375,199.86977468236574,194.61354671761342,195.12680683296387,28013100,0.028567062408792143,MSFT,809,83,1.0
2020-08-13,198.36798095703125,200.88679731225912,197.8452066566346,199.07135133423577,22588900,-0.0023424559473393947,MSFT,808,82,1.0
2020-08-14,198.55810546875,199.21394836744497,197.23691995666195,198.42503694607137,17958900,0.0009584435492133725,MSFT,807,81,1.0
2020-08-17,199.86978149414062,200.73473410095306,198.577109692729,199.22345284512505,20184800,0.0066060059461892084,MSFT,804,78,1.0
2020-08-18,201.01988220214844,201.84680693348818,198.85275811055578,200.10740203040297,21336200,0.005754250089283985,MSFT,803,77,1.0
2020-08-19,199.80026245117188,202.0869694902149,199.37150942461267,201.50576642003222,27627600,-0.006067159813326839,MSFT,802,76,1.0
2020-08-20,204.44992065429688,204.85009118082817,199.04759673846627,199.64784525904383,26981500,0.023271532009430107,MSFT,801,75,1.0
2020-08-21,202.96360778808594,206.0411196313536,202.8016350109078,203.76394899476904,36249300,-0.007269813856881524,MSFT,800,74,1.0
2020-08-24,203.60194396972656,205.34555352569097,202.4014178114079,204.65000551578154,25460100,0.003145077034239163,MSFT,797,71,1.0
2020-08-25,206.25070190429688,206.38409208408316,203.0398003733022,203.0398003733022,23043700,0.013009492360073649,MSFT,796,70,1.0
2020-08-26,210.7097625732422,211.60538860405137,207.0986904162652,207.59414589811615,39600800,0.021619614516581676,MSFT,795,69,-1.0
2020-08-27,215.8834228515625,220.2376708942696,209.04237476042434,212.36762114380463,57602200,0.02455349109190874,MSFT,794,68,-1.0
2020-08-28,218.10342407226562,219.75174867918676,215.8834189640669,217.40787607007542,26292900,0.010283333436998277,MSFT,793,67,-1.0
2020-08-31,214.8829803466797,217.90332645550527,213.7205740160353,216.28358445756368,28774200,-0.01476567247526972,MSFT,790,64,-1.0
2020-09-01,216.5408477783203,216.7123432061148,213.83490987501472,214.86392605709895,25725500,0.007715210525123473,MSFT,789,63,-1.0
2020-09-02,220.71409606933594,221.86697992483204,216.61710516132678,217.2078311076378,34080800,0.01927233745426138,MSFT,788,62,-1.0
2020-09-03,207.0415496826172,218.4845678117185,204.81202155908042,218.44646255713243,58400300,-0.061946865334888246,MSFT,787,61,-1.0
2020-09-04,204.135498046875,208.0514701428707,195.50321280100798,204.94537631657883,59664100,-0.01403607942558871,MSFT,786,60,1.0
2020-09-08,193.09268188476562,200.11474887844855,192.65439150452016,196.75139686508913,52924300,-0.05409552119922645,MSFT,782,56,1.0
2020-09-09,201.31520080566406,204.6976117097977,196.94189367413148,197.7994142836165,45679000,0.042583275764979556,MSFT,781,55,1.0
2020-09-10,195.67469787597656,204.60236011002283,194.47418635865475,203.32560902386254,35461500,-0.028018266415621773,MSFT,780,54,1.0
2020-09-11,194.39796447753906,198.78080929672177,191.73968373953392,197.41831048120244,33620100,-0.006524775110406611,MSFT,779,53,1.0
2020-09-14,195.712890625,199.32396373854974,194.3980338026608,194.59812639936416,30375800,0.00676409421772961,MSFT,776,50,1.0
2020-09-15,198.92373657226562,199.87652772915487,197.16106711664477,198.58073117424792,21823900,0.01640589915672863,MSFT,775,49,1.0
2020-09-16,195.36984252929688,200.70546463715695,194.97919463994998,200.67688206363792,26328100,-0.017865610732069048,MSFT,774,48,1.0
2020-09-17,193.33087158203125,194.68383338131366,190.52014036683838,190.60588808814126,34011300,-0.010436467168467245,MSFT,773,47,1.0
2020-09-18,190.9298095703125,194.0359033488756,186.98525496432242,193.22603963005503,55225300,-0.01241944440673548,MSFT,772,46,1.0
2020-09-21,192.97830200195312,193.1402892819436,187.109119905432,187.88087836630214,39839700,0.010729034068858834,MSFT,769,43,1.0
2020-09-22,197.62796020507812,198.27586581793489,192.54005839678513,195.37937226358838,33517100,0.024094202067743042,MSFT,768,42,1.0
2020-09-23,191.12037658691406,198.27584755147745,190.58681585985815,198.08527768743798,30803800,-0.03292845613247819,MSFT,767,41,1.0
2020-09-24,193.59764099121094,195.86528863786586,189.79599897271996,190.41532195894766,31202500,0.01296180160659266,MSFT,766,40,1.0
2020-09-25,198.00906372070312,199.17145554804117,192.9783130746284,193.94064144048286,29437300,0.02278655208248348,MSFT,765,39,1.0
2020-09-28,199.55259704589844,202.5348382407548,198.2377404994357,200.9246187398699,32004900,0.007795266015562241,MSFT,762,36,1.0
2020-09-29,197.4754638671875,200.15281887680132,197.0467108108903,199.46680817135086,24221900,-0.010408950870397282,MSFT,761,35,1.0
2020-09-30,200.40054321289062,201.97264262940195,196.78945699327505,197.9232806684825,33829100,0.014812368526301523,MSFT,760,34,1.0
2020-10-01,202.43002319335938,203.8877925550821,201.34384181524362,203.4113969587429,27158400,0.01012711816011791,MSFT,759,33,1.0
2020-10-02,196.45603942871094,201.0294405520852,195.83671636393865,198.1805893463919,33154800,-0.029511352468413965,MSFT,758,32,1.0
2020-10-05,200.44822692871094,200.47680950300756,197.20872797016887,197.4374031029824,21331600,0.02032102200374797,MSFT,755,29,1.0
2020-10-06,196.18923950195312,200.2576474587062,195.15070058306898,198.96186538347163,28554300,-0.021247319031025946,MSFT,754,28,1.0
2020-10-07,199.9241485595703,200.1909288915541,196.96096780077255,197.2849132698332,25681100,0.01903727781961262,MSFT,753,27,1.0
2020-10-08,200.63873291015625,201.2199360086041,198.4854304583913,200.57203056091348,19925800,0.0035742773233471414,MSFT,752,26,1.0
2020-10-09,205.62184143066406,205.66948389253287,201.25805652305527,201.25805652305527,26458000,0.024836224034265664,MSFT,751,25,1.0
2020-10-12,210.94793701171875,213.2918094400436,206.57462949111385,208.4611517383171,40461400,0.025902382470641694,MSFT,748,22,-1.0
2020-10-13,212.33901977539062,214.57808461932888,210.02372990076108,212.20562960629036,28950800,0.006594436444261609,MSFT,747,21,-1.0
2020-10-14,210.43348693847656,213.63486628556396,208.78516206150175,212.47245973737833,23421700,-0.008974011648587799,MSFT,746,20,-1.0
2020-10-15,209.29010009765625,209.9570509713848,205.81240380006528,206.85095716605545,22733100,-0.005433483317959786,MSFT,745,19,-1.0
2020-10-16,209.29010009765625,211.79593084741057,208.96615460733648,209.7569584400469,26057900,0.0,MSFT,744,18,-1.0
2020-10-19,204.10690307617188,211.8054566248075,203.6305075437447,210.01420477058122,27625800,-0.024765610122341464,MSFT,741,15,1.0
2020-10-20,204.51661682128906,207.10820994137202,203.03026493680252,205.612335379117,22753500,0.0020073487909630927,MSFT,740,14,1.0
2020-10-21,204.65953063964844,206.67944311393921,203.05883403594683,203.05883403594683,22724900,0.0006987882969149428,MSFT,739,13,1.0
2020-10-22,204.74530029296875,205.86006425184692,201.70589404020626,203.83061434447285,22351500,0.0004190845794096454,MSFT,738,12,1.0
2020-10-23,206.0220184326172,206.06966089598714,203.09695727371624,204.87867200393134,18879600,0.006235640758647909,MSFT,737,11,1.0
2020-10-26,200.16233825683594,206.12680477931295,198.2758161171347,203.75436445560234,37111600,-0.028442009355896802,MSFT,734,8,1.0
2020-10-27,203.18267822265625,204.53563968121463,200.40053028187518,201.601041693105,36700300,0.015089451852549729,MSFT,733,7,1.0
2020-10-28,193.11167907714844,198.98087531406676,192.55907307330088,197.8661115530297,51195600,-0.04956622894040008,MSFT,732,6,1.0
2020-10-29,195.05543518066406,197.57080361928288,193.76916111634387,194.43612665395665,31432600,0.01006545079409249,MSFT,731,5,1.0
2020-10-30,192.91159057617188,194.6456625970207,190.1961304721257,193.89296412093262,36953700,-0.010990950354736406,MSFT,730,4,1.0
2020-11-02,192.77822875976562,195.58895965178482,190.67255399086878,194.64569121058761,30842200,-0.0006913105428654198,MSFT,727,1,1.0
2020-11-03,196.6846923828125,198.29491193475644,193.5309556454268,194.26460898474699,27512000,0.020264029025367725,MSFT,726,0,1.0
2020-11-04,206.17449951171875,208.01339419763795,202.39191705851812,203.9163888850281,42311800,0.04824883428363602,MSFT,725,1462,1.0
2020-11-05,212.748779296875,213.53959788113988,210.70980634003342,211.55779008053196,36080100,0.03188696856655926,MSFT,724,1461,1.0
2020-11-06,213.15843200683594,213.76821774632472,207.73704817031117,211.76735056508159,25231900,0.001925523198369472,MSFT,723,1460,1.0
2020-11-09,208.08004760742188,217.35070093341986,207.59412938058674,213.84443666623005,44395000,-0.023824459354491734,MSFT,720,1457,1.0
2020-11-10,201.04844665527344,206.27927507697552,199.81935252170467,204.37369285917435,44045100,-0.03379276885506455,MSFT,719,1456,1.0
2020-11-11,206.326904296875,207.74655365341502,202.18225742380903,202.3632900490306,29440800,0.026254655180958597,MSFT,718,1455,1.0
2020-11-12,205.26934814453125,208.76609026899308,204.33561679521472,206.95579271890833,21593900,-0.005125633789484274,MSFT,717,1454,1.0
2020-11-13,206.288818359375,207.15586184430438,204.04976775287432,206.1459054941405,18621100,0.004966499986768236,MSFT,716,1453,1.0
2020-11-16,206.97479248046875,207.4607252129614,204.3927369169169,204.72620505613375,24953300,0.0033253092753613434,MSFT,713,1450,1.0
2020-11-17,204.33558654785156,207.40356052717445,203.9735212760541,205.89816337677536,24154100,-0.01275133991433397,MSFT,712,1449,1.0
2020-11-18,201.6416778564453,205.54879230047052,201.49837627647196,204.0967541671124,28372800,-0.013183747074694607,MSFT,711,1448,1.0
2020-11-19,202.9217987060547,203.50452360075073,200.5431319241308,201.92830793266506,24792700,0.006348493343329098,MSFT,710,1447,1.0
2020-11-20,200.98252868652344,203.75285098407457,200.60996790062518,202.71159322047438,22843100,-0.009556735806094507,MSFT,709,1446,1.0
2020-11-23,200.7150421142578,202.7975575607246,198.8522382569824,201.51747845639179,25683500,-0.0013308946504639874,MSFT,706,1443,1.0
2020-11-24,204.2974090576172,204.6699699133725,199.5209803548547,200.21833486403702,33979700,0.017848024271743812,MSFT,705,1442,1.0
2020-11-25,204.3069305419922,205.66343437093508,202.95998889819435,205.49148995634454,21012900,4.660599671302279e-05,MSFT,704,1441,1.0
2020-11-27,205.6061248779297,206.59963010957043,204.46933263042834,205.2431262455821,14512200,0.006359032131171283,MSFT,702,1439,1.0
2020-11-30,204.49801635742188,205.15715124474664,201.41243305795305,204.52667376224022,33064800,-0.00538947232805298,MSFT,699,1436,1.0
2020-12-01,206.54234313964844,207.60271092943285,203.8102252491727,204.918345666345,30904500,0.009996804950193283,MSFT,698,1435,1.0
2020-12-02,205.73985290527344,205.83538729489786,203.28477651814012,205.27177229501723,23724500,-0.0038853545581809534,MSFT,697,1434,1.0
2020-12-03,204.66036987304688,206.70468025105197,204.09674035237035,205.01382084202208,25120900,-0.005246834859571781,MSFT,696,1433,1.0
2020-12-04,204.77500915527344,205.74940448853005,203.64776463709416,204.6412697625912,24666000,0.0005601440195659446,MSFT,695,1432,1.0
2020-12-07,204.70811462402344,205.90222144794012,203.46625518834955,204.78453920993402,24620000,-0.00032667331587943327,MSFT,692,1429,1.0
2020-12-08,206.35122680664062,207.24919755761567,203.3707405493624,204.40245069453582,23284100,0.008026609915464222,MSFT,691,1428,1.0
2020-12-09,202.32949829101562,205.60612098805632,201.76588327062407,205.53925857408703,32440600,-0.019489724281569365,MSFT,690,1427,1.0
2020-12-10,201.10671997070312,203.55224866960762,200.9538707828964,202.3008269195042,26733300,-0.006043499987103962,MSFT,689,1426,1.0
2020-12-11,203.72422790527344,203.7815572928785,199.75979798803561,200.65776889930476,30979400,0.0130155170098325,MSFT,688,1425,1.0
2020-12-14,204.62216186523438,206.54229514941832,203.36119251919632,203.57135650628612,28798400,0.0044075953517832556,MSFT,685,1422,1.0
2020-12-15,204.55532836914062,205.78764048898248,202.749839007766,205.54881906776095,27000600,-0.0003266190498846244,MSFT,684,1421,1.0
2020-12-16,209.47503662109375,210.26792546149707,205.1189363798678,205.1475937833099,35023300,0.024050746031289094,MSFT,683,1420,1.0
2020-12-17,209.60877990722656,211.01305100787835,208.17585140260252,210.03865554331327,32515800,0.0006384688518983328,MSFT,682,1419,1.0
2020-12-18,208.81585693359375,209.8666768292249,206.3607807432557,208.81585693359375,63354900,-0.003782870994162413,MSFT,681,1418,1.0
2020-12-21,212.63699340820312,213.9839494454833,207.56442979599882,207.82236095933965,37181900,0.018299072353612278,MSFT,678,1415,1.0
2020-12-22,213.92666625976562,215.5411013062933,211.93012279193636,212.7325592225708,22612200,0.006065138670798831,MSFT,677,1414,1.0
2020-12-23,211.13722229003906,213.5636412417296,210.92705829699878,213.1337656474204,18699600,-0.013039253209973456,MSFT,676,1413,1.0
2020-12-24,212.78985595703125,213.6114021119119,211.3091604413567,211.51932442817505,10550600,0.007827296622866298,MSFT,675,1412,1.0
2020-12-28,214.90103149414062,215.92317939460656,213.04777530052024,214.41382656244667,17933500,0.009921410621828164,MSFT,671,1408,1.0
2020-12-29,214.12728881835938,217.02180339074613,213.58278353644175,216.190709476844,17403200,-0.003600460502221181,MSFT,670,1407,1.0
2020-12-30,211.76768493652344,215.54107436358564,211.56708314219108,215.15895141354764,20272300,-0.011019631803387497,MSFT,669,1406,1.0
2020-12-31,212.47463989257812,213.02870733797383,209.85715187326116,211.78683303460437,20942100,0.0033383514404787817,MSFT,668,1405,1.0
2021-01-04,207.9561309814453,213.02869534095603,205.2049037044896,212.57970992905,37130100,-0.021266109279758028,MSFT,664,1401,1.0
2021-01-05,208.15673828125,208.74902529905103,206.0551127566878,207.54535604544097,23823000,0.0009646616277092512,MSFT,663,1400,1.0
2021-01-06,202.7593536376953,206.80976953034184,202.46321745578845,202.68292904615478,35930700,-0.025929425528670835,MSFT,662,1399,1.0
2021-01-07,208.529296875,209.53234971678856,204.15410145154507,204.46933288683374,27694500,0.02845710017213232,MSFT,661,1398,1.0
2021-01-08,209.7998046875,210.71688521543896,207.32561864837888,208.9018339516953,22956200,0.006092706547903282,MSFT,660,1397,1.0
2021-01-11,207.76507568359375,209.12157952096553,207.03904928013995,208.701251514019,23031300,-0.009698431354295156,MSFT,657,1394,1.0
2021-01-12,205.31951904296875,207.392501541839,203.78152328009872,206.81932437348303,23249300,-0.01177077828205042,MSFT,656,1393,1.0
2021-01-13,206.66644287109375,207.0676609956089,204.36420152605578,204.4501882914151,20087100,0.006560135316911131,MSFT,655,1392,1.0
2021-01-14,203.4949493408203,207.73641987769744,203.22747053007149,206.25572423330087,29480800,-0.015345953054660244,MSFT,654,1391,1.0
2021-01-15,203.14146423339844,204.91829592070977,202.5491918631282,203.97257256514928,31746500,-0.0017370706671930858,MSFT,653,1390,1.0
2021-01-19,206.76202392578125,207.2778717519121,203.12238801060246,204.19230325087497,30480900,0.017822849244716332,MSFT,649,1386,1.0
2021-01-20,214.30880737304688,215.6939688321935,207.57403974060497,207.9657104069132,37777300,0.036499852845194525,MSFT,648,1385,1.0
2021-01-21,214.91061401367188,216.18114567833973,212.47463268897792,214.65268280655076,30709400,0.0028081283639334043,MSFT,647,1384,1.0
2021-01-22,215.84677124023438,219.7825576936173,215.703484235591,216.92624859688442,30172700,0.004356030672840294,MSFT,646,1383,1.0
2021-01-25,219.26669311523438,219.5055145049017,214.19412913094075,218.87502253781977,33152100,0.015844211406774722,MSFT,643,1380,1.0
2021-01-26,221.94146728515625,223.70873659737057,219.79207505231525,221.49248196373176,49169600,0.012198725360062612,MSFT,642,1379,1.0
2021-01-27,222.4860076904297,229.68886918924537,219.84942471419154,227.35797002149073,69870600,0.0024535316087361814,MSFT,641,1378,1.0
2021-01-28,228.24639892578125,231.7905151873999,224.5781054386549,225.07485807019364,49111200,0.02589102701400736,MSFT,640,1377,1.0
2021-01-29,221.58807373046875,227.3771026447357,221.00534888002093,225.43787387184437,42503100,-0.02917165495994345,MSFT,639,1376,1.0
2021-02-01,228.93418884277344,231.65675864090633,222.0370256255715,224.54943142500284,33314200,0.03315212316543814,MSFT,636,1373,1.0
2021-02-02,228.80044555664062,231.47524811392537,228.0171189555544,230.51041491917857,25916300,-0.0005841997073868788,MSFT,635,1372,1.0
2021-02-03,232.13438415527344,234.13092741775498,228.56161101991137,228.85776177893771,27158100,0.014571381583291076,MSFT,634,1371,1.0
2021-02-04,231.1886444091797,232.36365609874676,229.62197673292388,231.80958874566235,25296100,-0.004074104530163658,MSFT,633,1370,1.0
2021-02-05,231.37017822265625,232.40188845915685,229.66977095597062,231.39883562562832,18054800,0.0007852194208781693,MSFT,632,1369,1.0
2021-02-08,231.62811279296875,232.78400026698355,230.04233511511973,232.27770003844776,22211900,0.0011148133795544357,MSFT,629,1366,1.0
2021-02-09,232.86996459960938,233.81568797324968,230.58683269861282,231.0549132931618,23565000,0.005361403638213025,MSFT,628,1365,1.0
2021-02-10,231.9624786376953,234.92385553583864,230.11876967307288,234.04499444872175,22186700,-0.003896964400172287,MSFT,627,1364,1.0
2021-02-11,233.5578155517578,234.1882930612906,231.32243584458377,233.8348420023779,15751100,0.006877564524365498,MSFT,626,1363,-1.0
2021-02-12,234.03541564941406,234.331551842112,231.87646094509842,233.0228007069779,16561100,0.0020448902406795533,MSFT,625,1362,-1.0
2021-02-16,232.8031005859375,235.12445220145085,232.05797897515586,234.0736321982964,26728500,-0.005265506761261141,MSFT,621,1358,1.0
2021-02-17,233.8180389404297,233.92336296711304,230.69664036520157,231.06048965921218,21653500,0.004359642770812355,MSFT,620,1357,-1.0
2021-02-18,233.42543029785156,233.5594777102561,230.6200042346453,231.52004312224952,16925600,-0.0016791204149914085,MSFT,619,1356,1.0
2021-02-19,230.725341796875,233.49247502338264,229.96891987453535,233.38715100673053,25262600,-0.011567242256043997,MSFT,618,1355,1.0
2021-02-22,224.5399932861328,227.81459302124637,222.51969763144905,227.32628051507058,36446900,-0.026808275426405515,MSFT,615,1352,1.0
2021-02-23,223.35269165039062,224.84636699354783,219.00569842343597,220.53768137594562,30228700,-0.005287706739303233,MSFT,614,1351,1.0
2021-02-24,224.5782470703125,225.20060685705124,219.2641991471342,220.2312543291621,26339700,0.005487085966441763,MSFT,613,1350,1.0
2021-02-25,219.2547149658203,224.61662756906875,218.19190496714646,222.21334307210185,39542200,-0.023704575905900027,MSFT,612,1349,1.0
2021-02-26,222.50051879882812,225.36339152614113,219.78124846412535,221.68665015677448,37819200,0.014803804030001366,MSFT,611,1348,1.0
2021-03-01,226.86668395996094,227.3741502565887,223.23780465757733,225.8708905631292,25324000,0.019623168452386652,MSFT,608,1345,1.0
2021-03-02,223.9271697998047,227.2113532573463,223.52502757011894,226.93367423037418,22812500,-0.012957011178754807,MSFT,607,1344,1.0
2021-03-03,217.8854522705078,223.64952050590935,217.59820362700248,222.28989251072855,34029500,-0.0269807256292226,MSFT,606,1343,1.0
2021-03-04,217.0907440185547,222.60587139092198,214.7257530035434,217.10032822667858,44727800,-0.0036473671999288637,MSFT,605,1342,1.0
2021-03-05,221.75372314453125,223.35272272073442,216.8322465833186,219.7621508732522,41872800,0.02147940091622713,MSFT,604,1341,1.0
2021-03-08,217.72267150878906,223.44843187162684,217.47373048782126,221.53346048244356,35267400,-0.018178056172319157,MSFT,601,1338,1.0
2021-03-09,223.84104919433594,225.3730324555147,221.82075339106805,222.97931774121983,33080500,0.028101702239584636,MSFT,600,1337,1.0
2021-03-10,222.53884887695312,226.92413561375264,222.17499959610404,226.92413561375264,29746800,-0.005817522398459896,MSFT,599,1336,1.0
2021-03-11,227.04864501953125,229.0019099034682,224.348527663124,224.97090228850325,29907600,0.02026520836850243,MSFT,598,1335,1.0
2021-03-12,225.72731018066406,225.79434120924878,223.31444152290632,224.06127938672344,22653700,-0.0058196112060193705,MSFT,597,1334,1.0
2021-03-15,224.82723999023438,225.19108927209567,221.95478256941098,224.97087162731992,26034900,-0.003987422654836537,MSFT,594,1331,1.0
2021-03-16,227.60398864746094,229.85407183469758,225.90923444714625,226.23477615950077,28092200,0.012350588199842472,MSFT,593,1330,1.0
2021-03-17,226.96243286132812,228.40824580326876,223.31441421643075,226.11027106399007,29562100,-0.0028187370087197072,MSFT,592,1329,1.0
2021-03-18,220.91114807128906,224.23362531391453,220.5377291546,222.67291862130548,34833000,-0.02666205465702043,MSFT,591,1328,1.0
2021-03-19,220.55682373046875,222.58668861860275,219.59933808737588,221.1983373581324,46430700,-0.0016039224091396465,MSFT,590,1327,1.0
2021-03-22,225.95706176757812,226.8283626746955,220.35576442572489,220.48024224534427,30127000,0.024484565681398784,MSFT,587,1324,1.0
2021-03-23,227.47947692871094,230.8019538061581,226.99116443288878,227.39330671357888,31638400,0.006737630367573022,MSFT,586,1323,1.0
2021-03-24,225.4495849609375,227.8815921631546,225.3155375499503,227.73797515497975,25620100,-0.0089234070483184,MSFT,585,1322,1.0
2021-03-25,222.46231079101562,226.86675257275968,221.72505703374162,225.29647599676082,34061900,-0.013250297934411681,MSFT,584,1321,1.0
2021-03-26,226.42628479003906,226.64651708890622,221.70588583119698,221.70588583119698,25479900,0.01781863177150611,MSFT,583,1320,1.0
2021-03-29,225.23899841308594,226.73267414603743,222.02184506131502,226.53159566964348,25227500,-0.00524358900316757,MSFT,580,1317,1.0
2021-03-30,221.99305725097656,223.90802858077555,221.27494300230194,223.60162615517325,24792000,-0.014411097478582935,MSFT,579,1316,1.0
2021-03-31,225.74639892578125,228.9348279377608,222.51009270862264,223.0079893443559,43623500,0.016907473239405446,MSFT,578,1315,1.0
2021-04-01,232.04669189453125,232.51585059097783,227.92949998956965,228.33164227655556,30338000,0.027908719690458383,MSFT,577,1314,1.0
2021-04-05,238.48098754882812,239.333149299018,232.38179326413973,232.4392400726803,36910600,0.027728452415177518,MSFT,573,1310,1.0
2021-04-06,237.32244873046875,238.7969705443699,236.38411666707708,237.08307726255737,22931900,-0.004857992371916753,MSFT,572,1309,1.0
2021-04-07,239.27569580078125,240.2619050069019,236.68091746198468,237.2745539833188,22719800,0.008230351071974784,MSFT,571,1308,1.0
2021-04-08,242.4832763671875,243.33543813605917,241.28641912944224,242.02368727871396,23625200,0.013405375567591582,MSFT,570,1307,1.0
2021-04-09,244.97271728515625,245.10676469606997,241.70768760709836,242.119399437022,24326800,0.010266443753420118,MSFT,569,1306,1.0
2021-04-12,245.03018188476562,246.71536615587158,243.79501708514152,243.8812019063308,27148700,0.00023457550802485905,MSFT,566,1303,1.0
2021-04-13,247.50045776367188,248.17070941064398,245.91102806897104,246.32276910818473,23837500,0.010081516733591478,MSFT,565,1302,-1.0
2021-04-14,244.7238006591797,247.82604540903546,244.31208876364178,246.53346291002805,23070900,-0.011218795834080808,MSFT,564,1301,1.0
2021-04-15,248.46762084960938,248.8793328231513,246.77288112260746,246.96436079348183,25627500,0.01529814501223603,MSFT,563,1300,-1.0
2021-04-16,249.65480041503906,249.90375603586548,246.64831065184072,248.43880415204717,24878600,0.004778005123445173,MSFT,562,1299,-1.0
2021-04-19,247.73989868164062,250.36342998370014,246.85902799464517,249.12826495981687,23209300,-0.007670197930161993,MSFT,559,1296,-1.0
2021-04-20,247.28033447265625,249.13785958087593,245.92069154658154,246.85903831078255,19722900,-0.001855027032100831,MSFT,558,1295,-1.0
2021-04-21,249.5016326904297,249.59738711284092,246.3132178871805,247.93137119944473,24030400,0.008982914967785582,MSFT,557,1294,-1.0
2021-04-22,246.2366485595703,250.6506442962717,244.77168176983514,249.14738450102254,25606200,-0.013086023107954592,MSFT,556,1293,-1.0
2021-04-23,250.0474395751953,250.3921496973052,246.33238956883352,246.91647116846514,21462600,0.015476132565632517,MSFT,555,1292,-1.0
2021-04-26,250.43035888671875,251.28253513686283,249.1090532408792,250.5356975021957,19763300,0.0015313866527646436,MSFT,552,1289,-1.0
2021-04-27,250.83261108398438,252.00074518441065,249.0612561223329,250.45917751459578,31014200,0.0016062437439847699,MSFT,551,1288,-1.0
2021-04-28,243.73757934570312,245.63341172122958,242.19602664584554,245.19294722116507,46903100,-0.028285922263535657,MSFT,550,1287,1.0
2021-04-29,241.7747344970703,245.21211962839484,238.41396459315484,244.59932929978729,40589000,-0.008053107173304763,MSFT,549,1286,1.0
2021-04-30,241.45877075195312,242.3205167691212,238.98847015559804,239.1225175880365,30945100,-0.0013068517923282563,MSFT,548,1285,1.0
2021-05-03,241.15234375,243.53648835085653,240.44379908775937,242.6268652675503,19626600,-0.0012690655261717865,MSFT,545,1282,1.0
2021-05-04,237.25540161132812,240.53001592707363,235.31170659255298,240.30021407384137,32756100,-0.01615966935287927,MSFT,544,1281,1.0
2021-05-05,235.99151611328125,238.89269679330795,235.36915621416165,238.47140072187236,21901300,-0.005327109475540492,MSFT,543,1280,1.0
2021-05-06,239.11293029785156,239.23740812996687,234.28720818218096,235.9723779697014,26491100,0.01322680677669763,MSFT,542,1279,1.0
2021-05-07,241.7268829345703,243.48865338351683,240.4917180124829,241.43005005006262,27032900,0.0109318748821432,MSFT,541,1278,1.0
2021-05-10,236.67135620117188,241.02791993969205,236.61390938515967,240.2044814866749,29299900,-0.020914209756168645,MSFT,538,1275,1.0
2021-05-11,235.76174926757812,236.11602898573204,232.2573619742418,234.1531799670402,33641600,-0.0038433334231650074,MSFT,537,1274,1.0
2021-05-12,228.83914184570312,233.99042092732867,227.94868692583464,231.87437055128427,36684400,-0.029362725053495353,MSFT,536,1273,1.0
2021-05-13,232.69778442382812,235.15853006552896,231.15623162445522,231.5200809218459,29624300,0.016861811956657036,MSFT,535,1272,1.0
2021-05-14,237.60008239746094,238.58629154857746,235.05318141277328,235.13935162363052,23901100,0.02106723098275798,MSFT,534,1271,1.0
2021-05-17,234.75636291503906,236.10642140799038,233.16694758064864,236.06812840418084,24970200,-0.011968512189591163,MSFT,531,1268,1.0
2021-05-18,232.74563598632812,235.93406526132515,232.57328095548002,235.80001784180902,20168000,-0.00856516476803082,MSFT,530,1267,1.0
2021-05-19,233.32147216796875,233.42703939757578,228.98365334584912,229.6650298465588,25739800,0.002474100874976015,MSFT,529,1266,1.0
2021-05-20,236.5460205078125,237.95677572091842,234.03162003124936,234.1275955514667,21800700,0.013820195414858238,MSFT,528,1265,1.0
2021-05-21,235.28884887695312,238.3214941013183,234.87618630622384,237.59212984793598,21863100,-0.005314702095433721,MSFT,527,1264,1.0
2021-05-24,240.67274475097656,241.03743419435494,237.53453234396076,237.8032462568259,21411500,0.022882069846153152,MSFT,524,1261,1.0
2021-05-25,241.57484436035156,242.56333074837534,240.71112322411236,241.62283212210016,17704300,0.003748241664457641,MSFT,523,1260,1.0
2021-05-26,241.3541717529297,242.74572928938528,240.64399079545984,241.29657763977363,17771600,-0.0009134751095718485,MSFT,522,1259,1.0
2021-05-27,239.26199340820312,241.3445335898177,239.20441394645133,241.04702994155994,24426200,-0.00866849878554532,MSFT,521,1258,1.0
2021-05-28,239.61709594726562,241.92037711076773,239.50193701442453,240.88390278376352,18270200,0.0014841577385700244,MSFT,520,1257,1.0
2021-06-01,237.428955078125,241.1621746137941,237.0067008356278,241.1045951554449,23213300,-0.009131822837975534,MSFT,516,1253,1.0
2021-06-02,237.3330078125,239.22361157042198,235.9318441224372,238.1295578675878,19406700,-0.0004041093707102261,MSFT,515,1252,1.0
2021-06-03,235.80709838867188,236.41169739236216,233.20631371426092,235.33684170241455,25307700,-0.00642940245814283,MSFT,514,1251,1.0
2021-06-04,240.68234252929688,241.50768232361588,237.53453834719892,237.77446253573572,25281100,0.02067471324628789,MSFT,513,1250,1.0
2021-06-07,243.58059692382812,243.84931080608303,239.74181044154867,239.90495710978854,23079200,0.012041823941357332,MSFT,510,1247,1.0
2021-06-08,242.39065551757812,245.6920152300327,242.33306140219213,244.8762669992437,22455000,-0.004885206052032576,MSFT,509,1246,1.0
2021-06-09,243.3694610595703,245.2312748354978,243.0047863036955,243.58059548635435,17937600,0.004038132327758737,MSFT,508,1245,1.0
2021-06-10,246.8723907470703,247.08352521054456,243.44628085125785,244.04128816987938,24563600,0.014393464456259775,MSFT,507,1244,1.0
2021-06-11,247.4962158203125,248.07201045627983,246.26777582992523,247.59216206789282,18999700,0.0025269130798888373,MSFT,506,1243,1.0
2021-06-14,249.4156036376953,249.4731830999678,246.45011489255833,247.50578718025523,19150500,0.007755220866796364,MSFT,503,1240,1.0
2021-06-15,247.94725036621094,249.5115608310335,247.29466357340826,249.30042636423005,18038900,-0.005887174860227828,MSFT,502,1239,1.0
2021-06-16,247.00674438476562,250.07775629014873,244.16603567438125,248.94532119918156,27220000,-0.0037931696361068745,MSFT,501,1238,1.0
2021-06-17,250.38491821289062,251.20066644473482,245.69201554784362,245.7495950194914,27565500,0.01367644367986487,MSFT,500,1237,1.0
2021-06-18,248.97410583496094,251.7284306556283,248.32151911327628,249.16605688845348,37202200,-0.005634574110930046,MSFT,499,1236,1.0
2021-06-21,252.0450897216797,252.89920435421533,247.52492752843287,249.34834497200995,26696100,0.012334551323800902,MSFT,496,1233,1.0
2021-06-22,254.8090362548828,255.07775011304642,251.82436480293774,252.13147472301443,24694100,0.01096607966556773,MSFT,495,1232,1.0
2021-06-23,254.5787353515625,256.0758598739971,253.77259363083766,255.26971815327227,19518700,-0.0009038176459721381,MSFT,494,1231,1.0
2021-06-24,255.94151306152344,257.054764738449,254.77068192610335,255.43287498640925,21446900,0.005353069682269451,MSFT,493,1230,1.0
2021-06-25,254.3387908935547,256.4789249266626,254.08928968479023,255.50004490547056,25611100,-0.006262064128625733,MSFT,492,1229,1.0
2021-06-28,257.8896789550781,258.0624173190281,255.19293377437566,255.4616476586145,19590000,0.013961252426530457,MSFT,489,1226,1.0
2021-06-29,260.4616394042969,260.70156354326315,257.179493584302,258.03360828946245,19937800,0.009973103458966959,MSFT,488,1225,1.0
2021-06-30,259.9817810058594,260.42323320384054,258.7341872468465,259.7802529375048,21656500,-0.0018423380868484163,MSFT,487,1224,1.0
2021-07-01,260.65362548828125,260.88394332062984,258.7342321183935,258.7438091696623,16725300,0.0025841983227536947,MSFT,486,1223,1.0
2021-07-02,266.45977783203125,266.79567752816956,261.5173457785115,261.82445574570187,26458000,0.02227535616615106,MSFT,485,1222,1.0
2021-07-06,266.46942138671875,268.11049474118505,263.2448248561012,266.82450452254136,31565600,3.619140857180625e-05,MSFT,481,1218,1.0
2021-07-07,268.64794921875,269.3773282430186,265.9799929781562,268.1393110275168,23260000,0.008175526560211255,MSFT,480,1217,1.0
2021-07-08,266.2390441894531,267.4962443949508,263.7918002820035,265.7399832123837,24618600,-0.008966772448113502,MSFT,479,1216,1.0
2021-07-09,266.7381286621094,266.8436812511514,264.2237277535544,264.6076006127589,23916700,0.0018745728079654356,MSFT,478,1215,1.0
2021-07-12,266.14306640625,268.49430548835454,265.43287101130034,267.90890462422595,18931700,-0.00223088562120477,MSFT,475,1212,1.0
2021-07-13,269.655517578125,271.4501452437147,266.21021085612983,266.3349467923487,26120100,0.013197605405633528,MSFT,474,1211,1.0
2021-07-14,271.1239318847656,272.2275772639754,269.24290521159406,270.97037689383615,23113700,0.005445519230717011,MSFT,473,1210,1.0
2021-07-15,269.70355224609375,271.1239138520069,268.5519045345298,270.6344591814496,22604200,-0.005238857480407089,MSFT,472,1209,1.0
2021-07-16,269.43487548828125,272.6498656125402,268.1968584208553,270.70168228808353,26186800,-0.0009961928776056617,MSFT,471,1208,1.0
2021-07-19,265.8455810546875,269.0701477729701,263.38875994905754,267.688182240101,32935600,-0.013321565840684446,MSFT,468,1205,1.0
2021-07-20,268.0625,269.6459937608424,265.12583032349374,266.82448300692533,26259700,0.008339122796464427,MSFT,467,1204,1.0
2021-07-21,270.0586242675781,270.17378317649553,266.1142851990735,267.6593827064098,24364300,0.007446488291268372,MSFT,466,1203,1.0
2021-07-22,274.60760498046875,274.8763188626381,271.9972290018453,272.40028518129105,23384100,0.01684441933757097,MSFT,465,1202,1.0
2021-07-23,277.9953918457031,278.30247257073574,274.9531400276046,275.78807157831795,22768100,0.012336828273475264,MSFT,464,1201,1.0
2021-07-26,277.4002685546875,278.0144883881187,275.0874257048847,277.35229544353166,23176100,-0.0021407667481982973,MSFT,461,1198,1.0
2021-07-27,274.9915466308594,277.9090039999305,271.5462384158954,277.7650553283684,33604100,-0.00868319968245912,MSFT,460,1197,1.0
2021-07-28,274.6844482421875,278.45605003500003,272.39075859018243,277.34279811505564,33566900,-0.0011167557418924057,MSFT,459,1196,1.0
2021-07-29,274.95318603515625,276.98773895609753,274.5501004151454,274.70365544716725,18168300,0.000978350957575147,MSFT,458,1195,1.0
2021-07-30,273.4271545410156,275.10662354630284,272.4674579665658,273.67668502240946,20944800,-0.0055501502497429245,MSFT,457,1194,1.0
2021-08-02,273.3408508300781,275.212242025892,272.30436188036447,274.8187628216139,16267400,-0.0003156369420673766,MSFT,454,1191,1.0
2021-08-03,275.5481872558594,275.65376915132686,272.5539374181312,273.91671999177777,17879000,0.008075398971935766,MSFT,453,1190,1.0
2021-08-04,274.96270751953125,275.99916705627766,273.1776564498441,274.68438727940855,16191300,-0.0021247816658088725,MSFT,452,1189,1.0
2021-08-05,277.85137939453125,277.95696126160766,274.56923306560276,275.317795323746,13900200,0.010505686029422145,MSFT,451,1188,1.0
2021-08-06,277.7938232421875,277.83221931412936,276.0279846719422,276.8821288688246,16589300,-0.00020714726149340112,MSFT,450,1187,1.0
2021-08-09,276.7093505859375,279.7995752873609,276.2103188203015,278.07213285524966,16117600,-0.003903876060284195,MSFT,447,1184,1.0
2021-08-10,274.89556884765625,277.5923146609027,273.7055541222731,277.16043936211105,18616600,-0.006554826334710162,MSFT,446,1183,1.0
2021-08-11,275.3851013183594,277.0261751990967,274.33900568057135,275.63460265489323,13955900,0.0017807943312990737,MSFT,445,1182,1.0
2021-08-12,278.1297607421875,278.2833157631849,274.79961127384786,275.0779315798822,14561300,0.009966622779113754,MSFT,444,1181,1.0
2021-08-13,281.0472106933594,281.09518381779094,277.64026951768847,277.81303719840986,18249000,0.010489528137465953,MSFT,443,1180,1.0
2021-08-16,282.7265930175781,282.93772741778326,278.33116667356506,281.37341744639224,22507600,0.0059754456202416595,MSFT,440,1177,1.0
2021-08-17,281.2679138183594,281.60381354222284,279.3485202964206,280.60574999790174,20075300,-0.0051593278992615454,MSFT,439,1176,1.0
2021-08-18,279.5467529296875,283.4794229415405,279.104426221495,280.80635995342857,21813000,-0.006119293400040582,MSFT,438,1175,1.0
2021-08-19,285.3543701171875,286.02745550252456,277.5371251128301,277.5851900644903,29850500,0.020775119462613567,MSFT,437,1174,1.0
2021-08-20,292.6524353027344,294.0755159975354,286.5947836444188,288.1909333937579,40817600,0.025575445655693807,MSFT,436,1173,-1.0
2021-08-23,292.9313659667969,293.65251656215764,290.2390821482606,291.5852240575287,22830200,0.0009531123968742339,MSFT,433,1170,-1.0
2021-08-24,290.9793701171875,293.892816520206,290.3832238228718,293.2870454973741,18175800,-0.006663662811139948,MSFT,432,1169,1.0
2021-08-25,290.3929138183594,292.87365880728834,288.86407816857775,292.5948057108051,20006100,-0.0020154566235810467,MSFT,431,1168,1.0
2021-08-26,287.5851745605469,290.79669430920046,287.4505750714238,289.4120831267804,17666100,-0.00966875954682811,MSFT,430,1167,1.0
2021-08-27,288.1910095214844,289.2967678980411,285.4121618113785,287.4890790455241,22605700,0.002106627929841176,MSFT,429,1166,1.0
2021-08-30,291.91204833984375,292.5178193402861,289.4793689535972,289.53705863519326,16348100,0.012911710273467047,MSFT,426,1163,-1.0
2021-08-31,290.2679443359375,292.7871592045454,289.90255665080605,292.71024938100464,26285300,-0.005632189603877458,MSFT,425,1162,1.0
2021-09-01,290.21978759765625,293.4505570216653,289.89286956645867,291.2197911507648,18983800,-0.0001659044314776814,MSFT,424,1161,1.0
2021-09-02,289.56591796875,291.69089959705036,288.6332289446876,290.57554613458024,16285600,-0.002253015324415908,MSFT,423,1160,1.0
2021-09-03,289.556396484375,290.96022807123313,288.71024177108217,289.41214289266503,14747900,-3.288192354189423e-05,MSFT,422,1159,1.0
2021-09-07,288.63323974609375,289.5082391184174,286.7294213995241,289.4313293174563,17180400,-0.003188175945997629,MSFT,418,1155,1.0
2021-09-08,288.662109375,289.04671710020153,286.0275156464967,288.2486568040006,15046800,0.0001000218440940781,MSFT,417,1154,1.0
2021-09-09,285.8160400390625,290.5179563470504,285.57565648982865,289.24872416460886,19927000,-0.009859518251632338,MSFT,416,1153,1.0
2021-09-10,284.3351745605469,288.3832533102999,284.0178812923482,286.94095249475373,19633400,-0.005181183947245316,MSFT,415,1152,1.0
2021-09-13,285.56597900390625,287.0563743400453,282.7679114864811,286.1044357072228,23652900,0.004328709753415705,MSFT,412,1149,1.0
2021-09-14,288.2583312988281,289.796791808923,286.6333362364003,288.0371678804035,21853400,0.00942812692293793,MSFT,411,1148,1.0
2021-09-15,293.09478759765625,293.57555457579934,290.2101857287975,291.5947969733447,28356300,0.016778201264942227,MSFT,410,1147,-1.0
2021-09-16,293.47943115234375,293.56596569773495,289.19099739981857,292.0755996209567,19550800,0.0013123520818647538,MSFT,409,1146,-1.0
2021-09-17,288.33526611328125,292.78717431259884,288.00834799489826,292.46988092654055,41372500,-0.017528196163063225,MSFT,408,1145,1.0
2021-09-20,282.9794616699219,287.22945511957835,278.38333004418814,284.93137463486613,38278700,-0.01857491979928383,MSFT,405,1142,1.0
2021-09-21,283.460205078125,286.09482813249366,282.7583040538949,284.3159844038209,22364100,0.0016988632509447044,MSFT,404,1141,1.0
2021-09-22,287.09478759765625,288.6717173261203,283.18136680799097,285.3159733040297,26626300,0.012822196747263037,MSFT,403,1140,1.0
2021-09-23,288.037109375,289.32556135418525,286.085196618995,287.35442848279695,18604600,0.0032822671049825836,MSFT,402,1139,1.0
2021-09-24,287.8351745605469,288.26784720291187,285.50824964587054,286.7582613035244,14999000,-0.0007010722156297611,MSFT,401,1138,1.0
2021-09-27,282.8544616699219,285.0659780697312,281.67176431973326,284.7486847699523,23571700,-0.01730404526906526,MSFT,398,1135,1.0
2021-09-28,272.6141357421875,279.59488265396965,271.87376505360436,278.6525686782069,43186200,-0.03620351564291169,MSFT,397,1134,1.0
2021-09-29,273.0756530761719,275.73909166392633,272.1237438163445,274.1333463335849,26353700,0.0016929325133046014,MSFT,396,1133,1.0
2021-09-30,271.0756530761719,276.7582926672313,270.78717529668586,274.71984547108286,32343600,-0.0073239777236461245,MSFT,395,1132,1.0
2021-10-01,277.9794616699219,278.8256162130786,270.46988411493584,271.2679443559621,30086300,0.025468198694369892,MSFT,394,1131,1.0
2021-10-04,272.2198791503906,276.6814110362589,269.4699059701531,276.3448682644361,31350700,-0.020719453462250015,MSFT,391,1128,1.0
2021-10-05,277.6526184082031,279.22951920014657,273.1237713059689,273.1237713059689,24993000,0.01995717313066292,MSFT,390,1127,1.0
2021-10-06,281.8352355957031,282.33525208926756,274.5276001795463,274.78720381326485,28002600,0.015064209412031238,MSFT,389,1126,1.0
2021-10-07,283.50836181640625,285.22951623289964,282.6141420621105,283.82565518790983,20430500,0.005936540252558187,MSFT,388,1125,1.0
2021-10-08,283.50836181640625,285.22951623289964,282.4602930704529,284.82565896183667,17685700,0.0,MSFT,387,1124,1.0
2021-10-11,282.91217041015625,286.50829832033395,281.489089470964,281.6525631685585,19298600,-0.002102905898190288,MSFT,384,1121,1.0
2021-10-12,281.6141052246094,284.0756301147398,281.10449333744236,283.97947083828177,17974100,-0.004588226740705359,MSFT,383,1120,1.0
2021-10-13,284.9122009277344,285.84489029012576,282.2006673986754,283.5660588953385,23416300,0.011711400963011043,MSFT,382,1119,1.0
2021-10-14,291.10443115234375,291.6044182903468,286.3736707555064,287.700592428169,27262900,0.021733819065825166,MSFT,381,1118,1.0
2021-10-15,292.5082702636719,292.73905839342854,288.9602072094581,290.7102062536316,25384800,0.004822458750528114,MSFT,380,1117,1.0
2021-10-18,295.4697265625,296.35432121688916,291.0466652595065,291.89281968974484,22729300,0.010124350659072467,MSFT,377,1114,1.0
2021-10-19,296.3736267089844,297.40244575766764,295.4024680074294,296.489006090617,17682100,0.0030591971536317875,MSFT,376,1113,1.0
2021-10-20,295.5852355957031,297.7871571571462,294.33522351404,297.31598543961144,16537100,-0.0026601257407272705,MSFT,375,1112,1.0
2021-10-21,298.8063049316406,299.0562838093166,294.57553200250277,295.3544015118529,16918100,0.010897260580170709,MSFT,374,1111,1.0
2021-10-22,297.2678527832031,299.1236063471209,295.96015129406624,298.4601455444869,17449300,-0.0051486602626723554,MSFT,373,1110,1.0
2021-10-25,296.2774353027344,297.4985727507945,294.6716608327069,297.46010317986077,17554500,-0.00333173422957056,MSFT,370,1107,1.0
2021-10-26,298.1812744140625,300.3831953408259,296.7293781263278,299.03705370094167,28107300,0.006425866044718509,MSFT,369,1106,1.0
2021-10-27,310.7388916015625,313.55617859801384,303.844681332265,303.844681332265,52588700,0.042114036879667305,MSFT,368,1105,-1.0
2021-10-28,311.8735656738281,312.37355280117015,308.9985589964651,311.854316213441,26297900,0.0036515354303334746,MSFT,367,1104,-1.0
2021-10-29,318.8638000488281,319.2291875488427,311.4407587308729,311.66192204500794,34766000,0.022413680235761735,MSFT,366,1103,-1.0
2021-11-01,316.700439453125,318.73888677742633,313.81583753903345,318.61388266615893,27073200,-0.006784591400378015,MSFT,363,1100,-1.0
2021-11-02,320.3158264160156,320.62352433879016,317.30622029819705,317.60429349098206,26487100,0.011415793957007647,MSFT,362,1099,-1.0
2021-11-03,321.1523132324219,322.0176878484429,317.9311688926411,321.05615397648955,21500100,0.002611443916979095,MSFT,361,1098,-1.0
2021-11-04,323.49847412109375,323.59463338175044,316.83505110356475,320.08504044542997,23992200,0.007305446020480444,MSFT,360,1097,-1.0
2021-11-05,323.133056640625,325.7580545608874,321.55615641775836,325.4888262621695,22570100,-0.0011295802289688073,MSFT,359,1096,-1.0
2021-11-08,324.02734375,324.661959731768,321.5754437081741,324.3254169521455,20897000,0.002767550676096908,MSFT,356,1093,-1.0
2021-11-09,323.0273742675781,325.69081300942594,321.6619830119795,324.1427279377186,21307400,-0.0030860651167556874,MSFT,355,1092,-1.0
2021-11-10,318.0754089355469,321.75810028088216,317.2292837348111,321.7004105931885,25500900,-0.015329862811965023,MSFT,354,1091,-1.0
2021-11-11,319.6427001953125,320.9311520712927,317.7965715810098,318.5080972611384,16849800,0.0049274204032643265,MSFT,353,1090,-1.0
2021-11-12,323.7677001953125,324.258091880674,320.9504128741325,321.07541697774906,23831000,0.012905034269449889,MSFT,352,1089,-1.0
2021-11-15,323.14276123046875,324.8831355458123,321.18122351578705,324.5562174839805,16723000,-0.0019302078757910124,MSFT,349,1086,-1.0
2021-11-16,326.4504089355469,327.5657918667416,322.60427303916015,322.7677173822912,20886800,0.010235871267805008,MSFT,348,1085,-1.0
2021-11-17,326.6719665527344,329.62928356256526,325.59308293416547,326.4985808420445,19053400,0.0006786869035022569,MSFT,347,1084,-1.0
2021-11-18,328.7430419921875,329.87975024868393,324.74538130798175,325.76646969293915,22463500,0.006339923995647867,MSFT,346,1083,-1.0
2021-11-19,330.5154724121094,332.4324456190178,329.63890158471446,330.06275288893943,21963400,0.005391537442681393,MSFT,345,1082,-1.0
2021-11-22,327.3558044433594,336.8346321933974,327.08608361452843,331.9699855411773,31031100,-0.009559818624195304,MSFT,342,1079,-1.0
2021-11-23,325.2848205566406,326.9898682292672,321.31605752223925,324.6779411746802,30427600,-0.0063264003833390925,MSFT,341,1078,-1.0
2021-11-24,325.50628662109375,325.7471098307453,321.6531152666691,323.93611459058735,21661300,0.0006808373783755428,MSFT,340,1077,-1.0
2021-11-26,317.578369140625,325.5255348880678,316.07563469653405,322.07695953492663,24217200,-0.024355650893149283,MSFT,338,1075,-1.0
2021-11-29,324.2734375,326.58533560623965,322.45279900050696,322.645469424935,28563500,0.021081625859758812,MSFT,335,1072,-1.0
2021-11-30,318.45501708984375,325.3810958451543,316.91374246967,323.011403387591,42885600,-0.01794294486472159,MSFT,334,1071,-1.0
2021-12-01,317.9637756347656,326.8260839728482,317.2991304369134,322.82842346064837,33337600,-0.0015425772203787602,MSFT,333,1070,-1.0
2021-12-02,317.3953857421875,321.2485575549812,315.76741829949276,318.17565068248877,30766000,-0.001787593229585438,MSFT,332,1069,-1.0
2021-12-03,311.15338134765625,320.4876958696685,306.35617008269014,319.80373645372526,41779300,-0.01966633629513903,MSFT,331,1068,-1.0
2021-12-06,314.216552734375,315.43031134746263,307.51204154241043,312.058785775437,30032600,0.009844570460560753,MSFT,328,1065,-1.0
2021-12-07,322.6260681152344,323.47374116585974,317.9829893234235,319.46646860740844,31021900,0.02676343848749574,MSFT,327,1064,-1.0
2021-12-08,322.6743469238281,323.18489117960274,318.6574010643354,323.00186310702526,24761000,0.00014964323520350042,MSFT,326,1063,-1.0
2021-12-09,320.8729248046875,324.1384729979598,319.92888702095325,322.1348363640117,22214200,-0.005582786906719539,MSFT,325,1062,-1.0
2021-12-10,329.9664306640625,330.4095372641144,322.5009090494943,322.68393709248,38095700,0.028339897686631366,MSFT,324,1061,-1.0
2021-12-13,326.9416198730469,331.1704900151728,326.63335907507167,328.17463366758005,28899400,-0.00916702582419715,MSFT,321,1058,-1.0
2021-12-14,316.2876892089844,322.35645407358095,312.2129483454999,320.9885647798209,44438700,-0.03258664549407775,MSFT,320,1057,-1.0
2021-12-15,322.36602783203125,322.8862143337398,312.5886088133381,316.54772931653724,35381100,0.0192177527941364,MSFT,319,1056,-1.0
2021-12-16,312.97393798828125,324.3986100132093,311.16294216598374,323.38713456911813,35034800,-0.02913486233929008,MSFT,318,1055,-1.0
2021-12-17,311.914306640625,312.993219650069,305.6047483392989,309.101507137352,47750300,-0.00338568557646457,MSFT,317,1054,-1.0
2021-12-20,308.1671142578125,310.9510161666708,305.9130118209808,308.3019600117902,28326500,-0.012013531611199446,MSFT,314,1051,1.0
2021-12-21,315.2762756347656,315.7001270429204,308.0611887532522,311.4231023950883,24740600,0.02306917593746105,MSFT,313,1050,-1.0
2021-12-22,320.96929931640625,321.36422365049356,313.7927533668709,316.24913921677904,24831500,0.01805725365848887,MSFT,312,1049,-1.0
2021-12-23,322.4045715332031,324.04218156998655,320.5165252794348,320.5357805584728,19617800,0.004471680686762625,MSFT,311,1048,-1.0
2021-12-27,329.8797607421875,329.908658361648,323.1174238146764,323.14632143413695,19947000,0.02318574198075396,MSFT,307,1044,-1.0
2021-12-28,328.72381591796875,331.18984424383433,327.827960266222,330.55406718206604,15661500,-0.0035041398769600773,MSFT,306,1043,-1.0
2021-12-29,329.3980407714844,331.6617557188024,327.2113469290697,328.7718768270416,15042000,0.002051037438929759,MSFT,305,1042,-1.0
2021-12-30,326.8645935058594,330.53473754796454,326.3829469974742,329.35951889161,15994500,-0.007691142484306801,MSFT,304,1041,-1.0
2021-12-31,323.9747314453125,326.90312120375734,323.5219825277928,326.08434561446063,18000800,-0.008841159666610032,MSFT,303,1040,-1.0
2022-01-03,322.46234130859375,325.5930436513956,317.6747737807834,323.04032300520043,28865100,-0.0046682348650207706,MSFT,300,1037,-1.0
2022-01-04,316.93304443359375,322.89583055126775,314.1491135080895,322.5393874417457,32674300,-0.01714710887653237,MSFT,299,1036,-1.0
2022-01-05,304.7666931152344,314.1010061399775,304.3813817326678,313.8986934112964,40054300,-0.03838776527737098,MSFT,298,1035,-1.0
2022-01-06,302.3584289550781,307.0015085378214,300.05614444176234,301.6552144415301,39646100,-0.007901992621108578,MSFT,297,1034,-1.0
2022-01-07,302.5125427246094,304.88223527940386,298.70752360593445,302.6184908441429,32720000,0.0005097055506733117,MSFT,296,1033,-1.0
2022-01-10,302.7341003417969,303.16759397911807,293.50576573261736,298.1295606763108,44289500,0.0007323915074464171,MSFT,293,1030,-1.0
2022-01-11,303.4180908203125,304.9882339809429,298.5149321522782,301.8768158812795,29386800,0.0022593770498380294,MSFT,292,1029,-1.0
2022-01-12,306.5873107910156,311.5386518627093,305.4409895513784,307.9359447652065,34372200,0.01044505936391249,MSFT,291,1028,-1.0
2022-01-13,293.6117248535156,309.1014943499301,292.84110213316677,308.7065406516053,45366000,-0.0423226450697588,MSFT,290,1027,-1.0
2022-01-14,298.8135681152344,299.4108052070794,292.6003150974251,293.08196170663894,39846400,0.01771674228716158,MSFT,289,1026,-1.0
2022-01-18,291.5406799316406,298.4282204045511,290.6640795954702,292.9085692050015,42333200,-0.024339216687740972,MSFT,285,1022,-1.0
2022-01-19,292.1956787109375,302.3873360187906,291.58882876082123,295.0470474103309,45933900,0.0022466805642713528,MSFT,284,1021,-1.0
2022-01-20,290.5292053222656,300.21028923440434,290.0860987267936,297.72500596711825,35380700,-0.0057032786933186586,MSFT,283,1020,-1.0
2022-01-21,285.1636657714844,292.94706137271686,284.7590697196657,291.5792015826187,57984400,-0.018468158975031734,MSFT,282,1019,-1.0
2022-01-24,285.4911804199219,286.20400792942536,265.9170569502406,281.4742645277423,85731500,0.0011485146522838274,MSFT,279,1016,-1.0
2022-01-25,277.9004211425781,284.1618263856482,274.70231034504417,280.81919810306823,72848600,-0.02658841953078439,MSFT,278,1015,1.0
2022-01-26,285.8187561035156,297.175992710998,282.2738436996437,296.6847037048654,90428900,0.02849342555287082,MSFT,277,1014,-1.0
2022-01-27,288.8338317871094,296.0199908832467,286.9939382332395,291.55032568742257,53481300,0.010548907722842893,MSFT,276,1013,-1.0
2022-01-28,296.9447937011719,297.15671939709773,283.6417159546675,289.2095498959442,49743700,0.028081758511034893,MSFT,275,1012,-1.0
2022-01-31,299.5649108886719,300.91351540352434,295.124114232146,297.6094269927924,46444500,0.008823583518142941,MSFT,272,1009,-1.0
2022-02-01,297.4263916015625,299.2277450230752,293.9296328904505,299.01581936187534,40950400,-0.007138750933029403,MSFT,271,1008,-1.0
2022-02-02,301.95379638671875,303.55286619292593,297.54192766153886,298.2643973656909,36636000,0.01522193360440327,MSFT,270,1007,-1.0
2022-02-03,290.1919860839844,299.8056598076775,288.9493300118975,298.12951017170525,43730000,-0.03895235113278972,MSFT,269,1006,-1.0
2022-02-04,294.7098693847656,297.4648733158477,288.95900886982764,289.1901897878569,35096500,0.015568601193120868,MSFT,268,1005,-1.0
2022-02-07,289.9030456542969,296.54011926462067,288.8915703465275,294.93143638637616,28533300,-0.016310358864137897,MSFT,265,1002,-1.0
2022-02-08,293.3805236816406,294.343816714322,288.9397569117174,290.192026095255,32421200,0.0119953138798361,MSFT,264,1001,-1.0
2022-02-09,299.78643798828125,300.4800101974915,296.10668068130565,298.4956287595179,31284700,0.02183483152273591,MSFT,263,1000,-1.0
2022-02-10,291.280517578125,297.7731024456367,289.66219252942125,292.8795873514991,45386200,-0.02837326620655456,MSFT,262,999,-1.0
2022-02-11,284.21002197265625,293.12048369685596,283.4201145266006,292.06085534207085,39175600,-0.02427383631509905,MSFT,261,998,1.0
2022-02-14,284.1715087890625,285.8669143164562,280.6554943055546,282.98664750834394,36359500,-0.00013550959014896335,MSFT,258,995,1.0
2022-02-15,289.440673828125,289.7585476106749,286.11730093278925,288.9975672412042,27058300,0.018542200312466006,MSFT,257,994,-1.0
2022-02-16,289.102783203125,290.42521859996504,283.48481887693396,288.0120067201393,29982100,-0.0011673916472453305,MSFT,256,993,-1.0
2022-02-17,280.6372985839844,286.49655572673316,279.93262997944396,286.0718280004565,32461600,-0.029281920171597697,MSFT,255,992,1.0
2022-02-18,277.9345397949219,283.6586735331754,276.3707826010941,282.8767949362615,34264000,-0.009630789644497928,MSFT,254,991,1.0
2022-02-22,277.7317810058594,281.4191765053362,274.6235623555302,275.10620482012695,41736100,-0.0007295199409620423,MSFT,250,987,1.0
2022-02-23,270.5404052734375,281.5736347601143,270.37632332672223,280.10638276693766,37811200,-0.025893240256397387,MSFT,249,986,1.0
2022-02-24,284.36334228515625,284.91356187800335,262.09420731516445,263.0498596233105,56989700,0.051093798716490335,MSFT,248,985,1.0
2022-02-25,286.9888916015625,287.29778988293907,281.5253747646306,284.8942395707059,32546700,0.009233079395210453,MSFT,247,984,-1.0
2022-02-28,288.41754150390625,288.7553971784616,282.82853256098537,284.0930536775572,34627500,0.004978066901373923,MSFT,244,981,-1.0
2022-03-01,284.71075439453125,289.55647332988616,282.0079393664894,286.1103996346633,31217800,-0.012852155559077816,MSFT,243,980,-1.0
2022-03-02,289.7688903808594,291.0044539337732,283.50420050610404,285.10654759375143,31873000,0.017765876097953548,MSFT,242,979,-1.0
2022-03-03,285.6471862792969,292.6068837610077,283.8420783562013,292.3752247583277,27314500,-0.014224108378732891,MSFT,241,978,-1.0
2022-03-04,279.7973937988281,285.39606242950583,277.20080519841724,284.0736271756668,32356500,-0.020479083153821076,MSFT,240,977,1.0
2022-03-07,269.2275390625,279.6333061713874,268.86072619064873,278.5135724682122,43157200,-0.037776816262726776,MSFT,237,974,1.0
2022-03-08,266.27386474609375,274.10231170934804,260.6269417825075,268.1561527618495,48159500,-0.010970921944654988,MSFT,236,973,1.0
2022-03-09,278.48468017578125,279.5464994060376,271.03267993001293,273.60034117475794,35204500,0.04585810718348626,MSFT,235,972,1.0
2022-03-10,275.6756286621094,276.6505755463277,270.83954333190786,273.19484014060953,30628000,-0.010086915775398442,MSFT,234,971,1.0
2022-03-11,270.34735107421875,279.4596429563479,269.7295545935928,277.9634336750457,27209300,-0.019328069056192887,MSFT,233,970,1.0
2022-03-14,266.8433532714844,275.4922975054639,266.2448813621328,270.6079583933382,30660700,-0.01296109537900525,MSFT,230,967,1.0
2022-03-15,277.1815185546875,277.8282723185702,269.05383720748546,270.6175938370436,34245100,0.0387424500421607,MSFT,229,966,1.0
2022-03-16,284.17022705078125,284.343971257443,273.36868699762886,279.07349465678493,37826300,0.025213472141054405,MSFT,228,965,1.0
2022-03-17,284.971435546875,285.3478813742308,279.3245124712581,283.1084425886128,30816600,0.002819466713346319,MSFT,227,964,-1.0
2022-03-18,290.0005187988281,290.5507382302181,282.5678431701578,285.1161798417101,43390600,0.017647674905739485,MSFT,226,963,-1.0
2022-03-21,288.774658203125,289.72064808863075,284.66253476098274,288.5140418634162,28351200,-0.004227097940309177,MSFT,223,960,-1.0
2022-03-22,293.50457763671875,294.4119479641465,288.39821134013704,289.3924537893616,27599700,0.01637927463242539,MSFT,222,959,-1.0
2022-03-23,289.09320068359375,292.70338668332965,287.3846568062616,290.07781025541306,25715400,-0.015030010736613142,MSFT,221,958,-1.0
2022-03-24,293.5431213378906,293.6396557120755,287.96377622460426,288.75531685150304,24484500,0.015392685278569518,MSFT,220,957,-1.0
2022-03-25,293.1376953125,294.89452080427003,288.90011015175327,294.63390450047564,22566500,-0.0013811464003748997,MSFT,219,956,-1.0
2022-03-28,299.9140625,300.01056743386323,293.7651722801995,293.7651722801995,29578200,0.023116669387319932,MSFT,216,953,-1.0
2022-03-29,304.46051025390625,304.8562805932184,298.3212830440557,303.01258292097964,30393400,0.015159168316444704,MSFT,215,952,-1.0
2022-03-30,302.96435546875,304.9818271718414,300.763506705358,302.86785052906407,28163600,-0.004914117709086563,MSFT,214,951,-1.0
2022-03-31,297.6069641113281,304.19987600855126,297.20156097857216,303.0029027856713,33422100,-0.017683239829097586,MSFT,213,950,-1.0
2022-04-01,298.6784973144531,299.36384141537167,294.93318680550044,298.630215389613,27110500,0.0036004977448180764,MSFT,212,949,-1.0
2022-04-04,304.0357360839844,304.1708606294997,298.9583289191664,299.3251418340904,24289600,0.017936472888743227,MSFT,209,946,-1.0
2022-04-05,300.0877990722656,303.9392767129868,299.1128518165804,302.3948148545048,23156700,-0.01298510846971035,MSFT,208,945,-1.0
2022-04-06,289.102783203125,296.3424188426022,286.40963049695665,294.5952557982606,40110400,-0.03660600631915489,MSFT,207,944,-1.0
2022-04-07,290.9078369140625,293.1086847880987,286.06211846511144,286.3613543568069,31411200,0.00624364003327238,MSFT,206,943,-1.0
2022-04-08,286.6607666015625,290.66669456353833,285.9947174114173,290.01030765266637,24361900,-0.014599367131366225,MSFT,205,942,-1.0
2022-04-11,275.357177734375,282.4519981244576,275.1061942358303,281.66048690117145,34569300,-0.03943193552851498,MSFT,202,939,-1.0
2022-04-12,272.268310546875,280.64697807098315,270.75280588328843,279.1990504337595,30966700,-0.011217674487060902,MSFT,201,938,-1.0
2022-04-13,277.6352233886719,278.5618885948695,271.5346160767129,272.914995798149,21907200,0.019711852734594526,MSFT,200,937,-1.0
2022-04-14,270.1156921386719,278.30131965119733,269.62341681375074,278.08895577007974,28221600,-0.027084212003867902,MSFT,199,936,-1.0
2022-04-18,270.7816467285156,272.65430135675933,268.67733320462133,269.227552539942,20778000,0.00246544206510535,MSFT,195,932,-1.0
2022-04-19,275.3957824707031,276.2356051160154,268.7449845312876,269.6813121043786,22297700,0.017040060867986373,MSFT,194,931,-1.0
2022-04-20,276.4189147949219,279.6429916422548,275.46329236077645,279.35338855501425,22906700,0.003715134324279612,MSFT,193,930,-1.0
2022-04-21,271.06170654296875,283.1181080139608,270.3377427180526,278.5619611641617,29454600,-0.019380758570475165,MSFT,192,929,-1.0
2022-04-22,264.5169982910156,273.3686730601937,263.8895690490661,271.901421279217,29405800,-0.024144717213737676,MSFT,191,928,-1.0
2022-04-25,270.97479248046875,271.351238292918,261.3701954398088,263.8027323682706,35678900,0.024413531951350764,MSFT,188,925,-1.0
2022-04-26,260.8393249511719,268.6967298664818,260.62696106383044,267.86659887115906,46518400,-0.037403728356125265,MSFT,187,924,1.0
2022-04-27,273.3880310058594,280.8689900877158,269.4689760886624,272.30691647120665,63477700,0.04810895004822058,MSFT,186,923,-1.0
2022-04-28,279.57550048828125,280.8786411356231,271.689109042136,275.28963271284965,33646600,0.02263255439404821,MSFT,185,922,-1.0
2022-04-29,267.8858642578125,279.81680135936267,266.9012842301464,278.59087064005706,37073900,-0.04181209086651971,MSFT,184,921,-1.0
2022-05-02,274.5946044921875,275.0482895864189,266.63100384066234,268.06926895596354,35151100,0.025043278237027566,MSFT,181,918,-1.0
2022-05-03,271.9980163574219,274.26644208441866,270.4245970349058,274.10233066665234,25978600,-0.009456078496398512,MSFT,180,917,-1.0
2022-05-04,279.91339111328125,280.78214183402685,267.1233632088205,272.77991990061037,33599300,0.02910085471159496,MSFT,179,916,-1.0
2022-05-05,267.72174072265625,276.40930377828715,264.8162240963305,275.6274254599327,43260400,-0.04355508088461202,MSFT,178,915,-1.0
2022-05-06,265.1927490234375,269.55582646003774,261.8528418348636,265.26995885904273,37780300,-0.00944634414968426,MSFT,177,914,-1.0
2022-05-09,255.3950958251953,262.9050120493982,254.17885674013965,260.6848683023518,47726000,-0.036945403802787546,MSFT,174,911,-1.0
2022-05-10,260.14422607421875,264.24668604013874,255.86802193263964,262.25820191919195,39336400,0.01859522883036857,MSFT,173,910,-1.0
2022-05-11,251.5049591064453,261.9396861119795,250.29835302848662,256.4568751636927,48975900,-0.033209528030457514,MSFT,172,909,1.0
2022-05-12,246.4855194091797,250.8582590815856,241.3405488261486,248.7442826712676,51033800,-0.019957617198081645,MSFT,171,908,1.0
2022-05-13,252.05514526367188,253.90850491626605,246.48546294823618,248.41603241803531,34925100,0.022596158459297966,MSFT,170,907,-1.0
2022-05-16,252.42196655273438,256.5920038158377,246.90053650755686,250.9354197633761,32550900,0.0014553215673449582,MSFT,167,904,-1.0
2022-05-17,257.5572814941406,259.01484142054807,253.34862470791003,256.8719081186117,28828800,0.02034416818606566,MSFT,166,903,-1.0
2022-05-18,245.830810546875,255.04172974493503,244.56334455457838,254.46120398258716,31356000,-0.04552956483791892,MSFT,165,902,1.0
2022-05-19,244.9213409423828,249.30427969315693,243.70225448849024,245.65666082139012,32692300,-0.0036995753399217124,MSFT,164,901,1.0
2022-05-20,244.36016845703125,250.1460272870901,238.43887034074822,248.8882164839808,39199300,-0.002291235558291249,MSFT,163,900,1.0
2022-05-23,252.1875,253.0099090514097,245.20190974301659,247.19504035705393,33175400,0.03203194527321296,MSFT,160,897,-1.0
2022-05-24,251.19091796875,252.84539116572356,245.2696206096745,249.51710474100852,29043900,-0.003951750309789337,MSFT,159,896,1.0
2022-05-25,253.99679565429688,255.98991161054977,248.78180725280606,249.75902519728396,28547900,0.011170299102517545,MSFT,158,895,-1.0
2022-05-26,257.2670593261719,258.43776617311875,252.9421849537325,253.7549092585627,25002100,0.012875216254011335,MSFT,157,894,-1.0
2022-05-27,264.3687438964844,264.46550311516876,258.87316278571984,259.763306260141,26910800,0.02760432909255095,MSFT,156,893,-1.0
2022-05-31,263.0431823730469,265.84902206515727,260.1986330948572,263.6817576729224,37827700,-0.005014062948214937,MSFT,152,889,-1.0
2022-06-01,263.5754089355469,268.6742983008573,261.27267518128724,266.2651500668014,25292200,0.0020233429268097236,MSFT,151,888,-1.0
2022-06-02,265.66522216796875,265.7329565705162,253.10666158963318,255.86413679429918,44008200,0.00792871095547798,MSFT,150,887,-1.0
2022-06-03,261.2532958984375,264.5719571114333,259.6955816677973,261.5338887851949,28059000,-0.016607090056905416,MSFT,149,886,-1.0
2022-06-06,260.02447509765625,265.27817182436934,258.54415089491494,263.2270067357878,22400300,-0.004703560950515051,MSFT,146,883,-1.0
2022-06-07,263.6528015136719,264.26235216439045,257.30578597515415,257.9830710374571,22860700,0.013953788060346861,MSFT,145,882,-1.0
2022-06-08,261.63067626953125,264.1365839069745,260.8566319339603,262.88845771552224,17372300,-0.007669652029226648,MSFT,144,881,-1.0
2022-06-09,256.1931457519531,263.8559928027338,256.03833688377534,259.08606081367157,26439700,-0.020783229990876118,MSFT,143,880,-1.0
2022-06-10,244.77622985839844,252.11978854806873,244.33115809000796,252.11978854806873,31422800,-0.044563705481053595,MSFT,142,879,1.0
2022-06-13,234.3946075439453,240.93514197775667,233.68831238194966,237.15208330254623,46135800,-0.04241270617027981,MSFT,139,876,1.0
2022-06-14,236.5521697998047,237.76158615878145,233.66891057036807,235.94261923059773,28651500,0.009204828892895422,MSFT,138,875,1.0
2022-06-15,243.58615112304688,247.01122689050288,238.4195274205562,240.24816456305055,33111700,0.029735433537536604,MSFT,137,874,1.0
2022-06-16,237.01663208007812,239.38708569637893,235.12994511050752,237.99383539165407,33169200,-0.02697000224635171,MSFT,136,873,1.0
2022-06-17,239.60958862304688,242.36706412018737,236.10712319916604,236.75536866492723,43084800,0.010939977166212866,MSFT,135,872,1.0
2022-06-21,245.50186157226562,246.4790647181553,241.40918580520898,242.13483565226932,29928300,0.024591140041930748,MSFT,131,868,1.0
2022-06-22,244.9116668701172,248.82050899795738,242.24126597240473,243.71192046945043,25939900,-0.0024040335106571,MSFT,130,867,1.0
2022-06-23,250.45565795898438,250.94910939467707,245.3954776548155,247.2724946346494,25861400,0.02263669656785816,MSFT,129,866,1.0
2022-06-24,259.00860595703125,259.2795140264686,253.2227477629766,253.30982219314234,33923200,0.0341495499352924,MSFT,128,865,1.0
2022-06-27,256.2899169921875,259.589179651512,254.73217298282648,259.5021051953525,24615100,-0.010496519815618721,MSFT,125,862,1.0
2022-06-28,248.1529083251953,258.2442718055391,247.99809948086303,255.40940681520112,27295500,-0.031749234470430765,MSFT,124,861,1.0
2022-06-29,251.81021118164062,253.46468475908262,247.45629682631295,249.22688443197563,20069800,0.01473810192727032,MSFT,123,860,1.0
2022-06-30,248.49154663085938,251.1038981642681,244.6891481209095,248.70440512266876,31730900,-0.013179229449068575,MSFT,122,859,1.0
2022-07-01,251.1522216796875,251.33605532539292,246.34359589719068,248.06581834657763,22837700,0.010707306083054036,MSFT,121,858,1.0
2022-07-05,254.31605529785156,254.4418393123032,246.4693620667488,247.84325715699325,22941000,0.012597275058944701,MSFT,117,854,1.0
2022-07-06,257.5670166015625,259.28922459470346,253.8807173042958,255.18689308896802,23824400,0.012783154016381193,MSFT,116,853,1.0
2022-07-07,259.68597412109375,260.32454974633936,256.41570631003805,256.5124655611561,20859900,0.008226820139820568,MSFT,115,852,1.0
2022-07-08,258.96990966796875,259.395626588486,254.74179480110894,256.1930944319359,19658800,-0.0027574244452305274,MSFT,114,851,1.0
2022-07-11,255.92222595214844,257.8766324611341,253.66785697508126,257.0251984883415,19455200,-0.01176848584350132,MSFT,111,848,1.0
2022-07-12,245.4341278076172,257.3057634702687,243.8570440782721,257.2477138444937,35868500,-0.04098158378198957,MSFT,110,847,1.0
2022-07-13,244.5149383544922,245.31799250760298,240.05461068114005,242.06708107145715,29497400,-0.003745157453593828,MSFT,109,846,1.0
2022-07-14,245.830810546875,246.85639326542395,237.95509174418504,242.43477469827525,25102800,0.005381561557090242,MSFT,108,845,1.0
2022-07-15,248.38510131835938,251.91659126646923,246.4984147054872,247.41756820782146,29774100,0.010390441970240083,MSFT,107,844,1.0
2022-07-18,245.99530029296875,252.37134012804827,245.07614676470823,251.3167325510271,20975000,-0.009621354150092798,MSFT,104,841,1.0
2022-07-19,251.1038818359375,251.28771549994482,245.4438068994524,249.2171803481861,25012600,0.020766988381016427,MSFT,103,840,1.0
2022-07-20,253.7549285888672,256.2705208821731,250.50403112190256,251.46187956720985,22788300,0.010557569773699482,MSFT,102,839,1.0
2022-07-21,256.241455078125,256.2898494477531,248.68502415287526,251.35542487841855,22404700,0.009798928844792831,MSFT,101,838,1.0
2022-07-22,251.9069366455078,256.71557796165024,250.65884004276222,256.6285035144892,21881300,-0.01691575795686784,MSFT,100,837,1.0
2022-07-25,250.42657470703125,253.0099010286227,248.47216851036575,252.526134487459,21056000,-0.0058766223677269025,MSFT,97,834,1.0
2022-07-26,243.72158813476562,251.44251309723307,241.46724894665664,251.42314353761344,39348000,-0.026774261398214816,MSFT,96,833,1.0
2022-07-27,260.0148620605469,261.28232818719346,250.4459740907152,252.68097341491003,45994000,0.06685199308963918,MSFT,95,832,1.0
2022-07-28,267.43585205078125,268.81941742326114,259.17311035737987,260.99207747518795,33459300,0.02854063775979987,MSFT,94,831,-1.0
2022-07-29,271.625244140625,272.8443453449876,267.64869711004144,268.6839646557535,32152800,0.015665035400894034,MSFT,93,830,-1.0
2022-08-01,268.98394775390625,272.1477710808105,266.8843874576311,268.80011406095605,21539600,-0.00972404606602506,MSFT,90,827,-1.0
2022-08-02,265.8974304199219,268.86776386408434,263.5366474998383,267.03911229184763,22754200,-0.01147472687406692,MSFT,89,826,-1.0
2022-08-03,273.2990417480469,274.29559953530566,267.62928313742134,267.77443670567607,23518900,0.027836340187401998,MSFT,88,825,-1.0
2022-08-04,274.4407653808594,274.58588944445677,271.0737689983291,272.65082319177765,18098700,0.004177561785471129,MSFT,87,824,-1.0
2022-08-05,273.7248840332031,274.4408493171028,269.6322070274274,270.086948916958,16774600,-0.0026085095144767756,MSFT,86,823,-1.0
2022-08-08,271.2188720703125,276.6370630638141,270.25133901885744,274.82775145511005,18739200,-0.009155221571257033,MSFT,83,820,-1.0
2022-08-09,273.1345520019531,273.8892265551152,268.59681990449013,270.56094022517334,23405200,0.007063225051477939,MSFT,82,819,-1.0
2022-08-10,279.7719421386719,280.4008328998237,277.6240169581476,278.8140935874834,24687800,0.02430080737888951,MSFT,81,818,-1.0
2022-08-11,277.7012939453125,281.755259328041,277.20787222386883,281.40696164231605,20065900,-0.007401200340286573,MSFT,80,817,-1.0
2022-08-12,282.4325866699219,282.4325866699219,277.62394605155976,279.11395527145453,22619700,0.017037344901752904,MSFT,79,816,-1.0
2022-08-15,283.9419860839844,284.62892642888846,280.6910589868737,281.55217775836655,18085700,0.005344282088194374,MSFT,76,813,-1.0
2022-08-16,283.20660400390625,284.49343955539996,280.99097447536275,282.5099789943521,18102900,-0.0025899025720719226,MSFT,75,812,-1.0
2022-08-17,282.46002197265625,284.42828191151625,280.6662805490986,280.9280583220521,18253400,-0.0026361745125114133,MSFT,74,811,-1.0
2022-08-18,281.34503173828125,283.0321034033775,280.2881560238518,281.36441282325103,17186200,-0.003947426706930379,MSFT,73,810,-1.0
2022-08-19,277.44732666015625,280.45305241376826,276.87527385505905,280.1136910305551,20570000,-0.013853825866563696,MSFT,72,809,-1.0
2022-08-22,269.30279541015625,273.86954199957296,268.7889154719794,273.5010941968334,25061100,-0.02935523419180819,MSFT,69,806,-1.0
2022-08-23,268.0325927734375,270.3789763942887,267.0242141584032,268.0325927734375,17527400,-0.0047166336865690495,MSFT,68,805,-1.0
2022-08-24,267.4023742675781,268.79858174374715,266.74303270034477,267.0339265183886,18137000,-0.002351275639049133,MSFT,67,804,-1.0
2022-08-25,270.3692932128906,270.5341064037505,266.170965672793,268.89550229541334,16583400,0.011095335086081182,MSFT,66,803,-1.0
2022-08-26,259.9365539550781,271.813993730699,259.82991359676106,270.59230474229855,27549300,-0.03858699756113826,MSFT,65,802,-1.0
2022-08-29,257.1636047363281,259.26759223501574,255.82556976472725,257.76474402166747,20338500,-0.010667792492275674,MSFT,62,799,-1.0
2022-08-30,254.9722442626953,258.928145422764,252.7325011017951,258.5597272905954,22767100,-0.008521269858072,MSFT,61,798,-1.0
2022-08-31,253.5178985595703,258.9863535184162,253.38214218494335,257.3186923863377,24791800,-0.005703937333769615,MSFT,60,797,-1.0
2022-09-01,252.4803924560547,252.9555101006961,247.64216387595837,250.9969258611679,23263400,-0.004092437296973839,MSFT,59,796,-1.0
2022-09-02,248.2724151611328,256.68842221316766,246.7307755662362,253.74089939007345,22855400,-0.016666550831880067,MSFT,58,795,-1.0
2022-09-06,245.54788208007812,249.98857705648493,244.27772561001785,248.40817526683784,21328200,-0.010973966154421255,MSFT,54,791,-1.0
2022-09-07,250.2406768798828,250.95816170983366,245.51879346007277,246.95377791469627,24126700,0.019111526273618118,MSFT,53,790,-1.0
2022-09-08,250.6575927734375,252.5095072886724,247.04103780727314,249.6783301329259,20319900,0.0016660596460695842,MSFT,52,789,-1.0
2022-09-09,256.4169616699219,257.1635625736853,252.37380057718096,252.57740555573184,22084700,0.022977037450806925,MSFT,51,788,-1.0
2022-09-12,258.5403747558594,259.31606213090066,257.09569955467623,257.69683877692836,18747700,0.008281094480290019,MSFT,48,785,-1.0
2022-09-13,244.32618713378906,252.48040101382477,243.93834353048703,250.96784794774865,33353300,-0.054978599127864736,MSFT,47,784,-1.0
2022-09-14,244.54917907714844,246.4980431807775,242.26095368229554,245.81933539304998,23913000,0.0009126813051654192,MSFT,46,783,-1.0
2022-09-15,237.91725158691406,243.75415439975833,236.5986127372413,242.17373772461787,31530900,-0.027118993060051055,MSFT,45,782,-1.0
2022-09-16,237.2967071533203,237.83967345913706,234.69820652512584,236.83129478142976,39791800,-0.0026082363908237483,MSFT,44,781,-1.0
2022-09-19,237.08335876464844,237.68449782170777,233.5249771298103,235.09570294714337,26826900,-0.000899078589126967,MSFT,41,778,-1.0
2022-09-20,235.0763397216797,236.10409946317117,232.35180291402574,234.7079067620096,26660300,-0.008465457269656418,MSFT,40,777,-1.0
2022-09-21,231.68276977539062,240.12787756364517,231.634287475008,236.84097880590735,28625600,-0.014436033631912482,MSFT,39,776,-1.0
2022-09-22,233.65106201171875,236.44347719720534,230.34478171455967,230.6356459674454,31061200,0.008495634950481223,MSFT,38,775,-1.0
2022-09-23,230.68408203125,233.79646206572184,228.04680483912333,232.25480786085487,34176000,-0.012698337233836066,MSFT,37,774,-1.0
2022-09-26,230.22836303710938,234.10670990585737,229.6950873837127,229.84053426812227,27694200,-0.0019755112278569964,MSFT,34,771,-1.0
2022-09-27,229.22003173828125,234.44610429031408,227.36811729613822,232.68144911431068,27018700,-0.0043797005960798385,MSFT,33,770,-1.0
2022-09-28,233.73829650878906,234.95997054824008,227.59110496512747,229.60784728045007,29029700,0.01971147432553666,MSFT,32,769,-1.0
2022-09-29,230.27687072753906,232.652355487679,227.28085099175377,231.6245958212714,27484200,-0.014808980098474533,MSFT,31,768,-1.0
2022-09-30,225.8167724609375,233.224415436406,225.65194447106404,231.0428450141116,35694800,-0.01936841617010987,MSFT,30,767,1.0
2022-10-03,233.41835021972656,234.26188606885609,227.52326022905194,228.25045038719026,28880400,0.03366259147160555,MSFT,27,764,-1.0
2022-10-04,241.31082153320312,242.74580617588765,237.5294232899446,237.63607845360704,34888400,0.033812557179189406,MSFT,26,763,-1.0
2022-10-05,241.62107849121094,242.95911329133793,236.67619364655312,238.50871249272885,20347100,0.0012857150625760205,MSFT,25,762,-1.0
2022-10-06,239.2843475341797,242.72638403117548,238.59594911161383,240.38967602221575,20239900,-0.009671055901342873,MSFT,24,761,-1.0
2022-10-07,227.1160125732422,233.98068874798435,226.07854761763357,233.57344928121,37769600,-0.05085303358256377,MSFT,23,760,1.0
2022-10-10,222.27780151367188,227.42630569411762,219.83443833161004,225.9622347703348,29743600,-0.02130281790681776,MSFT,20,757,1.0
2022-10-11,218.55458068847656,222.0935668585732,217.29411479408543,220.69735939369207,30474000,-0.016750304348166378,MSFT,19,756,1.0
2022-10-12,218.88421630859375,220.9300450129457,217.14866247633316,218.54485501658382,21903900,0.001508253082954436,MSFT,18,755,1.0
2022-10-13,227.1160125732422,228.91944457503647,212.4655557421077,213.16365940697776,42551800,0.03760799386760194,MSFT,17,754,1.0
2022-10-14,221.60874938964844,230.02477023152485,221.39543911705044,228.37646088968236,30198600,-0.024248678555052194,MSFT,16,753,1.0
2022-10-17,230.30596923828125,231.6924861628052,227.98865719878884,228.64798396705297,28142300,0.03924583245285462,MSFT,13,750,-1.0
2022-10-18,231.24647521972656,236.51132497546385,228.2116634940623,235.84232244327512,26329600,0.0040837238589861435,MSFT,12,749,-1.0
2022-10-19,229.2879180908203,232.32272998256715,227.16452030041103,229.8308844163688,19985700,-0.00846956532870502,MSFT,11,748,-1.0
2022-10-20,228.96791076660156,233.9709820712703,227.72684087943537,228.59947785288415,21811000,-0.001395657158402841,MSFT,10,747,-1.0
2022-10-21,234.75634765625,235.6095887613836,227.3681010886603,227.6008072431659,26299700,0.025280559490927335,MSFT,9,746,-1.0
2022-10-24,239.73037719726562,240.30242995612315,233.9613377120293,236.3465133618895,24911200,0.021188051316503698,MSFT,6,743,-1.0
2022-10-25,243.03663635253906,243.40506928448784,238.35353022692632,239.74003228091627,34775500,0.013791573658405554,MSFT,5,742,-1.0
2022-10-26,224.28482055664062,231.0525321235999,223.06313174791288,224.13937366312916,82543200,-0.07715633361835128,MSFT,4,741,-1.0
2022-10-27,219.85382080078125,226.58275598538947,218.91332036173824,224.01334192609988,40424600,-0.019756128590701416,MSFT,3,740,1.0
2022-10-28,228.6964569091797,229.40426599695735,219.1751212635659,219.35934514135127,40647700,0.040220525057015566,MSFT,2,739,-1.0
2022-10-31,225.07020568847656,227.77534655596756,224.11999990021067,226.65062223193135,28357300,-0.01585617577863563,MSFT,1455,736,-1.0
2022-11-01,221.23065185546875,228.57043214353084,220.41620237096575,227.46510361607025,30592300,-0.01705936075040604,MSFT,1454,735,1.0
2022-11-02,213.40606689453125,224.2654364159978,213.34787925724922,222.48140020209192,38407000,-0.0353684486996374,MSFT,1453,734,1.0
2022-11-03,207.73399353027344,213.70665239090863,207.4722009244926,213.3963774811355,36633900,-0.02657878216302556,MSFT,1452,733,1.0
2022-11-04,214.65682983398438,214.85074424296624,206.93891208084915,210.9336199205367,36789100,0.03332548605099661,MSFT,1451,732,1.0
2022-11-07,220.93975830078125,221.46334350265937,214.55018429237435,215.23859748900023,33498000,0.029269641556041393,MSFT,1448,729,1.0
2022-11-08,221.90931701660156,224.60476702569903,218.97147031751535,221.7444890427756,28192500,0.004388339714305189,MSFT,1447,728,1.0
2022-11-09,217.6819305419922,221.6766382807976,217.5074120167321,220.45494942509427,27852900,-0.01905006302323531,MSFT,1446,727,1.0
2022-11-10,235.59019470214844,235.92955599741592,227.85289624042093,228.2698114597355,46268000,0.08226803260871307,MSFT,1445,726,-1.0
2022-11-11,239.5946044921875,240.44784564522814,234.5721369704996,235.59991144789905,34620200,0.016997353370762136,MSFT,1444,725,-1.0
2022-11-14,234.20370483398438,236.491930374749,231.9348751725974,234.63032541196574,31123300,-0.022500087886490383,MSFT,1441,722,-1.0
2022-11-15,234.61094665527344,239.4879676468522,232.72994567583086,238.18872473342853,31390100,0.0017388359487213734,MSFT,1440,721,-1.0
2022-11-16,235.03872680664062,237.05143476413045,233.76499097023776,236.06938283193108,24093300,0.0018233597258177081,MSFT,1439,720,-1.0
2022-11-17,234.99009704589844,236.51664531080124,231.05221615651442,231.19805810189396,23123500,-0.0002069010558510831,MSFT,1438,719,-1.0
2022-11-18,234.5428466796875,236.9930953021771,232.41346518460608,236.7694511962655,27613500,-0.001903273252079174,MSFT,1437,718,-1.0
2022-11-21,235.34991455078125,237.8973866399334,234.51371927043422,234.74706643193417,26394700,0.0034410253073970942,MSFT,1434,715,-1.0
2022-11-22,238.2473907470703,238.51963895713513,234.04697919434565,236.8472486173572,19665700,0.012311354358549798,MSFT,1433,714,-1.0
2022-11-23,240.72682189941406,241.40744246425524,237.50844728562427,238.3251919634337,19508500,0.010406960364052864,MSFT,1432,713,-1.0
2022-11-25,240.63929748535156,241.81579547416155,239.900325357093,240.46427230471662,9200800,-0.0003635839719559053,MSFT,1430,711,-1.0
2022-11-28,235.06793212890625,239.82257338781716,234.13451381597585,239.26835904634282,24778200,-0.023152350487494533,MSFT,1427,708,-1.0
2022-11-29,233.67750549316406,236.069402727706,231.61619326885713,234.71787945747192,17956300,-0.005914999222351169,MSFT,1426,707,1.0
2022-11-30,248.0775604248047,248.26230347666475,233.2205218203915,233.910875092645,47594200,0.06162362483821493,MSFT,1425,706,-1.0
2022-12-01,247.6400146484375,249.03042418074372,243.97436658880594,246.84270566954237,26041500,-0.0017637458850285892,MSFT,1424,705,-1.0
2022-12-02,247.9608917236328,248.97209734788092,242.77842766287273,242.90483392955983,21528500,0.0012957400105586547,MSFT,1423,704,-1.0
2022-12-05,243.27430725097656,246.7941135147601,241.19354435975268,245.03420296466012,23435300,-0.01890049854264808,MSFT,1420,701,-1.0
2022-12-06,238.3349151611328,244.88835294425144,237.03201078829815,243.8771473447241,22463700,-0.020303796753793568,MSFT,1419,700,-1.0
2022-12-07,237.60565185546875,239.34611163220632,235.50545353805643,238.05292524127822,20481500,-0.0030598257295664233,MSFT,1418,699,-1.0
2022-12-08,240.55177307128906,241.85469212330918,236.33191114744716,238.062638200754,22611800,0.012399205123337698,MSFT,1417,698,-1.0
2022-12-09,238.6265869140625,241.43658893378702,237.40147000859437,237.92651587196235,20609700,-0.008003209174667014,MSFT,1416,697,-1.0
2022-12-12,245.52032470703125,245.5494930971703,240.32814355248385,240.600391751391,30665100,0.028889227651114346,MSFT,1413,694,-1.0
2022-12-13,249.80825805664062,256.614492351379,246.0648232599692,254.44620988669473,42196900,0.01746467773992233,MSFT,1412,693,-1.0
2022-12-14,250.09999084472656,255.32134114124744,247.27053790250687,250.01248566170938,35410900,0.0011678268378934042,MSFT,1411,692,-1.0
2022-12-15,242.1172332763672,247.16357301987648,240.49346176051932,246.69686389132764,35560400,-0.03191826413666454,MSFT,1410,691,-1.0
2022-12-16,237.9167938232422,242.92423190340745,236.76944942143655,241.66994662968148,86102000,-0.017348783464456563,MSFT,1409,690,-1.0
2022-12-19,233.794189453125,238.42243914772908,232.1023632453267,238.08212143380248,29696400,-0.017327925044164916,MSFT,1406,687,-1.0
2022-12-20,235.10679626464844,236.18607121939564,231.82035247090366,232.77322117622552,25150800,0.005614368836940775,MSFT,1405,686,-1.0
2022-12-21,237.6639862060547,238.82104848275608,233.4635747777796,234.9998409670087,23690600,0.010876716377555162,MSFT,1404,685,-1.0
2022-12-22,231.59674072265625,235.29155709825014,227.39631414751827,234.58175331390822,28651700,-0.025528670036435996,MSFT,1403,684,1.0
2022-12-23,232.12176513671875,232.2578892351766,227.46436256281203,229.57429350711575,21207000,0.00226697669589071,MSFT,1402,683,1.0
2022-12-27,230.4008026123047,232.31625810648032,229.30207698528272,232.09262880735398,16688600,-0.007414050653114845,MSFT,1398,679,1.0
2022-12-28,228.03807067871094,233.08441080456333,227.68803509667444,230.33274508619087,17457100,-0.01025487718273932,MSFT,1397,678,1.0
2022-12-29,234.3386993408203,235.22351357854706,229.12706662796964,229.12706662796964,19770700,0.027629722718477634,MSFT,1396,677,-1.0
2022-12-30,233.18162536621094,233.3177494769252,230.1090927684712,231.6161906747891,21938500,-0.004937613709831701,MSFT,1395,676,-1.0
2023-01-03,232.94827270507812,238.94748134129327,230.82860879757206,236.3513904454424,25740000,-0.0010007334873248785,MSFT,1391,672,-1.0
2023-01-04,222.7583770751953,226.42401047503648,219.7052947992431,225.8503455985308,50623400,-0.043743168865577386,MSFT,1390,671,1.0
2023-01-05,216.1562957763672,221.25125412142148,215.62151720752513,220.91093644040888,39585600,-0.029637858676800688,MSFT,1389,670,1.0
2023-01-06,218.7037811279297,219.51080795719037,213.2782522890228,216.82721193090404,43613600,0.011785385858934738,MSFT,1388,669,1.0
2023-01-09,220.8331756591797,224.8391416447206,220.14283719895346,220.18172344662707,27369800,0.009736432174459742,MSFT,1385,666,1.0
2023-01-10,222.51528930664062,224.90718660058684,221.03735973961676,221.45544993887123,27033900,0.007617123842193818,MSFT,1384,665,1.0
2023-01-11,229.24375915527344,229.41876953347588,224.71274699163635,224.88775736983877,28669300,0.030238236076265856,MSFT,1383,664,1.0
2023-01-12,231.90785217285156,233.25937529724501,227.09487499383394,228.74781470305837,27269500,0.011621223746264064,MSFT,1382,663,1.0
2023-01-13,232.6079559326172,232.74408004932297,228.41726187215806,230.4396879177981,21333300,0.003018887688390093,MSFT,1381,662,1.0
2023-01-17,233.69696044921875,234.24145690846152,230.52718988997353,231.3828356610212,29831300,0.004681716548496029,MSFT,1377,658,1.0
2023-01-18,229.2825927734375,235.6707371669467,229.00062672780834,234.88316097298835,30028700,-0.018889281517807666,MSFT,1376,657,1.0
2023-01-19,225.51002502441406,229.00066284863416,224.2946258083473,227.30882179875937,28623000,-0.016453790509736832,MSFT,1375,656,1.0
2023-01-20,233.57054138183594,234.07615156759218,228.0185916995672,228.35890938614477,35389800,0.035743494581002455,MSFT,1374,655,1.0
2023-01-23,235.86520385742188,238.38350713722812,233.01630075916648,234.42617553130606,31934000,0.009824280330945845,MSFT,1371,652,1.0
2023-01-24,235.34017944335938,237.19731304543689,233.7844773158166,235.78745289233305,40234400,-0.0022259511173164936,MSFT,1370,651,1.0
2023-01-25,233.94973754882812,236.56527872989417,224.50851101400366,227.98941574229838,66526600,-0.005908221442764261,MSFT,1369,650,1.0
2023-01-26,241.1351776123047,241.43659421049372,235.30126202491022,236.90558287687787,33454500,0.030713606002558125,MSFT,1368,649,1.0
2023-01-27,241.29078674316406,242.91455836670545,239.99760015608618,242.09781362847204,26498900,0.000645319079531248,MSFT,1367,648,1.0
2023-01-30,235.99163818359375,238.80164053803622,235.49574581512883,237.74180116090332,25867400,-0.021961669697777797,MSFT,1364,645,1.0
2023-01-31,240.950439453125,241.08656355946167,236.22496713827303,236.7111267803919,26541100,0.021012614293026255,MSFT,1363,644,1.0
2023-02-01,245.7537078857422,248.11643670951443,238.67522443009082,241.1351911203326,31259900,0.019934673883637455,MSFT,1362,643,1.0
2023-02-02,257.27569580078125,257.3632009780913,250.12914292548695,251.6556913662783,39940400,0.04688428921038268,MSFT,1361,642,1.0
2023-02-03,251.19866943359375,256.8867426469256,249.98327044240432,252.35573164703223,29077300,-0.023620677997867268,MSFT,1360,641,1.0
2023-02-06,249.66241455078125,251.1500618843591,247.72750865015405,250.31388153410032,22518000,-0.006115696736278431,MSFT,1357,638,1.0
2023-02-07,260.15380859375,261.3303069054437,252.8808478964387,253.31840354990376,50841400,0.04202232066787448,MSFT,1356,637,-1.0
2023-02-08,259.34674072265625,269.0991022332483,258.84111568990085,265.63764785701306,54686000,-0.003102271980780613,MSFT,1355,636,-1.0
2023-02-09,256.3227844238281,266.39602683122865,255.5254755531628,266.22098682274134,42375100,-0.011659897056743529,MSFT,1354,635,1.0
2023-02-10,255.81723022460938,256.7798168982394,253.4447686061317,254.29068170390744,25818500,-0.0019723342205225647,MSFT,1353,634,1.0
2023-02-13,263.8097229003906,266.9989295409681,259.7551376978075,260.2315944105398,44630900,0.031242980266668496,MSFT,1350,631,-1.0
2023-02-14,264.6361999511719,267.35868256455376,261.82618247447147,265.1223596801926,37047900,0.0031328528823530988,MSFT,1349,630,-1.0
2023-02-15,262.5209655761719,263.8953733913227,259.46022127566107,261.54621079213484,28922400,-0.007992989528228911,MSFT,1348,629,-1.0
2023-02-16,255.53195190429688,260.00607263961115,255.28826321666222,257.35473852825965,29603600,-0.026622687664338618,MSFT,1347,628,1.0
2023-02-17,251.54518127441406,253.52393201360653,249.53718908576167,252.84162161049076,30000100,-0.015601847832227067,MSFT,1346,627,1.0
2023-02-21,246.291259765625,249.04007506409081,245.23852294112166,248.0555633319736,28397400,-0.020886591753302097,MSFT,1342,623,1.0
2023-02-22,245.16053771972656,247.9190951759008,244.0200765591585,247.6754065123544,22491100,-0.004590995421333455,MSFT,1341,622,1.0
2023-02-23,248.33822631835938,250.35596054688392,244.15652087788237,249.108275885387,29219100,0.012961664337127532,MSFT,1340,621,1.0
2023-02-24,242.92832946777344,244.66339137207996,241.83660913434213,243.64965318726144,24990900,-0.021784390308283275,MSFT,1339,620,1.0
2023-02-27,243.8446044921875,246.43745519349676,243.09403931579286,246.08654295667617,21190000,0.003771791566761662,MSFT,1336,617,1.0
2023-02-28,243.123291015625,245.14104018082875,242.45070796055708,242.78213582911255,22491000,-0.0029580866800996697,MSFT,1335,616,1.0
2023-03-01,240.05284118652344,244.59518672884,239.58494822729267,244.4294802167035,27565300,-0.012629188327761831,MSFT,1334,615,1.0
2023-03-02,244.77064514160156,245.05331745079246,239.4094944705545,240.32576623774196,24808200,0.019653189405129057,MSFT,1333,614,1.0
2023-03-03,248.84510803222656,249.16677885152734,245.04357084699137,245.82337754163785,30760100,0.016646043843484115,MSFT,1332,613,1.0
2023-03-06,250.38525390625,253.55320692008516,249.517722752789,249.956359426143,24109800,0.0061891748091909005,MSFT,1329,610,1.0
2023-03-07,247.73390197753906,251.18454195758378,246.99309375726955,249.82961864090797,21473200,-0.01058908976206585,MSFT,1328,609,1.0
2023-03-08,247.2952880859375,248.11407854265232,244.47824732823858,247.62670114600144,17340200,-0.001770504109854687,MSFT,1327,608,1.0
2023-03-09,245.95010375976562,253.00731800229747,245.22877995450497,249.36174508099094,26653400,-0.005439587371775634,MSFT,1326,607,1.0
2023-03-10,242.31427001953125,246.40823683070676,241.3492723748031,244.74141460422547,28333900,-0.014782810353215825,MSFT,1325,606,1.0
2023-03-13,247.50970458984375,251.3989810865607,239.5264614444424,241.15429996225072,33339700,0.02144089396754767,MSFT,1322,603,1.0
2023-03-14,254.20628356933594,254.47921369225799,249.4007352202757,250.26826629818711,33620300,0.02705582389421579,MSFT,1321,602,1.0
2023-03-15,258.73883056640625,259.75258355094957,252.66609947014194,253.41667945505924,46028000,0.0178301926035358,MSFT,1320,601,1.0
2023-03-16,269.2272644042969,269.57816182335324,256.6334203873444,258.514689849532,54768800,0.04053675984748928,MSFT,1319,600,1.0
2023-03-17,272.3757019042969,276.1772393298442,269.3442290300633,271.23525555020916,69527400,0.01169434866474739,MSFT,1318,599,1.0
2023-03-20,265.3574523925781,270.47491398328793,263.0375317119125,269.9875366889346,43466600,-0.025766797341506997,MSFT,1315,596,1.0
2023-03-21,266.8683166503906,268.05751846766043,262.7158524815854,267.9405526736913,34558700,0.005693694464541599,MSFT,1314,595,1.0
2023-03-22,265.4159851074219,273.9450893595406,265.30874661401754,266.497948625342,34873300,-0.005442128017284942,MSFT,1313,594,1.0
2023-03-23,270.650390625,273.9645506194871,268.25250241830935,270.92332074814243,36610900,0.01972151570094627,MSFT,1312,593,1.0
2023-03-24,273.4869384765625,273.54542137989336,268.3304776871036,270.24098860593506,28172000,0.010480486819221646,MSFT,1311,592,1.0
2023-03-27,269.4027404785156,274.35448184903447,268.56443586925224,273.4187255560144,26840200,-0.014933795452161558,MSFT,1308,589,1.0
2023-03-28,268.2817687988281,269.1687992182552,265.18202599070054,268.8276290958363,21878600,-0.004160951286896419,MSFT,1307,588,1.0
2023-03-29,273.42840576171875,274.0425058819728,271.38141527658803,271.91751837517444,25087000,0.019183699980559688,MSFT,1306,587,1.0
2023-03-30,276.8790588378906,277.27871183195333,274.3739618829966,277.054537290587,25053400,0.012619950976048067,MSFT,1305,586,1.0
2023-03-31,281.0218200683594,281.9673334920584,275.8556311020604,276.56721287359744,32766000,0.014962349438258915,MSFT,1304,585,1.0
2023-04-03,279.9788513183594,280.9925749626686,276.78165654264745,279.2867539444378,24883300,-0.0037113443708616245,MSFT,1301,582,1.0
2023-04-04,279.9300537109375,283.1175206876223,278.4581943099055,279.9788092952923,25824300,-0.00017429033368809854,MSFT,1300,581,1.0
2023-04-05,277.16168212890625,279.90073980685764,275.7775474414122,278.63357089609315,22064800,-0.009889511845305288,MSFT,1299,580,1.0
2023-04-06,284.23846435546875,284.7063275533511,274.91005513471964,276.0602584923825,29770300,0.025533046892359135,MSFT,1298,579,1.0
2023-04-10,282.0843200683594,282.2890102574726,277.52244476659155,281.9088415876765,23103000,-0.00757865158043991,MSFT,1294,575,1.0
2023-04-11,275.6898498535156,278.7603508575734,274.5299191651681,278.5361465748028,27276600,-0.02266864820169423,MSFT,1293,574,1.0
2023-04-12,276.3331604003906,279.76431548610367,274.84178711506826,277.60035917532724,27403400,0.002333457496591862,MSFT,1292,573,1.0
2023-04-13,282.5229187011719,282.5814016075444,276.02132104979927,276.43070139440715,24222700,0.02239962186156985,MSFT,1291,572,1.0
2023-04-14,278.9163513183594,281.1972739689878,276.5281901717606,279.75462616341997,20987900,-0.012765574557252912,MSFT,1290,571,1.0
2023-04-17,281.50909423828125,284.2384247499491,278.93575776704006,282.61057160840295,23836200,0.009295772397948987,MSFT,1287,568,1.0
2023-04-18,281.0899963378906,284.39442891149264,279.76434427989847,284.2092231464568,20161800,-0.0014887543918417068,MSFT,1286,567,1.0
2023-04-19,281.1679992675781,281.7528282776957,277.3567049001675,278.7700813374877,17150300,0.0002775016212022141,MSFT,1285,566,1.0
2023-04-20,278.8869934082031,281.7332896133907,277.8829974713984,278.04871882377137,23244400,-0.008112608352717432,MSFT,1284,565,1.0
2023-04-21,278.5458984375,279.04300308117706,275.91404898236954,277.8148324496472,21676400,-0.0012230580083162357,MSFT,1283,564,1.0
2023-04-24,274.6566467285156,277.75638957147896,271.6836565150722,274.9685754009273,26611000,-0.013962696025326848,MSFT,1280,561,1.0
2023-04-25,268.4669494628906,274.49092630001803,268.41819388016194,272.45369257019934,45772200,-0.022536127704723685,MSFT,1279,560,1.0
2023-04-26,287.91326904296875,292.00725036990406,285.33993229955405,289.2097093535968,64599200,0.07243468746891746,MSFT,1278,559,1.0
2023-04-27,297.1344299316406,297.49511411918564,287.7962940057379,288.49811850361414,46462600,0.03202756482646052,MSFT,1277,558,1.0
2023-04-28,299.5032043457031,301.13102839340746,295.6529105371697,296.3352508757217,36469600,0.007972063064544344,MSFT,1276,557,1.0
2023-05-01,297.8460693359375,300.8093322076719,297.4464163049507,299.2204771506516,21294100,-0.005532945844054726,MSFT,1273,554,1.0
2023-05-02,297.6997985839844,301.37461262601437,296.23766672018985,299.9904777866923,26404400,-0.0004910951226559934,MSFT,1272,553,1.0
2023-05-03,296.71533203125,300.819041090019,296.4131604465873,298.8792887083803,22360800,-0.00330691037554276,MSFT,1271,552,1.0
2023-05-04,297.6997985839844,299.9904777866923,295.7405323674121,298.50883179320516,22519900,0.00331788231499508,MSFT,1270,551,1.0
2023-05-05,302.80755615234375,304.09423955747224,296.58861610804354,298.00202238980415,28197100,0.017157410225517644,MSFT,1269,550,1.0
2023-05-08,300.85797119140625,302.3688585182891,298.3626020452407,302.30061856381155,21318600,-0.006438362984431789,MSFT,1266,547,1.0
2023-05-09,299.2496643066406,302.21292664070313,298.5770812481338,300.22441891350263,21340800,-0.005345734661430734,MSFT,1265,546,1.0
2023-05-10,304.4256591796875,305.0982423493034,299.90281252520236,300.82881170640417,30078000,0.017296577040577965,MSFT,1264,545,1.0
2023-05-11,302.2811279296875,303.26563957263573,298.52834660179957,302.27140061196803,31680200,-0.007044515418899611,MSFT,1263,544,1.0
2023-05-12,301.16998291015625,302.80756378679547,298.8598188614768,302.71008236022425,19774700,-0.003675866327287558,MSFT,1262,543,1.0
2023-05-15,301.64764404296875,302.07653858018915,299.8248571333616,301.2967465564206,16336500,0.001586018394651889,MSFT,1259,540,1.0
2023-05-16,303.87005615234375,305.7903243255261,302.0082708882203,302.0082708882203,26730300,0.007367576552523625,MSFT,1258,539,1.0
2023-05-17,306.7420349121094,307.1620885056331,303.55737876771076,305.0715691203483,24315000,0.009451338496892836,MSFT,1257,538,1.0
2023-05-18,311.1576232910156,311.6656229362175,306.468583842939,307.2598588771496,27276000,0.01439511992600373,MSFT,1256,537,1.0
2023-05-19,310.9817199707031,311.3822465947649,309.05725438357535,309.4186972410466,27546700,-0.0005653190124413898,MSFT,1255,536,1.0
2023-05-22,313.7560729980469,315.1334851097125,310.659362704621,311.2357215634577,24115700,0.008921273660732032,MSFT,1252,533,1.0
2023-05-23,307.972900390625,315.2604571188561,307.96312199673974,312.6326330108963,30797200,-0.018432065878953963,MSFT,1251,532,1.0
2023-05-24,306.59552001953125,309.18426063109985,305.384161727715,307.4551840291494,23384900,-0.004472407699985026,MSFT,1250,531,1.0
2023-05-25,318.38653564453125,319.3438643558403,312.6033603605029,315.7684598442555,43301700,0.038457886221719306,MSFT,1249,530,1.0
2023-05-26,325.1954345703125,325.69362591247574,316.3936865085404,316.53043497879963,36630600,0.021385637153271908,MSFT,1248,529,1.0
2023-05-30,323.5542297363281,327.9795197443462,322.8801763737934,327.4813284245179,29503100,-0.005046826183623843,MSFT,1244,525,1.0
2023-05-31,320.79949951171875,328.1749743960477,319.76397327421006,324.60934766264484,45950600,-0.0085139675869923,MSFT,1243,524,1.0
2023-06-01,324.8925476074219,325.8206007034054,317.2142423331167,318.39626537207107,26773900,0.012758898009295638,MSFT,1242,523,1.0
2023-06-02,327.6474304199219,329.6988961808169,324.86330044529166,326.5240179212979,25873800,0.008479365971265196,MSFT,1241,522,1.0
2023-06-05,328.17498779296875,330.7344235831456,326.924575276692,327.4716288893014,21307100,0.001610137373489362,MSFT,1238,519,1.0
2023-06-06,325.9671936035156,327.61813272213266,324.49211655757586,327.5790489490728,20396200,-0.006727490733833497,MSFT,1237,518,1.0
2023-06-07,315.9052429199219,326.7584266923508,315.04557889593144,323.9840754044963,40717100,-0.030867985739179704,MSFT,1236,517,1.0
2023-06-08,317.7418212890625,319.0899281933469,315.8759662068324,316.45232513607897,23277700,0.0058137001847931025,MSFT,1235,516,1.0
2023-06-09,319.2364196777344,322.3624353785323,316.9114274266321,317.47800789711727,22529000,0.004703813878224716,MSFT,1234,515,1.0
2023-06-12,324.1794738769531,324.42369526305714,317.64410719983425,320.98503906691633,24260300,0.015483992096543053,MSFT,1231,512,1.0
2023-06-13,326.5630187988281,329.1908428300205,322.75317181693185,326.73885101056743,22951300,0.007352547320067959,MSFT,1230,511,1.0
2023-06-14,329.5426025390625,331.2033200737011,325.1173117243528,326.61194558065387,26003800,0.009124069685520375,MSFT,1229,510,-1.0
2023-06-15,340.0538330078125,341.7536041604146,329.40578750574196,329.6793142407834,38899100,0.03189642367257828,MSFT,1228,509,-1.0
2023-06-16,334.417236328125,343.3459850753044,334.04604484014123,343.1994581968657,46552000,-0.016575601074192314,MSFT,1227,508,-1.0
2023-06-20,330.2361755371094,334.1730234363889,328.0967936208768,331.4670609717045,26375400,-0.01250252779110117,MSFT,1223,504,-1.0
2023-06-21,325.84991455078125,329.92354007257114,324.39436474233247,328.5949603328218,25117800,-0.013282194112120282,MSFT,1222,503,1.0
2023-06-22,331.8578186035156,332.2583453008443,325.63506173065974,326.39703135157714,23556800,0.018437641946344785,MSFT,1221,502,-1.0
2023-06-23,327.27618408203125,330.1482299651682,325.74249643584824,326.6314360457984,23146900,-0.01380601650659996,MSFT,1220,501,1.0
2023-06-26,321.0046081542969,328.340998601614,320.8971352379601,326.00625756335666,21520600,-0.019162946259977165,MSFT,1217,498,1.0
2023-06-27,326.83660888671875,328.3800749537934,321.6884029069419,324.1892275549751,24354100,0.018167965768325134,MSFT,1216,497,1.0
2023-06-28,328.0870056152344,330.1677765285819,326.0941508206252,326.924509469394,20259500,0.0038257548099485117,MSFT,1215,496,1.0
2023-06-29,327.3054504394531,328.3409466072507,324.9316260064178,326.97331297168574,16997000,-0.0023821582763257076,MSFT,1214,495,1.0
2023-06-30,332.6686096191406,334.80799133337183,329.40581549810116,329.94309061938924,26832800,0.016385792453155634,MSFT,1213,494,-1.0
2023-07-03,330.1775817871094,333.0203226963317,328.7904208148886,331.3498565292041,12508700,-0.007488015881279342,MSFT,1210,491,-1.0
2023-07-05,330.3338317871094,333.752931098431,326.99290001201024,327.3445644884712,18172400,0.00047323019071821015,MSFT,1208,489,-1.0
2023-07-06,333.3817443847656,335.0619888415349,327.7451250968569,329.50350728576706,28161200,0.00922676487953722,MSFT,1207,488,-1.0
2023-07-07,329.4253845214844,333.8897591570252,329.210468483103,331.47685037654594,21214800,-0.011867356056290523,MSFT,1206,487,-1.0
2023-07-10,324.159912109375,327.4813467591402,320.017927004541,326.86590410565805,32791400,-0.015983808958006884,MSFT,1203,484,1.0
2023-07-11,324.7851867675781,325.1661566846007,319.4416208471581,323.4077743662795,26698200,0.0019289080322557606,MSFT,1202,483,1.0
2023-07-12,329.4057922363281,333.7529146882439,327.9111586604982,328.81965499219945,29995300,0.014226650897279258,MSFT,1201,482,-1.0
2023-07-13,334.7395935058594,335.79461674267833,331.1837159282275,331.711242452727,20567200,0.016192190287001917,MSFT,1200,481,-1.0
2023-07-14,337.260009765625,343.30693463785855,336.3515132189097,339.55569712467894,28352700,0.007529483540827497,MSFT,1199,480,-1.0
2023-07-17,337.7386474609375,338.9695029653532,334.29024270759476,337.689785296776,20363900,0.001419194928106382,MSFT,1196,477,-1.0
2023-07-18,351.1805419921875,358.3020452926389,334.2609086018875,337.83628312548785,64738600,0.03979969314232745,MSFT,1195,476,-1.0
2023-07-19,346.8725280761719,354.0819486228708,344.293565577068,353.388368189592,39732900,-0.012267234088702672,MSFT,1194,475,-1.0
2023-07-20,338.85235595703125,349.6957937644524,337.38702732933075,345.3975024189684,33778400,-0.023121381689181875,MSFT,1193,474,-1.0
2023-07-21,335.82391357421875,342.20297462021114,331.9749823654145,341.07956227112305,69405400,-0.008937350824252621,MSFT,1192,473,-1.0
2023-07-24,337.1329650878906,338.901155398555,334.397697414045,337.8558806826926,26678100,0.003898029475445819,MSFT,1189,470,-1.0
2023-07-25,342.8673095703125,343.7562790203098,337.09391224924093,339.0867373558683,41637700,0.017009147951245085,MSFT,1188,469,-1.0
2023-07-26,329.9626159667969,336.70314999869004,325.41032580255074,333.5477989926325,58383700,-0.037637573613209185,MSFT,1187,468,-1.0
2023-07-27,323.0755920410156,333.4403334728924,321.4441800463063,332.61000460063315,39635300,-0.02087213397069887,MSFT,1186,467,1.0
2023-07-28,330.54876708984375,332.1508737419497,325.46897998950345,325.95742277677743,28484900,0.023131351401746825,MSFT,1185,466,-1.0
2023-07-31,328.1553649902344,329.89421985375384,325.654510875741,329.1322504149572,25446000,-0.007240692865627452,MSFT,1182,463,1.0
2023-08-01,328.565673828125,330.7148339075202,325.9867115450311,327.4422614370604,18311900,0.001250349321282096,MSFT,1181,462,1.0
2023-08-02,319.9299621582031,325.91827431144833,318.8162985144339,325.91827431144833,27761300,-0.026283061067539526,MSFT,1180,461,1.0
2023-08-03,319.1094055175781,322.25497786737617,318.41582519365545,318.46465754141326,18253700,-0.0025648008554423063,MSFT,1179,460,1.0
2023-08-04,320.20355224609375,327.393445572908,319.67602568873457,324.20878906184083,23741500,0.0034287511104256208,MSFT,1178,459,1.0
2023-08-07,322.47967529296875,323.45656084506595,319.94954529049863,320.77990397221754,17741500,0.007108362886385722,MSFT,1175,456,1.0
2023-08-08,318.5135192871094,321.151122177393,315.5340303066097,319.4024887084689,22327600,-0.012298933265348144,MSFT,1174,455,1.0
2023-08-09,314.7818908691406,319.54906805843905,313.62914308212316,318.92387671073834,22373300,-0.011715761473236053,MSFT,1173,454,1.0
2023-08-10,315.4656066894531,320.67242275810133,313.75605717646994,318.4841791092021,20113700,0.002172030349092413,MSFT,1172,453,1.0
2023-08-11,313.59002685546875,314.9576606059445,311.83161505156005,312.8573627235517,24355500,-0.005945433651760035,MSFT,1171,452,1.0
2023-08-14,316.54998779296875,316.5695147707091,312.68149972344554,313.9612471638397,18836100,0.009438951127308082,MSFT,1168,449,1.0
2023-08-15,314.4203186035156,317.5756691585243,313.48251697268347,315.5339822625221,16966300,-0.006727750028680979,MSFT,1167,448,1.0
2023-08-16,313.65679931640625,317.59221281010525,313.06942104679297,314.04837487104845,20698900,-0.0024283395249407036,MSFT,1166,447,1.0
2023-08-17,310.21087646484375,315.0958462335388,309.55496429159837,313.79385086017476,21257200,-0.010986284560298598,MSFT,1165,446,1.0
2023-08-18,309.8193664550781,311.679373042675,304.9931006267398,307.8712277189821,24755000,-0.0012620769917137675,MSFT,1164,445,1.0
2023-08-21,315.1056823730469,315.9769357985516,310.3675491383052,311.23880256380994,24040000,0.01706257416524415,MSFT,1161,442,1.0
2023-08-22,315.6734313964844,319.21723934340076,314.6944776045053,318.6494592891844,16084600,0.0018017733579471784,MSFT,1160,441,1.0
2023-08-23,320.117919921875,322.2716304158125,316.65241480901244,317.00485374224843,21166400,0.014079387377420316,MSFT,1159,440,1.0
2023-08-24,313.2358703613281,325.97206974501347,313.22607126255105,325.8448009621162,23281400,-0.021498482691086007,MSFT,1158,439,1.0
2023-08-25,316.1824951171875,318.5123799630537,312.09044570865603,314.70426538436715,21684100,0.009407047642597144,MSFT,1157,438,1.0
2023-08-28,316.88739013671875,319.2858092722639,314.949050654982,318.8061314202153,14808500,0.002229392931034857,MSFT,1154,435,1.0
2023-08-29,321.4982604980469,322.056271402599,315.1056925945481,315.1056925945481,19284600,0.014550501234330548,MSFT,1153,434,1.0
2023-08-30,321.8702392578125,322.86876141280084,319.57949087262745,321.75276957784916,15222100,0.001157016399371491,MSFT,1152,433,1.0
2023-08-31,320.8619384765625,323.94563727355137,319.9025529034829,322.2716344766663,26411000,-0.0031326312851259752,MSFT,1151,432,1.0
2023-09-01,321.74298095703125,325.00288418337306,319.9025429102048,324.33720272503615,14942000,0.0027458616146618375,MSFT,1150,431,1.0
2023-09-05,326.5299987792969,327.80265653043256,321.74293066142496,322.07577133856296,18553900,0.01487839084484932,MSFT,1146,427,1.0
2023-09-06,325.8741760253906,327.4209100280818,323.23098856949474,326.3636529709045,17535800,-0.0020084609572106338,MSFT,1145,426,1.0
2023-09-07,322.96661376953125,326.0698802204904,322.10512974677425,324.3175746347369,18381000,-0.008922346321890928,MSFT,1144,425,1.0
2023-09-08,327.2348327636719,329.08506954151505,322.52606799742864,323.14281359004303,19530100,0.013215666301614748,MSFT,1143,424,1.0
2023-09-11,330.82763671875,331.29754527961506,328.3704532160462,330.1423571352341,16583300,0.010979283362761105,MSFT,1140,421,-1.0
2023-09-12,324.7875061035156,329.7018735211136,324.50363099894156,328.75228709732,17565500,-0.018257636136878586,MSFT,1139,420,1.0
2023-09-13,328.98724365234375,329.76062559468676,324.2001746396606,324.33721264984047,16544400,0.012930723842220715,MSFT,1138,419,-1.0
2023-09-14,331.5716552734375,333.68616913545833,329.4864789543326,332.01216654665086,20267000,0.007855659059610387,MSFT,1137,418,-1.0
2023-09-15,323.2701416015625,330.29902307578516,322.71213073688756,329.829144347891,37679800,-0.025036861685384326,MSFT,1136,417,1.0
2023-09-18,322.134521484375,323.4463159361462,319.4913343854658,320.9010301881777,16834200,-0.0035129137246061592,MSFT,1133,414,1.0
2023-09-19,321.7331237792969,322.4575698240528,317.6802710436974,319.30533775178856,16505900,-0.001246056160726039,MSFT,1132,413,1.0
2023-09-20,314.01904296875,322.6534238453553,313.7645352608611,322.57512067569024,21436500,-0.02397664474186556,MSFT,1131,412,1.0
2023-09-21,312.8051452636719,318.50266425545,308.3704851953978,312.540838460042,35560400,-0.0038656818185351938,MSFT,1130,411,1.0
2023-09-22,310.33819580078125,314.6847536524901,309.4962798834054,314.5574848611761,21447900,-0.007886537354784173,MSFT,1129,410,1.0
2023-09-25,310.8570251464844,310.98429393163934,308.3704739123921,309.92700700519936,17836000,0.001671819172514022,MSFT,1126,407,1.0
2023-09-26,305.5706481933594,309.2319257820145,303.49524107796117,308.4977104446982,26297600,-0.01700581465268125,MSFT,1125,406,1.0
2023-09-27,306.2069396972656,307.68513948600474,303.17217721742753,305.7272320635668,19410100,0.002082305704648846,MSFT,1124,405,1.0
2023-09-28,307.0390930175781,308.84036447643473,302.9372740873856,304.4448414726015,19683600,0.0027176174424237143,MSFT,1123,404,1.0
2023-09-29,309.1047058105469,312.74641565358826,308.3509220336715,311.0626136858314,24147300,0.006727523758189635,MSFT,1122,403,1.0
2023-10-02,315.0273132324219,315.1154453625428,308.5466440139972,309.6234991428816,20570000,0.019160521695535282,MSFT,1119,400,1.0
2023-10-03,306.7943420410156,314.6259723470464,304.66020007739525,314.0777307403494,21033500,-0.026134150423116176,MSFT,1118,399,1.0
2023-10-04,312.2471008300781,313.3043876816742,307.3914982671209,307.420865686593,20720100,0.01777333556018945,MSFT,1117,398,1.0
2023-10-05,312.6387023925781,313.2456789043345,308.2725763744339,312.3743955953389,16965600,0.00125413994704493,MSFT,1116,397,1.0
2023-10-06,320.3724670410156,322.26184092251725,309.6431106472469,309.8878491254301,25673600,0.024737067385618428,MSFT,1115,396,1.0
2023-10-09,322.8785705566406,323.3484492911128,316.37830256029935,317.9152672966711,19891200,0.007822468449837583,MSFT,1112,393,1.0
2023-10-10,321.4786682128906,324.13162477364205,320.7738202479149,323.9945568948938,20557100,-0.004335692955207859,MSFT,1111,392,1.0
2023-10-11,325.4238586425781,325.8154342155564,322.21289114367397,324.2393029495446,20063200,0.01227201310624726,MSFT,1110,391,1.0
2023-10-12,324.1903991699219,326.608416662478,321.8017491013521,323.6128199146543,19313100,-0.003790316659022186,MSFT,1109,390,1.0
2023-10-13,320.8326110839844,326.80420669372097,319.4914189840269,325.38474129276136,21072400,-0.010357456897351014,MSFT,1108,389,1.0
2023-10-16,325.6391906738281,329.06552880865223,323.6421166530187,324.08262791660326,22158000,0.014981580499575653,MSFT,1105,386,1.0
2023-10-17,325.0714111328125,326.4419405397074,320.51928173209353,322.65339394249423,18338500,-0.0017435847934664794,MSFT,1104,385,1.0
2023-10-18,323.16241455078125,328.52709196343386,321.3905106177838,325.4923293025366,23153600,-0.005872545282831099,MSFT,1103,384,1.0
2023-10-19,324.34698486328125,329.78996567974724,323.9456102144574,325.1595033838665,25052100,0.003665557190945634,MSFT,1102,383,1.0
2023-10-20,319.79486083984375,324.934368448125,318.6005359720502,324.73856573197526,25027700,-0.014034735132057108,MSFT,1101,382,1.0
2023-10-23,322.38909912109375,325.7273354388913,317.56286365993043,318.620120705819,24374700,0.008112195031643177,MSFT,1098,379,1.0
2023-10-24,323.5736389160156,324.8560661648909,320.7053110922139,324.32742268148115,31153600,0.003674255110210689,MSFT,1097,378,1.0
2023-10-25,333.500244140625,338.91385810810175,330.5144167677778,337.7586697804962,55053800,0.030678040577915677,MSFT,1096,377,1.0
2023-10-26,320.98919677734375,334.4400133073603,320.0591786565096,333.37295718073534,37828500,-0.03751435743479037,MSFT,1095,376,1.0
2023-10-27,322.8688049316406,329.63338041744635,321.48847625541964,323.47575161012696,29856500,0.0058556741883144525,MSFT,1094,375,1.0
2023-10-30,330.2109069824219,332.3058824741977,324.84622935304117,326.39299310170355,22828100,0.022740202641551965,MSFT,1091,372,1.0
2023-10-31,330.9940185546875,331.8653016809535,327.6460136572754,331.71846460217154,20265300,0.0023715496844787243,MSFT,1090,371,1.0
2023-11-01,338.78656005859375,340.1081537078223,332.5016633074158,332.6387311841403,28158800,0.023542846900777903,MSFT,1089,370,1.0
2023-11-02,340.9892272949219,341.48847346531505,337.5139230484177,339.93194035995595,24348100,0.0065016370069319596,MSFT,1088,369,1.0
2023-11-03,345.3748474121094,346.93141005833866,340.0199695710902,342.2715809671664,23637700,0.012861462375157062,MSFT,1087,368,1.0
2023-11-06,349.0263671875,350.0151200008031,345.91330154053924,346.0112028872033,23828300,0.010572627980153904,MSFT,1084,365,1.0
2023-11-07,352.9422302246094,354.83160398439014,350.1032700356418,351.83600759444016,25833900,0.011219390296108411,MSFT,1083,364,1.0
2023-11-08,355.5560607910156,356.2119431597548,352.9618091115113,354.0680317747925,26767800,0.007405831160365306,MSFT,1082,363,1.0
2023-11-09,353.098876953125,357.1125938314782,352.77580544293505,354.67497835793193,24847300,-0.006910819723967232,MSFT,1081,362,1.0
2023-11-10,361.8898620605469,362.3108050217642,353.47085345970584,353.8819973228906,28042100,0.024896666857960215,MSFT,1080,361,1.0
2023-11-13,358.9627990722656,360.71513487046275,358.1992162461448,360.4703964021509,19986500,-0.00808827020357794,MSFT,1077,358,1.0
2023-11-14,362.47723388671875,364.1218990717547,359.61870535436486,363.20168005612413,27683900,0.009790526549091183,MSFT,1076,357,1.0
2023-11-15,362.6244201660156,366.0184671527949,360.1131840283514,364.20372057822027,26860100,0.0004060566169044044,MSFT,1075,356,1.0
2023-11-16,369.00048828125,369.17705042836303,363.12463294088235,363.88976551430744,27182300,0.017583118401996556,MSFT,1074,355,1.0
2023-11-17,362.8009338378906,367.2347751466243,360.00524677898665,366.4892506146671,40157000,-0.016800938319176728,MSFT,1073,354,1.0
2023-11-20,370.24627685546875,371.6490149349355,363.9290160684621,364.1448242296059,52465100,0.020521840831051685,MSFT,1070,351,1.0
2023-11-21,365.9595947265625,369.0495522871196,364.0467481750121,368.5100468166504,28423100,-0.011577920959295995,MSFT,1069,350,1.0
2023-11-22,370.64849853515625,372.5515261398846,367.82338415552084,370.79563367244174,23345300,0.012812627066376647,MSFT,1068,349,1.0
2023-11-24,370.23651123046875,370.76622769070315,367.9901781565456,370.1384111547305,10176600,-0.0011115310228307917,MSFT,1066,347,1.0
2023-11-27,371.3940124511719,373.38535117738047,369.0299712724483,369.5989038114079,22179200,0.00312638323231873,MSFT,1063,344,1.0
2023-11-28,375.4060974121094,375.70036771009086,370.952617308365,371.1389984757335,20453100,0.010802772329198351,MSFT,1062,343,1.0
2023-11-29,371.62939453125,376.9755034472532,370.24626453575155,376.4458170169272,28963400,-0.01006031310331501,MSFT,1061,342,1.0
2023-11-30,371.688232421875,372.8457352264803,368.31379412619617,371.27622416915216,30554400,0.00015832410323524115,MSFT,1060,341,1.0
2023-12-01,367.37213134765625,370.95255911244834,364.23310896058763,369.57924804408185,33040500,-0.011612154213480386,MSFT,1059,340,1.0
2023-12-04,362.1045227050781,362.47725508494324,355.98343139448775,362.06527668869364,32063300,-0.014338617965534262,MSFT,1056,337,1.0
2023-12-05,365.4200134277344,365.96933781680315,358.6515286841893,359.4657262173714,23065000,0.00915617042805228,MSFT,1055,336,1.0
2023-12-06,361.7709045410156,367.0483700977194,361.0155910074396,366.420583640083,21182100,-0.009986067409086807,MSFT,1054,335,1.0
2023-12-07,363.8799743652344,364.3704447283438,359.3382140130918,361.21181439248187,23118900,0.00582984921602403,MSFT,1053,334,1.0
2023-12-08,367.0974426269531,367.3230398250767,361.2117985281366,362.16331218821597,20154400,0.008842114126591971,MSFT,1052,333,1.0
2023-12-11,364.2232971191406,364.51759731266617,359.12242306000167,361.4570668899954,27708800,-0.007829380360824811,MSFT,1049,330,1.0
2023-12-12,367.2445983886719,367.28384440026525,363.3992975227853,363.7818787799653,24838300,0.008295189498938038,MSFT,1048,329,1.0
2023-12-13,367.23480224609375,370.4424978188213,363.70340938140794,368.8533485777596,30955500,-2.667470841266617e-05,MSFT,1047,328,1.0
2023-12-14,358.9556579589844,366.63644114858533,357.18997650221536,366.19500581642444,43277500,-0.022544552521907457,MSFT,1046,327,1.0
2023-12-15,363.6641540527344,365.30230824664153,359.2989559925913,359.8580993724713,78502300,0.013117208182543916,MSFT,1045,326,1.0
2023-12-18,365.5475769042969,365.89091216563435,361.65324079721444,362.4085843593443,21802900,0.00517901704243684,MSFT,1042,323,1.0
2023-12-19,366.1459655761719,366.1459655761719,362.79113493260104,364.40968123442,20603700,0.0016369652260932455,MSFT,1041,322,1.0
2023-12-20,363.5562744140625,368.8631677330293,363.46799333439736,367.852799906723,26316700,-0.007072838172705764,MSFT,1040,321,1.0
2023-12-21,366.4206237792969,367.2740374598463,362.98733108269056,365.45929104730993,17708000,0.00787869600064206,MSFT,1039,320,1.0
2023-12-22,367.4408264160156,368.0293969388241,365.60647173641576,366.557985599773,17107500,0.0027842391244146114,MSFT,1038,319,1.0
2023-12-26,367.5192565917969,369.7558002532684,366.38136175547834,367.8527728468658,12673100,0.00021344981325643886,MSFT,1034,315,1.0
2023-12-27,366.9405517578125,367.91167362196546,365.7045567045712,366.56778944423564,14905400,-0.0015746245226739841,MSFT,1033,314,1.0
2023-12-28,368.1274719238281,369.2849749136942,367.02882298863733,368.2157530058411,14327000,0.0032346388545221316,MSFT,1032,313,1.0
2023-12-29,368.87298583984375,369.9716347431921,366.361779793351,368.8337398258849,18730800,0.0020251515381874974,MSFT,1031,312,1.0
2024-01-02,363.801513671875,368.7356447522221,359.7796503608471,366.73451711634624,25258600,-0.013748559430076246,MSFT,1027,308,1.0
2024-01-03,363.53662109375,366.14592688839195,361.4864586699457,361.97692900872954,23083500,-0.0007281239032004283,MSFT,1026,307,1.0
2024-01-04,360.9273376464844,365.9889954484458,360.1720240549271,363.6053166389914,20901500,-0.007177498210263478,MSFT,1025,306,1.0
2024-01-05,360.740966796875,364.96881910463645,359.5147908390338,361.93771572916546,21004600,-0.0005163666759759877,MSFT,1024,305,1.0
2024-01-08,367.5486755371094,368.04896487668356,361.9769395114855,362.26139076236115,23134000,0.01887146004148632,MSFT,1021,302,1.0
2024-01-09,368.62774658203125,368.8239167777909,364.1154129764403,364.91979160608497,20830000,0.0029358588854795364,MSFT,1020,301,1.0
2024-01-10,375.4747009277344,376.84804200266086,369.1476507008414,369.1966857666869,25514200,0.01857416976662507,MSFT,1019,300,1.0
2024-01-11,377.29925537109375,383.2339350900792,373.1302570741052,378.64313944413783,27850800,0.004859327243223577,MSFT,1018,299,1.0
2024-01-12,381.0660705566406,381.27205974083927,377.31886954764786,378.14285622037966,21661200,0.009983627404305473,MSFT,1017,298,1.0
2024-01-16,382.8317565917969,386.52010359232963,380.2322694497991,386.15716028479716,27202300,0.004633543029892495,MSFT,1013,294,1.0
2024-01-17,382.0469970703125,382.67478358686355,377.47580955942465,380.58540492477397,22234100,-0.0020498809410974816,MSFT,1012,293,1.0
2024-01-18,386.36309814453125,386.48080623556007,382.6845706202122,384.2540816844417,23392100,0.011297304015779108,MSFT,1011,292,1.0
2024-01-19,391.07159423828125,391.07159423828125,386.00011826738057,388.2170535578931,29331100,0.01218671274860883,MSFT,1010,291,1.0
2024-01-22,388.95281982421875,392.98447186970276,386.088459710553,392.3959014424087,27016900,-0.005417868352697419,MSFT,1007,288,1.0
2024-01-23,391.2972717285156,391.7681340805433,386.4219948473302,388.2073142541726,20525900,0.0060275997108245605,MSFT,1006,287,1.0
2024-01-24,394.8876037597656,397.89909979299784,392.8178326337226,393.88705472381343,24867000,0.009175458891880428,MSFT,1005,286,1.0
2024-01-25,397.15350341796875,399.25273113363767,394.858105500646,396.613997943498,21021200,0.0057380875890487015,MSFT,1004,285,1.0
2024-01-26,396.2314147949219,398.4287425690661,394.7600035777077,396.6630311468464,17803300,-0.0023217436459989083,MSFT,1003,284,1.0
2024-01-29,401.9110412597656,402.16609543170915,396.62375630100183,398.3207945584323,24510200,0.014334114491611816,MSFT,1000,281,1.0
2024-01-30,400.8025817871094,405.1775691973873,398.7033841260815,404.40264755037606,33477600,-0.002757972185043367,MSFT,999,280,1.0
2024-01-31,390.0024719238281,407.4043839387936,389.6395285786488,399.2037024045015,47871100,-0.026946208318133658,MSFT,998,279,1.0
2024-02-01,396.08428955078125,400.2238610760148,394.1420159186215,394.1714429462631,30657700,0.01559430533081585,MSFT,997,278,1.0
2024-02-02,403.38250732421875,404.78524558913676,395.86849663854684,396.11373185699847,28256700,0.0184259208607207,MSFT,996,277,1.0
2024-02-05,397.91864013671875,403.3236336682533,396.29027477301287,402.087638647816,25352300,-0.013545126742713243,MSFT,993,274,1.0
2024-02-06,397.7616882324219,400.1944322717671,395.23087405866585,398.1442695260025,18382600,-0.00039443214885070965,MSFT,992,273,1.0
2024-02-07,406.15850830078125,406.4037434899342,399.63525825649936,399.67450426882596,22340500,0.021110178070877783,MSFT,991,272,1.0
2024-02-08,406.2174072265625,407.63978345515557,404.66753383171147,406.158553169539,21225300,0.00014501462994753744,MSFT,990,271,1.0
2024-02-09,412.5346374511719,412.79951062359436,407.17870911735395,407.3356632361391,22032800,0.015551352827886111,MSFT,989,270,-1.0
2024-02-12,407.3454895019531,412.7210259706923,406.8452001103824,412.54446380988065,21202900,-0.012578696376332577,MSFT,986,267,1.0
2024-02-13,398.5758972167969,402.25442543992307,395.70174768308635,397.22219404093613,27824900,-0.02152863481041245,MSFT,985,266,1.0
2024-02-14,402.42822265625,402.7721928081846,397.5930862054174,401.03272774217567,20401200,0.009665224280628548,MSFT,984,265,1.0
2024-02-15,399.5487976074219,402.07448469518283,397.3179549607251,401.1015670196542,21825500,-0.0071551270182352855,MSFT,983,264,1.0
2024-02-16,397.0918884277344,401.24895188558764,396.4825852713034,400.9246260176193,22296500,-0.006149209294083691,MSFT,982,263,1.0
2024-02-20,395.84381103515625,397.51447618664315,391.1462443294289,396.2860326967427,24307900,-0.003143044290125907,MSFT,978,259,1.0
2024-02-21,395.2442932128906,395.3524118295115,390.3698381114288,393.2689765841808,18518900,-0.0015145312508432207,MSFT,977,258,1.0
2024-02-22,404.5509948730469,405.710638303165,401.52412337910727,403.1161813071161,27009900,0.02354670723896679,MSFT,976,257,1.0
2024-02-23,403.26361083984375,408.6884066709004,401.9172415297094,408.5017108463529,16295900,-0.0031822540285857404,MSFT,975,256,1.0
2024-02-26,400.51190185546875,405.05222425854834,400.3349831970826,404.3642838981377,16193500,-0.006823598535568909,MSFT,972,253,1.0
2024-02-27,400.4529724121094,401.27848291877046,396.88556737137105,400.95415701072204,14835800,-0.000147135311301283,MSFT,971,252,1.0
2024-02-28,400.68878173828125,402.24152110085487,398.33017625490425,401.1408405413653,13183100,0.0005888564760838655,MSFT,970,251,1.0
2024-02-29,406.5067138671875,407.05705416129825,398.9198455368932,401.59293981884394,31947300,0.014519827841614985,MSFT,969,250,1.0
2024-03-01,408.3345947265625,408.6982091819838,403.79427262351686,404.17753137688453,17823400,0.004496557613983709,MSFT,968,249,1.0
2024-03-04,407.7646484375,410.1527354833861,405.2094798738606,406.31016048803207,17596000,-0.0013957825186087236,MSFT,965,246,1.0
2024-03-05,395.7061767578125,407.10613735676765,393.73086019090937,406.82113009418805,26919200,-0.02957213609834486,MSFT,964,245,1.0
2024-03-06,395.1559143066406,398.1729790488092,391.5197391699057,396.0207434176088,22344100,-0.0013905834265222072,MSFT,963,244,1.0
2024-03-07,402.08428955078125,402.71323699020854,395.30325783772497,399.11635103541613,18718500,0.017533269763398307,MSFT,962,243,1.0
2024-03-08,399.2146301269531,403.34221201538827,397.357209279769,400.9246137706761,18002200,-0.007136959832561907,MSFT,961,242,1.0
2024-03-11,397.5439453125,398.68394443475927,394.34018518419236,396.7970720878644,16120800,-0.004184928828690038,MSFT,958,239,1.0
2024-03-12,408.1184387207031,408.40344602882556,399.7748595225906,400.59053286353617,22457000,0.026599558446024796,MSFT,957,238,1.0
2024-03-13,407.9414978027344,410.968369200055,404.35444900675975,410.88976201717287,17115900,-0.0004335528640249109,MSFT,956,237,1.0
2024-03-14,417.8869934082031,420.4421618629372,410.7816654727546,412.99286375239626,34157300,0.024379710470833427,MSFT,955,236,-1.0
2024-03-15,409.2387390136719,415.31215606424155,405.6713345351322,412.0592402980969,45079900,-0.02069519877610404,MSFT,954,235,1.0
2024-03-18,410.1231994628906,413.47439659588105,406.64423942002503,407.10613532964646,20106000,0.002161233443711774,MSFT,951,232,1.0
2024-03-19,414.1426696777344,414.3981955018545,408.3837114296865,410.62439098905713,19837900,0.009800640929622517,MSFT,950,231,-1.0
2024-03-20,417.8968200683594,418.61421185332546,413.4056235884817,414.7225113763612,17860100,0.009064872242085853,MSFT,949,230,-1.0
2024-03-21,421.9654541015625,423.39046066082557,419.7935742345306,422.41751294459345,21296200,0.009735977489700787,MSFT,948,229,-1.0
2024-03-22,421.3462829589844,422.446963535343,418.7223444405752,422.2897491598315,17648500,-0.001467350316381788,MSFT,947,228,-1.0
2024-03-25,415.56768798828125,420.03924040543956,414.3392444656493,417.9066492539799,18060500,-0.01371459819254095,MSFT,944,225,-1.0
2024-03-26,414.3785400390625,418.64369211377476,414.08372560652526,418.2702405050307,16725600,-0.0028615024305073122,MSFT,943,224,-1.0
2024-03-27,414.1623229980469,417.13026150811925,411.78407332169564,417.1204243635022,16705000,-0.0005217862898866388,MSFT,942,223,-1.0
2024-03-28,413.4645690917969,414.5947310272611,411.89215553357553,413.70042062857715,21871200,-0.0016847353501378004,MSFT,941,222,-1.0
2024-04-01,417.2481994628906,420.5109524938084,414.9387197575333,416.6388963047316,16316000,0.009151038937640354,MSFT,937,218,-1.0
2024-04-02,414.1722106933594,415.0960026612766,410.6342871982826,412.8651299341305,17912000,-0.007372083986200262,MSFT,936,217,-1.0
2024-04-03,413.1991882324219,415.9607262903023,411.86262636585826,412.4916037127801,16502300,-0.002349318558356628,MSFT,935,216,-1.0
2024-04-04,410.673583984375,421.27751676074166,410.3689323931849,417.66095627375125,19370900,-0.006112316577510435,MSFT,934,215,1.0
2024-04-05,418.1817932128906,419.1547408159618,411.10597696046364,412.76683489834704,16554800,0.01828266906205811,MSFT,933,214,-1.0
2024-04-08,417.2678527832031,419.91146556821536,416.00009070624833,417.8378673566601,14272400,-0.00218550985365884,MSFT,930,211,-1.0
2024-04-09,418.9287109375,420.3635245342137,414.34907001434647,419.0859553029516,12496900,0.003980316583745536,MSFT,929,210,-1.0
2024-04-10,415.9607849121094,416.7174952724338,412.4621804028437,414.90923013212864,16216600,-0.007084561043211535,MSFT,928,209,-1.0
2024-04-11,420.5502624511719,421.96543178968227,415.076310912024,418.4766641791292,17966400,0.011033438019961928,MSFT,927,208,-1.0
2024-04-12,414.6242980957031,417.8477330596638,412.5310253006027,416.7372151924941,19253800,-0.014090977665616844,MSFT,926,207,-1.0
