Date,Close,High,Low,Open,Volume,Retorno_Diario,Ticker,Alvo
2015-01-02,2.493750810623169,2.6615994595233814,2.491086739942717,2.6615994595233814,49559500,,PETR4.SA,-1.0
2015-01-05,2.2806105613708496,2.448459004042237,2.2726175847986374,2.435137884590017,78385100,-0.0854697463533084,PETR4.SA,1.0
2015-01-06,2.2060115337371826,2.3525461718347342,2.142069229358512,2.320575019645399,84723300,-0.03271011232572141,PETR4.SA,1.0
2015-01-07,2.309917688369751,2.3259031354808766,2.2273253646819353,2.280610865943288,85531000,0.04710136508513263,PETR4.SA,1.0
2015-01-08,2.4591169357299805,2.5017453971813084,2.328567987146984,2.3418893654702644,83306300,0.06459072031502933,PETR4.SA,1.0
2015-01-09,2.5337162017822266,2.5337162017822266,2.379188844436487,2.45112387088441,50813100,0.03033579451564461,PETR4.SA,-1.0
2015-01-12,2.3552098274230957,2.552365336828616,2.3418884542829264,2.4697732807108714,58728900,-0.0704523948789405,PETR4.SA,1.0
2015-01-13,2.421816825866699,2.501744823390227,2.357874529481517,2.371195650665355,65834800,0.02828070674130978,PETR4.SA,1.0
2015-01-14,2.373859167098999,2.387180537824626,2.3019241717150365,2.3658664462972285,55736500,-0.019802347665388575,PETR4.SA,1.0
2015-01-15,2.4804298877716064,2.501743979375924,2.3632021298638453,2.397837592241865,80907800,0.04489344698693443,PETR4.SA,1.0
2015-01-16,2.515066146850586,2.5656873261231854,2.4617808955774185,2.520394799019963,56978300,0.013963812986504731,PETR4.SA,1.0
2015-01-19,2.4431300163269043,2.5417077501247265,2.4378013665672356,2.491086847827901,30873100,-0.02860208293676947,PETR4.SA,1.0
2015-01-20,2.4804298877716064,2.624300133142758,2.437801450478957,2.5576935333582616,72842900,0.015267247831853181,PETR4.SA,1.0
2015-01-21,2.6376216411590576,2.6429502918927206,2.483094327059544,2.5177297945762005,48003500,0.06337278637158761,PETR4.SA,-1.0
2015-01-22,2.7255425453186035,2.7868207628259136,2.6562718592932177,2.690907329347946,74782400,0.033333402633484166,PETR4.SA,-1.0
2015-01-23,2.6589365005493164,2.7734999834272958,2.6322940014716383,2.693571978026011,43659400,-0.024437719706004835,PETR4.SA,-1.0
2015-01-26,2.6189723014831543,2.656272100486834,2.5736797791515764,2.608315252351259,33202100,-0.015030144216646724,PETR4.SA,-1.0
2015-01-27,2.7015647888183594,2.7628427615710107,2.539044461965641,2.5896656390156747,58750400,0.031536220252666336,PETR4.SA,-1.0
2015-01-28,2.42714524269104,2.541708715182296,2.3845170447642756,2.5124018926286706,106337900,-0.101577999262919,PETR4.SA,-1.0
2015-01-29,2.309917688369751,2.4191525086041428,2.2219969670062603,2.41115978504858,111506300,-0.04829853288520791,PETR4.SA,1.0
2015-01-30,2.2113399505615234,2.221997000155965,2.1527260507500423,2.184697199533367,87497200,-0.04267586602958129,PETR4.SA,1.0
2015-02-02,2.341888666152954,2.341888666152954,2.1660472362297556,2.253967951191355,57585100,0.05903602273285968,PETR4.SA,1.0
2015-02-03,2.656271457672119,2.6642641790657873,2.400502086318442,2.400502086318442,98061700,0.13424326957250488,PETR4.SA,-1.0
2015-02-04,2.669593095779419,2.8720770004901555,2.5470369211493127,2.744192429093901,117595000,0.005015164421099616,PETR4.SA,-1.0
2015-02-05,2.6189723014831543,2.7415284935419955,2.5843368282834716,2.626965024811052,78992700,-0.018961988767612237,PETR4.SA,-1.0
2015-02-06,2.429809331893921,2.613643735150847,2.3632027156004995,2.6109794095189316,117747100,-0.0722279382191664,PETR4.SA,1.0
2015-02-09,2.504408597946167,2.5230586227414817,2.3232387796899023,2.3445528759553453,72534200,0.030701695426488262,PETR4.SA,1.0
2015-02-10,2.373859167098999,2.6109787529463118,2.3685307712591563,2.456451462330674,75478700,-0.052127848049327796,PETR4.SA,1.0
2015-02-11,2.419151544570923,2.448458355318606,2.3472165530687916,2.3818517593687814,48681100,0.019079639643186486,PETR4.SA,1.0
2015-02-12,2.517730236053467,2.541708660391401,2.4697736414616944,2.4910877399656144,61706000,0.04074928323683347,PETR4.SA,1.0
2015-02-13,2.6722571849823,2.690907208998623,2.5736794303510946,2.579008081236918,72282500,0.06137549873931425,PETR4.SA,-1.0
2015-02-18,2.674921751022339,2.7548497429104413,2.666929028058753,2.7068928969607633,42896700,0.0009971218545181681,PETR4.SA,-1.0
2015-02-19,2.587000846862793,2.656271785035744,2.5710151480213184,2.6536074595481542,38492400,-0.032868589193662645,PETR4.SA,-1.0
2015-02-20,2.5683512687683105,2.6376219580396665,2.53904419438035,2.6163078607124675,35272700,-0.007208957089093526,PETR4.SA,-1.0
2015-02-23,2.5310511589050293,2.5550295789586306,2.501744342219545,2.5443725316108132,41168500,-0.01452297834679328,PETR4.SA,-1.0
2015-02-24,2.6376216411590576,2.637621641159057,2.555029587459689,2.5710150314925757,48578000,0.04210522647046466,PETR4.SA,-1.0
2015-02-25,2.504408597946167,2.504408597946167,2.397838116618953,2.424480863992791,96303900,-0.050504985678822556,PETR4.SA,-1.0
2015-02-26,2.4591169357299805,2.5363808791881732,2.4404671585278837,2.504409469578638,44179900,-0.018084773488371564,PETR4.SA,-1.0
2015-02-27,2.544373035430908,2.56835146023256,2.4244811655067506,2.4777664127970316,46969600,0.03466939634394395,PETR4.SA,-1.0
2015-03-02,2.5097365379333496,2.587000178524334,2.469772682280219,2.5150649334479014,38009000,-0.013612979313661344,PETR4.SA,-1.0
2015-03-03,2.549701690673828,2.6109799218106957,2.536380568068712,2.5816728422775355,42133600,0.01592404307640516,PETR4.SA,-1.0
2015-03-04,2.469774007797241,2.517730609502299,2.4537883045061326,2.507073558669605,48308500,-0.03134785656257055,PETR4.SA,-1.0
2015-03-05,2.461780309677124,2.4990801037331023,2.4404662142405824,2.4804303337471434,52913800,-0.0032366111615397264,PETR4.SA,-1.0
2015-03-06,2.464444875717163,2.4910876246558473,2.4431307781998495,2.451123501247821,27181900,0.0010823736096858827,PETR4.SA,-1.0
2015-03-09,2.376523494720459,2.445794419304027,2.3711948447906397,2.4324730485634927,37625700,-0.03567593735328267,PETR4.SA,-1.0
2015-03-10,2.2699532508850098,2.3925091618123795,2.2672889256690136,2.3525452999085883,72090500,-0.04484291616396774,PETR4.SA,1.0
2015-03-11,2.3285679817199707,2.352546411829158,2.2859397744521512,2.309918204561339,44035300,0.02582199911478722,PETR4.SA,1.0
2015-03-12,2.256632089614868,2.419152131706296,2.2486391132204906,2.389845313845761,63029900,-0.030892760129754948,PETR4.SA,1.0
2015-03-13,2.221996545791626,2.235317918581687,2.174039705381028,2.198018125586327,72933500,-0.015348334353055049,PETR4.SA,1.0
2015-03-16,2.235318422317505,2.264625245792779,2.1820329191492105,2.2619609198175423,53380500,0.0059954533012709366,PETR4.SA,1.0
2015-03-17,2.3605382442474365,2.37918826843546,2.2166679720984335,2.224660948500756,63896300,0.05601878492107981,PETR4.SA,1.0
2015-03-18,2.4511234760284424,2.4751018990097293,2.3099175179080738,2.357874363870648,65324600,0.038374820658703346,PETR4.SA,1.0
2015-03-19,2.376523494720459,2.459115535960548,2.357873728134119,2.445794419304027,42857200,-0.03043501563163098,PETR4.SA,1.0
2015-03-20,2.4564526081085205,2.4910880865167773,2.3871816512920065,2.419152803495598,65339300,0.0336327890574728,PETR4.SA,1.0
2015-03-23,2.4857592582702637,2.515066082196089,2.451123782312045,2.4777665343057866,34124600,0.011930476519272037,PETR4.SA,1.0
2015-03-24,2.5097365379333496,2.517729258247176,2.456451312367843,2.4964151680209734,36392400,0.009645857531582092,PETR4.SA,1.0
2015-03-25,2.6109797954559326,2.634958221519342,2.5390445172657046,2.571015667322212,84659600,0.040340193479412756,PETR4.SA,1.0
2015-03-26,2.4857592582702637,2.6536079860289647,2.4804308603219836,2.642950936048291,58862000,-0.047959213397054556,PETR4.SA,1.0
2015-03-27,2.493750810623169,2.5603574052303646,2.4431299105186577,2.477765370204479,51152500,0.003214934159982308,PETR4.SA,1.0
2015-03-30,2.587000846862793,2.597657894729088,2.5097371863111366,2.5310512820437268,33372200,0.03739348608625481,PETR4.SA,1.0
2015-03-31,2.573679208755493,2.6429501398025694,2.52305830011896,2.5523651152154754,46908300,-0.005149452549833788,PETR4.SA,1.0
2015-04-01,2.7335360050201416,2.7628428291292355,2.62962957649571,2.6456152786087435,59374600,0.062112168338938956,PETR4.SA,1.0
2015-04-02,2.8480989933013916,2.856091970737071,2.709557354176181,2.709557354176181,69001800,0.0419101808320268,PETR4.SA,1.0
2015-04-06,2.8534276485443115,2.9280269927832734,2.8454349251825892,2.877406072713573,45227600,0.0018709515559158785,PETR4.SA,1.0
2015-04-07,2.909376621246338,2.920033668229202,2.786820453901381,2.8241202453834258,61721500,0.019607636706880927,PETR4.SA,1.0
2015-04-08,2.8161277770996094,3.018611960349322,2.794813679292701,2.9573339926754842,73904600,-0.032051142318859305,PETR4.SA,1.0
2015-04-09,3.0852184295654297,3.090547080800211,2.8187919658441722,2.850763111000634,79280800,0.09555342433465941,PETR4.SA,1.0
2015-04-10,3.1464972496032715,3.1784684008690403,3.0026269418652496,3.069233570523299,70021600,0.0198620685817934,PETR4.SA,1.0
2015-04-13,3.2690529823303223,3.3969375688440904,3.1704749626208497,3.189124988717173,104809600,0.038949893486321496,PETR4.SA,1.0
2015-04-14,3.319673538208008,3.39427287218907,3.1891246402201343,3.3756231022148193,87127100,0.015484776830261504,PETR4.SA,1.0
2015-04-15,3.5541300773620605,3.564787128778031,3.3223390185015975,3.3836170006223893,103042800,0.07062638432832613,PETR4.SA,-1.0
2015-04-16,3.4582157135009766,3.5514650865068407,3.3356597721896466,3.5301509876627746,109852700,-0.026986734242510746,PETR4.SA,1.0
2015-04-17,3.4502224922180176,3.527486152902539,3.3356592909793523,3.359637458156703,71274400,-0.002311371512122018,PETR4.SA,1.0
2015-04-20,3.4821932315826416,3.5647855336623824,3.468872113836519,3.5248214181719137,52514600,0.009266283388023266,PETR4.SA,1.0
2015-04-22,3.4635441303253174,3.5408077969153653,3.372959089340279,3.5141650481253834,65914800,-0.005355561859170077,PETR4.SA,1.0
2015-04-23,3.4289088249206543,3.5328152453427695,3.1678109920789588,3.277045810067182,182613700,-0.009999960763141802,PETR4.SA,1.0
2015-04-24,3.522157669067383,3.6713563357695205,3.506171970592982,3.5141646927881536,106143700,0.027194903366637657,PETR4.SA,1.0
2015-04-27,3.3356590270996094,3.49551473272295,3.3329947018182096,3.450222219275326,53111300,-0.05295011169024577,PETR4.SA,1.0
2015-04-28,3.402265787124634,3.4289082788806557,3.263723915290722,3.3996014617238153,60884300,0.019968096104516997,PETR4.SA,1.0
2015-04-29,3.4155867099761963,3.444893779535469,3.338323056374184,3.3516444285298497,35821900,0.003915309292405578,PETR4.SA,1.0
2015-04-30,3.479529857635498,3.5035080268331567,3.410258913506925,3.418251636572811,48515300,0.01872098502800057,PETR4.SA,1.0
2015-05-04,3.6740212440490723,3.6900069450594724,3.543472326453179,3.546136652302262,55651100,0.05589588087217634,PETR4.SA,-1.0
2015-05-05,3.844533681869507,3.8924902691825256,3.6420495227308036,3.6500422449356305,76329800,0.046410302634101175,PETR4.SA,-1.0
2015-05-06,3.6740212440490723,3.9830759281879606,3.6154073457897353,3.92979068162679,72197500,-0.04435191675509487,PETR4.SA,-1.0
2015-05-07,3.6393849849700928,3.743291383906906,3.5514642835943437,3.6766847765565482,44978900,-0.009427343169308267,PETR4.SA,-1.0
2015-05-08,3.599421501159668,3.75394882615523,3.559457380091393,3.740627452465805,43687900,-0.010980834392477212,PETR4.SA,-1.0
2015-05-11,3.6686923503875732,3.6846777951524685,3.578107316439624,3.6447139291561674,28040500,0.019244995120906827,PETR4.SA,-1.0
2015-05-12,3.6580350399017334,3.7459560022398786,3.6313925473276836,3.6500423175379244,30765100,-0.0029049343657049365,PETR4.SA,-1.0
2015-05-13,3.7246410846710205,3.7646051985659774,3.663363132416387,3.695334271081938,45346800,0.018208148375494115,PETR4.SA,-1.0
2015-05-14,3.703327178955078,3.7912478782394534,3.6660276423399107,3.7566126668350943,49457700,-0.005722405255008556,PETR4.SA,-1.0
2015-05-15,3.7406272888183594,3.7619413841553486,3.626063835819001,3.7086561458128764,54224100,0.010072053604997855,PETR4.SA,-1.0
2015-05-18,3.6500420570373535,3.903147115889264,3.6020854721930626,3.900483044680836,82200400,-0.024216588498882863,PETR4.SA,-1.0
2015-05-19,3.434237480163574,3.6207359686861897,3.407594730052874,3.610078919458729,70521100,-0.059123860355993374,PETR4.SA,0.0
2015-05-20,3.420916795730591,3.495516155383104,3.364967212470169,3.3996026929727297,43164900,-0.003878789544964456,PETR4.SA,0.0
2015-05-21,3.5914289951324463,3.602086298747823,3.4262446003556586,3.4262446003556586,53682900,0.04984400661678179,PETR4.SA,-1.0
2015-05-22,3.4821932315826416,3.6367205350107716,3.442229370176207,3.6020853239700132,53753700,-0.030415682364277496,PETR4.SA,0.0
2015-05-25,3.4182517528533936,3.466208601048255,3.3889449312254745,3.4582156236263826,24377600,-0.0183624154309745,PETR4.SA,0.0
2015-05-26,3.301023483276367,3.426243719556915,3.2930305076196222,3.410258276411501,44844200,-0.03429480273919838,PETR4.SA,1.0
2015-05-27,3.3409876823425293,3.372958825943407,3.274381069653018,3.33033063447557,47223300,0.012106608531756491,PETR4.SA,1.0
2015-05-28,3.3702938556671143,3.4155863639575608,3.30368725572046,3.322337276482653,96419400,0.008771709479646228,PETR4.SA,1.0
2015-05-29,3.285038709640503,3.40493058327504,3.27704598582063,3.386280809667299,75971600,-0.025296057162272567,PETR4.SA,1.0
2015-06-01,3.2930312156677246,3.3702948850407703,3.2637243942103944,3.31168124212611,40498000,0.0024330020841965005,PETR4.SA,1.0
2015-06-02,3.431572914123535,3.4502226854450733,3.322338103667538,3.3436522006304608,47041600,0.04207117679196326,PETR4.SA,0.0
2015-06-03,3.4075939655303955,3.4901862690760095,3.388944197087596,3.4528864781063713,90062100,-0.006987742703775335,PETR4.SA,0.0
2015-06-05,3.3489809036254883,3.40493047678295,3.3090170316919165,3.3516452295101535,36719100,-0.017200717719836667,PETR4.SA,1.0
2015-06-08,3.3489809036254883,3.402266404982386,3.322338407031141,3.359637953080048,23667600,0.0,PETR4.SA,1.0
2015-06-09,3.4635441303253174,3.508836650817837,3.348980666246112,3.359637714945288,88228800,0.03420838457926312,PETR4.SA,-1.0
2015-06-10,3.484858512878418,3.580771959019291,3.442230314593585,3.5434724125621146,45583600,0.006153922615416141,PETR4.SA,-1.0
2015-06-11,3.490187406539917,3.5008444568495487,3.4235807785836907,3.4981801307511105,35341600,0.001529156389507902,PETR4.SA,-1.0
2015-06-12,3.4688730239868164,3.4742014216665043,3.41825184856723,3.4262445721288115,30067700,-0.006106945006208453,PETR4.SA,-1.0
2015-06-15,3.4662091732025146,3.4875232750108944,3.4369020926528915,3.455552122298325,31713200,-0.0007679297471776536,PETR4.SA,-1.0
2015-06-16,3.564786434173584,3.5914289304801015,3.4395659138722454,3.4742013877464073,49988000,0.0284395014972485,PETR4.SA,-1.0
2015-06-17,3.5008444786071777,3.620736358856685,3.4955158263771837,3.596757931989959,40920200,-0.01793710696198547,PETR4.SA,-1.0
2015-06-18,3.5834360122680664,3.5834360122680664,3.503508019523706,3.5381434915157315,26832100,0.023591888804425754,PETR4.SA,-1.0
2015-06-19,3.503507375717163,3.5807710285524124,3.490186257777737,3.5461358170090573,36247800,-0.022305026872885048,PETR4.SA,-1.0
2015-06-22,3.508835792541504,3.5621210230035874,3.4981787464490868,3.5434712558628636,22567300,0.0015208807212088171,PETR4.SA,-1.0
2015-06-23,3.4555511474609375,3.578107325327153,3.450222496470028,3.535479133736133,48007400,-0.01518584745226037,PETR4.SA,-1.0
2015-06-24,3.522157669067383,3.556793137358536,3.4768651531546477,3.4795294785810578,39613200,0.019275223767238003,PETR4.SA,-1.0
2015-06-25,3.35697340965271,3.527486176970036,3.335659313738044,3.5248218514596865,48369000,-0.04689859879509917,PETR4.SA,-1.0
2015-06-26,3.5194942951202393,3.5194942951202393,3.3676312619362117,3.372959660145482,34536800,0.04841292010243903,PETR4.SA,-1.0
2015-06-29,3.4235799312591553,3.62073544023407,3.362301716581836,3.46354379650832,63175500,-0.02725231405945705,PETR4.SA,-1.0
2015-06-30,3.380951404571533,3.4608793872173864,3.370294357157689,3.436900967015225,32876500,-0.012451447766240298,PETR4.SA,-1.0
2015-07-01,3.23974609375,3.423580515045188,3.1997822216862297,3.4102591396625637,62627200,-0.041764963149308554,PETR4.SA,-1.0
2015-07-02,3.290367841720581,3.3383244457219567,3.239746657278276,3.2903678417205815,37421500,0.015625220775244975,PETR4.SA,-1.0
2015-07-03,3.1331756114959717,3.279710233127731,3.1118615124314357,3.2637245317872776,31574500,-0.04777345202304528,PETR4.SA,-1.0
2015-07-06,3.0665688514709473,3.1251824942391737,3.0052906288335035,3.0665688514709477,51206800,-0.021258546690021696,PETR4.SA,-1.0
2015-07-07,3.1358397006988525,3.1571537981545457,2.8827343487653523,3.026604633633321,72452800,0.022589040906313862,PETR4.SA,-1.0
2015-07-08,3.0532474517822266,3.194453414151596,3.018611979109723,3.095875647660973,44001500,-0.026338160365218743,PETR4.SA,-1.0
2015-07-10,3.1464972496032715,3.191789523333351,3.1305115469283247,3.170475422489505,30885900,0.030541185833665052,PETR4.SA,-1.0
2015-07-13,3.1411688327789307,3.178468639093321,3.0852192503494176,3.1624829352202557,29585400,-0.001693443979654763,PETR4.SA,-1.0
2015-07-14,3.194453001022339,3.218431421624097,3.0852181996890464,3.114525017044497,37058500,0.016963165967831317,PETR4.SA,-1.0
2015-07-15,3.138503074645996,3.213102653241934,3.122517632149743,3.1864599103028093,33375100,-0.017514712646715003,PETR4.SA,-1.0
2015-07-16,3.194453001022339,3.194453001022339,3.149160485237697,3.1678105090857627,26442500,0.017826946491888762,PETR4.SA,-1.0
2015-07-17,3.0399246215820312,3.170473472477022,3.034596226690383,3.1491593847424917,39929900,-0.04837397181641212,PETR4.SA,-1.0
2015-07-20,2.8747425079345703,3.074562423465011,2.8640854559363134,3.053248319468497,48763200,-0.054337568923500834,PETR4.SA,-1.0
2015-07-21,2.8587558269500732,2.9946333841039996,2.824120610342908,2.906712671612418,40357600,-0.005561082754497959,PETR4.SA,-1.0
2015-07-22,2.7601780891418457,2.8560917792672726,2.752185366326086,2.826784705469358,30155200,-0.034482741365637115,PETR4.SA,-1.0
2015-07-23,2.696235179901123,2.8134629400312696,2.696235179901123,2.722877921953616,50696500,-0.023166225937473084,PETR4.SA,-1.0
2015-07-24,2.6722571849823,2.72554242342024,2.6003221766120945,2.7095569789308875,45143700,-0.008893139254900762,PETR4.SA,1.0
2015-07-27,2.5310511589050293,2.6616000524368006,2.5310511589050293,2.6536073304469507,54768800,-0.052841480554651654,PETR4.SA,1.0
2015-07-28,2.669593095779419,2.7228783338611917,2.560358040106713,2.581672135339422,72306100,0.05473691686829629,PETR4.SA,1.0
2015-07-29,2.850762367248535,2.8694123876204816,2.640285525984642,2.666928267039417,88194700,0.06786400210411903,PETR4.SA,-1.0
2015-07-30,2.776163339614868,2.912040875915282,2.728206502312596,2.8853981320620115,47498400,-0.026168097520407385,PETR4.SA,-1.0
2015-07-31,2.794813394546509,2.85076295911031,2.749520877800381,2.7921490690710744,37462200,0.006717924217754412,PETR4.SA,-1.0
2015-08-03,2.6722571849823,2.7734992650564165,2.6509430896071233,2.7601778919259163,41499600,-0.04385130320448283,PETR4.SA,-1.0
2015-08-04,2.706892967224121,2.784156635435216,2.6909075208820123,2.701564569804781,30786900,0.01296124580989777,PETR4.SA,-1.0
2015-08-05,2.666929006576538,2.810799289182609,2.666929006576538,2.773499492179524,43759700,-0.01476377571314369,PETR4.SA,-1.0
2015-08-06,2.754850387573242,2.7681717650192765,2.5949943663891153,2.6269655198091124,60293400,0.0329672746368177,PETR4.SA,-1.0
2015-08-07,2.5816726684570312,2.8107996206496515,2.5790085965658522,2.730871619979763,65832700,-0.06286283999210707,PETR4.SA,-1.0
2015-08-10,2.6616005897521973,2.6722576392514252,2.5497014429682516,2.613643994047722,51017800,0.030959742600883633,PETR4.SA,-1.0
2015-08-11,2.6589365005493164,2.6589365005493164,2.52305917085967,2.60831557444284,45648700,-0.0010009350062283318,PETR4.SA,-1.0
2015-08-12,2.616307497024536,2.6669286617029435,2.576343633612359,2.610979100475468,40039100,-0.01603235109825807,PETR4.SA,-1.0
2015-08-13,2.5310511589050293,2.6562716558049178,2.5310511589050293,2.640285957741167,31405700,-0.032586512944853374,PETR4.SA,-1.0
2015-08-14,2.4777660369873047,2.5790081185252185,2.4777660369873047,2.560358094239246,28018600,-0.021052566136504525,PETR4.SA,-1.0
2015-08-17,2.4378018379211426,2.4937514007955977,2.4298091158202357,2.451123210812023,33125100,-0.016129125377291165,PETR4.SA,-1.0
2015-08-18,2.3951735496520996,2.4511231102306756,2.3498810361321074,2.4138235725676545,38013600,-0.017486363167809715,PETR4.SA,-1.0
2015-08-19,2.3285679817199707,2.4111603238644888,2.2992611527443843,2.3845175672800227,37036000,-0.027808242931625315,PETR4.SA,-1.0
2015-08-20,2.315246105194092,2.3871813800414112,2.2806108848054967,2.30192498385268,38857700,-0.005721059737340717,PETR4.SA,-1.0
2015-08-21,2.2113399505615234,2.3019249991563293,2.208675624641887,2.2912679495618877,39848800,-0.04487909704262638,PETR4.SA,1.0
2015-08-24,2.102105140686035,2.1767046198230955,2.006191687992464,2.067469790734387,70881000,-0.04939756542079854,PETR4.SA,1.0
2015-08-25,2.0914480686187744,2.1926900454082525,2.0914480686187744,2.158054822859152,58283200,-0.005069714098022149,PETR4.SA,1.0
2015-08-26,2.1660470962524414,2.1660470962524414,2.091447633415022,2.1500613972542544,43893300,0.035668601459912574,PETR4.SA,1.0
2015-08-27,2.376523494720459,2.3791878196853684,2.192689137485914,2.1980177874157327,66820200,0.09717073965389322,PETR4.SA,-1.0
2015-08-28,2.4031665325164795,2.5017442816168343,2.2939314822424213,2.3099171799189318,77260900,0.011210929685824267,PETR4.SA,-1.0
2015-08-31,2.4484589099884033,2.4751016560375367,2.2699534261618175,2.320574338754302,76576400,0.018846957486752247,PETR4.SA,-1.0
2015-09-01,2.2886037826538086,2.421817038882001,2.2752824062141648,2.3312319839933706,52756400,-0.06528805800353488,PETR4.SA,-1.0
2015-09-02,2.349881410598755,2.3552100620192187,2.219332499806398,2.3312316387952996,56050600,0.02677511433363544,PETR4.SA,-1.0
2015-09-03,2.333895683288574,2.4537875308780173,2.2752817951464266,2.379188198568772,56645400,-0.006802780445889556,PETR4.SA,-1.0
2015-09-04,2.267289161682129,2.3338957745112108,2.267289161682129,2.2912675829540485,35463400,-0.02853877406919636,PETR4.SA,-1.0
2015-09-08,2.30192494392395,2.341888815423187,2.285939242873796,2.3179103908900056,29383000,0.015276296833759195,PETR4.SA,-1.0
2015-09-09,2.235318422317505,2.3711957439611484,2.227325444391795,2.3472175724363478,38706300,-0.028935140471133325,PETR4.SA,-1.0
2015-09-10,2.1234188079833984,2.1713755245442186,2.080790615484892,2.104769037286319,62858700,-0.05005980947362865,PETR4.SA,-1.0
2015-09-11,2.0408263206481934,2.1287470182365547,2.022176552700369,2.1154257735655393,53647300,-0.03889599499857632,PETR4.SA,1.0
2015-09-14,2.0568127632141113,2.083455517945081,1.9875419312229718,2.0514842376763314,52851400,0.007833318496617725,PETR4.SA,-1.0
2015-09-15,2.03816294670105,2.096776726447557,2.0088559933067622,2.03816294670105,35102900,-0.009067337993332036,PETR4.SA,1.0
2015-09-16,2.168710947036743,2.1953534340896113,2.0621402365732413,2.070133084322706,66613400,0.06405179750078238,PETR4.SA,-1.0
2015-09-17,2.094111442565918,2.1607179124384888,2.094111442565918,2.144732471466033,72887600,-0.03439808544921841,PETR4.SA,-1.0
2015-09-18,2.024841547012329,2.0674698770308444,1.9981989201520483,2.0648055508237833,68097000,-0.03307841891581109,PETR4.SA,-1.0
2015-09-21,1.9449129104614258,2.0461548531786655,1.944912910461426,2.040826329877758,41063600,-0.03947402040857895,PETR4.SA,-1.0
2015-09-22,1.856992483139038,1.9289276266283943,1.8143642876022474,1.9289276266283943,66720700,-0.045205328654807864,PETR4.SA,-1.0
2015-09-23,1.8170286417007446,1.9076135586300873,1.7850573675071664,1.8543283133775328,64774800,-0.021520734090823557,PETR4.SA,1.0
2015-09-24,1.8543281555175781,1.902284872162296,1.7584145951861077,1.761078920742943,56577300,0.020527752265875776,PETR4.SA,-1.0
2015-09-25,1.8170286417007446,1.9235991322058537,1.8037072668665832,1.8969565095795764,44843100,-0.020114839817239605,PETR4.SA,1.0
2015-09-28,1.7157864570617676,1.7983786463141118,1.7157864570617676,1.795714320672727,37466900,-0.055718540872429,PETR4.SA,1.0
2015-09-29,1.7557504177093506,1.809035659064187,1.7317719955786561,1.7424290438496233,52387600,0.023291919855819465,PETR4.SA,1.0
2015-09-30,1.9289276599884033,1.934256311564703,1.8569925152549585,1.931591985776553,107779500,0.0986343164337613,PETR4.SA,1.0
2015-10-01,1.8703136444091797,1.9875412958046477,1.8623207951367944,1.947577303526779,69296500,-0.030386839690803136,PETR4.SA,1.0
2015-10-02,2.0701334476470947,2.0861190189096095,1.8383424737775886,1.8623207671503472,88891400,0.10683759049463437,PETR4.SA,1.0
2015-10-05,2.0834553241729736,2.168711851890225,2.064805423004246,2.104769424341772,68350300,0.006435274277134306,PETR4.SA,1.0
2015-10-06,2.182032346725464,2.221996463617693,2.088783248811683,2.0941117723222424,81259300,0.04731420031366418,PETR4.SA,1.0
2015-10-07,2.256632089614868,2.3711952896762747,2.2033468507393232,2.267289137389977,116610600,0.034188192948356066,PETR4.SA,-1.0
2015-10-08,2.3312313556671143,2.355209775978853,2.206010857419174,2.253967698042652,68670000,0.03305778837213014,PETR4.SA,-1.0
2015-10-09,2.344553232192993,2.416488254497844,2.2859393315150385,2.403167132870948,71885200,0.0057145235686257845,PETR4.SA,-1.0
2015-10-13,2.1660470962524414,2.2566321310460147,2.1500613972542544,2.2273250585633493,56100600,-0.07613652506988933,PETR4.SA,-1.0
2015-10-14,2.1207549571990967,2.1926899803140083,2.1021050564020847,2.1500617808260443,75339100,-0.020910043522002097,PETR4.SA,1.0
2015-10-15,2.131411552429199,2.1500613222060565,2.0434908462182193,2.131411552429199,61444100,0.005024906434346832,PETR4.SA,1.0
2015-10-16,2.1180903911590576,2.1527258628386905,2.0807907208343988,2.128747439823246,42963800,-0.006249924494853842,PETR4.SA,1.0
2015-10-19,2.1180903911590576,2.1207547168461254,2.067469473525184,2.1047691438498433,40096200,0.0,PETR4.SA,1.0
2015-10-20,2.1447336673736572,2.182033219830358,2.123419437760857,2.1314122897459162,47938700,0.012578913688390703,PETR4.SA,-1.0
2015-10-21,2.064805269241333,2.147397591807989,2.054148219950548,2.1180905156952576,45394400,-0.03726728374166888,PETR4.SA,1.0
2015-10-22,2.1367404460906982,2.160718615349808,2.080790749275894,2.0834550749993794,46174500,0.03483872204365124,PETR4.SA,-1.0
2015-10-23,2.1287477016448975,2.206011377484195,2.1154264526972586,2.2006829795387852,45715300,-0.0037406248664521025,PETR4.SA,1.0
2015-10-26,2.0914480686187744,2.1660475469793967,2.0781268194043463,2.144733446602664,35069500,-0.01752186649329146,PETR4.SA,1.0
2015-10-27,2.024841547012329,2.0941125038911252,2.0115202971032216,2.0941125038911252,44085700,-0.03184708365741695,PETR4.SA,1.0
2015-10-28,2.1180903911590576,2.1180903911590576,2.094112095185655,2.0967762938306813,4630900,0.04605241545162775,PETR4.SA,1.0
2015-10-29,2.0275049209594727,2.1127612868699432,2.0168478752206638,2.0168478752206638,41336300,-0.04276751859962635,PETR4.SA,1.0
2015-10-30,2.054147958755493,2.0727978561639646,2.0088554415078,2.0248410134113333,36951300,0.013140800557668753,PETR4.SA,1.0
2015-11-03,2.2592968940734863,2.2592968940734863,2.0701341711663375,2.0887840743451593,60306200,0.09987057380339959,PETR4.SA,-1.0
2015-11-04,2.152726173400879,2.304589202295042,2.1367407251405033,2.285939427963231,55661500,-0.047169861098008026,PETR4.SA,-1.0
2015-11-05,2.1607186794281006,2.176704380158998,2.096776384672696,2.1527259561046983,92690300,0.0037127369592924175,PETR4.SA,-1.0
2015-11-06,2.0834553241729736,2.1527261497215684,2.059476897962046,2.142069099637169,39680600,-0.03575817434760964,PETR4.SA,-1.0
2015-11-09,2.107433795928955,2.1127623214075313,2.0221773882717358,2.0861196940146502,36340400,0.01150899252687343,PETR4.SA,-1.0
2015-11-10,2.0275049209594727,2.04881901243709,2.0008623066124507,2.0248405960037674,34554300,-0.03792711074667465,PETR4.SA,1.0
2015-11-11,2.0568127632141113,2.0861197171929358,2.0354986610629915,2.054148563966256,44596400,0.014455127556864067,PETR4.SA,1.0
2015-11-12,2.019512891769409,2.0621410920045236,2.006191642716965,2.0568125669751343,41641400,-0.018134791903184677,PETR4.SA,1.0
2015-11-13,1.936920404434204,2.01418406947849,1.9262633559482365,1.9981984967495383,67000600,-0.04089723203640516,PETR4.SA,1.0
2015-11-16,2.0514838695526123,2.0514838695526123,1.9475775766900896,1.9475775766900896,56587800,0.05914722404500328,PETR4.SA,1.0
2015-11-17,2.067469596862793,2.0941122201126645,2.035498321920899,2.0781266461627417,52072800,0.007792275409733929,PETR4.SA,1.0
2015-11-18,2.0834553241729736,2.1394047735950403,2.075462473088645,2.0807909981308446,38137700,0.007732025338818893,PETR4.SA,1.0
2015-11-19,2.0887839794158936,2.1260836570363013,2.030170073256044,2.1207551316619573,51878600,0.002557604754512832,PETR4.SA,1.0
2015-11-23,2.152726173400879,2.15805482554375,2.0914480712205146,2.1047694474935734,47415800,0.03061216220303753,PETR4.SA,-1.0
2015-11-24,2.2646257877349854,2.2646257877349854,2.1180911271235345,2.1447338850834967,63001700,0.05198042171677009,PETR4.SA,-1.0
2015-11-25,2.104768991470337,2.2246609708256657,2.104768991470337,2.206010946450485,54732800,-0.07058861430017216,PETR4.SA,-1.0
2015-11-26,2.110097646713257,2.142068792380539,2.083455025323855,2.118090369609057,21697100,0.002531705505219195,PETR4.SA,-1.0
2015-11-27,2.024841547012329,2.0941125038911252,2.016848822475278,2.080791126939952,38334200,-0.04040386464281631,PETR4.SA,-1.0
2015-11-30,2.0434911251068115,2.088783647104023,1.976884505003158,2.0088556521628207,72764300,0.009210388892898713,PETR4.SA,-1.0
2015-12-01,1.9955346584320068,2.0674699438425,1.9848776073435048,2.0434915153723354,35865600,-0.02346791042329488,PETR4.SA,1.0
2015-12-02,2.0035271644592285,2.022177064166156,1.958234641629581,2.0088556890837723,47713500,0.004005195296132635,PETR4.SA,1.0
2015-12-03,2.1260831356048584,2.176704177767121,2.075462093442596,2.1287473341175907,76680900,0.06117010705902204,PETR4.SA,-1.0
2015-12-04,2.0035271644592285,2.12341903203249,1.9768845413365088,2.12341903203249,63662600,-0.05764401640426131,PETR4.SA,-1.0
2015-12-07,1.9156066179275513,2.027505772207918,1.9049495677143793,2.0248414461335953,47395000,-0.04388288219461589,PETR4.SA,1.0
2015-12-08,1.899620771408081,1.9182705430975646,1.8516639252533151,1.9182705430975646,46590500,-0.00834505705391897,PETR4.SA,1.0
2015-12-09,2.03816294670105,2.083455476389839,1.9369208364604695,1.9555707389917556,82102800,0.07293149105243524,PETR4.SA,-1.0
2015-12-10,1.9848772287368774,2.0168485029460728,1.9475775570418692,2.0008629293624978,43458400,-0.02614399307495019,PETR4.SA,-1.0
2015-12-11,1.9315921068191528,2.0061915820155,1.9209350570828254,1.934256432774262,50750600,-0.026845550518826755,PETR4.SA,-1.0
2015-12-14,1.9209349155426025,1.9262634400181449,1.8836352442138073,1.9049493421159762,33538000,-0.0055173093941143225,PETR4.SA,-1.0
2015-12-15,1.976884365081787,1.9902056119344294,1.9449132201850017,1.9555702684839302,34188900,0.029126155751810323,PETR4.SA,-1.0
2015-12-16,1.942249059677124,1.960898959306477,1.888963813653326,1.939584860896958,39840300,-0.017520147367461325,PETR4.SA,-1.0
2015-12-17,1.9182707071304321,2.00352723099656,1.915606508250706,1.958234706662744,43789300,-0.012345663099807558,PETR4.SA,-1.0
2015-12-18,1.8703136444091797,1.8916277397461687,1.8436710252379438,1.87031364440918,60061600,-0.025000153806754466,PETR4.SA,-1.0
2015-12-21,1.7690720558166504,1.8889640659462255,1.7637435305025848,1.8809712144540947,54032100,-0.05413080789693481,PETR4.SA,-1.0
2015-12-22,1.8090356588363647,1.8170285085596019,1.7637431401694397,1.801042936155164,40463400,0.022590149953652494,PETR4.SA,-1.0
2015-12-23,1.8463352918624878,1.8756422375548547,1.8303497197690246,1.8410067678313335,38789700,0.020618517298943484,PETR4.SA,-1.0
2015-12-28,1.7850574254989624,1.8383427995246633,1.7717361772740743,1.8383427995246633,28617600,-0.0331889157043147,PETR4.SA,-1.0
2015-12-29,1.782393217086792,1.8303499391142124,1.7797288912309106,1.8143643651050723,22441300,-0.0014925057166862432,PETR4.SA,-1.0
2015-12-30,1.7850574254989624,1.8010431266361075,1.7371007032136763,1.774400376102232,30041600,0.0014947366196360612,PETR4.SA,-1.0
2016-01-04,1.8303499221801758,1.8729782461855433,1.745093528253537,1.7504220528739518,45962100,0.025373131437804064,PETR4.SA,-1.0
2016-01-05,1.7797285318374634,1.8649850363784646,1.763742961056405,1.84367094200372,29446700,-0.027656673584259828,PETR4.SA,-1.0
2016-01-06,1.7051292657852173,1.7424289323466922,1.7051292657852173,1.739764733970458,67507200,-0.04191609266118068,PETR4.SA,-1.0
2016-01-07,1.6678295135498047,1.713121899955407,1.6198726748207806,1.6491796177060707,57387900,-0.021875029057246254,PETR4.SA,-1.0
2016-01-08,1.6704938411712646,1.7184505565725816,1.633194173636907,1.6998007863264186,52100300,0.0015974819966995124,PETR4.SA,-1.0
2016-01-11,1.6225372552871704,1.6784868245758344,1.6118802065695241,1.6704939745165788,51334000,-0.028708029148116765,PETR4.SA,-1.0
2016-01-12,1.473338007926941,1.6305294932737833,1.4680094851531835,1.6305294932737833,81627800,-0.09195428140343254,PETR4.SA,-1.0
2016-01-13,1.404067873954773,1.5292882930367406,1.3987393481862227,1.5186312414996403,70874300,-0.04701577886369368,PETR4.SA,1.0
2016-01-14,1.5159664154052734,1.5159664154052734,1.3667676285255834,1.4147243406162622,76854200,0.07969596308426397,PETR4.SA,-1.0
2016-01-15,1.377425193786621,1.4493603525026502,1.374760867480586,1.425381923916617,75571500,-0.0913880546500202,PETR4.SA,-1.0
2016-01-18,1.2788472175598145,1.3880820390656554,1.2788472175598147,1.3827535142859082,46407200,-0.07156684564176596,PETR4.SA,-1.0
2016-01-19,1.2415474653244019,1.3454538931318856,1.2362189403375095,1.3401253681449934,66529300,-0.029166699292339837,PETR4.SA,-1.0
2016-01-20,1.1802691221237183,1.1989190192697115,1.1349767325555016,1.1989190192697115,92914100,-0.049356424069274096,PETR4.SA,1.0
2016-01-21,1.1989190578460693,1.2442115759136463,1.1616193893959612,1.1642835879070945,87455300,0.015801426448226685,PETR4.SA,-1.0
2016-01-22,1.1749407052993774,1.270854271153013,1.1722765066311875,1.2601972223961693,100576600,-0.01999997613664628,PETR4.SA,1.0
2016-01-26,1.1189910173416138,1.1482979618413407,1.0976769220843683,1.1269838665840952,71933300,-0.04761915874172351,PETR4.SA,1.0
2016-01-27,1.2175686359405518,1.236218401748415,1.1083337307370615,1.1243192987332304,79437900,0.08809509376860669,PETR4.SA,-1.0
2016-01-28,1.2255617380142212,1.366767823176631,1.1589551204369044,1.2442116366710045,131960900,0.006564806153613656,PETR4.SA,-1.0
2016-01-29,1.2895041704177856,1.29483269479794,1.204247653293273,1.2522043727146628,93013900,0.05217397901730392,PETR4.SA,-1.0
2016-02-01,1.257533073425293,1.2948328763585704,1.2415474980433427,1.2628615985526097,51910300,-0.024793325780508635,PETR4.SA,-1.0
2016-02-02,1.1456338167190552,1.238883051325947,1.1456338167190552,1.2149046295257049,53610300,-0.08898315207046159,PETR4.SA,1.0
2016-02-03,1.1962547302246094,1.204247579828259,1.1243195919599005,1.1776049595528175,73786400,0.044185945602169596,PETR4.SA,1.0
2016-02-04,1.2601971626281738,1.3161467294690765,1.1616194027816447,1.2149046440386777,91974200,0.053452187722224265,PETR4.SA,-1.0
2016-02-05,1.2095757722854614,1.2735181704591334,1.2069115745093084,1.2601968004523685,52704500,-0.040169420979444315,PETR4.SA,-1.0
2016-02-10,1.1482983827590942,1.174941011596715,1.1403056576288457,1.14563418339637,45747400,-0.05066023223215288,PETR4.SA,1.0
2016-02-11,1.1269841194152832,1.1376411694347424,1.0976771683407422,1.1189912683796603,59451500,-0.018561607038579786,PETR4.SA,1.0
2016-02-12,1.1855978965759277,1.201583598674863,1.1456340224547619,1.1642837965000907,64027200,0.05200940825240319,PETR4.SA,1.0
2016-02-15,1.2175686359405518,1.2255613564176355,1.204247265756077,1.2149043110868563,28490400,0.026965921124655567,PETR4.SA,1.0
2016-02-16,1.1829334497451782,1.2362186887707143,1.1776049258426247,1.1989190214528391,80343900,-0.028446187896929875,PETR4.SA,1.0
2016-02-17,1.2468754053115845,1.284175189761852,1.2015830276939692,1.2095757479033142,84473100,0.054053721771229135,PETR4.SA,1.0
2016-02-18,1.2228976488113403,1.2974969960303633,1.2122405992086227,1.2495402728181342,65026900,-0.019230274651421353,PETR4.SA,1.0
2016-02-19,1.1882617473602295,1.217568686764201,1.1722761786967921,1.1989187931358543,56031000,-0.028322813021005477,PETR4.SA,1.0
2016-02-22,1.3427891731262207,1.3427891731262207,1.2335543794247605,1.2442114262716337,80150300,0.13004493842310416,PETR4.SA,1.0
2016-02-23,1.3108183145523071,1.4067318838479033,1.2841756917040992,1.3188110378857463,85037400,-0.02380929129736764,PETR4.SA,1.0
2016-02-24,1.2974969148635864,1.3134824882676623,1.238883145715308,1.2708542925234598,75039700,-0.010162659112121442,PETR4.SA,1.0
2016-02-25,1.3028255701065063,1.3534466211550038,1.276182945092049,1.2815114700949404,70393700,0.004106873150816037,PETR4.SA,1.0
2016-02-26,1.2974969148635864,1.3587750097668998,1.2868398659275357,1.3374609118947984,61396800,-0.004090075728621412,PETR4.SA,1.0
2016-02-29,1.3694320917129517,1.393410515918085,1.3268038949412013,1.3534465179235453,84165000,0.055441501267020854,PETR4.SA,1.0
2016-03-01,1.414724588394165,1.4307101618908056,1.3587750176349005,1.414724588394165,80939200,0.0330739267432818,PETR4.SA,1.0
2016-03-02,1.5053095817565918,1.5053095817565918,1.3720963466815312,1.3880819196454937,88545800,0.06403012579660361,PETR4.SA,1.0
2016-03-03,1.7504222393035889,1.7504222393035889,1.7504222393035889,1.7504222393035889,186772500,0.1628320582806413,PETR4.SA,1.0
2016-03-04,1.9235992431640625,2.1047693415572017,1.7504221225829313,1.7504221225829313,175922100,0.09893441706349249,PETR4.SA,1.0
2016-03-07,1.963563084602356,2.0061914068681217,1.8516639450980403,1.9315919381845637,85041400,0.020775554773331262,PETR4.SA,1.0
2016-03-08,1.9902058839797974,2.0887837847827586,1.8862995853410587,1.9635632595906405,137169400,0.013568598628873163,PETR4.SA,1.0
2016-03-09,2.024841547012329,2.0727984024029005,1.9608992425476552,2.05148417387261,84821900,0.01740305528756214,PETR4.SA,1.0
2016-03-10,2.1180903911590576,2.1207547168461254,1.9475774854900043,2.0781265221893723,117672300,0.04605241545162775,PETR4.SA,-1.0
2016-03-11,2.1553897857666016,2.1900252509742026,2.0434906686602092,2.115425797222602,92331300,0.017609916348817034,PETR4.SA,-1.0
2016-03-14,1.9715560674667358,2.1846971849775403,1.9715560674667358,2.16604741183255,86084700,-0.0852902428664345,PETR4.SA,-1.0
2016-03-15,1.7610788345336914,1.8543280647435416,1.7477574614857003,1.8196925964523882,104913200,-0.10675690963406781,PETR4.SA,1.0
2016-03-16,1.9262630939483643,1.9262630939483643,1.7077933756170152,1.7344361202501717,85533000,0.09379719759019833,PETR4.SA,1.0
2016-03-17,2.1580541133880615,2.1820322778658547,2.05414771764815,2.1713752311810457,118294200,0.12033196304694949,PETR4.SA,-1.0
2016-03-18,2.1633825302124023,2.1767039022158015,2.056811935311265,2.1553898086439776,77182400,0.0024690839730499015,PETR4.SA,-1.0
2016-03-21,2.14739727973938,2.2033468439062043,2.1127616840146435,2.1527256765683793,65837300,-0.007389007838319306,PETR4.SA,-1.0
2016-03-22,2.1607186794281006,2.1793687059614966,2.0594767127320432,2.0914478601097457,84549700,0.006203509622745518,PETR4.SA,-1.0
2016-03-23,2.0727977752685547,2.120754489107539,2.040826505667204,2.0994403940679907,61437900,-0.040690583645445644,PETR4.SA,1.0
2016-03-24,2.0807905197143555,2.131411559497464,1.9502416226753099,2.0061911862754807,52343300,0.0038560174760728927,PETR4.SA,1.0
2016-03-28,2.2486395835876465,2.2592966335919815,2.107433607509176,2.1713759075351873,69818700,0.08066600759808007,PETR4.SA,-1.0
2016-03-29,2.261960029602051,2.357873694289974,2.1820320603901173,2.221996172038089,89050200,0.005923779920814054,PETR4.SA,-1.0
2016-03-30,2.2486395835876465,2.397838537732454,2.2060113835703055,2.3179105356578824,90059600,-0.005888895400484984,PETR4.SA,-1.0
2016-03-31,2.2140040397644043,2.2140040397644043,2.2140040397644043,2.2140040397644043,737700,-0.01540288807332213,PETR4.SA,-1.0
2016-04-01,2.2273247241973877,2.2273247241973877,2.2273247241973877,2.2273247241973877,374500,0.006016558323173049,PETR4.SA,-1.0
2016-04-04,2.008855104446411,2.008855104446411,2.008855104446411,2.008855104446411,865300,-0.09808611082952967,PETR4.SA,1.0
2016-04-05,2.0781261920928955,2.0781261920928955,2.0781261920928955,2.0781261920928955,684100,0.03448286911941012,PETR4.SA,1.0
2016-04-06,2.019512891769409,2.019512891769409,2.019512891769409,2.019512891769409,457400,-0.028204880216853634,PETR4.SA,1.0
2016-04-07,2.0514838695526123,2.0514838695526123,2.0514838695526123,2.0514838695526123,324800,0.015831034262520305,PETR4.SA,1.0
2016-04-08,2.2006826400756836,2.221996736737776,2.142068747212892,2.1660471694787646,84448200,0.07272724525765262,PETR4.SA,1.0
2016-04-11,2.235318422317505,2.235318422317505,2.235318422317505,2.235318422317505,449600,0.01573865382090256,PETR4.SA,1.0
2016-04-12,2.4084956645965576,2.4084956645965576,2.4084956645965576,2.4084956645965576,648900,0.07747318706366157,PETR4.SA,1.0
2016-04-13,2.5283875465393066,2.5283875465393066,2.5283875465393066,2.5283875465393066,782300,0.049778741022908024,PETR4.SA,1.0
2016-04-14,2.4404666423797607,2.602986966199948,2.429809592791888,2.592329662527971,77355500,-0.03477350783501776,PETR4.SA,1.0
2016-04-15,2.5816726684570312,2.6189724698587415,2.4164882692507876,2.4644451204695423,95590000,0.057860256569447266,PETR4.SA,0.0
2016-04-18,2.461780309677124,2.589665136380435,2.3685312056632686,2.571015112310416,88873100,-0.046439798602183946,PETR4.SA,1.0
2016-04-19,2.560358762741089,2.560358762741089,2.560358762741089,2.560358762741089,370500,0.040043562244956865,PETR4.SA,1.0
2016-04-20,2.5257225036621094,2.5683509470610235,2.4884229650536294,2.504408409004678,53295800,-0.0135278928808783,PETR4.SA,1.0
2016-04-22,2.5976576805114746,2.645614518997042,2.4751015131137257,2.483094234833306,63322900,0.028481029386666412,PETR4.SA,-1.0
2016-04-25,2.4857592582702637,2.637622284015897,2.4857592582702637,2.5870013601287236,56585400,-0.043076662133240906,PETR4.SA,1.0
2016-04-26,2.576343536376953,2.59499330472089,2.4884228369211967,2.525722373609071,40460400,0.03644129165176002,PETR4.SA,-1.0
2016-04-27,2.7308709621429443,2.744192334726305,2.6029863951443986,2.624300489644156,86397900,0.05997935585224767,PETR4.SA,-1.0
2016-04-28,2.7255425453186035,2.808134859154351,2.6855786782238016,2.725542545318604,57741500,-0.001951178542745735,PETR4.SA,-1.0
2016-04-29,2.7255425453186035,2.808134859154351,2.6669289074574363,2.725542545318604,53931300,0.0,PETR4.SA,-1.0
2016-05-02,2.70955753326416,2.7601784566154413,2.6456152340570327,2.730871632999869,48618800,-0.005864891774263192,PETR4.SA,-1.0
2016-05-03,2.6056511402130127,2.6882434683209158,2.587001366223921,2.6669293683093502,47074700,-0.03834810362043617,PETR4.SA,-1.0
2016-05-04,2.6429507732391357,2.704228743332181,2.624301000442834,2.624301000442834,43389500,0.014314899047872531,PETR4.SA,-1.0
2016-05-05,2.6136441230773926,2.7441930494088655,2.5576945469233165,2.738864397354137,65074500,-0.011088609919822967,PETR4.SA,-1.0
2016-05-06,2.6855783462524414,2.6988997183320427,2.552365133624507,2.5656865057041083,45330900,0.027522577591914565,PETR4.SA,-1.0
2016-05-09,2.5257225036621094,2.677585745701373,2.355209746402656,2.6669286983726574,94688100,-0.059523805296315735,PETR4.SA,1.0
2016-05-10,2.7202141284942627,2.7202141284942627,2.589665225911056,2.6163077190857953,53055800,0.07700435204190281,PETR4.SA,-1.0
2016-05-11,2.7308709621429443,2.797477570975699,2.6616000279767076,2.768170754559544,74542300,0.00391764513574544,PETR4.SA,-1.0
2016-05-12,2.6083154678344727,2.78948557212796,2.6083154678344727,2.770835544043321,67229100,-0.04487780492282989,PETR4.SA,-1.0
2016-05-13,2.5203943252563477,2.680250303111519,2.5017445543374044,2.6456148327734295,70472200,-0.03370801717137406,PETR4.SA,-1.0
2016-05-16,2.5976576805114746,2.6243004250221325,2.5363797238546213,2.5443724455742016,61487700,0.03065526472619262,PETR4.SA,-1.0
2016-05-17,2.5310511589050293,2.6322932357513165,2.5203941115572124,2.6189718630455325,46379500,-0.02564099269359099,PETR4.SA,-1.0
2016-05-18,2.4830949306488037,2.571015656453554,2.4697738087446583,2.4804308587184427,51929100,-0.018947158806925213,PETR4.SA,-1.0
2016-05-19,2.387181043624878,2.4644447053034617,2.304588730893394,2.4644447053034617,75430200,-0.03862674996435378,PETR4.SA,-1.0
2016-05-20,2.3711957931518555,2.5203947477668303,2.3711957931518555,2.4511237954783023,65173100,-0.00669628745407147,PETR4.SA,-1.0
2016-05-23,2.2646257877349854,2.3099183238164187,2.243311683000684,2.2779471667149664,51330000,-0.044943570549783485,PETR4.SA,1.0
2016-05-24,2.272617816925049,2.3578744638150044,2.251303718723583,2.31524601332798,44823400,0.003529072764846042,PETR4.SA,1.0
2016-05-25,2.309917688369751,2.381852708538016,2.2886035894988503,2.312582014249639,45512600,0.01641273388200859,PETR4.SA,-1.0
2016-05-27,2.1926896572113037,2.283274694817169,2.1926896572113037,2.26462492381034,47488600,-0.050749873793633826,PETR4.SA,1.0
2016-05-30,2.2326536178588867,2.29659590305634,2.1473972375956154,2.179368380194342,32281900,0.018225999523530323,PETR4.SA,1.0
2016-05-31,2.142068862915039,2.283274824449548,2.142068862915039,2.2273252541684654,58662600,-0.04057268634026556,PETR4.SA,1.0
2016-06-01,2.179368495941162,2.198018266593233,2.094111984107868,2.155390074197603,45884400,0.017412900991130575,PETR4.SA,1.0
2016-06-02,2.2166683673858643,2.2406467927006615,2.139404693640466,2.182032892384947,52835100,0.017114990656315943,PETR4.SA,1.0
2016-06-03,2.2832751274108887,2.30991788025478,2.2513039764486917,2.267289678971851,45595300,0.030048139363117343,PETR4.SA,1.0
2016-06-06,2.2539682388305664,2.3392246389862392,2.2513039128046732,2.317910538947321,37117600,-0.01283546088182319,PETR4.SA,1.0
2016-06-07,2.2965967655181885,2.3232395213978845,2.2353187827126986,2.243311507842947,34401600,0.018912656333497813,PETR4.SA,1.0
2016-06-08,2.5017447471618652,2.507073144656224,2.34455308277486,2.34455308277486,77194700,0.08932694878083591,PETR4.SA,-1.0
2016-06-09,2.4457952976226807,2.4990805456362684,2.4111598228928224,2.4724377945874223,46539900,-0.02236417188550399,PETR4.SA,-1.0
2016-06-10,2.3392248153686523,2.395174395710556,2.3392248153686523,2.3898459973411113,38859900,-0.043572936115142236,PETR4.SA,1.0
2016-06-13,2.2965967655181885,2.3552106760030296,2.269954263722643,2.28593971398314,37094100,-0.018223152204268067,PETR4.SA,1.0
2016-06-14,2.2113399505615234,2.336560473859291,2.1980185750474455,2.2912679495618877,66180300,-0.037123110263297954,PETR4.SA,1.0
2016-06-15,2.267289161682129,2.3152457501419046,2.2033468743463853,2.211339596742337,84556900,0.025301044783457405,PETR4.SA,1.0
2016-06-16,2.2646257877349854,2.275282840102136,2.206011872673571,2.2406473563878535,46834500,-0.0011746953111033687,PETR4.SA,1.0
2016-06-17,2.384517192840576,2.384517192840576,2.3259032900093555,2.331231942123156,63144100,0.05294093432783109,PETR4.SA,1.0
2016-06-20,2.4457952976226807,2.496416219714563,2.429809596176552,2.4564523472253983,63791500,0.025698327932417442,PETR4.SA,1.0
2016-06-21,2.539044141769409,2.5417084674011226,2.381852486675386,2.4218166088988586,53703900,0.038126185064370155,PETR4.SA,-1.0
2016-06-22,2.4884231090545654,2.5976579140161533,2.4884231090545654,2.560358119165145,61983000,-0.019937043189633963,PETR4.SA,1.0
2016-06-23,2.576343536376953,2.5843362579409206,2.5337153492570756,2.5550294428170144,48031300,0.035331783812195594,PETR4.SA,-1.0
2016-06-24,2.464444875717163,2.4857589732344763,2.3765241599372233,2.397838257454537,75974900,-0.04343312880437922,PETR4.SA,1.0
2016-06-27,2.3392248153686523,2.4884237809751064,2.3392248153686523,2.4564526285060375,58818400,-0.050810655812324135,PETR4.SA,1.0
2016-06-28,2.4511234760284424,2.472437573326457,2.416488004398148,2.4244809814479646,45291700,0.04783578727645943,PETR4.SA,1.0
2016-06-29,2.5310511589050293,2.5497009282426966,2.483094318797827,2.5124013895673625,56093600,0.03260859098216207,PETR4.SA,1.0
2016-06-30,2.5097365379333496,2.5283863033602776,2.461779707882395,2.5097365379333496,43741300,-0.008421252528495238,PETR4.SA,1.0
2016-07-01,2.616307497024536,2.624300472974209,2.4964156527039583,2.5257224689339512,49290800,0.042463006566793915,PETR4.SA,1.0
2016-07-04,2.6296286582946777,2.6775854938043278,2.6083145656423947,2.6509427509469607,24505100,0.005091588540449221,PETR4.SA,1.0
2016-07-05,2.475102424621582,2.576344535328931,2.4591167212113114,2.5710158828307956,69691200,-0.05876351901842536,PETR4.SA,1.0
2016-07-06,2.5310511589050293,2.5363798096209633,2.384516567309507,2.4218163600688922,68781500,0.022604613743207436,PETR4.SA,1.0
2016-07-07,2.54703688621521,2.6589357576101453,2.536379838745023,2.57367937784865,81610300,0.006315845198915815,PETR4.SA,1.0
2016-07-08,2.6216366291046143,2.6482791249107756,2.576344106741637,2.6243009549104586,42647600,0.02928883491760348,PETR4.SA,1.0
2016-07-11,2.7601780891418457,2.7628424147751245,2.658936001833937,2.6642646531004957,66717300,0.052845409046847314,PETR4.SA,1.0
2016-07-12,2.8374414443969727,2.8774055622844528,2.818791675166578,2.8267843971104543,58174200,0.027992163099573197,PETR4.SA,1.0
2016-07-13,2.83211350440979,2.83211350440979,2.720214362818126,2.7894853083908875,64252100,-0.0018777268506117162,PETR4.SA,1.0
2016-07-14,2.912041425704956,2.925362546062565,2.840106156170261,2.9093770999998,53059500,0.028222004934022937,PETR4.SA,1.0
2016-07-15,2.9360194206237793,2.9466764678058386,2.882733930629438,2.906712350310082,51223500,0.008234084414859844,PETR4.SA,1.0
2016-07-18,3.077226161956787,3.1278470857542873,2.89605605852215,2.9226988104686953,77358900,0.04809462101684847,PETR4.SA,1.0
2016-07-19,3.138503074645996,3.1891242354135274,3.063903750134085,3.0665680752448026,53692000,0.019913035137542057,PETR4.SA,1.0
2016-07-20,3.149160623550415,3.170474719669424,3.074561287133882,3.1491606235504146,49261200,0.0033957426999242646,PETR4.SA,1.0
2016-07-21,3.157153606414795,3.194453147654946,3.1251822080888534,3.1358395102535463,37748600,0.0025381312101409037,PETR4.SA,1.0
2016-07-22,3.181131362915039,3.189124338505575,3.1225177330886567,3.1544888731986935,33938400,0.007594738644177923,PETR4.SA,1.0
2016-07-25,3.2051103115081787,3.263724205110854,3.1731391661114676,3.191788937405196,47192000,0.007537868090793376,PETR4.SA,-1.0
2016-07-26,3.165146827697754,3.215767750536222,3.1571541038988604,3.1837966012565406,38304800,-0.012468676559097891,PETR4.SA,1.0
2016-07-27,3.0665688514709473,3.207774814989444,3.0665688514709477,3.194453440147905,51952100,-0.03114483516662314,PETR4.SA,1.0
2016-07-28,3.0479190349578857,3.0772261124443587,2.970655360457009,3.0372619851675613,40663100,-0.006081655888507398,PETR4.SA,1.0
2016-07-29,3.162482500076294,3.191789323379587,3.0932115496313006,3.1331756767730004,60740000,0.037587437134789736,PETR4.SA,1.0
2016-08-01,2.997297763824463,3.1891248918527713,2.98930504093114,3.178467843300314,52012300,-0.052232616701545664,PETR4.SA,1.0
2016-08-02,3.0266048908233643,3.0958758404828055,2.9573341952480283,3.0186121671193074,49134600,0.009777849686013917,PETR4.SA,1.0
2016-08-03,3.1704745292663574,3.1704745292663574,3.018611540017541,3.0852181499103977,55695500,0.047534991725944886,PETR4.SA,1.0
2016-08-04,3.1997807025909424,3.2290875112520316,3.1624809200444797,3.178466613731244,63207500,0.009243465939897222,PETR4.SA,1.0
2016-08-05,3.103868246078491,3.242410131198532,3.103868246078491,3.2290887570009774,54225900,-0.029974696839314197,PETR4.SA,1.0
2016-08-08,3.173140287399292,3.189125992788531,3.117190699663207,3.1411691307049816,41552000,0.022317970941041265,PETR4.SA,1.0
2016-08-09,3.165146827697754,3.215767750536222,3.130511352457072,3.1758038774576476,33596200,-0.0025191006314093656,PETR4.SA,1.0
2016-08-10,3.079890251159668,3.1891250683901826,3.079890251159668,3.183796416776941,41638400,-0.02693605737086746,PETR4.SA,1.0
2016-08-11,3.223759889602661,3.2237598896026607,3.090546675223775,3.098539396942976,55881500,0.046712586069851625,PETR4.SA,1.0
2016-08-12,3.197117567062378,3.3143450993910046,3.191788915823584,3.210438941075286,71281300,-0.008264363182323375,PETR4.SA,1.0
2016-08-15,3.2797093391418457,3.295694782040871,3.2157668052936446,3.2477379451757282,53568000,0.02583319829409847,PETR4.SA,1.0
2016-08-16,3.327667236328125,3.3463172658556632,3.2344181050269714,3.2797106346044957,48218700,0.014622605916299714,PETR4.SA,1.0
2016-08-17,3.399601697921753,3.399601697921753,3.282373912981514,3.322338034518262,46809100,0.021617083826267258,PETR4.SA,1.0
2016-08-18,3.431572914123535,3.4715367824079957,3.4049301658778433,3.4102588171606127,44941100,0.009404400586494166,PETR4.SA,1.0
2016-08-19,3.4075939655303955,3.4422294312699084,3.3836155466273454,3.415586687136733,33360000,-0.006987742703775335,PETR4.SA,1.0
2016-08-22,3.290367841720581,3.3649672011215013,3.2770464640208092,3.3649672011215013,43258900,-0.034401435439673334,PETR4.SA,1.0
2016-08-23,3.375623941421509,3.426244867115261,3.3090173131441847,3.3250027616436335,61048000,0.02591081113178695,PETR4.SA,1.0
2016-08-24,3.303687572479248,3.3862798761290467,3.2956948508628283,3.3303303166460316,44694700,-0.021310539974416565,PETR4.SA,1.0
2016-08-25,3.338324546813965,3.3676316294577773,3.290367941360355,3.3090177182543057,40290500,0.01048433714593755,PETR4.SA,1.0
2016-08-26,3.3436520099639893,3.436901115338373,3.3170092632375576,3.3809515504801175,50650500,0.0015958493775294347,PETR4.SA,1.0
2016-08-29,3.4289088249206543,3.4528872491783806,3.317009681107329,3.3303310561487427,36990100,0.02549811245386846,PETR4.SA,1.0
2016-08-30,3.487522840499878,3.524822386975318,3.4555516917705993,3.4742014650083193,51893700,0.017094072362971113,PETR4.SA,1.0
2016-08-31,3.4235799312591553,3.5221576857466124,3.3862801373649583,3.49817926496349,61016100,-0.018334764291194627,PETR4.SA,1.0
2016-09-01,3.4635441303253174,3.4875225534194847,3.399601838130261,3.4555514073219564,45370000,0.011673219223324427,PETR4.SA,1.0
2016-09-02,3.6154069900512695,3.618071315638196,3.5035078562410926,3.522157881265504,57017000,0.043846087710073034,PETR4.SA,0.0
2016-09-05,3.684678077697754,3.711320826460993,3.658035328934515,3.674021029009275,26292200,0.019159969496408413,PETR4.SA,0.0
2016-09-06,3.7246410846710205,3.7246410846710205,3.604749251154198,3.6473774360415994,42086900,0.010845725496387404,PETR4.SA,-1.0
2016-09-08,3.788583755493164,3.8072335235466443,3.71931282546019,3.7486196401276635,42797300,0.017167471809647283,PETR4.SA,-1.0
2016-09-09,3.599421501159668,3.735299055440477,3.599421501159668,3.719313356196353,43155300,-0.04992954268444638,PETR4.SA,1.0
2016-09-12,3.716649293899536,3.716649293899536,3.5354794627765638,3.548800583325481,44141000,0.03256850932909616,PETR4.SA,-1.0
2016-09-13,3.4662091732025146,3.6900074962746356,3.447559143557081,3.650043364820822,64134000,-0.06738330708471496,PETR4.SA,1.0
2016-09-14,3.4928510189056396,3.559457638096637,3.455551474772497,3.5035080678128354,43932500,0.007686162136173014,PETR4.SA,1.0
2016-09-15,3.599421501159668,3.612742874849093,3.506172139417763,3.519493513107188,42169100,0.030511030008780082,PETR4.SA,1.0
2016-09-16,3.506171464920044,3.575442391511843,3.506171464920044,3.5541282993426773,44651900,-0.025906950939083018,PETR4.SA,1.0
2016-09-19,3.476865530014038,3.607414441049692,3.468872806952531,3.575443294719578,51105500,-0.008358386119794114,PETR4.SA,1.0
2016-09-20,3.596757173538208,3.6313926434771826,3.551464655470631,3.5834357998564377,52063100,0.03448268058951531,PETR4.SA,1.0
2016-09-21,3.6393849849700928,3.6473777067086033,3.5701140523455503,3.623399541493071,61094100,0.011851734597348562,PETR4.SA,1.0
2016-09-22,3.729970932006836,3.753949357223194,3.6873427334373576,3.700664109011346,47574500,0.024890454681448793,PETR4.SA,-1.0
2016-09-23,3.64737868309021,3.7246423581362897,3.6074148096155207,3.7246423581362897,53264300,-0.022142866639496495,PETR4.SA,1.0
2016-09-26,3.570114850997925,3.6473785226452438,3.567450779211817,3.620736026195468,35545800,-0.021183386427762962,PETR4.SA,1.0
2016-09-27,3.4955151081085205,3.570114445410683,3.428908493424858,3.570114445410683,58098200,-0.020895614287745445,PETR4.SA,1.0
2016-09-28,3.690006732940674,3.6900067329406734,3.495515276567554,3.543472122757873,69032100,0.05564033306020977,PETR4.SA,1.0
2016-09-29,3.5781075954437256,3.703327854174392,3.5781075954437256,3.6766853594607554,53143200,-0.030324914179159945,PETR4.SA,1.0
2016-09-30,3.6154069900512695,3.6686924854535046,3.580771519673446,3.604749941787637,39275000,0.010424335661409323,PETR4.SA,1.0
2016-10-03,3.721977710723877,3.721977710723877,3.6287283482560952,3.642049722049217,34444500,0.029476825421277386,PETR4.SA,1.0
2016-10-04,3.735299825668335,3.7619423244568626,3.684678646027124,3.724642521251977,39717400,0.003579310780414957,PETR4.SA,1.0
2016-10-05,3.884498119354248,3.900483820203435,3.7725989756622247,3.7805916990447703,65242200,0.03994278924027683,PETR4.SA,1.0
2016-10-06,4.023039817810059,4.023039817810059,3.8951549794767537,3.9191334025445035,77003800,0.03566527623363647,PETR4.SA,1.0
2016-10-07,4.06566858291626,4.097639733463671,3.9884049055723207,4.0576756047163185,71691000,0.010596157889733782,PETR4.SA,1.0
2016-10-10,4.190887928009033,4.20154522990804,4.132274292068867,4.134938617543619,38724300,0.030799201297159184,PETR4.SA,1.0
2016-10-11,4.100302696228027,4.172237697521132,4.073659952588191,4.158916325701214,69314500,-0.021614806536723652,PETR4.SA,1.0
2016-10-13,4.198880195617676,4.21486563759955,4.004388788222071,4.04701697228576,58212500,0.024041517588526462,PETR4.SA,1.0
2016-10-14,4.332094192504883,4.340087169046009,4.257494602625431,4.265487579166557,66150000,0.03172607711604658,PETR4.SA,1.0
2016-10-17,4.502607345581055,4.502607345581055,4.281473390689546,4.326765911964586,75002000,0.03936044450999776,PETR4.SA,1.0
2016-10-18,4.641148090362549,4.699761717721011,4.577205812834759,4.585198279920701,76995000,0.03076900430091034,PETR4.SA,-1.0
2016-10-19,4.694435119628906,4.739727644627935,4.619835517228089,4.721077362901568,65212400,0.011481432660381818,PETR4.SA,-1.0
2016-10-20,4.726405620574951,4.726405620574951,4.5878637311732895,4.611842154653122,62901500,0.0068102977528363695,PETR4.SA,-1.0
2016-10-21,4.782355308532715,4.819654851475291,4.6571345432229325,4.702427063153844,47961800,0.011837682257782589,PETR4.SA,-1.0
2016-10-24,4.848961353302002,4.91023931180913,4.795675862671743,4.86494679722384,51678900,0.013927456341532807,PETR4.SA,-1.0
2016-10-25,4.795676231384277,4.872940147921731,4.718412314846824,4.854289869049555,57674100,-0.010988976408615625,PETR4.SA,-1.0
2016-10-26,4.822317600250244,4.862281455787501,4.691768734472273,4.715747149428226,51424400,0.005555289302396682,PETR4.SA,-1.0
2016-10-27,4.8196539878845215,4.926224454459445,4.8196539878845215,4.824982638255285,43645900,-0.000552351086453573,PETR4.SA,-1.0
2016-10-28,4.8196539878845215,4.872939475256017,4.782354451625316,4.793011244198774,37689700,0.0,PETR4.SA,-1.0
2016-10-31,4.713083744049072,4.840968309982781,4.691769649726787,4.8036687719608056,42059100,-0.02211159641404581,PETR4.SA,-1.0
2016-11-01,4.491949558258057,4.763704117694289,4.412021328167819,4.763704117694289,68718800,-0.04691921421303591,PETR4.SA,-1.0
2016-11-03,4.297459125518799,4.537243376703183,4.297459125518799,4.430672372546474,56998700,-0.04329755492950804,PETR4.SA,1.0
2016-11-04,4.260159015655518,4.417350667016602,4.238844919276123,4.388043593931882,61347700,-0.008679572922936973,PETR4.SA,1.0
2016-11-07,4.585199356079102,4.585199356079102,4.451986119588694,4.451986119588694,51625300,0.07629770138370517,PETR4.SA,-1.0
2016-11-08,4.5399065017700195,4.657133762265397,4.457313944578366,4.555891944897921,56241000,-0.009878055628929738,PETR4.SA,-1.0
2016-11-09,4.436001777648926,4.555893923599557,4.212203698070758,4.222860749479242,111417100,-0.02288697445213539,PETR4.SA,-1.0
2016-11-10,4.129610538482666,4.5772071168638275,4.129610538482666,4.555893018282258,94683900,-0.06906923272890275,PETR4.SA,-1.0
2016-11-11,3.7326343059539795,4.118952574567009,3.7139842832733225,4.044353246096503,129811400,-0.09612921819851483,PETR4.SA,1.0
2016-11-14,3.729970932006836,3.777927782439552,3.5514651599340663,3.676685683794988,86623000,-0.0007135373381997878,PETR4.SA,1.0
2016-11-16,3.927126169204712,3.9857400646793733,3.7779274859216816,3.876505250897562,77406600,0.05285704387293988,PETR4.SA,1.0
2016-11-17,3.8072338104248047,4.081652971975869,3.8072338104248047,4.03636045693256,51535300,-0.030529286204264428,PETR4.SA,1.0
2016-11-18,3.8685123920440674,3.913804657316622,3.7859200761337157,3.828548269861351,55041300,0.016095302960241753,PETR4.SA,1.0
2016-11-21,4.1509246826171875,4.1509246826171875,3.9644261909397365,4.009718714443645,59122000,0.07300281398966835,PETR4.SA,-1.0
2016-11-22,4.244174003601074,4.284137874870393,4.063003911800752,4.244174003601074,58636100,0.022464710423291123,PETR4.SA,-1.0
2016-11-23,4.222860813140869,4.260160366590798,4.137604146503564,4.188225332020112,42490100,-0.005021752275500835,PETR4.SA,-1.0
2016-11-24,4.1509246826171875,4.236181077879085,4.1509246826171875,4.236181077879085,14725000,-0.017034928146300254,PETR4.SA,-1.0
2016-11-25,4.0763258934021,4.134939800190674,4.009719261987307,4.063004516302314,47630600,-0.017971607513739052,PETR4.SA,-1.0
2016-11-28,4.118953227996826,4.145595976576342,4.049682284957352,4.049682284957352,38747500,0.010457293089279895,PETR4.SA,-1.0
2016-11-29,3.9058115482330322,4.097638655119968,3.887161778842654,4.0763245603640925,54075900,-0.0517465647133486,PETR4.SA,1.0
2016-11-30,4.262823104858398,4.313444271515664,4.1589167002072145,4.236180358819411,82547300,0.09140521815162228,PETR4.SA,-1.0
2016-12-01,4.113625526428223,4.356073883044455,4.084318699491468,4.262824495570201,66775400,-0.034999711402552314,PETR4.SA,-1.0
2016-12-02,4.217530727386475,4.2388448232831895,3.9297901786967597,4.028367935740082,58381500,0.025258789428135087,PETR4.SA,-1.0
2016-12-05,4.172237396240234,4.286800829901161,4.142930583619911,4.265486738162013,47586500,-0.010739300807491081,PETR4.SA,-1.0
2016-12-06,4.302785873413086,4.31610749712207,4.193551099839333,4.2628220186221,63916700,0.03128980083695465,PETR4.SA,-1.0
2016-12-07,4.225523471832275,4.3507439764406435,4.201545304386648,4.342750999874701,50247400,-0.017956366840891413,PETR4.SA,-1.0
2016-12-08,4.182896137237549,4.262824140692354,4.1349395384319605,4.254831416572109,41104800,-0.010088060066139604,PETR4.SA,-1.0
2016-12-09,4.1509246826171875,4.236181077879085,4.134939235547631,4.230852680217266,37161200,-0.007643377595666467,PETR4.SA,-1.0
2016-12-12,4.156252384185791,4.249501481664421,4.124280989187587,4.20687329377887,35436700,0.0012834975278916971,PETR4.SA,-1.0
2016-12-13,4.116287708282471,4.1802299814242385,4.097637942137123,4.142930449133544,33455000,-0.009615555603741166,PETR4.SA,-1.0
2016-12-14,3.927126169204712,4.121617627518054,3.9271261692047115,4.110960578712124,44215700,-0.04595440175309973,PETR4.SA,1.0
2016-12-15,3.9564332962036133,3.972418742581453,3.817891405813864,3.9377832699840156,43338800,0.0074627413880201665,PETR4.SA,1.0
2016-12-16,3.9324543476104736,4.033696426130338,3.932454347610474,3.969753886902386,37876200,-0.006060748860886589,PETR4.SA,1.0
2016-12-19,3.8258838653564453,3.9670900717731716,3.8232197938664494,3.964425746199104,39128600,-0.027100246521306715,PETR4.SA,1.0
2016-12-20,3.8232192993164062,3.887161580318388,3.756612693084999,3.8525261145879717,31810000,-0.0006964576379766552,PETR4.SA,1.0
2016-12-21,3.8205552101135254,3.857854749293623,3.740627226881232,3.8498620271956097,32856800,-0.0006968183079001378,PETR4.SA,1.0
2016-12-22,3.7326343059539795,3.8525261473740176,3.7326343059539795,3.8525261473740176,42240500,-0.023012598778001547,PETR4.SA,1.0
2016-12-23,3.793912172317505,3.8232192412278287,3.7326342174759835,3.743291264147728,21776900,0.01641678807532254,PETR4.SA,1.0
2016-12-26,3.841869831085205,3.8498625542774962,3.8019059610396613,3.81522708166545,5734300,0.012640687656827243,PETR4.SA,1.0
2016-12-27,3.839205741882324,3.8765055425514223,3.799241869374372,3.8631841670207367,14949200,-0.0006934355717430618,PETR4.SA,1.0
2016-12-28,3.9377822875976562,3.9457752628766007,3.8258831745326867,3.844533196099532,18979900,0.025676286279724403,PETR4.SA,1.0
2016-12-29,3.961761474609375,3.9644258002197477,3.868512365003007,3.956433077472705,18090600,0.006089515686848124,PETR4.SA,1.0
2017-01-02,3.9058115482330322,3.9164685956109704,3.8898261042081512,3.900483151586089,7525700,-0.01412248736702637,PETR4.SA,1.0
2017-01-03,4.129610538482666,4.1695744098020855,3.9830759201713004,3.9830759201713004,39947800,0.0572989729499056,PETR4.SA,0.0
2017-01-04,4.129610538482666,4.177567387333247,4.0789896178724625,4.116289163348161,37071700,0.0,PETR4.SA,0.0
2017-01-05,4.196216583251953,4.238844774555348,4.161581114296929,4.182895209948627,47586300,0.01612889257924066,PETR4.SA,0.0
2017-01-06,4.172237396240234,4.241508321434469,4.129609212761941,4.204208533848955,25592000,-0.005714477919806393,PETR4.SA,0.0
2017-01-09,4.084317207336426,4.156252466378898,4.084317207336426,4.129609721381527,25599000,-0.02107267169961058,PETR4.SA,0.0
2017-01-10,4.124281406402588,4.177566900733963,4.100303238854351,4.15625280463504,26239900,0.009784793158175153,PETR4.SA,0.0
2017-01-11,4.172237396240234,4.177566046217029,4.068331262532897,4.166909000347456,34399300,0.011627720107362016,PETR4.SA,-1.0
2017-01-12,4.236180782318115,4.329430148692825,4.236180782318115,4.302787399990313,49890300,0.015325922282251492,PETR4.SA,-1.0
2017-01-13,4.177567958831787,4.249502987864398,4.148260878709796,4.201546386537368,34450000,-0.013836242242299734,PETR4.SA,-1.0
2017-01-16,4.196216583251953,4.196216583251953,4.15092406647108,4.182895209948627,20069600,0.004463990676857987,PETR4.SA,-1.0
2017-01-17,4.21486759185791,4.254831723510335,4.188225091507098,4.190889163683283,28663300,0.004444720198761187,PETR4.SA,-1.0
2017-01-18,4.206874847412109,4.244174652629109,4.185560745597862,4.209539173659924,24725200,-0.0018963215976798287,PETR4.SA,-1.0
2017-01-19,4.201544761657715,4.230851576361636,4.1509235996152665,4.214865879378749,21677600,-0.001266994134059729,PETR4.SA,-1.0
2017-01-20,4.262823104858398,4.313444271515664,4.21220219228519,4.220194914463264,34863500,0.014584717449614093,PETR4.SA,-1.0
2017-01-23,4.260159015655518,4.286801763171796,4.206873774707032,4.246837641897378,25139100,-0.0006249588916426019,PETR4.SA,-1.0
2017-01-24,4.2734808921813965,4.377387054556463,4.254830866201085,4.294794989801106,49710600,0.0031270843358013334,PETR4.SA,-1.0
2017-01-26,4.209537982940674,4.313444390457032,4.209537982940674,4.30278708848032,37391900,-0.014962722626819303,PETR4.SA,-1.0
2017-01-27,4.161581039428711,4.228187650663007,4.140266944160461,4.190887856901541,23275300,-0.011392448222657725,PETR4.SA,0.0
2017-01-30,3.953768730163574,4.137602876841109,3.953768730163574,4.132274479733682,26779500,-0.04993590351749211,PETR4.SA,1.0
2017-01-31,4.001725673675537,4.09497478507997,3.9697542739027303,3.9937326966902953,30807200,0.012129425564549656,PETR4.SA,1.0
2017-02-01,4.001725673675537,4.105631833642879,3.9724185995644774,4.06566796505299,35977000,0.0,PETR4.SA,1.0
2017-02-02,3.967089891433716,4.070996043258181,3.9590969150748645,3.99373238371104,39306700,-0.008655211542776375,PETR4.SA,1.0
2017-02-03,4.086982250213623,4.086982250213623,3.9351192376842024,3.975083108112758,40213400,0.030221739880105902,PETR4.SA,0.0
2017-02-06,3.9857399463653564,4.121617505170604,3.9830756207219413,4.097639082548022,29686500,-0.02477189712359895,PETR4.SA,1.0
2017-02-07,3.9164693355560303,4.039025530599089,3.91646933555603,4.023040083554051,29163900,-0.01737961124947318,PETR4.SA,1.0
2017-02-08,4.023039817810059,4.023039817810059,3.801905866982717,3.9351191026176977,58912900,0.027210855779341347,PETR4.SA,1.0
2017-02-09,4.009718894958496,4.0603398184031425,3.98574046919057,4.044354370613933,33910300,-0.0033111585902259044,PETR4.SA,1.0
2017-02-10,4.1509246826171875,4.164246057897884,4.033697139132078,4.049682586201634,44467000,0.03521588205004411,PETR4.SA,-1.0
2017-02-13,4.161581039428711,4.238844698297132,4.142931269590007,4.201545158619723,36439100,0.0025672248056316516,PETR4.SA,-1.0
2017-02-14,4.21486759185791,4.24950307098969,4.145596887678488,4.193553489943605,34417400,0.012804401001527577,PETR4.SA,-1.0
2017-02-15,4.220195293426514,4.276144607781197,4.204209593550833,4.238845064878075,47953300,0.0012640258448202157,PETR4.SA,-1.0
2017-02-16,4.225523471832275,4.281473037373541,4.1962166533426855,4.220195074872381,37276900,0.0012625430899042556,PETR4.SA,-1.0
2017-02-17,4.1589179039001465,4.236181584874348,4.156253831792445,4.193553382141565,24866600,-0.01576267848850621,PETR4.SA,-1.0
2017-02-20,4.241509914398193,4.257495362164125,4.169574637199171,4.193553062932178,33514000,0.0198590143894386,PETR4.SA,-1.0
2017-02-21,4.286801338195801,4.324100876119981,4.273480219842334,4.2894656635001125,33685800,0.010678136963410578,PETR4.SA,-1.0
2017-02-22,4.182896137237549,4.268152792828596,4.148260660604329,4.262824140692354,45255400,-0.024238398927528326,PETR4.SA,-1.0
2017-02-23,4.145595550537109,4.28946581909609,4.124281201413505,4.246837374932938,41208700,-0.008917406857984589,PETR4.SA,-1.0
2017-02-24,4.04435396194458,4.121617629342806,4.023039864323282,4.089646482910859,30412200,-0.024421482355994062,PETR4.SA,-1.0
2017-03-01,4.134939193725586,4.142931917179523,4.081653693141746,4.132274867879575,25661000,0.022397948506329923,PETR4.SA,-1.0
2017-03-02,4.025702953338623,4.1162879731604995,3.9937318147104355,4.113623648087144,38490800,-0.026417858950070983,PETR4.SA,-1.0
2017-03-03,4.081652641296387,4.086981291615212,4.007053315421057,4.055010151954357,24516800,0.013898116330556265,PETR4.SA,-1.0
2017-03-06,4.023039817810059,4.121617581689854,4.007054117736864,4.025703889418855,23325000,-0.014360071431191668,PETR4.SA,-1.0
2017-03-07,4.04435396194458,4.097639205997824,4.0283682616865635,4.04435396194458,30927300,0.0052980196815759495,PETR4.SA,-1.0
2017-03-08,3.8765056133270264,4.0443543382763245,3.876505613327027,4.03902568633312,49300700,-0.041501893799831935,PETR4.SA,-1.0
2017-03-09,3.8631842136383057,3.88716263906607,3.7752634897925765,3.8205560146929956,46467600,-0.0034364453498849645,PETR4.SA,-1.0
2017-03-10,3.8125627040863037,3.964425702975412,3.7939126793552407,3.9217975105913863,42454600,-0.01310357123879613,PETR4.SA,-1.0
2017-03-13,3.8285484313964844,3.8365411545366275,3.7725988612473045,3.8178913825149303,28295100,0.00419290869447142,PETR4.SA,-1.0
2017-03-14,3.6207361221313477,3.756613696102977,3.620736122131347,3.7486207182805704,67172700,-0.05427966055253375,PETR4.SA,1.0
2017-03-15,3.783256769180298,3.783256769180298,3.6100796220112708,3.692671706076199,55593200,0.044886078843349164,PETR4.SA,-1.0
2017-03-16,3.6527068614959717,3.8152269143957174,3.6447141386541024,3.7992414687119798,35362300,-0.034507281860388206,PETR4.SA,1.0
2017-03-17,3.506171464920044,3.6979985485265567,3.4768646517084463,3.679348781399542,81797400,-0.04011693303960173,PETR4.SA,1.0
2017-03-20,3.6234006881713867,3.642050462824588,3.439566251420231,3.458216026073432,52351600,0.033435108472088304,PETR4.SA,1.0
2017-03-21,3.4635441303253174,3.6313928379004037,3.4155872841369836,3.626064186508774,46384300,-0.04411782510499651,PETR4.SA,1.0
2017-03-22,3.6393849849700928,3.6553706825311574,3.471536303957106,3.516828817282073,62807700,0.05076905274721,PETR4.SA,1.0
2017-03-23,3.6154069900512695,3.6820136052199905,3.5754431225836663,3.5914285679370788,36467200,-0.006588474431215019,PETR4.SA,1.0
2017-03-24,3.5914289951324463,3.6686929218393067,3.5541294488150417,3.6500428945965013,30084700,-0.006632170315763908,PETR4.SA,1.0
2017-03-27,3.6686923503875732,3.6740207472811837,3.4688725122379425,3.5274861484879754,32021200,0.021513262648334086,PETR4.SA,1.0
2017-03-28,3.716649293899536,3.759277489457882,3.6686927009384402,3.7033279192665307,44850600,0.013071944696288362,PETR4.SA,1.0
2017-03-29,3.8498623371124268,3.8605193854623625,3.7113207085632594,3.7406275280045644,43051400,0.035842241943985664,PETR4.SA,0.0
2017-03-30,3.8498623371124268,3.9004835073376785,3.823219843279624,3.876505085029304,32928600,0.0,PETR4.SA,0.0
2017-03-31,3.860518455505371,3.903146638636448,3.7992405057754506,3.8258829931903673,33553000,0.0027679219306675495,PETR4.SA,-1.0
2017-04-03,3.908475875854492,3.92978997062267,3.871176082968154,3.873840408335189,39427200,0.012422533631650134,PETR4.SA,-1.0
2017-04-04,3.9564332962036133,3.967090345150203,3.8818336994933995,3.9084764489019173,24132000,0.012270107804781105,PETR4.SA,-1.0
2017-04-05,3.8818325996398926,4.039024217627487,3.8631828327884885,4.009717404848993,49920900,-0.01885554260078226,PETR4.SA,-1.0
2017-04-06,3.8711750507354736,3.961760056388144,3.8418682417647796,3.895153464476943,34602700,-0.0027454942043115826,PETR4.SA,-1.0
2017-04-07,3.9164693355560303,3.9697545825129903,3.8898268391196,3.892490910904373,33024900,0.011700396966536353,PETR4.SA,-1.0
2017-04-10,3.9804117679595947,3.9804117679595947,3.916469469425618,3.969754718203932,37906000,0.016326549993142425,PETR4.SA,-1.0
2017-04-11,3.9111404418945312,3.9937325006825324,3.8765049722439255,3.9884041037046294,38593200,-0.01740305528756203,PETR4.SA,-1.0
2017-04-12,3.9031479358673096,3.951104784870479,3.884498163070121,3.889826814774517,42628900,-0.0020435231477778926,PETR4.SA,-1.0
2017-04-13,3.75128436088562,3.9138044024082226,3.75128436088562,3.9031473546704136,44572600,-0.03890797312245464,PETR4.SA,1.0
2017-04-17,3.804570198059082,3.8232202250970677,3.721978128619791,3.767270652151312,46459500,0.014204691526206181,PETR4.SA,1.0
2017-04-18,3.756612777709961,3.828547781936656,3.716648660620424,3.7699338959890953,45349800,-0.01260521369104628,PETR4.SA,1.0
2017-04-19,3.6234006881713867,3.80457054472107,3.6100793116687617,3.7939134943357944,41014100,-0.03546069223024384,PETR4.SA,1.0
2017-04-20,3.6979994773864746,3.703327874725137,3.6313928591066404,3.6766853798636543,28227600,0.020588059570286088,PETR4.SA,1.0
2017-04-24,3.7379631996154785,3.772598670248024,3.7086563801959738,3.7646059475125364,27546200,0.010806849074312952,PETR4.SA,1.0
2017-04-25,3.8205552101135254,3.8205552101135254,3.6766849419290186,3.7033274336170803,32268100,0.022095458432159765,PETR4.SA,1.0
2017-04-26,3.729970932006836,3.86051985364689,3.729970932006836,3.7725991305763142,37045000,-0.023709715767724182,PETR4.SA,1.0
2017-04-27,3.6580350399017334,3.7379630257920073,3.6127427771174427,3.7273059779455746,29078500,-0.01928591225412013,PETR4.SA,1.0
2017-04-28,3.721977710723877,3.756613180952365,3.6473781191160226,3.690006566070827,31061200,0.017480059683589344,PETR4.SA,1.0
2017-05-02,3.727306365966797,3.820555734893602,3.690006821663346,3.745956392202612,37830100,0.0014316730665975275,PETR4.SA,1.0
2017-05-03,3.772599458694458,3.7965778859963164,3.716649879684832,3.74062830698669,38357600,0.012151695696716036,PETR4.SA,1.0
2017-05-04,3.6234006881713867,3.7299711920241414,3.6180720359366876,3.7299711920241414,37695400,-0.03954800189010865,PETR4.SA,1.0
2017-05-05,3.7859199047088623,3.785919904708862,3.6393853048420826,3.6473780272830876,32788100,0.04485267584896713,PETR4.SA,1.0
2017-05-08,3.75128436088562,3.823219623678876,3.7246416144990673,3.7646057340788963,36464300,-0.009148514679394815,PETR4.SA,1.0
2017-05-09,3.767270803451538,3.7939133010150834,3.740628051803882,3.769934875349015,28008600,0.004261591771769657,PETR4.SA,1.0
2017-05-10,3.9244611263275146,3.929789776798767,3.812562261355646,3.8205549829784853,46271700,0.04172525180084219,PETR4.SA,1.0
2017-05-11,3.9484403133392334,3.975083062710022,3.9004837201895373,3.964426013778524,29318000,0.006110185893001496,PETR4.SA,-1.0
2017-05-12,4.116287708282471,4.150923169755264,4.089645221515403,4.1296090787080075,83518200,0.04250979668508337,PETR4.SA,-1.0
2017-05-15,4.177567958831787,4.228188886367022,4.169574980207172,4.201546386537368,46914700,0.014887261263592633,PETR4.SA,-1.0
2017-05-16,4.182896137237549,4.204210237614281,4.1349395384319605,4.201546165630278,34469300,0.0012754259076737107,PETR4.SA,-1.0
2017-05-17,4.1589179039001465,4.188224983842033,4.132275404234222,4.14559678110925,30023400,-0.005732447699080989,PETR4.SA,-1.0
2017-05-18,3.503507375717163,3.7299699378639466,3.3170089296407737,3.3170089296407737,142924900,-0.15759160034593445,PETR4.SA,1.0
2017-05-19,3.6287295818328857,3.7033289447165196,3.5861013744708097,3.6633650638356126,70983900,0.035741955899290634,PETR4.SA,-1.0
2017-05-22,3.570114850997925,3.5994219274020076,3.463544357030622,3.5567937298150865,55014900,-0.01615296194249738,PETR4.SA,-1.0
2017-05-23,3.5940935611724854,3.6234006399046907,3.5647867365243995,3.5834365109291704,48520100,0.0067165094612735565,PETR4.SA,-1.0
2017-05-24,3.7432923316955566,3.75394938140658,3.647378630212237,3.663364331820826,54065800,0.04151221107176717,PETR4.SA,-1.0
2017-05-25,3.6606998443603516,3.7805917118407115,3.6313930224690933,3.721978068058195,45030800,-0.022064129652891395,PETR4.SA,-1.0
2017-05-26,3.644714593887329,3.674021417357389,3.5701149910986327,3.5887650188378615,63326900,-0.004366719794754337,PETR4.SA,-1.0
2017-05-29,3.644714593887329,3.6447145938873287,3.6447145938873287,3.6447145938873287,0,0.0,PETR4.SA,-1.0
2017-05-30,3.5594570636749268,3.634056648070579,3.5594570636749268,3.6100782283779798,34663800,-0.023392100537965477,PETR4.SA,-1.0
2017-05-31,3.452887535095215,3.546136914022546,3.450223209049493,3.5194941617335607,45628800,-0.029939826966106198,PETR4.SA,-1.0
2017-06-01,3.4155867099761963,3.540807201704989,3.4155867099761963,3.5061717357338744,42873400,-0.010802791790897381,PETR4.SA,-1.0
2017-06-02,3.476865530014038,3.4768655300140385,3.3782877653084986,3.407594585923415,43192600,0.017940935259778135,PETR4.SA,-1.0
2017-06-05,3.511500835418701,3.5274862807831155,3.4422298946153775,3.452886942886345,31419400,0.009961646519163203,PETR4.SA,-1.0
2017-06-06,3.511500835418701,3.5514647029138104,3.4715367138395195,3.524821955194356,35558700,0.0,PETR4.SA,-1.0
2017-06-07,3.4289088249206543,3.5541293437753936,3.4129233781382338,3.5381436429088775,44355600,-0.023520430257337188,PETR4.SA,-1.0
2017-06-08,3.420916795730591,3.452887949867382,3.38628131522803,3.4049310916201216,27749200,-0.0023307791481590456,PETR4.SA,-1.0
2017-06-09,3.4235799312591553,3.490186542730469,3.418251280381102,3.452886748836272,30382100,0.0007784859111126252,PETR4.SA,-1.0
2017-06-12,3.436901569366455,3.4715370430526717,3.4022663497643357,3.4555515961723238,30680700,0.0038911427145795763,PETR4.SA,-1.0
2017-06-13,3.4475584030151367,3.46887275432929,3.402266136964295,3.450222728689916,22891000,0.0031007095878645696,PETR4.SA,-1.0
2017-06-14,3.3623015880584717,3.4742007113796802,3.3596372627212885,3.4475579661759452,67382800,-0.02472962165981052,PETR4.SA,-1.0
2017-06-15,3.3623015880584717,3.3623015880584717,3.3623015880584717,3.3623015880584717,0,0.0,PETR4.SA,-1.0
2017-06-16,3.2717173099517822,3.354309635766668,3.2530675364804655,3.3516453098181636,73551400,-0.02694115198601099,PETR4.SA,1.0
2017-06-19,3.274381160736084,3.3223380045134423,3.255731389971143,3.279709811859822,45926200,0.0008142056699700362,PETR4.SA,1.0
2017-06-20,3.159817934036255,3.2317532049752655,3.133175438716839,3.2290888792180974,54014700,-0.03498774915809588,PETR4.SA,1.0
2017-06-21,3.1012041568756104,3.2290887386433087,3.0878827827537894,3.1837962190795626,58778300,-0.018549732416314635,PETR4.SA,1.0
2017-06-22,3.2077748775482178,3.207774877548218,3.1225184834342232,3.1331755326984725,42284600,0.03436430343882124,PETR4.SA,1.0
2017-06-23,3.1784682273864746,3.237081874465823,3.1624825255840365,3.226424824625568,33601000,-0.009136130582873991,PETR4.SA,1.0
2017-06-26,3.2690529823303223,3.277045705466411,3.207774760729409,3.2237604610856736,42731300,0.028499499904811598,PETR4.SA,1.0
2017-06-27,3.2530670166015625,3.3250020271263585,3.2317529205879887,3.2877024861446373,45097600,-0.0048900907434556995,PETR4.SA,1.0
2017-06-28,3.2184319496154785,3.282374245654014,3.19978217679193,3.269053124542393,32077400,-0.010646896239557613,PETR4.SA,1.0
2017-06-29,3.245074510574341,3.27704565672728,3.2210960874386156,3.2663886080096334,24380300,0.008278118467611284,PETR4.SA,1.0
2017-06-30,3.295694589614868,3.3250014026079633,3.2477377555497853,3.263723451599486,29687600,0.015599049844796431,PETR4.SA,1.0
2017-07-03,3.2930312156677246,3.306352590542545,3.2557316709191393,3.2717171175016495,31542500,-0.0008081373667135905,PETR4.SA,1.0
2017-07-04,3.311680555343628,3.3116805553436275,3.2823734858799596,3.287702136358459,12523500,0.005663274489222214,PETR4.SA,1.0
2017-07-05,3.2530670166015625,3.3356593292172123,3.2290885950652752,3.2983595341514245,41958400,-0.017699031583069957,PETR4.SA,1.0
2017-07-06,3.242410182952881,3.2930311008106887,3.2184317598313625,3.2717170033880243,51976900,-0.0032759342473720476,PETR4.SA,1.0
2017-07-07,3.1784682273864746,3.2424105264280056,3.157154127705964,3.2317534765877505,42677000,-0.019720501712764182,PETR4.SA,1.0
2017-07-10,3.1917896270751953,3.1997826057145247,3.127847322465359,3.151825750215081,21748800,0.004191138226250057,PETR4.SA,1.0
2017-07-11,3.285038709640503,3.3170098590041057,3.1704752338578452,3.1837966096137067,45500900,0.02921529720326732,PETR4.SA,1.0
2017-07-12,3.4475584030151367,3.460879777304952,3.332995193924521,3.367630665444408,66332200,0.04947268745957012,PETR4.SA,0.0
2017-07-13,3.4289088249206543,3.4742013476110047,3.410259052313132,3.4528872491783806,32983300,-0.005409503165536567,PETR4.SA,0.0
2017-07-14,3.476865530014038,3.479529855729236,3.4395657322535294,3.4528871067454316,35977500,0.013985995995240197,PETR4.SA,0.0
2017-07-17,3.434237480163574,3.4768656770734183,3.428908828507796,3.47153702541764,28118700,-0.012260482748750912,PETR4.SA,0.0
2017-07-18,3.4475584030151367,3.46887275432929,3.418251582844808,3.463544102979731,19300700,0.0038788589689866537,PETR4.SA,0.0
2017-07-19,3.5248217582702637,3.5354790600299038,3.4555510754210146,3.463543797656686,36513700,0.022411035934171375,PETR4.SA,0.0
2017-07-20,3.490187406539917,3.5567940344961437,3.4715373779349714,3.540808331989636,30114300,-0.009825844852745957,PETR4.SA,0.0
2017-07-21,3.380951404571533,3.474200760005704,3.375623007906637,3.4635437125918602,38738300,-0.03129803338459625,PETR4.SA,1.0
2017-07-24,3.431572914123535,3.442229962604997,3.4022660943205363,3.418251540000689,16250400,0.01497256348717535,PETR4.SA,0.0
2017-07-25,3.522157669067383,3.5301503912625543,3.4662081055330667,3.4662081055330667,29930100,0.026397444323861707,PETR4.SA,0.0
2017-07-26,3.479529857635498,3.5541291991133006,3.458215505986327,3.5434721503307576,29333000,-0.012102755026061063,PETR4.SA,0.0
2017-07-27,3.4635441303253174,3.508836650817837,3.463544130325318,3.4768655047203088,21825900,-0.004594220473522204,PETR4.SA,1.0
2017-07-28,3.498178720474243,3.4981787204742436,3.439564840359163,3.458214607361408,20980200,0.009999754253361415,PETR4.SA,0.0
2017-07-31,3.5408084392547607,3.5461370916130632,3.48219453373408,3.5221586641689604,31397700,0.012186260962315343,PETR4.SA,0.0
2017-08-01,3.4955151081085205,3.5488003490386366,3.4848580599224976,3.5434719519876605,22999400,-0.012791805013821378,PETR4.SA,0.0
2017-08-02,3.599421501159668,3.6260639944544484,3.484858043148311,3.4981794168377363,46342000,0.02972563122674443,PETR4.SA,0.0
2017-08-03,3.546135902404785,3.6393850006465245,3.5461359024047847,3.6154065812436635,31300700,-0.014803934114889117,PETR4.SA,0.0
2017-08-04,3.570114850997925,3.5914289497913847,3.5328153051514186,3.572779176868132,21560500,0.006761993689209378,PETR4.SA,0.0
2017-08-07,3.610079050064087,3.628728823365831,3.551465150150471,3.5567938019990293,29832200,0.011194093393099402,PETR4.SA,0.0
2017-08-08,3.5940935611724854,3.647378812389059,3.586100837011029,3.596757887254344,28907900,-0.004428016303775317,PETR4.SA,1.0
2017-08-09,3.602085590362549,3.6260637565292964,3.5807712414075743,3.5994212649826705,26980300,0.002223656411286079,PETR4.SA,1.0
2017-08-10,3.514164924621582,3.639385432999143,3.5035078762969434,3.623399987554222,56194400,-0.024408266693107028,PETR4.SA,1.0
2017-08-11,3.4502224922180176,3.5168291050179175,3.4475581667258464,3.5008436602330173,43025100,-0.01819562649309925,PETR4.SA,1.0
2017-08-14,3.484858512878418,3.5221583134196983,3.439565988679757,3.4582157619083453,31607400,0.010038778872528464,PETR4.SA,1.0
2017-08-15,3.503507375717163,3.527485794542592,3.476864885754272,3.4848576073347357,24737300,0.0053513974153691635,PETR4.SA,1.0
2017-08-16,3.498178720474243,3.564785321578283,3.490185999485284,3.543471229551712,44946600,-0.0015209487726079995,PETR4.SA,1.0
2017-08-17,3.476865530014038,3.532815099612759,3.468872806952531,3.4955153018522505,23503300,-0.00609265339574061,PETR4.SA,1.0
2017-08-18,3.6234006881713867,3.6234006881713867,3.5061728798492333,3.5061728798492333,66263500,0.042145765170491734,PETR4.SA,1.0
2017-08-21,3.5541300773620605,3.639386488689822,3.5381443731960314,3.634058090023911,40485900,-0.019117568486273218,PETR4.SA,1.0
2017-08-22,3.6740212440490723,3.6953353426735402,3.6340573726492185,3.650042819575521,55240700,0.033732914687240934,PETR4.SA,1.0
2017-08-23,3.6660280227661133,3.71132053971374,3.636720950574082,3.6713564196566244,47679700,-0.002175605624465504,PETR4.SA,1.0
2017-08-24,3.6766860485076904,3.7006644761026135,3.6447148964091696,3.671357396115871,32300600,0.0029072406635712866,PETR4.SA,1.0
2017-08-25,3.6979994773864746,3.713984923486547,3.679349705575028,3.6953351516751005,24185600,0.005796912925822184,PETR4.SA,1.0
2017-08-28,3.6953346729278564,3.737962862450823,3.66602785615183,3.711320371040995,27208100,-0.000720607040350818,PETR4.SA,1.0
2017-08-29,3.690006732940674,3.6900067329406734,3.6447142124462792,3.666028309845514,27306400,-0.001441801747001481,PETR4.SA,1.0
2017-08-30,3.5834360122680664,3.7033278743425653,3.580771686556968,3.6740210537727362,58871700,-0.028880901414420457,PETR4.SA,1.0
2017-08-31,3.63672137260437,3.668692773993871,3.588764778688305,3.6047502252989623,82909400,0.014869907026071827,PETR4.SA,1.0
2017-09-01,3.735299825668335,3.780592099017244,3.682014319923035,3.690007298235303,60260300,0.02710640793286001,PETR4.SA,1.0
2017-09-04,3.7752630710601807,3.777927396719776,3.713984851309875,3.7193135026290665,18139300,0.01069880525178335,PETR4.SA,1.0
2017-09-05,3.839205741882324,3.903148039528689,3.791248891605498,3.881833940313234,56476800,0.016937275527182605,PETR4.SA,1.0
2017-09-06,4.001725673675537,4.001725673675537,3.865848113935388,3.9031476568635295,68418200,0.04233165470145672,PETR4.SA,1.0
2017-09-07,4.001725673675537,4.001725673675537,4.001725673675537,4.001725673675537,0,0.0,PETR4.SA,1.0
2017-09-08,3.919133424758911,4.036360960985166,3.9138047733429486,4.0230398406134285,36337400,-0.020639158116194878,PETR4.SA,1.0
2017-09-11,3.9937336444854736,4.009719348165613,3.945777041613335,3.964426817503381,34915900,0.019034876244651278,PETR4.SA,1.0
2017-09-12,3.961761474609375,4.039025138721658,3.9590971489990023,3.9910682940712494,49702800,-0.008005583927772841,PETR4.SA,1.0
2017-09-13,4.004388809204102,4.023038830392701,3.9457751828514174,3.9804103920216303,37010200,0.010759692340874594,PETR4.SA,1.0
2017-09-14,4.007054328918457,4.065668226830487,4.001725931335961,4.0043900030851605,34413800,0.0006656495763419645,PETR4.SA,1.0
2017-09-15,4.007054328918457,4.041689802499016,3.993732953836073,4.015047052334248,47784700,0.0,PETR4.SA,1.0
2017-09-18,4.007054328918457,4.047018200081512,3.9910686280027767,4.001725931335961,47601200,0.0,PETR4.SA,1.0
2017-09-19,4.033696174621582,4.041688896245194,3.9750822898523386,4.023039127762087,35822100,0.006648735833415964,PETR4.SA,1.0
2017-09-20,4.2281880378723145,4.2308523635458535,4.015046811586694,4.063003657374081,80267000,0.048216785506652204,PETR4.SA,0.0
2017-09-21,4.174902439117432,4.252166098478594,4.150924018266716,4.222859280818864,46258800,-0.012602466654178635,PETR4.SA,0.0
2017-09-22,4.180230617523193,4.209537687735786,4.110959938120807,4.156252452009317,40928300,0.001276240219612923,PETR4.SA,0.0
2017-09-25,4.220195293426514,4.252166439093796,4.182895496439311,4.206873919210793,36733200,0.009560399786507467,PETR4.SA,0.0
2017-09-26,4.145595550537109,4.236180327413164,4.145595550537109,4.225523279893389,37874200,-0.01767684614159981,PETR4.SA,1.0
2017-09-27,4.078989028930664,4.188223831910448,4.025703536086229,4.1828951809923804,41819300,-0.016066816165367537,PETR4.SA,1.0
2017-09-28,4.086982250213623,4.129610446426506,4.05501110305396,4.094974973482516,33829000,0.001959608429016546,PETR4.SA,1.0
2017-09-29,4.0763258934021,4.134939800190674,4.0763258934021,4.129611147717106,28638300,-0.0026073900396720306,PETR4.SA,1.0
2017-10-02,4.102967739105225,4.102967739105225,4.012382948259811,4.04701816747724,29826200,0.006535749692203829,PETR4.SA,1.0
2017-10-03,4.257495403289795,4.257495403289795,4.134939455620113,4.156253555569981,50636700,0.03766241267553072,PETR4.SA,1.0
2017-10-04,4.172237396240234,4.246836717327248,4.169573071251837,4.236179671457675,47798600,-0.0200253902760954,PETR4.SA,1.0
2017-10-05,4.236180782318115,4.292130605410207,4.222859662050942,4.230852385028062,55361300,0.015325922282251492,PETR4.SA,1.0
2017-10-06,4.180230617523193,4.201544965897827,4.140266754249353,4.172237895685234,41741300,-0.013207690528331262,PETR4.SA,1.0
2017-10-09,4.233518123626709,4.233518123626709,4.153590104927753,4.158918503996127,27904700,0.01274750390089463,PETR4.SA,1.0
2017-10-10,4.3134446144104,4.3134446144104,4.265487769361544,4.297458660615345,47066600,0.018879449301901552,PETR4.SA,1.0
2017-10-11,4.284137725830078,4.329430247204483,4.265487953764413,4.308116149391126,40422100,-0.006794312017456616,PETR4.SA,1.0
2017-10-12,4.284137725830078,4.284137725830078,4.284137725830078,4.284137725830078,0,0.0,PETR4.SA,1.0
2017-10-13,4.284137725830078,4.340087550195249,4.278809074334695,4.3241015957091,24210000,0.0,PETR4.SA,1.0
2017-10-16,4.29479455947876,4.332094099533936,4.262823162168523,4.305451353136759,44699700,0.002487509583183778,PETR4.SA,1.0
2017-10-17,4.297459125518799,4.321437550637238,4.281473678162577,4.3001234514395374,25524800,0.0006204175783353083,PETR4.SA,1.0
2017-10-18,4.305452346801758,4.337423751490747,4.297459368587451,4.321437795062133,25706200,0.0018599877391489716,PETR4.SA,1.0
2017-10-19,4.302785873413086,4.305450198154882,4.236179279372116,4.2628220186221,24672800,-0.0006193247942117841,PETR4.SA,1.0
2017-10-20,4.321437358856201,4.3667298811623025,4.308116238011895,4.313444889616892,32417500,0.0043347463694074495,PETR4.SA,1.0
2017-10-23,4.316108226776123,4.340086645337951,4.294794133406505,4.340086645337951,29389900,-0.0012331850811528877,PETR4.SA,1.0
2017-10-24,4.398699760437012,4.398699760437012,4.294793630937622,4.340086137570076,46249500,0.019135649367759244,PETR4.SA,-1.0
2017-10-25,4.454649448394775,4.457313773508516,4.382714702996007,4.404028795737875,37608200,0.012719596927480481,PETR4.SA,-1.0
2017-10-26,4.457315444946289,4.499943646415069,4.4386656703247285,4.470637075510437,37848300,0.0005984750500342972,PETR4.SA,-1.0
2017-10-27,4.537243366241455,4.553228813560819,4.436001014159664,4.4679724169665995,45640100,0.017931852094019707,PETR4.SA,-1.0
2017-10-30,4.47063684463501,4.574543016828143,4.459979540734063,4.521257513659848,55355600,-0.01467995349379303,PETR4.SA,-1.0
2017-10-31,4.467970371246338,4.51592719941496,4.454648747772845,4.502605575941468,32249000,-0.0005964415096412212,PETR4.SA,-1.0
2017-11-01,4.502607345581055,4.555892844081635,4.4972786940973615,4.526585769089498,38876600,0.007752283801527371,PETR4.SA,-1.0
2017-11-02,4.502607345581055,4.502607345581055,4.502607345581055,4.502607345581055,0,0.0,PETR4.SA,-1.0
2017-11-03,4.513264179229736,4.531913949315162,4.443993241649497,4.518592321991199,32605400,0.0023668138993155896,PETR4.SA,-1.0
2017-11-06,4.6438140869140625,4.646478412957708,4.523921955791163,4.542571729928452,46056100,0.028925828956595012,PETR4.SA,-1.0
2017-11-07,4.396036624908447,4.622499219340391,4.396036624908447,4.611841916935053,61098400,-0.053356456001077746,PETR4.SA,-1.0
2017-11-08,4.515929698944092,4.515929698944092,4.398701888332627,4.446658743044965,41179600,0.027272992530662066,PETR4.SA,-1.0
2017-11-09,4.454649448394775,4.513263584560953,4.454649448394775,4.499941958992252,29399400,-0.013569797280866602,PETR4.SA,-1.0
2017-11-10,4.454649448394775,4.478627866250384,4.398700145510394,4.451985123281036,35959400,0.0,PETR4.SA,-1.0
2017-11-13,4.4333367347717285,4.467972463856753,4.36673011071245,4.446658364484512,28697700,-0.004784375037799382,PETR4.SA,-1.0
2017-11-14,4.089646816253662,4.433336731931913,4.070996788751819,4.433336731931913,88765600,-0.07752398229135715,PETR4.SA,0.0
2017-11-15,4.089646816253662,4.089646816253662,4.089646816253662,4.089646816253662,0,0.0,PETR4.SA,0.0
2017-11-16,4.212202072143555,4.27348028465181,4.124281114356225,4.161580906930121,42703800,0.02996719799930303,PETR4.SA,0.0
2017-11-17,4.268152236938477,4.294794985981462,4.212202667215475,4.241509487895491,38376900,0.013282877657967873,PETR4.SA,-1.0
2017-11-20,4.268152236938477,4.268152236938477,4.268152236938477,4.268152236938477,0,0.0,PETR4.SA,-1.0
2017-11-21,4.236180782318115,4.345415594647066,4.222859662050942,4.302787399990313,45817800,-0.007490701560189494,PETR4.SA,0.0
2017-11-22,4.2921295166015625,4.326764725411005,4.244172682736155,4.286800866579176,37444900,0.013207352839373243,PETR4.SA,-1.0
2017-11-23,4.3134446144104,4.33209438566981,4.246837744018057,4.2574947924640165,15403600,0.004966089146749342,PETR4.SA,-1.0
2017-11-24,4.2894673347473145,4.361402621486628,4.273481884861341,4.329431213546393,18790700,-0.005558731317189647,PETR4.SA,-1.0
2017-11-27,4.2281880378723145,4.268152160723163,4.204209614978621,4.265487835049624,28445800,-0.014285992197352826,PETR4.SA,0.0
2017-11-28,4.220195293426514,4.273480790289397,4.212202570530713,4.244173716197995,30429600,-0.001890347442973006,PETR4.SA,0.0
2017-11-29,4.084317207336426,4.241508843836009,4.081652882019879,4.228187471337323,45973000,-0.03219710857972269,PETR4.SA,0.0
2017-11-30,4.097639083862305,4.121617506492577,3.9937326704924807,4.076324986876301,52811400,0.0032617144677082877,PETR4.SA,0.0
2017-12-01,4.1589179039001465,4.20154636071706,4.065668773943216,4.086982875309608,42703800,0.014954665060467498,PETR4.SA,0.0
2017-12-04,4.124281406402588,4.209538044882347,4.118953009419891,4.169573924133816,43821500,-0.008328247466745431,PETR4.SA,1.0
2017-12-05,4.078989028930664,4.21753064970764,4.052346282508447,4.129609942232006,30228000,-0.010981883389821867,PETR4.SA,1.0
2017-12-06,4.134939193725586,4.182895788533306,4.033697098334026,4.055011196933924,39238500,0.013716674499021586,PETR4.SA,1.0
2017-12-07,4.06566858291626,4.126946557944435,4.015047403986437,4.0763256330987305,37281400,-0.016752510149227406,PETR4.SA,1.0
2017-12-08,4.089646816253662,4.177567539628862,4.089646816253662,4.132275014970838,39584500,0.005897734369731289,PETR4.SA,1.0
2017-12-11,4.097639083862305,4.148260000683043,4.094974758218035,4.124281578052769,21281600,0.001954268416744176,PETR4.SA,1.0
2017-12-12,4.126946449279785,4.126946449279785,4.044354376061362,4.092310973577697,36201200,0.007152256413431202,PETR4.SA,1.0
2017-12-13,4.04435396194458,4.177567199119734,4.02570393596288,4.169574221948682,46828900,-0.020012977718579017,PETR4.SA,1.0
2017-12-14,3.999061107635498,4.0789890940949896,3.9963967821339,4.023039528981752,37177300,-0.011199033204132514,PETR4.SA,1.0
2017-12-15,3.9830753803253174,4.060339040732605,3.983075380325317,4.009718126983304,55668300,-0.00399737010261203,PETR4.SA,1.0
2017-12-18,4.055009841918945,4.084316654179666,4.031031425485622,4.0390241462687255,42760400,0.01806003018395108,PETR4.SA,1.0
2017-12-19,4.033696174621582,4.063002989964184,4.012382080902592,4.044353221481077,22639700,-0.0052561320756935315,PETR4.SA,1.0
2017-12-20,4.06033992767334,4.076325629976862,4.04169015338933,4.052347203563638,20149700,0.00660529496975748,PETR4.SA,1.0
2017-12-21,4.225523471832275,4.2281877973542565,4.07632479977828,4.078989125300261,47219400,0.040682195850924474,PETR4.SA,1.0
2017-12-22,4.196216583251953,4.233516377684455,4.180230884471149,4.196216583251953,18708500,-0.006935682354076267,PETR4.SA,1.0
2017-12-25,4.196216583251953,4.196216583251953,4.196216583251953,4.196216583251953,0,0.0,PETR4.SA,1.0
2017-12-26,4.254830837249756,4.260159234576385,4.180231242004285,4.196216942152339,22173100,0.01396835764668225,PETR4.SA,1.0
2017-12-27,4.276144027709961,4.300122447228701,4.257494258788294,4.260158584086831,23552200,0.005009174577192299,PETR4.SA,1.0
2017-12-28,4.2894673347473145,4.297459805606156,4.2628245794918325,4.2894673347473145,19011500,0.003115729253041266,PETR4.SA,1.0
2017-12-29,4.2894673347473145,4.2894673347473145,4.2894673347473145,4.2894673347473145,0,0.0,PETR4.SA,1.0
2018-01-02,4.409357070922852,4.409357070922851,4.3134439047727025,4.3134439047727025,33461800,0.027949795818319245,PETR4.SA,1.0
2018-01-03,4.449321269989014,4.454649412004914,4.361400574626023,4.393371459393628,55940900,0.00906349801645745,PETR4.SA,1.0
2018-01-04,4.457315444946289,4.51859342103663,4.428008874041657,4.470637075510437,37064900,0.0017967178524951333,PETR4.SA,1.0
2018-01-05,4.483956336975098,4.491949311996342,4.414685411295084,4.449321128219108,26958200,0.005976891776644289,PETR4.SA,1.0
2018-01-08,4.537243366241455,4.537243366241455,4.451986461479028,4.459979439222814,28400000,0.011883931345840315,PETR4.SA,1.0
2018-01-09,4.537243366241455,4.571878586794779,4.518593084839288,4.537243366241455,35070900,0.0,PETR4.SA,1.0
2018-01-10,4.475964069366455,4.542570680566361,4.46797160125006,4.507935466336381,28547700,-0.013505843070031776,PETR4.SA,1.0
2018-01-11,4.5958571434021,4.6091782651881505,4.486622318618174,4.49727911441337,37921500,0.026785977764252733,PETR4.SA,1.0
2018-01-12,4.609177112579346,4.638484182981757,4.534578036163167,4.53990668681235,45912100,0.002898255703262853,PETR4.SA,1.0
2018-01-15,4.622499942779541,4.646478368776119,4.5692144387497615,4.6145069647246055,28945400,0.002890500814957786,PETR4.SA,1.0
2018-01-16,4.702426433563232,4.753047598042219,4.609177080523444,4.622498707053752,58618300,0.017290749977950437,PETR4.SA,1.0
2018-01-17,4.891590595245361,4.891590595245361,4.745055718560811,4.774362795531363,58488900,0.04022692632296887,PETR4.SA,1.0
2018-01-18,4.85429048538208,4.936883063512364,4.777027067202896,4.888926213802703,48575800,-0.007625353990077799,PETR4.SA,1.0
2018-01-19,4.864948272705078,4.907576474870675,4.803670295613065,4.878269395318732,33470200,0.002195539668483404,PETR4.SA,1.0
2018-01-22,4.920897483825684,4.920897483825684,4.819655633062852,4.864948160338702,33920000,0.0115004739997977,PETR4.SA,1.0
2018-01-23,4.859618663787842,4.918232303185517,4.795676373126336,4.902246857562179,35567700,-0.012452773145398166,PETR4.SA,1.0
2018-01-24,5.152687072753906,5.229950471345656,4.907574742730574,4.907574742730574,89768200,0.060306873695647356,PETR4.SA,1.0
2018-01-25,5.152687072753906,5.152687072753906,5.152687072753906,5.152687072753906,0,0.0,PETR4.SA,1.0
2018-01-26,5.309878826141357,5.323199944361415,5.088744909779039,5.2272867752072125,81989500,0.030506753305210577,PETR4.SA,1.0
2018-01-29,5.2885661125183105,5.34185110747516,5.21396650977686,5.240609261339394,55726200,-0.004013785308644158,PETR4.SA,1.0
2018-01-30,5.192652702331543,5.267252309270433,5.158017479069208,5.267252309270433,46203000,-0.018135995304991215,PETR4.SA,1.0
2018-01-31,5.248600006103516,5.309877952907274,5.24327135642458,5.259256797293386,41576600,0.010774320367478385,PETR4.SA,1.0
2018-02-01,5.467072010040283,5.493714762200634,5.264587805057135,5.264587805057135,51950200,0.04162481493783288,PETR4.SA,-1.0
2018-02-02,5.320536136627197,5.440428244942297,5.2885652465219275,5.408456846668892,50657800,-0.026803355277554952,PETR4.SA,-1.0
2018-02-05,5.072760581970215,5.320536789267858,5.072760581970215,5.235280394305031,62268600,-0.04656965920243761,PETR4.SA,1.0
2018-02-06,5.325865268707275,5.325865268707275,4.960861276059256,4.97151807100077,74146500,0.049894861515178635,PETR4.SA,-1.0
2018-02-07,5.179331302642822,5.387143647429434,5.158017202968087,5.320537022424859,61910300,-0.02751364495182218,PETR4.SA,1.0
2018-02-08,5.075425148010254,5.259259594359392,5.008818516103724,5.208638411823313,51115100,-0.020061693018083027,PETR4.SA,1.0
2018-02-09,5.000824451446533,5.166008561346628,4.93155351536426,5.070095387528806,68727600,-0.014698413312817071,PETR4.SA,1.0
2018-02-14,5.128708839416504,5.158015909684102,5.0514449298630515,5.064766556424729,43402800,0.025572660910538225,PETR4.SA,1.0
2018-02-15,5.16867208480835,5.20597212655343,5.107394134455191,5.195314826578255,31978000,0.007792067485818288,PETR4.SA,1.0
2018-02-16,5.174001693725586,5.216629885190767,5.144694621530227,5.184658487507818,34736300,0.0010311369786644153,PETR4.SA,1.0
2018-02-19,5.3418498039245605,5.355171430539113,5.208636586787608,5.208636586787608,40925500,0.032440675541819175,PETR4.SA,1.0
2018-02-20,5.445756435394287,5.5469982563884255,5.280571823261849,5.2965572669623775,67418700,0.019451432609241204,PETR4.SA,1.0
2018-02-21,5.395135879516602,5.562984327729798,5.395135879516601,5.485720917653294,55678400,-0.009295413130980479,PETR4.SA,1.0
2018-02-22,5.5256853103637695,5.546999409116478,5.4724003175660965,5.485721438723465,38170900,0.02419761684646682,PETR4.SA,1.0
2018-02-23,5.626926898956299,5.632255041797158,5.493713672740334,5.581634381716145,55755600,0.018321996803300378,PETR4.SA,1.0
2018-02-26,5.733497619628906,5.778790138775504,5.69619756916408,5.701526220397362,48160500,0.01893941801383181,PETR4.SA,0.0
2018-02-27,5.728168964385986,5.821418328230551,5.685540770885868,5.720175987541658,42912500,-0.0009293899808516803,PETR4.SA,0.0
2018-02-28,5.7175116539001465,5.800104223337807,5.6429125694637445,5.762804172951456,66229400,-0.0018605091002202867,PETR4.SA,0.0
2018-03-01,5.602947235107422,5.717510157387124,5.531011986942387,5.701524716073122,66380900,-0.020037461351666064,PETR4.SA,1.0
2018-03-02,5.730833530426025,5.730833530426025,5.464407055788841,5.515028228256994,52682900,0.02282482592684132,PETR4.SA,0.0
2018-03-05,5.893352031707764,5.90667314807915,5.690867912220978,5.725503119687394,54242600,0.028358614923797543,PETR4.SA,-1.0
2018-03-06,5.834738731384277,6.029229903857867,5.824081938402427,5.994594691456742,57240800,-0.009945664200633475,PETR4.SA,-1.0
2018-03-07,5.773462295532227,5.853390042544663,5.69353454851979,5.778790947511248,50956600,-0.01050200166160875,PETR4.SA,0.0
2018-03-08,5.781455993652344,5.829412342932426,5.6802136261128355,5.821419872136555,36156800,0.0013845588159990818,PETR4.SA,-1.0
2018-03-09,5.965288162231445,5.965288162231445,5.752147201591767,5.802768370306741,45560000,0.031796863762508565,PETR4.SA,-1.0
2018-03-12,5.949302673339844,6.0185736120787885,5.922659926414384,6.005252492700124,32363900,-0.002679751330842972,PETR4.SA,-1.0
2018-03-13,5.890690326690674,6.005253807841693,5.877368696226462,5.981275381174352,34732800,-0.009851969191586929,PETR4.SA,-1.0
2018-03-14,5.962623596191406,5.978609548720667,5.885360191639105,5.941309500987174,31947600,0.012211347993426713,PETR4.SA,-1.0
2018-03-15,5.677547454833984,5.909338687789539,5.677547454833984,5.874702965034926,81097800,-0.047810521116830595,PETR4.SA,0.0
2018-03-16,5.70952033996582,5.792112417939291,5.6562348333045955,5.720177136397113,57891900,0.005631460659058618,PETR4.SA,0.0
2018-03-19,5.576306343078613,5.690869811512223,5.5576565706672225,5.666891387506668,42218400,-0.023331906877488207,PETR4.SA,0.0
2018-03-20,5.6375837326049805,5.704190346183175,5.624262613156595,5.642912383651588,30106800,0.010988885071284704,PETR4.SA,0.0
2018-03-21,5.874704360961914,5.885361665316645,5.648242233274519,5.661563355549692,53106300,0.042060684080938104,PETR4.SA,-1.0
2018-03-22,5.786782741546631,5.872039638750239,5.749483198385663,5.82408279287576,50033300,-0.014966135147077786,PETR4.SA,-1.0
2018-03-23,5.794776439666748,5.890690143350927,5.736162791953209,5.757476891864335,52815800,0.0013813717357531452,PETR4.SA,-1.0
2018-03-26,5.869374752044678,5.9146672679114705,5.81875358533047,5.880031545571391,30174900,0.012873371933261213,PETR4.SA,-1.0
2018-03-27,5.712184429168701,5.909339982567822,5.6935346550613595,5.898682678410351,43568100,-0.026781442575500414,PETR4.SA,0.0
2018-03-28,5.648241996765137,5.704191317779983,5.5922921675820705,5.664227444459632,38539300,-0.011194041998547677,PETR4.SA,1.0
2018-03-29,5.704189300537109,5.744153159724547,5.656232466244968,5.664225441349672,34318800,0.009905259690362822,PETR4.SA,1.0
2018-04-02,5.5683135986328125,5.717512292333716,5.53367837815818,5.690870049584709,37275000,-0.02382033532644201,PETR4.SA,1.0
2018-04-03,5.517691612243652,5.645576696228298,5.504370492825815,5.624262600258879,39245800,-0.009091080358977877,PETR4.SA,1.0
2018-04-04,5.42977237701416,5.488386537969714,5.357837601192399,5.411122601498582,58475700,-0.015934061090765006,PETR4.SA,1.0
2018-04-05,5.634920120239258,5.682876969391896,5.60294922624963,5.634920120239257,88599000,0.037782015337060715,PETR4.SA,1.0
2018-04-06,5.6695556640625,5.6695556640625,5.5496635450760134,5.589627415348781,47908900,0.006146590028639487,PETR4.SA,1.0
2018-04-09,5.469736099243164,5.712184167885147,5.469736099243164,5.70951984196765,44248900,-0.03524430778339971,PETR4.SA,1.0
2018-04-10,5.70152473449707,5.730831800474125,5.53101200481534,5.570975862313493,58545100,0.04237656644641019,PETR4.SA,1.0
2018-04-11,5.808095932006836,5.83473867646281,5.682875693682263,5.688204344207074,62378300,0.018691701338232614,PETR4.SA,1.0
2018-04-12,5.776124477386475,5.845395402895269,5.776124477386475,5.805431544223897,36238700,-0.005504636113907058,PETR4.SA,1.0
2018-04-13,5.648241996765137,5.792112042352041,5.610941941253685,5.765469290749068,43347800,-0.02213984153596371,PETR4.SA,1.0
2018-04-16,5.49371337890625,5.658897486004936,5.488384728182266,5.608276320463292,48474200,-0.02735871054168504,PETR4.SA,1.0
2018-04-17,5.602947235107422,5.616268351507754,5.493712454487043,5.515026545628385,36570400,0.019883428323834273,PETR4.SA,1.0
2018-04-18,5.808095932006836,5.8267462088436766,5.677547043157451,5.688204344207074,65237400,0.03661442599601439,PETR4.SA,1.0
2018-04-19,5.914665699005127,5.967950668840717,5.8427304561507025,5.880029985852413,62475200,0.018348486017769394,PETR4.SA,1.0
2018-04-20,5.95729398727417,5.983936218596042,5.8347375888880055,5.877365768804587,61494800,0.00720721853750983,PETR4.SA,1.0
2018-04-23,5.9892659187316895,5.989265918731689,5.845395913318338,5.885359775479375,37023300,0.005366854737371973,PETR4.SA,1.0
2018-04-24,5.967953681945801,6.0665317135721635,5.922661155225835,6.021239186852197,46710300,-0.003558405499951789,PETR4.SA,1.0
2018-04-25,5.7894463539123535,5.896016827076206,5.773460909979801,5.864045939211101,68160600,-0.029910977455047227,PETR4.SA,1.0
2018-04-26,6.029229640960693,6.029229640960693,5.853388244998758,5.861381220512689,56674700,0.04141730873562732,PETR4.SA,1.0
2018-04-27,6.050544738769531,6.109158885934262,6.037223618869266,6.085180463579263,37858300,0.003535293740352774,PETR4.SA,1.0
2018-04-30,6.119815826416016,6.13313745480267,6.0292307860594185,6.055873534664563,23681500,0.011448735715087421,PETR4.SA,1.0
2018-05-02,6.021238327026367,6.109159041849181,5.997259904059403,6.0398880986299694,31778100,-0.01610791928805133,PETR4.SA,1.0
2018-05-03,5.981276035308838,6.031896712104184,5.853390909707617,6.005254464598549,48855700,-0.006636889215654862,PETR4.SA,1.0
2018-05-04,5.933316230773926,6.031893717203908,5.933316230773926,5.981273065542261,33599400,-0.008018323222635848,PETR4.SA,1.0
2018-05-07,6.03455924987793,6.173101131784686,5.991931056701719,6.013245153289824,47815100,0.017063479370759582,PETR4.SA,1.0
2018-05-08,6.103829383850098,6.167771665160668,5.999923240241431,6.143793246148194,81198700,0.011478905269439288,PETR4.SA,1.0
2018-05-09,6.602046966552734,6.607375108822488,6.186421379427366,6.207735473010611,118032300,0.08162377277793054,PETR4.SA,1.0
2018-05-10,6.860481262207031,7.057636779247562,6.639347323402424,6.6979609609545365,126907200,0.03914457091316925,PETR4.SA,1.0
2018-05-11,6.777891159057617,7.009681958783313,6.772562506423667,6.88179734457822,72996400,-0.012038529075851567,PETR4.SA,1.0
2018-05-14,6.991030216217041,7.054972505333181,6.8764667576542395,6.887124059924333,66938700,0.03144622009378173,PETR4.SA,-1.0
2018-05-15,7.137567043304443,7.166873616299179,6.897782757731172,7.020339226820653,75230200,0.020960691422486244,PETR4.SA,-1.0
2018-05-16,7.297422409057617,7.334722468377431,7.150888022532326,7.158881001279773,64486500,0.022396338245695313,PETR4.SA,-1.0
2018-05-17,6.913766860961914,7.353370419644129,6.785881773571331,7.2867638044447585,112487000,-0.052574118173494666,PETR4.SA,-1.0
2018-05-18,6.833837985992432,6.97237985475845,6.650003602751681,6.663325229460779,83206900,-0.011560828789410782,PETR4.SA,-1.0
2018-05-21,6.673982620239258,7.004351877852298,6.644676055191372,6.953730708161376,75971900,-0.023391740641325542,PETR4.SA,-1.0
2018-05-22,6.596564292907715,6.751401181224747,6.447067222169085,6.623260325692875,88109900,-0.011600019319314203,PETR4.SA,-1.0
2018-05-23,6.2121429443359375,6.535163448306402,6.2121429443359375,6.468423624261154,74622500,-0.05827599512447523,PETR4.SA,-1.0
2018-05-24,5.360542297363281,5.539405034507527,5.245749726022052,5.352533335693748,240343800,-0.13708645383782136,PETR4.SA,-1.0
2018-05-25,5.285794734954834,5.678225291125061,5.248420590247015,5.512710276076303,131188100,-0.013944029962269622,PETR4.SA,-1.0
2018-05-28,4.514281272888184,5.125618253440785,4.514281272888184,5.125618253440785,134504900,-0.14595978481053196,PETR4.SA,1.0
2018-05-29,5.152314186096191,5.189688833614557,4.698483690435411,4.805267306521215,181509800,0.14133654387906636,PETR4.SA,-1.0
2018-05-30,5.066887855529785,5.331177525616092,4.839972327925026,4.909381813379688,125430000,-0.016580186588180945,PETR4.SA,-1.0
2018-06-01,4.31406307220459,5.272447183202491,3.977694228781677,5.221724763931652,216954700,-0.14857735256634785,PETR4.SA,1.0
2018-06-04,4.6797966957092285,4.709161872359654,4.551655845183501,4.615726525038593,93547600,0.08477706917663119,PETR4.SA,-1.0
2018-06-05,4.428856372833252,4.751876994117163,4.428856372833252,4.634415227750996,67006400,-0.05362205651071483,PETR4.SA,-1.0
2018-06-06,4.359445095062256,4.452880946464381,4.236643814021395,4.396819231949336,69496800,-0.01567250593104963,PETR4.SA,-1.0
2018-06-07,4.207277774810791,4.314061371291399,3.985701621169396,4.271347932699156,118752700,-0.0349052039728216,PETR4.SA,-1.0
2018-06-08,4.071129322052002,4.322071206441937,4.020407167109311,4.220626641964327,91461500,-0.03236022436500807,PETR4.SA,1.0
2018-06-11,4.11384391784668,4.2179581654925595,4.039095364317286,4.13787030227206,44872500,0.01049207539620678,PETR4.SA,1.0
2018-06-12,4.127190589904785,4.185921704369043,4.068459475440528,4.132529643260328,69592600,0.003244331171682324,PETR4.SA,-1.0
2018-06-13,4.0497727394104,4.137869291045935,3.9349801550279975,4.116512566685335,72301200,-0.01875800227974711,PETR4.SA,1.0
2018-06-14,4.03108549118042,4.151217124050358,4.017737475396599,4.092486007356881,57324600,-0.00461439429628363,PETR4.SA,1.0
2018-06-15,3.996380567550659,4.023076343294094,3.8629009250568433,4.012397982078277,75239300,-0.008609324636178362,PETR4.SA,1.0
2018-06-18,3.8709094524383545,3.9750236603985103,3.870909452438355,3.94298857823974,47363800,-0.03139618787336984,PETR4.SA,1.0
2018-06-19,4.116512298583984,4.19660013701637,3.7828131839425603,3.806839560931498,97301500,0.06344835733393883,PETR4.SA,1.0
2018-06-20,4.327410697937012,4.399489842623305,4.217957662828405,4.228636026345752,88397300,0.051232301534863245,PETR4.SA,-1.0
2018-06-21,4.03108549118042,4.35677565058919,4.03108549118042,4.29537513441273,67884300,-0.06847633086867799,PETR4.SA,1.0
2018-06-22,4.033754825592041,4.185921795725326,4.007059049047273,4.113842664410788,52184500,0.0006621874970058617,PETR4.SA,1.0
2018-06-25,4.191260814666748,4.215287191573648,4.020407031492741,4.057781169265946,60347200,0.03904699117443,PETR4.SA,1.0
2018-06-26,4.2820281982421875,4.303384925774226,4.145878614688968,4.244653543172711,59595900,0.02165634342244016,PETR4.SA,1.0
2018-06-27,4.418176651000977,4.532969242894072,4.287366642085556,4.298045259556777,78095000,0.03179531905340549,PETR4.SA,1.0
2018-06-28,4.431524753570557,4.556995448957805,4.359445615946515,4.463559586391583,94960700,0.0030211790120604487,PETR4.SA,1.0
2018-06-29,4.589030742645264,4.589030742645264,4.466229193632342,4.498264535300556,75735100,0.0355421661467199,PETR4.SA,1.0
2018-07-02,4.6637773513793945,4.66644700465935,4.511610678712026,4.535637049047327,54545600,0.01628810372515499,PETR4.SA,1.0
2018-07-03,4.671787261962891,4.775901215147626,4.6611086466698906,4.735857426167682,57456700,0.00171747276510259,PETR4.SA,1.0
2018-07-04,4.701154708862305,4.925400622315727,4.602379517075962,4.639753666256667,54211000,0.006286126754640575,PETR4.SA,1.0
2018-07-05,4.767892360687256,5.018833688692846,4.711830653496655,4.965442144284668,76084700,0.014196012673044267,PETR4.SA,1.0
2018-07-06,4.789251327514648,4.829295131906349,4.711832864397376,4.79725978288223,33878700,0.0044797502148965496,PETR4.SA,1.0
2018-07-10,4.738527297973633,4.898702970446247,4.685135237421287,4.896033316500187,70886200,-0.010591223152061735,PETR4.SA,1.0
2018-07-11,4.647761821746826,4.826624590411889,4.618396132967867,4.669118547444841,85806300,-0.019154785974456967,PETR4.SA,1.0
2018-07-12,4.791919231414795,4.810606299357093,4.6771266607013535,4.703822690269384,49397900,0.03101652261814669,PETR4.SA,1.0
2018-07-13,4.834633827209473,4.853320899605156,4.746537265069441,4.802598482256491,44951900,0.0089138805835145,PETR4.SA,1.0
2018-07-16,4.7732319831848145,4.799928014592319,4.698483706265138,4.7919195615991805,62798900,-0.012700412527436256,PETR4.SA,1.0
2018-07-17,4.882686614990234,4.912051796397237,4.727849707641786,4.749206943842568,40884300,0.02293092650661177,PETR4.SA,1.0
2018-07-18,4.8186140060424805,4.912049840477722,4.789248836328338,4.872006056915285,40643800,-0.013122408624597348,PETR4.SA,1.0
2018-07-19,4.912051200866699,4.912051200866699,4.7358580970479585,4.762554129877808,60404900,0.019390885990670625,PETR4.SA,1.0
2018-07-20,5.14964485168457,5.200366749218099,5.053539346152532,5.117609513445749,98035200,0.04836953873281069,PETR4.SA,1.0
2018-07-23,5.141636371612549,5.197697582303024,5.128288100602097,5.152314479236436,35231500,-0.001555151918758435,PETR4.SA,1.0
2018-07-24,5.248419761657715,5.304481479053285,5.213715276934326,5.224393384085964,39934600,0.020768366785859582,PETR4.SA,1.0
2018-07-25,5.328507900238037,5.339186517681963,5.235072543526207,5.285794448831341,48759900,0.015259476607683897,PETR4.SA,-1.0
2018-07-26,5.181680679321289,5.3258389654006635,5.171002570640146,5.3258389654006635,48144300,-0.027555034855102467,PETR4.SA,1.0
2018-07-27,5.277785301208496,5.288463408064362,5.2190539313557,5.23240220140608,36509400,0.018546998133392334,PETR4.SA,1.0
2018-07-30,5.309820175170898,5.365881891480397,5.25909827611045,5.325838099364722,37053900,0.0060697569404855045,PETR4.SA,1.0
2018-07-31,5.264438152313232,5.283125734363615,5.197698315401218,5.237742624896064,38641200,-0.008546809752593032,PETR4.SA,1.0
2018-08-01,5.341856479644775,5.341856479644776,5.216385772560652,5.229733535949663,39141700,0.014705904997198038,PETR4.SA,-1.0
2018-08-02,5.448639392852783,5.5474145600800036,5.325838356543528,5.336516464003936,69008900,0.019989850647411656,PETR4.SA,-1.0
2018-08-03,5.6355109214782715,5.752972645521899,5.630171613335075,5.712928852816824,86908000,0.03429691619353914,PETR4.SA,-1.0
2018-08-06,5.616824150085449,5.731616226146205,5.600806224806247,5.646189328061699,44528300,-0.0033158965803087304,PETR4.SA,-1.0
2018-08-07,5.528726577758789,5.728946042588604,5.49135244059624,5.6942415593925855,69136700,-0.015684587940201,PETR4.SA,-1.0
2018-08-08,5.376561164855957,5.624833442693378,5.3712223648175526,5.555423950348595,58211500,-0.02752268732459473,PETR4.SA,-1.0
2018-08-09,5.429953098297119,5.43262275283956,5.2857948081125485,5.408596371142131,51253100,0.009930498659656228,PETR4.SA,-1.0
2018-08-10,5.229732513427734,5.379229572729909,5.168331999148109,5.365881811950664,61789800,-0.03687335438167516,PETR4.SA,-1.0
2018-08-13,5.349864482879639,5.349864482879638,5.144305704805973,5.20570622006919,58306700,0.022970958675889497,PETR4.SA,-1.0
2018-08-14,5.347187519073486,5.435504411654292,5.280280766801422,5.42747592807477,55180600,-0.0005003797413409838,PETR4.SA,-1.0
2018-08-15,5.09829568862915,5.264224703443002,5.09829568862915,5.256195707248443,65651700,-0.04654630673724003,PETR4.SA,-1.0
2018-08-16,5.071533203125,5.178583929507079,5.023360248638532,5.170554933606625,51201600,-0.005249300381662714,PETR4.SA,-1.0
2018-08-17,4.940394878387451,5.047446101995666,4.9243373990294455,5.018006964457601,68328400,-0.025857727729504676,PETR4.SA,0.0
2018-08-20,4.913632392883301,4.953776344954573,4.841372972880182,4.916308724415791,56315600,-0.005417074173812986,PETR4.SA,1.0
2018-08-21,4.742349147796631,4.959127334658398,4.723615343848598,4.889544269667224,68735300,-0.034858782951437184,PETR4.SA,1.0
2018-08-22,4.910957336425781,4.918985822649715,4.723618164175267,4.736999825312121,56623700,0.03555372735630158,PETR4.SA,1.0
2018-08-23,4.803905963897705,4.956453307463251,4.7851716407853155,4.910956686535096,56284100,-0.021798473331065105,PETR4.SA,1.0
2018-08-24,4.897575378417969,4.935043516871813,4.830668608163854,4.91095703874368,37893000,0.01949859452374958,PETR4.SA,1.0
2018-08-27,5.0073018074035645,5.020683466036574,4.8975747589033,4.927013897437838,35428000,0.022404234852438254,PETR4.SA,1.0
2018-08-28,4.910957336425781,5.04477088504524,4.908281004198411,5.020684405457084,38079200,-0.019240795678689193,PETR4.SA,1.0
2018-08-29,5.165202617645264,5.1678789497923825,4.937720000179968,4.951101150457398,71434300,0.051771022186180016,PETR4.SA,1.0
2018-08-30,5.0313873291015625,5.229431755678565,4.999272375383877,5.125056879951121,63981900,-0.02590707440721962,PETR4.SA,1.0
2018-08-31,5.154496669769287,5.19999328538218,5.0608271069829724,5.071532433225088,75767400,0.02446826940864999,PETR4.SA,1.0
2018-09-03,5.084914207458496,5.119705501118484,5.0206837734613625,5.082237875568018,25401600,-0.013499370892775309,PETR4.SA,1.0
2018-09-04,4.991243839263916,5.135762675615245,4.9832153553275305,5.119704686826409,39759800,-0.018421228829620273,PETR4.SA,1.0
2018-09-05,5.018007278442383,5.031388427001657,4.878841087410303,4.967157995092566,53967300,0.005362078079201638,PETR4.SA,1.0
2018-09-06,5.082237243652344,5.090266238325468,4.945747396957529,5.082237243652344,54304300,0.012799894788095623,PETR4.SA,1.0
2018-09-10,5.154496669769287,5.245489900995072,5.098294727914277,5.181259474916527,58578100,0.014218034824563741,PETR4.SA,1.0
2018-09-11,4.951100826263428,5.055475220875893,4.9323670129184345,5.050123067390273,56495200,-0.03945988455066041,PETR4.SA,1.0
2018-09-12,5.071533203125,5.143792124396573,4.988568443528027,5.034065066047677,59695700,0.024324363628938972,PETR4.SA,1.0
2018-09-13,5.0073018074035645,5.119705187630431,4.983215842780313,5.092942891280577,36808700,-0.012665084334231969,PETR4.SA,1.0
2018-09-14,5.028713226318359,5.074209341218426,4.9457484615451355,5.031389047993996,55756300,0.004276039219992089,PETR4.SA,1.0
2018-09-17,5.191964149475098,5.216050622406638,4.985891219042161,4.985891219042161,71289500,0.03246375679216418,PETR4.SA,1.0
2018-09-18,5.419447898864746,5.419447898864745,5.2106986108472615,5.218727606314199,72959100,0.04381458400721949,PETR4.SA,1.0
2018-09-19,5.347187519073486,5.475648360925929,5.307043569801849,5.333806372802278,60563700,-0.013333531595791648,PETR4.SA,1.0
2018-09-20,5.317749500274658,5.446210356744243,5.285634030928227,5.422123882348937,56206900,-0.005505327556556083,PETR4.SA,1.0
2018-09-21,5.39000940322876,5.432829696585357,5.339160623904151,5.392685735370817,58517300,0.013588436790858527,PETR4.SA,1.0
2018-09-24,5.352540493011475,5.462267532281567,5.331130351457751,5.4060661021248055,54332900,-0.006951548209700786,PETR4.SA,1.0
2018-09-25,5.373950481414795,5.39268429093316,5.226755826235046,5.272252439547373,54462300,0.003999967572645868,PETR4.SA,1.0
2018-09-26,5.403390884399414,5.432829516067559,5.344512600146833,5.416772034206922,60060800,0.005478353975615358,PETR4.SA,1.0
2018-09-27,5.743276596069336,5.743276596069335,5.478325861766139,5.486354857517673,104177300,0.06290229948961024,PETR4.SA,1.0
2018-09-28,5.644256114959717,5.871739273618674,5.625522297856902,5.654960934536368,91254600,-0.017241113056854718,PETR4.SA,1.0
2018-10-01,5.620168209075928,5.716514113149536,5.566642593377678,5.687074973469689,56540400,-0.0042676847742514346,PETR4.SA,1.0
2018-10-02,6.107250213623047,6.107250213623047,5.861033266312842,5.887796077849246,127231800,0.08666680185132858,PETR4.SA,1.0
2018-10-03,6.366847038269043,6.803078855407577,6.278529631803432,6.757582241678942,152189200,0.04250633518615787,PETR4.SA,1.0
2018-10-04,6.428402900695801,6.562216447285848,6.211624587690043,6.275855539256455,99743300,0.009668186161339465,PETR4.SA,1.0
2018-10-05,6.412343978881836,6.580949309022931,6.332056066739093,6.554186501489318,104693400,-0.002498119993727621,PETR4.SA,1.0
2018-10-08,7.118879795074463,7.217901519984981,6.891396695274744,7.20987303499435,188109000,0.11018370482299522,PETR4.SA,0.0
2018-10-09,7.177755832672119,7.225928772830935,7.033237522653648,7.086762614696128,90128800,0.008270407605195373,PETR4.SA,0.0
2018-10-10,6.971684455871582,7.062677693806832,6.864633737847194,7.0412675502019555,82688000,-0.02870972231495106,PETR4.SA,1.0
2018-10-11,6.768287658691406,7.159022867367098,6.7067330554350955,7.105497258568056,119307500,-0.029174699237696333,PETR4.SA,1.0
2018-10-15,6.896749973297119,6.990419553377709,6.8378716890108455,6.9315412690914355,92331900,0.018980031742703796,PETR4.SA,1.0
2018-10-16,7.1536712646484375,7.153671264648438,6.982390107838604,7.0118292480870865,74144800,0.03725251638033389,PETR4.SA,-1.0
2018-10-17,7.0787353515625,7.126907789565184,7.027886071469703,7.076059019930451,80990300,-0.010475168667066215,PETR4.SA,1.0
2018-10-18,6.87801456451416,7.049295692631087,6.878014564514161,7.035914545918712,56268900,-0.02835545857835109,PETR4.SA,1.0
2018-10-19,6.936892032623291,7.04929539583197,6.878014274926557,7.035914249682986,61858300,0.008560241848410532,PETR4.SA,1.0
2018-10-22,7.10014533996582,7.118879150525252,7.030562250417894,7.030562250417894,63678000,0.02353407067239477,PETR4.SA,1.0
2018-10-23,7.011826515197754,7.086761736866677,6.907451654296461,6.9984448610012215,77457300,-0.01243901646223089,PETR4.SA,1.0
2018-10-24,6.8726630210876465,7.2232543287291895,6.872663021087647,7.0680306534753825,93377100,-0.019846967663629145,PETR4.SA,1.0
2018-10-25,7.043943405151367,7.129583973773819,6.875338599483172,7.006475783993558,79732200,0.024921981994195708,PETR4.SA,1.0
2018-10-26,7.386507034301758,7.386507034301757,6.990419103925074,7.132261120495337,110184900,0.048632365345222306,PETR4.SA,-1.0
2018-10-29,7.070707321166992,7.298190436340994,6.9502749335871865,7.159024235239471,160890100,-0.04275359268843071,PETR4.SA,1.0
2018-10-30,7.493555068969727,7.493555068969726,7.070704481924752,7.145640216379303,107525500,0.059802750785185266,PETR4.SA,-1.0
2018-10-31,7.391857624053955,7.581872540280012,7.30621655921478,7.563138732816369,84131500,-0.013571321486231969,PETR4.SA,-1.0
2018-11-01,7.3115715980529785,7.498910754498619,7.255370157394167,7.429327653831899,98037100,-0.010861414015837734,PETR4.SA,-1.0
2018-11-05,7.536377429962158,7.536377429962158,7.335657149312332,7.359743623826957,60389900,0.03074658148311693,PETR4.SA,-1.0
2018-11-06,7.2767791748046875,7.573844834511261,7.223253563987582,7.306217801341845,95344400,-0.034446026299770116,PETR4.SA,-1.0
2018-11-07,7.038590431213379,7.39988701078732,7.027885615837264,7.389182195411205,95817100,-0.03273271565200431,PETR4.SA,-1.0
2018-11-08,6.784345626831055,7.233959139729682,6.784345626831055,7.172404532030459,119096300,-0.03612155116383087,PETR4.SA,-1.0
2018-11-09,6.813785552978516,6.883368658517847,6.60503674681869,6.744202957897354,94206400,0.004339390674766186,PETR4.SA,-1.0
2018-11-12,6.778993129730225,6.936893129453079,6.768288313210042,6.835195075449961,63162600,-0.005106181134961307,PETR4.SA,-1.0
2018-11-13,6.487279415130615,6.7763165991057095,6.409667838648358,6.7763165991057095,112776300,-0.04303201213175123,PETR4.SA,1.0
2018-11-14,6.7174391746521,6.741525650410279,6.398962836650248,6.48727974427754,104423900,0.03547862590667372,PETR4.SA,-1.0
2018-11-16,6.904776573181152,6.969007504034098,6.736171783451685,6.795049541199212,100628900,0.027888216574548208,PETR4.SA,-1.0
2018-11-19,6.958303451538086,7.035915542748206,6.805756111389201,6.840547404045328,79946400,0.007752152121016875,PETR4.SA,-1.0
2018-11-21,6.736172676086426,6.819136916283199,6.69335239014886,6.717438864796,77228100,-0.03192312278398257,PETR4.SA,-1.0
2018-11-22,6.7576680183410645,6.814094141910666,6.736172474241739,6.792598597811341,31253600,0.0031910319536414544,PETR4.SA,-1.0
2018-11-23,6.5480875968933105,6.663625843858119,6.451357377347235,6.623321756545346,77961200,-0.031013719655793914,PETR4.SA,1.0
2018-11-26,6.515841007232666,6.714674856881925,6.462101907330039,6.663622763223833,62111600,-0.004924581289343699,PETR4.SA,1.0
2018-11-27,6.8597731590271,6.905451260438345,6.521217909595678,6.548087471454222,90759000,0.05278400001053818,PETR4.SA,-1.0
2018-11-28,6.819467544555664,6.951128326808471,6.730798362371526,6.851711116483618,92811300,-0.005875648295803448,PETR4.SA,-1.0
2018-11-29,6.763042449951172,6.851711638895939,6.685120777472381,6.70661632289856,65584300,-0.008274120264644358,PETR4.SA,-1.0
2018-11-30,6.8409647941589355,6.867834358716543,6.736174056128015,6.746922086948786,90874500,0.011521788423541013,PETR4.SA,-1.0
2018-12-03,6.969937324523926,7.128467162624661,6.932319736037739,7.06666702171672,90530000,0.018852973848821897,PETR4.SA,-1.0
2018-12-04,6.808722019195557,7.074729643505789,6.8087220191955575,7.053234093435093,66867500,-0.02313009397676047,PETR4.SA,-1.0
2018-12-05,6.867832183837891,6.910823268518084,6.703928865679959,6.843649634643512,54183300,0.008681535899936366,PETR4.SA,-1.0
2018-12-06,6.6072001457214355,6.74960846586405,6.53196547446782,6.714677881444979,99037200,-0.037949680647381245,PETR4.SA,-1.0
2018-12-07,6.655562877655029,6.843648719866268,6.56958071978771,6.588389252759424,87994700,0.00731970136623028,PETR4.SA,-1.0
2018-12-10,6.2982001304626465,6.690493910957251,6.2982001304626465,6.65556384642459,73871100,-0.05369384284418233,PETR4.SA,-1.0
2018-12-11,6.2578959465026855,6.467477355148517,6.198782820991991,6.4271732775238695,64017600,-0.006399317761437984,PETR4.SA,-1.0
2018-12-12,6.260583400726318,6.421800248436941,6.233714353186406,6.378809157380005,63296400,0.0004294501293418129,PETR4.SA,-1.0
2018-12-13,6.27670431137085,6.300886859787485,6.169226090632855,6.257895776489942,61946100,0.002574985366804894,PETR4.SA,-1.0
2018-12-14,6.193410396575928,6.268645069943312,6.169227841296922,6.201471419167024,45231700,-0.013270326378769681,PETR4.SA,-1.0
2018-12-17,6.145045757293701,6.252523495315986,6.126236704707305,6.239088457754275,53832000,-0.007809048034176036,PETR4.SA,-1.0
2018-12-18,5.911280632019043,6.1262360863674985,5.911280632019043,6.120862584379458,74740000,-0.03804123427351158,PETR4.SA,1.0
2018-12-19,5.97845458984375,6.193410055492115,5.927402474566917,6.0456282369206455,171157500,0.01136368952961786,PETR4.SA,1.0
2018-12-20,5.774245738983154,5.997262191931523,5.736628666496063,5.994575184968991,141767000,-0.03415746457412383,PETR4.SA,1.0
2018-12-21,5.79036808013916,5.90590683325698,5.709759909937738,5.750063995038449,90384300,0.002792112058404461,PETR4.SA,1.0
2018-12-26,6.02565860748291,6.02565860748291,5.675458832680337,5.722708021267701,77104200,0.0406348135536998,PETR4.SA,1.0
2018-12-27,6.0228800773620605,6.109040188153189,5.9144850821693025,5.981189735374189,74083700,-0.00046111641927393254,PETR4.SA,1.0
2018-12-28,6.303594589233398,6.345284923053135,6.136832723833096,6.1451710026455855,61634700,0.04660801946338711,PETR4.SA,1.0
2019-01-02,6.687146186828613,6.7260576232436575,6.192419989249769,6.2674623756560095,104534800,0.0608464888034399,PETR4.SA,1.0
2019-01-03,6.851127624511719,6.898376802478887,6.6148817346758815,6.659351486866008,95206400,0.02452188618309159,PETR4.SA,0.0
2019-01-04,6.870584011077881,6.931730326262604,6.801099947547121,6.906716020981824,72119800,0.002839880911946757,PETR4.SA,0.0
2019-01-07,6.978979110717773,7.204107315221839,6.865025295467487,6.906715625172492,121711900,0.015776693722850954,PETR4.SA,0.0
2019-01-08,6.9372878074646,7.065138744525276,6.884480307270291,7.05957989288758,68761800,-0.005973839811205028,PETR4.SA,0.0
2019-01-09,7.081816673278809,7.087375526411015,6.990097717083052,7.031788055331775,70177600,0.020833626890712775,PETR4.SA,0.0
2019-01-10,7.020669937133789,7.062360269788376,6.967861899706596,7.020669937133789,54763700,-0.00863432915112572,PETR4.SA,0.0
2019-01-11,6.9456257820129395,7.001213235723123,6.903935456790925,6.990095532932587,53980700,-0.010689030504614006,PETR4.SA,0.0
2019-01-14,6.906716823577881,6.973421468704274,6.853908780723963,6.898378544141559,46577300,-0.0056019370545158376,PETR4.SA,0.0
2019-01-15,6.901157855987549,6.981759632168964,6.865026372606444,6.901157855987549,53731500,-0.0008048639798514667,PETR4.SA,0.0
2019-01-16,6.898378372192383,6.920613253346953,6.853908609883242,6.892819519373394,40425000,-0.00040275615384666175,PETR4.SA,1.0
2019-01-17,6.9928765296936035,7.031787437959952,6.859467246962096,6.87892270109527,50359400,0.013698604570915762,PETR4.SA,1.0
2019-01-18,7.0595808029174805,7.1040505615089815,7.026228749034524,7.070698507626025,67021300,0.009538889030949349,PETR4.SA,1.0
2019-01-21,7.095713138580322,7.095713138580322,6.976200458088098,7.034566820121214,45336500,0.005118198469788782,PETR4.SA,1.0
2019-01-22,6.984537601470947,7.087374245343029,6.953964975012747,7.0206696101778885,61307000,-0.015667986421956548,PETR4.SA,1.0
2019-01-23,7.0679192543029785,7.09849241287784,6.992876336049059,7.040125521973229,52931600,0.011938034783357976,PETR4.SA,1.0
2019-01-24,7.0984930992126465,7.0984930992126465,7.037346776150847,7.0595816581402095,40109000,0.004325720740379735,PETR4.SA,1.0
2019-01-28,6.884479999542236,7.095711581241484,6.876141722458402,7.02900695493455,65079900,-0.030149088923415057,PETR4.SA,1.0
2019-01-29,7.051244258880615,7.104051774901865,6.978980756296274,7.0178916691796,59419200,0.024223217926331087,PETR4.SA,1.0
2019-01-30,7.120728492736816,7.2068886003699415,7.079037622155568,7.173536009929232,62607500,0.009854180525471046,PETR4.SA,1.0
2019-01-31,7.109610080718994,7.215225634749832,7.104051227843321,7.190211857052081,63253600,-0.0015614149632531271,PETR4.SA,1.0
2019-02-01,7.170754432678223,7.184651562077981,7.051242300567987,7.087373776764797,47957400,0.00860023985352587,PETR4.SA,1.0
2019-02-04,7.234681606292725,7.25969591406511,7.11516892029608,7.181873564315312,53874900,0.00891498575424321,PETR4.SA,0.0
2019-02-05,7.248579502105713,7.254138355963174,7.173536565394431,7.201330304560256,40989100,0.0019210100138891129,PETR4.SA,0.0
2019-02-06,7.084595203399658,7.18187300041863,7.037346017997377,7.17075529556099,64527000,-0.022622956492153734,PETR4.SA,1.0
2019-02-07,6.973421096801758,7.184652726830748,6.853908415195229,7.115168658931266,55614100,-0.01569237245122368,PETR4.SA,1.0
2019-02-08,6.984537601470947,7.026228462305313,6.873363209529045,6.892818661853713,40153900,0.0015941249660496037,PETR4.SA,1.0
2019-02-11,6.90393590927124,6.9956548428193805,6.820555253362488,6.9956548428193805,39617300,-0.0115400183661023,PETR4.SA,1.0
2019-02-12,7.1485209465026855,7.18465295985025,7.012332232617262,7.037346540282073,72467200,0.035426898575781074,PETR4.SA,1.0
2019-02-13,7.240240097045898,7.284709860757304,7.184653157467341,7.231902347675884,69042200,0.012830507349647746,PETR4.SA,1.0
2019-02-14,7.490382194519043,7.490382194519043,7.22634254338528,7.273591727373805,81125500,0.03454886773371024,PETR4.SA,1.0
2019-02-15,7.459809303283691,7.509837915187955,7.423677292410012,7.465368155744464,63841800,-0.004081619661240099,PETR4.SA,1.0
2019-02-18,7.437575817108154,7.445914097361621,7.340298001303492,7.390326622581401,43379000,-0.0029804362647380955,PETR4.SA,1.0
2019-02-19,7.609896659851074,7.615455513810038,7.459811313809485,7.465370167768449,58041900,0.02316895275830899,PETR4.SA,1.0
2019-02-20,7.515397071838379,7.687717264126317,7.468147884252066,7.64324750288289,55114500,-0.012417985714742286,PETR4.SA,1.0
2019-02-21,7.615453243255615,7.640467548491423,7.454250237358923,7.554307458302157,46559400,0.013313491018613677,PETR4.SA,1.0
2019-02-22,7.540410041809082,7.698834145672931,7.540410041809082,7.657143285112211,36602000,-0.009854068963392693,PETR4.SA,1.0
2019-02-25,7.420899391174316,7.512618348587868,7.401443404953268,7.504280068778847,54190800,-0.01584935699413148,PETR4.SA,1.0
2019-02-26,7.387545585632324,7.5431897389225355,7.384766159486975,7.437574196005939,46504200,-0.0044945772451328025,PETR4.SA,1.0
2019-02-27,7.52651309967041,7.573762280053577,7.401441583914587,7.4598084679744,49131400,0.018811053336626138,PETR4.SA,1.0
2019-02-28,7.520956039428711,7.712732232564306,7.393105597419257,7.704393952820527,93065100,-0.0007383313053613838,PETR4.SA,1.0
2019-03-01,7.420899391174316,7.573764143489762,7.401443404953268,7.543190980978105,41978700,-0.013303714013198076,PETR4.SA,1.0
2019-03-06,7.437575817108154,7.437575817108154,7.35697403168898,7.379208915576778,18423400,0.002247224366586975,PETR4.SA,1.0
2019-03-07,7.440352916717529,7.479263818820534,7.362530582390238,7.448690664241726,32835300,0.0003733877378415684,PETR4.SA,1.0
2019-03-08,7.412561893463135,7.434796778511769,7.287490333738646,7.362533269573339,49564400,-0.0037351754097513234,PETR4.SA,1.0
2019-03-11,7.712730407714844,7.721068685485767,7.5070576604570025,7.509837086380643,66742800,0.040494571049236816,PETR4.SA,0.0
2019-03-12,7.643246173858643,7.771096582672246,7.573762117732654,7.723847933423001,64287300,-0.009009031845155335,PETR4.SA,1.0
2019-03-13,7.810009002685547,7.8183467511979154,7.6488059932831565,7.668261446640478,61057200,0.021818324967376457,PETR4.SA,0.0
2019-03-14,7.835023403167725,7.837802829412557,7.7572010586764515,7.823905698188391,42777800,0.0032028644875539136,PETR4.SA,0.0
2019-03-15,7.851700305938721,7.890611217462044,7.812789394415398,7.82668599706761,61041100,0.0021285070781349447,PETR4.SA,-1.0
2019-03-18,7.987887382507324,8.001784512420958,7.854478116064255,7.879492419787494,91920600,0.017344915274669415,PETR4.SA,-1.0
2019-03-19,8.115737915039062,8.1991185698021,7.948976075391713,8.018460131068002,69423600,0.01600555020489125,PETR4.SA,-1.0
2019-03-20,8.051815032958984,8.226915212153399,8.032359575297708,8.115740789716488,68878000,-0.007876410346078888,PETR4.SA,-1.0
2019-03-21,7.937861442565918,8.051815295545204,7.759982360865858,8.015683805870434,80121300,-0.014152534543654172,PETR4.SA,-1.0
2019-03-22,7.504278659820557,7.821125811374157,7.504278659820556,7.765538880114945,104731100,-0.054622115274061245,PETR4.SA,1.0
2019-03-25,7.59877872467041,7.668262801867381,7.454251716871567,7.457031143574018,104772900,0.01259282459163269,PETR4.SA,1.0
2019-03-26,7.957315444946289,7.971212576987333,7.704393473134493,7.709952325950911,91549100,0.04718346635253945,PETR4.SA,-1.0
2019-03-27,7.59877872467041,7.840583016447862,7.59877872467041,7.840583016447862,66415400,-0.04505749743823295,PETR4.SA,1.0
2019-03-28,7.798892974853516,7.798892974853516,7.490384020765575,7.573764704546865,69412700,0.026335054280947734,PETR4.SA,-1.0
2019-03-29,7.798892974853516,7.929523384264718,7.709953437454417,7.9072884999149435,51587400,0.0,PETR4.SA,-1.0
2019-04-01,7.7822136878967285,7.898946914420029,7.746082214741981,7.893388063128149,42289800,-0.002138673656705836,PETR4.SA,-1.0
2019-04-02,7.862815856933594,7.865594752605204,7.743303198446308,7.8211250001617385,38460600,0.010357228967153853,PETR4.SA,-1.0
2019-04-03,7.654366493225098,7.937861136213041,7.654366493225098,7.929523385906061,55120900,-0.02651077775459809,PETR4.SA,1.0
2019-04-04,7.912846088409424,7.912846088409424,7.607116589528735,7.718291000950932,52248100,0.03376890764416718,PETR4.SA,-1.0
2019-04-05,7.999005317687988,8.029577944139227,7.840581212820367,7.932300682538034,54708900,0.010888525862365661,PETR4.SA,-1.0
2019-04-08,8.129636764526367,8.168547676837381,8.054593836393906,8.076828719160403,55270000,0.016330961369598995,PETR4.SA,-1.0
2019-04-09,8.104621887207031,8.12685676841539,7.9684331735406575,8.068490404038966,43863700,-0.003076998154270316,PETR4.SA,-1.0
2019-04-10,7.999005317687988,8.218574675458086,7.999005317687987,8.213015823331927,62005200,-0.013031646755261472,PETR4.SA,-1.0
2019-04-11,7.7822136878967285,7.976769242142642,7.746082214741981,7.976769242142642,56126400,-0.02710232349913233,PETR4.SA,-1.0
2019-04-12,7.179093837738037,7.49594101611294,7.106830343874726,7.356972881019194,227307600,-0.07749978018422854,PETR4.SA,1.0
2019-04-15,7.206887722015381,7.38754619540404,7.101271640259849,7.323620979148593,117567200,0.0038715031319469517,PETR4.SA,1.0
2019-04-16,7.426455497741699,7.520953853554058,7.123504980011713,7.212445014398427,95149300,0.030466379413070177,PETR4.SA,0.0
2019-04-17,7.434795379638672,7.598777824814245,7.287488962581575,7.5376320349655845,103988400,0.0011229962799224058,PETR4.SA,-1.0
2019-04-18,7.671042442321777,7.751643698453052,7.573764625511106,7.6043377899685485,100942100,0.031775866129430286,PETR4.SA,-1.0
2019-04-22,7.626572132110596,7.751643147589294,7.593219543243427,7.6960562063059,45321900,-0.005797166492761852,PETR4.SA,-1.0
2019-04-23,7.693276405334473,7.782215931156843,7.6932764053344735,7.7043935810015745,52199500,0.008746298083647241,PETR4.SA,-1.0
2019-04-24,7.671042442321777,7.751643698453052,7.562646918391508,7.704394503437666,57704700,-0.0028900512397134204,PETR4.SA,-1.0
2019-04-25,7.726629257202148,7.801672188629054,7.6237931186880425,7.62935197215406,55201700,0.007246318254438888,PETR4.SA,-1.0
2019-04-26,7.5790791511535645,7.72370757787015,7.526234047066073,7.698675714380993,52616600,-0.01909630980560506,PETR4.SA,-1.0
2019-04-29,7.612452983856201,7.681985800356377,7.6041088548985964,7.662516166121964,27689800,0.004403415248349418,PETR4.SA,-1.0
2019-04-30,7.5401387214660645,7.693110704157704,7.503981360143345,7.654172497034731,39570700,-0.009499469164997665,PETR4.SA,-1.0
2019-05-02,7.434450626373291,7.459482489532267,7.376043299331304,7.453919735387287,37820300,-0.014016730858265158,PETR4.SA,-1.0
2019-05-03,7.4678263664245605,7.5290150684551875,7.4678263664245605,7.48173272081998,33334800,0.004489335087231705,PETR4.SA,-1.0
2019-05-06,7.445574760437012,7.445574760437012,7.331540973979257,7.339884573163318,31715900,-0.002979663009787248,PETR4.SA,-1.0
2019-05-07,7.328760623931885,7.414981187368238,7.264790545591797,7.412199810419529,52454400,-0.015689069046198156,PETR4.SA,-1.0
2019-05-08,7.612452983856201,7.64026568606164,7.312071237795178,7.317633459940291,71780300,0.03870945914073465,PETR4.SA,-1.0
2019-05-09,7.462263107299805,7.542921442714512,7.409418009286492,7.537358689135557,46663300,-0.01972949808358826,PETR4.SA,-1.0
2019-05-10,7.420541286468506,7.487292717876093,7.348227103153649,7.473386368601137,33336000,-0.0055910412473242355,PETR4.SA,-1.0
2019-05-13,7.203600883483887,7.3621356466382295,7.181350399716494,7.28982144177086,43146100,-0.029235118384182246,PETR4.SA,0.0
2019-05-14,7.231413841247559,7.295383913294035,7.189694252108263,7.278696183736988,34968600,0.003860979836825873,PETR4.SA,0.0
2019-05-15,7.198038101196289,7.200819477967787,7.136849403703467,7.159099887382073,37053900,-0.004615382383579836,PETR4.SA,0.0
2019-05-16,7.028378486633301,7.242539727393441,7.020034356170939,7.167444144712345,46502200,-0.023570257919972915,PETR4.SA,1.0
2019-05-17,6.864281177520752,7.070098294110934,6.805873323485303,6.967189470569142,67291200,-0.023347819048822105,PETR4.SA,1.0
2019-05-20,7.097911834716797,7.097911834716798,6.853155961523294,6.8642814696200105,54472000,0.034035706165584045,PETR4.SA,1.0
2019-05-21,7.3676981925964355,7.3676981925964355,7.070097781658329,7.147974737896475,57846700,0.03800925739315031,PETR4.SA,0.0
2019-05-22,7.339780807495117,7.390033707447331,7.247649159656989,7.353739857620128,48439300,-0.0037891597038233193,PETR4.SA,0.0
2019-05-23,7.214147567749023,7.236482368508161,7.124808364712472,7.230898535192463,49527400,-0.017116756350244344,PETR4.SA,1.0
2019-05-24,7.283941268920898,7.359321394081124,7.239271683456351,7.300692230344239,35915100,0.00967455967824793,PETR4.SA,1.0
2019-05-27,7.325821399688721,7.4095772999484035,7.306278516045888,7.3425723667392,33892000,0.00574965245072967,PETR4.SA,1.0
2019-05-28,7.482163429260254,7.482163429260255,7.295109316903572,7.295109316903572,60774600,0.02134122865432886,PETR4.SA,0.0
2019-05-29,7.398407459259033,7.457036092957149,7.331403078245407,7.395615543487197,43124400,-0.01119408454427484,PETR4.SA,1.0
2019-05-30,7.300694942474365,7.498916767551118,7.256025340415537,7.401201813358559,71847200,-0.01320723646578581,PETR4.SA,1.0
2019-05-31,7.133183002471924,7.334196725471528,7.09688915387678,7.200187931807533,63137200,-0.02294465681998048,PETR4.SA,1.0
2019-06-03,7.256023406982422,7.348154503242548,7.216937648721617,7.225312864061207,53470600,0.017220980376912998,PETR4.SA,1.0
2019-06-04,7.314652442932129,7.362113948166935,7.267190937697324,7.339779153497821,37331100,0.00808005055403882,PETR4.SA,1.0
2019-06-05,7.219730854034424,7.339780598707636,7.135974958156,7.309070050301853,65282100,-0.012976910336925718,PETR4.SA,1.0
2019-06-06,7.33698844909668,7.434702859094122,7.18064432809358,7.306277901666857,87836900,0.016241269575406836,PETR4.SA,1.0
2019-06-07,7.470997333526611,7.49054021577274,7.362115256724692,7.451454451280483,52235500,0.018264835137696167,PETR4.SA,0.0
2019-06-10,7.440287113189697,7.507291512055705,7.403993263492803,7.4263280631148065,39666800,-0.004110591794632246,PETR4.SA,1.0
2019-06-11,7.582670211791992,7.618964587058436,7.457036655105879,7.507290077780325,52437000,0.019136774755625474,PETR4.SA,0.0
2019-06-12,7.496124267578125,7.571504414875861,7.437495086623123,7.543585782635557,43392200,-0.01141365004629602,PETR4.SA,1.0
2019-06-13,7.588255405426025,7.64688405406444,7.560336773096657,7.579879655976129,48981600,0.012290503006517906,PETR4.SA,0.0
2019-06-14,7.554752349853516,7.607797693884354,7.510082754618152,7.593838645062145,42802400,-0.004415119653003896,PETR4.SA,0.0
2019-06-17,7.568710803985596,7.658049981151212,7.526832598748651,7.5603350564375065,49290000,0.0018476388749328887,PETR4.SA,0.0
2019-06-18,7.66363525390625,7.683178136023099,7.60779799142645,7.6217570407946,31332800,0.01254169334501043,PETR4.SA,0.0
2019-06-19,7.683176040649414,7.702718917436485,7.599420169771812,7.635714540236476,33286300,0.0025498064685691713,PETR4.SA,0.0
2019-06-21,7.895358085632324,7.926068097233327,7.803226985822238,7.803226985822238,58424700,0.027616449741658666,PETR4.SA,0.0
2019-06-24,7.8869829177856445,7.923276764167685,7.850689071403604,7.906525799107019,27365000,-0.0010607711209350557,PETR4.SA,0.0
2019-06-25,7.680385589599609,7.861855879016909,7.6440912122140166,7.8562720467262706,56472100,-0.026194722410282534,PETR4.SA,0.0
2019-06-26,7.7250542640686035,7.797642477702301,7.683176591877026,7.691551806813246,48901500,0.005815941653955825,PETR4.SA,0.0
2019-06-27,7.602214336395264,7.691553532448551,7.540793772234531,7.660843516619991,55219200,-0.015901497060635927,PETR4.SA,0.0
2019-06-28,7.6524658203125,7.708303069891146,7.5687104784480095,7.663633483229621,40262000,0.006610111435119581,PETR4.SA,0.0
2019-07-01,7.610589027404785,7.825561770829198,7.596629447147885,7.772516430860055,46759100,-0.005472326684107243,PETR4.SA,0.0
2019-07-02,7.487748622894287,7.610590286967777,7.440287107172959,7.610590286967777,57954200,-0.016140722363034543,PETR4.SA,1.0
2019-07-03,7.588255405426025,7.593839238392623,7.5072914249212195,7.549169639667082,29291800,0.013422830759092452,PETR4.SA,0.0
2019-07-04,7.646883487701416,7.699928831948074,7.62734060626938,7.6440915714249,28577400,0.007726160908272606,PETR4.SA,0.0
2019-07-05,7.649675369262695,7.702720713268626,7.574295227649569,7.613381522839845,27414700,0.00036510057538730045,PETR4.SA,-1.0
2019-07-08,7.719471454620361,7.7390143353973135,7.660842812289507,7.677593776883528,25318200,0.009124058471567942,PETR4.SA,-1.0
2019-07-10,7.836728572845459,7.892565826516948,7.808809946009715,7.817185693811493,50715800,0.01518978584407038,PETR4.SA,-1.0
2019-07-11,7.928859710693359,7.959570253625871,7.861855325434394,7.873022989229315,48206900,0.011756326251637361,PETR4.SA,-1.0
2019-07-12,7.96515417098999,8.023782809031854,7.931651711749265,7.967946086968678,40908900,0.004577513239095721,PETR4.SA,-1.0
2019-07-15,7.867441177368164,7.998658065628479,7.867441177368164,7.981907098138657,36592400,-0.012267558357841768,PETR4.SA,-1.0
2019-07-16,7.769726753234863,7.9093194009986965,7.7055142630643845,7.8953603492237905,54789300,-0.012420102283623113,PETR4.SA,-1.0
2019-07-17,7.727846622467041,7.817185803593258,7.716678958574503,7.814393887620123,28923500,-0.005390167775254917,PETR4.SA,-1.0
2019-07-18,7.680385589599609,7.764140943944962,7.658050792940612,7.750181895721922,35830700,-0.006141559891917225,PETR4.SA,-1.0
2019-07-19,7.6608428955078125,7.705512489912814,7.64130001451857,7.677593860283796,28418900,-0.002544493875185183,PETR4.SA,-1.0
2019-07-22,7.674802303314209,7.747390530745954,7.638508455850134,7.7110966832818795,22304400,0.0018221764885142377,PETR4.SA,-1.0
2019-07-23,7.683176040649414,7.71388604738476,7.649673585797682,7.680384125036482,21124400,0.001091068799464523,PETR4.SA,-1.0
2019-07-24,7.635715484619141,7.716678917393886,7.621755904827964,7.70271987010623,27939600,-0.0061772053352902034,PETR4.SA,-1.0
2019-07-25,7.507289409637451,7.677592541876554,7.484954616270314,7.669216794675073,26892300,-0.01681912785257411,PETR4.SA,-1.0
2019-07-26,7.297903537750244,7.482165792295317,7.286736402703963,7.482165792295317,75644000,-0.027891008386916383,PETR4.SA,-1.0
2019-07-29,7.36490535736084,7.381656852798991,7.247647551811336,7.320235767866125,26493300,0.009180968104608667,PETR4.SA,-1.0
2019-07-30,7.325821399688721,7.395617716986636,7.309070432638241,7.356531949700969,38201600,-0.005306783424318784,PETR4.SA,-1.0
2019-07-31,7.281149864196777,7.398407667395257,7.264398901597994,7.367697125544572,39890200,-0.006097819350856848,PETR4.SA,-1.0
2019-08-01,7.328612804412842,7.415160082716326,7.024300839648363,7.342571853895995,91345800,0.006518605041966108,PETR4.SA,-1.0
2019-08-02,7.403992652893066,7.507290892937067,7.336988259552842,7.362114973618374,64112900,0.01028569123406764,PETR4.SA,-1.0
2019-08-05,7.133183002471924,7.295110427941822,7.124807785682681,7.202979315734873,48277000,-0.036576164120763366,PETR4.SA,0.0
2019-08-06,7.225313663482666,7.3202366861929455,7.169476935861286,7.230897495995877,44208100,0.012915785418489145,PETR4.SA,-1.0
2019-08-07,7.147143363952637,7.18343721650527,6.979632087355374,7.102473761193855,67698500,-0.010818948930218508,PETR4.SA,0.0
2019-08-08,7.356531620025635,7.356531620025635,7.21973090815274,7.2867353058555695,50256700,0.029296775706091127,PETR4.SA,-1.0
2019-08-09,7.33698844909668,7.451454357239624,7.286735019667369,7.3425717493082505,36641500,-0.0026565740403745597,PETR4.SA,-1.0
2019-08-12,7.1611008644104,7.23648100243137,7.130390851978695,7.23648100243137,36122000,-0.023972722038009264,PETR4.SA,-1.0
2019-08-13,7.256770133972168,7.352438572284232,7.099197388860905,7.135776986960692,45330500,0.01335957576540081,PETR4.SA,-1.0
2019-08-14,7.011970043182373,7.141404224175091,6.9725771249129815,7.107639018997973,54401100,-0.03373402853754137,PETR4.SA,1.0
2019-08-15,6.817819118499756,7.034481270434332,6.7924949429911265,7.031667413523559,53894500,-0.02768849887933944,PETR4.SA,1.0
2019-08-16,6.727777481079102,6.969763795464786,6.722149767561225,6.955694511670095,56782000,-0.013206809370511441,PETR4.SA,1.0
2019-08-19,6.761543273925781,6.893791322413267,6.7108949252787395,6.837515260208042,50699300,0.005018862907050892,PETR4.SA,1.0
2019-08-20,6.758728981018066,6.806563469799344,6.663060003455512,6.727777095133631,37141700,-0.00041622049785106086,PETR4.SA,1.0
2019-08-21,7.161102294921875,7.313046814403196,6.803750510245824,6.851585005333865,87840800,0.059533873163708284,PETR4.SA,1.0
2019-08-22,7.0963850021362305,7.237074637254074,7.079502396194832,7.175171391010035,40808800,-0.009037336728388468,PETR4.SA,1.0
2019-08-23,6.831888198852539,7.138591616011359,6.817818914719195,6.972577820056096,58032300,-0.03727204812084883,PETR4.SA,1.0
2019-08-26,6.741846084594727,6.9444394734169546,6.688384417378452,6.916301443115168,39688800,-0.013179682049383579,PETR4.SA,1.0
2019-08-27,6.84876823425293,6.983830091143452,6.699637098506242,6.800933759518189,70475200,0.015859476516754567,PETR4.SA,1.0
2019-08-28,6.919114112854004,6.950065994545064,6.786866090817268,6.80937640385944,41981500,0.01027131831520478,PETR4.SA,1.0
2019-08-29,7.175171375274658,7.175171375274658,6.944440460057533,7.006343706165817,61008800,0.037007232175136906,PETR4.SA,1.0
2019-08-30,7.175171375274658,7.2286335867749365,7.08231623776805,7.183612946571028,54958200,0.0,PETR4.SA,1.0
2019-09-02,7.118894100189209,7.197680475537781,7.104825353767949,7.144218273098097,19049900,-0.00784333532149184,PETR4.SA,1.0
2019-09-03,7.203309535980225,7.220192142180861,7.042923435353245,7.0654337558502185,47829600,0.011857942343709293,PETR4.SA,1.0
2019-09-04,7.38901948928833,7.419971379868565,7.315860816718542,7.360881455732511,56179000,0.025781198542210726,PETR4.SA,1.0
2019-09-05,7.425596237182617,7.538148336240217,7.411527493144509,7.484686142856676,48586800,0.004950149062038722,PETR4.SA,1.0
2019-09-06,7.462177276611328,7.5578462573387775,7.37213600926509,7.428411533012345,48502200,0.004926343725172755,PETR4.SA,0.0
2019-09-09,7.577542304992676,7.602866477141291,7.512825214696551,7.526893960695444,37303000,0.015459968867656881,PETR4.SA,0.0
2019-09-10,7.6253767013549805,7.695721503882815,7.535335439989471,7.6113074188364624,44109400,0.006312653158107473,PETR4.SA,0.0
2019-09-11,7.560659885406494,7.695721782341783,7.549404458984418,7.695721782341783,51540400,-0.008487031983218207,PETR4.SA,0.0
2019-09-12,7.614120960235596,7.636631274645401,7.495941675412062,7.557845442555198,41028300,0.007070953546302494,PETR4.SA,0.0
2019-09-13,7.563473701477051,7.653515508695466,7.5465910974247326,7.631005191062939,24709400,-0.006651753895564272,PETR4.SA,0.0
2019-09-16,7.895500659942627,7.946149004752121,7.791390650446013,7.9123837993379675,167634600,0.04389873906757091,PETR4.SA,-1.0
2019-09-17,7.791390419006348,7.808273021211935,7.642259245573631,7.782948849559431,67414800,-0.013186021434267836,PETR4.SA,-1.0
2019-09-18,7.659142971038818,7.735115497138161,7.659142971038819,7.701350287775115,40567100,-0.016973536282423263,PETR4.SA,0.0
2019-09-19,7.678838729858398,7.836410933724896,7.659141734772876,7.830783220843318,42155100,0.0025715356005306944,PETR4.SA,0.0
2019-09-20,7.5972371101379395,7.718230231465793,7.597237110137939,7.695719920755133,51946900,-0.010626817750861162,PETR4.SA,0.0
2019-09-23,7.732300281524658,7.7351141379251835,7.574728079912913,7.597238394428877,32643100,0.017777932875951308,PETR4.SA,0.0
2019-09-24,7.673209190368652,7.7491816861199725,7.639443457805362,7.715415953556682,36643400,-0.007642110239458266,PETR4.SA,0.0
2019-09-25,7.692908763885498,7.695722620797589,7.535336533626693,7.605681346363987,29038400,0.0025673187095658356,PETR4.SA,0.0
2019-09-26,7.794203281402588,7.794203281402588,7.661954727042665,7.709789207764475,33705900,0.01316725839680033,PETR4.SA,-1.0
2019-09-27,7.782947063446045,7.864547272641686,7.743554155110564,7.7519951859320955,31886800,-0.0014441781347172,PETR4.SA,0.0
2019-09-30,7.751998424530029,7.777322600950704,7.709791642725019,7.754812281542143,23143400,-0.003976467867984224,PETR4.SA,1.0
2019-10-01,7.7407426834106445,7.802645920816519,7.698535906238989,7.766066857051295,32423200,-0.001451979283660254,PETR4.SA,1.0
2019-10-02,7.518452167510986,7.670397195884371,7.487500819896152,7.659141770069346,51261200,-0.028716949392472935,PETR4.SA,1.0
2019-10-03,7.524081707000732,7.543778170270392,7.394647498835327,7.526895564137594,46076300,0.0007487630917002441,PETR4.SA,1.0
2019-10-04,7.45936393737793,7.574729386254251,7.391832982183619,7.555032924741951,47951600,-0.008601417706905923,PETR4.SA,1.0
2019-10-07,7.363692283630371,7.484685402466845,7.343995829250131,7.419968327592309,26252500,-0.012825712024608471,PETR4.SA,1.0
2019-10-08,7.321488380432129,7.439667689589259,7.301791918353997,7.363695161555031,30418900,-0.005731350737192331,PETR4.SA,1.0
2019-10-09,7.462177276611328,7.515638943667978,7.358066725812061,7.4143427862476035,35141400,0.019215887380933827,PETR4.SA,1.0
2019-10-10,7.524081707000732,7.563474633540052,7.467806174328615,7.481874923324551,31056500,0.008295759815762027,PETR4.SA,1.0
2019-10-11,7.67039680480957,7.698534831224276,7.577541693322797,7.577541693322797,37055300,0.019446239887679573,PETR4.SA,1.0
2019-10-14,7.6844658851623535,7.690093598028633,7.580355880577376,7.6084939082205345,20809900,0.0018342050236517249,PETR4.SA,1.0
2019-10-15,7.766066551208496,7.844852389042636,7.684466320093687,7.684466320093687,30455300,0.010618911875671433,PETR4.SA,1.0
2019-10-16,7.858921527862549,7.870176417337453,7.698535461855274,7.751997126065526,31381300,0.011956500249100221,PETR4.SA,1.0
2019-10-17,7.782947063446045,7.8786160151363225,7.7632506092783045,7.858919560968581,31405400,-0.009667288844550592,PETR4.SA,1.0
2019-10-18,7.766066551208496,7.875804274870773,7.766066551208496,7.847666245635037,36070900,-0.002168910067091523,PETR4.SA,1.0
2019-10-21,7.813899993896484,7.8251548820711845,7.766065511605568,7.808272281465037,43337700,0.006159288279669051,PETR4.SA,1.0
2019-10-22,8.0390043258667,8.069956212177862,7.813901161844444,7.822342195065105,64228700,0.02880819208667207,PETR4.SA,1.0
2019-10-23,8.145929336547852,8.182508402161242,8.00523971440843,8.027750032483205,45930600,0.013300777850946632,PETR4.SA,1.0
2019-10-24,7.9686598777771,8.230342653131405,7.9433357036016305,8.202204622193296,60529900,-0.021761723119228082,PETR4.SA,1.0
2019-10-25,8.230341911315918,8.3147554598336,8.162810965164121,8.216273165459056,74476900,0.032838901089077055,PETR4.SA,0.0
2019-10-28,8.328824043273926,8.34570664422272,8.193762162307156,8.221899651659077,37461800,0.011965740065136732,PETR4.SA,0.0
2019-10-29,8.390727043151855,8.4244927808199,8.233154852973433,8.27254776634599,49994200,0.007432381757172646,PETR4.SA,0.0
2019-10-30,8.463885307312012,8.466699163379745,8.292243843997479,8.376657915964964,63001200,0.008718942206547453,PETR4.SA,0.0
2019-10-31,8.551114082336426,8.570810541309521,8.340079673301958,8.40198344343255,67070400,0.010305996815558993,PETR4.SA,0.0
2019-11-01,8.562369346618652,8.787472497326162,8.396355571713773,8.607389976760155,101210200,0.0013162336712915224,PETR4.SA,0.0
2019-11-04,8.542675018310547,8.784660831493227,8.430122878201342,8.691805691585,81023400,-0.00230010263641367,PETR4.SA,0.0
2019-11-05,8.342891693115234,8.6102021003851,8.323195238478366,8.5567399115935,92980900,-0.02338650654122887,PETR4.SA,0.0
2019-11-06,8.35977554321289,8.638341415795225,7.906755408688466,8.455444511502371,154003100,0.002023740774627303,PETR4.SA,0.0
2019-11-07,8.694619178771973,8.742453675276357,8.311943743425262,8.441377947679266,96329000,0.040054141864004134,PETR4.SA,-1.0
2019-11-08,8.447005271911621,8.663667424707226,8.421681096302352,8.567998436114058,61567700,-0.028478982433745248,PETR4.SA,0.0
2019-11-11,8.567996978759766,8.567996978759766,8.38228674700531,8.399169348977104,30570500,0.014323621562125854,PETR4.SA,0.0
2019-11-12,8.50311279296875,8.670229307586462,8.50028024557231,8.508777887761628,41655600,-0.007572853486277453,PETR4.SA,0.0
2019-11-13,8.469122886657715,8.534269856956247,8.38698117198852,8.483285623844255,41827700,-0.003997348634389719,PETR4.SA,0.0
2019-11-14,8.299173355102539,8.525772275055216,8.290676253522026,8.463457315447982,44595200,-0.02006695779829981,PETR4.SA,0.0
2019-11-18,8.236859321594238,8.454960609929945,8.234026774183663,8.412473479277669,54468100,-0.0075084626916472885,PETR4.SA,1.0
2019-11-19,8.151884078979492,8.352990058642945,8.137721343631503,8.285010549731927,33740200,-0.010316461565874957,PETR4.SA,1.0
2019-11-21,8.45495891571045,8.45495891571045,8.180207814724698,8.194370548939622,53033100,0.03717850177880577,PETR4.SA,0.0
2019-11-22,8.491781234741211,8.593750763565652,8.372816964530392,8.429466822822434,34786000,0.004355115074816229,PETR4.SA,0.0
2019-11-25,8.420968055725098,8.525770117472508,8.392643130367444,8.474785359879336,29868400,-0.008339025353880425,PETR4.SA,0.0
2019-11-26,8.268017768859863,8.420971565129207,8.242525379439432,8.389814620478978,54147800,-0.018163028983496643,PETR4.SA,1.0
2019-11-27,8.307669639587402,8.398308976658102,8.253852330606774,8.313334733217587,33072500,0.004795813438727814,PETR4.SA,0.0
2019-11-28,8.364319801330566,8.367152348249267,8.160380745208808,8.304837396544025,46602800,0.006819019556725925,PETR4.SA,0.0
2019-11-29,8.256686210632324,8.37281794753763,8.217031629324117,8.352990656883525,37699000,-0.01286818214209362,PETR4.SA,1.0
2019-12-02,8.234027862548828,8.355824716036663,8.234027862548828,8.327499778440126,31353600,-0.002744242363760696,PETR4.SA,1.0
2019-12-03,8.208534240722656,8.268016654773024,8.137722177486085,8.26235156005334,29194000,-0.0030961301384618833,PETR4.SA,1.0
2019-12-04,8.401143074035645,8.401143074035645,8.245356752224207,8.28784388178613,44960000,0.02346446121372714,PETR4.SA,0.0
2019-12-05,8.511609077453613,8.607913518670824,8.361487861632115,8.395477346618707,50447000,0.013148925383662524,PETR4.SA,0.0
2019-12-06,8.59658432006836,8.664563833850313,8.53426936057837,8.539934455123488,44348600,0.009983452228772727,PETR4.SA,0.0
2019-12-09,8.556930541992188,8.633407709599163,8.531438693043098,8.582422931194513,34694100,-0.004612736477626611,PETR4.SA,0.0
2019-12-10,8.622076988220215,8.622076988220215,8.469122672001431,8.52577253880539,27532700,0.00761329613560946,PETR4.SA,0.0
2019-12-11,8.610746383666992,8.698553186752443,8.57109180296772,8.641903862932503,38458300,-0.0013141386430094437,PETR4.SA,0.0
2019-12-12,8.772197723388672,8.794857560785015,8.633406151804417,8.678725826597107,47797800,0.018749982002480348,PETR4.SA,0.0
2019-12-13,8.491781234741211,8.772196898755334,8.460624298908366,8.749537063489134,105004400,-0.031966503433889404,PETR4.SA,0.0
2019-12-16,8.330329895019531,8.545598601572522,8.330329895019531,8.511608578326012,68871000,-0.019012658859033804,PETR4.SA,1.0
2019-12-17,8.45495891571045,8.469121109672303,8.33599464957044,8.395476512513909,40679900,0.014960874570577376,PETR4.SA,0.0
2019-12-18,8.650402069091797,8.658899171080028,8.412473488864109,8.426635685679948,64201600,0.023115801665007263,PETR4.SA,0.0
2019-12-19,8.670228958129883,8.709883539575396,8.616411640273006,8.624909282119823,39696000,0.0022920193627677943,PETR4.SA,0.0
2019-12-20,8.57109260559082,8.667397059381418,8.503113086489199,8.667397059381418,93064900,-0.011434110104567075,PETR4.SA,0.0
2019-12-23,8.63907241821289,8.63907241821289,8.505945922980766,8.551265603921625,21970200,0.00793128901416007,PETR4.SA,0.0
2019-12-26,8.755203247070312,8.76086834165523,8.639071509345268,8.664563894724244,24810500,0.0134425113294101,PETR4.SA,-1.0
2019-12-27,8.764375686645508,8.879242884506981,8.69832711634141,8.813194314202885,24995100,0.0010476558129322022,PETR4.SA,-1.0
2019-12-30,8.666738510131836,8.81893734327987,8.65812326481534,8.772990463718576,22111600,-0.011140231775144449,PETR4.SA,-1.0
2020-01-02,8.816065788269043,8.816065788269043,8.704069794575549,8.761503665584007,37774500,0.017229927724557115,PETR4.SA,-1.0
2020-01-03,8.744274139404297,8.971136790448293,8.744274139404297,8.867756036806465,71595600,-0.008143275083118628,PETR4.SA,-1.0
2020-01-06,8.847655296325684,8.884987482589082,8.60069092724583,8.738531581764363,81844000,0.01182272596595757,PETR4.SA,-1.0
2020-01-07,8.81319522857666,8.8677568108904,8.750017852400658,8.850526866356065,32822000,-0.003894824854143497,PETR4.SA,-1.0
2020-01-08,8.758634567260742,8.836170152262222,8.683970731451558,8.813196706454024,48215600,-0.006190792317751659,PETR4.SA,-1.0
2020-01-09,8.729917526245117,8.793094912314583,8.686842384298755,8.750019222638075,36102700,-0.0032787120863527752,PETR4.SA,-1.0
2020-01-10,8.692584037780762,8.741402667687165,8.652380105797231,8.727043924932323,25397500,-0.00427649956051912,PETR4.SA,-1.0
2020-01-13,8.709813117980957,8.738530052913996,8.675352686515316,8.715556614513561,30676800,0.0019820435586601626,PETR4.SA,-1.0
2020-01-14,8.615049362182617,8.69258493789748,8.549000781861105,8.68109794250413,39796500,-0.010880113558660032,PETR4.SA,-1.0
2020-01-15,8.485821723937988,8.594945967666824,8.482950523387737,8.586330722826132,34405700,-0.015000220290309452,PETR4.SA,0.0
2020-01-16,8.477208137512207,8.528898517868875,8.422646008499052,8.500181579034054,28997400,-0.0010150562557168508,PETR4.SA,0.0
2020-01-17,8.57197380065918,8.57197380065918,8.48295178168708,8.534641615208582,34908000,0.011178876536914073,PETR4.SA,-1.0
2020-01-20,8.615049362182617,8.64376630293591,8.514540343411136,8.528899087652826,31241400,0.005025162526759663,PETR4.SA,-1.0
2020-01-21,8.505924224853516,8.597817981741793,8.485821986270459,8.557614052305674,28577400,-0.012666803490195555,PETR4.SA,0.0
2020-01-22,8.411158561706543,8.560485639981907,8.40541506507634,8.537512201191083,32491500,-0.011141136535178231,PETR4.SA,0.0
2020-01-23,8.514538764953613,8.546127448699215,8.276189132028591,8.35372469336962,53752100,0.012290839899003814,PETR4.SA,0.0
2020-01-24,8.414030075073242,8.551871260672256,8.368083195783575,8.488693890851456,36898700,-0.011804361064638225,PETR4.SA,0.0
2020-01-27,8.04932689666748,8.22449917089982,7.945946143020188,8.221627422439617,66105300,-0.0433446487773087,PETR4.SA,1.0
2020-01-28,8.270445823669434,8.368083077714878,8.161322123828642,8.164193872209978,47259100,0.027470486643237146,PETR4.SA,1.0
2020-01-29,8.284805297851562,8.350853873270191,8.233114917878707,8.327880431918928,42297500,0.0017362394347633092,PETR4.SA,-1.0
2020-01-30,8.310650825500488,8.339367765288852,8.092402849931021,8.121119789719385,44266800,0.003119630060060441,PETR4.SA,-1.0
2020-01-31,8.169936180114746,8.281931612039727,8.129732256356357,8.221626000267102,55446700,-0.016931844249065575,PETR4.SA,1.0
2020-02-03,8.092401504516602,8.25034382549856,8.08665800796781,8.190038754926169,39452800,-0.009490242504814228,PETR4.SA,1.0
2020-02-04,8.221627235412598,8.339366728682553,8.20152554437846,8.227370732202353,57658400,0.015968774018920273,PETR4.SA,1.0
2020-02-05,8.152708053588867,8.391057726288889,8.152708053588867,8.342239092230809,67994500,-0.008382669251517316,PETR4.SA,1.0
2020-02-06,8.379570960998535,8.474336476725021,8.075172720745288,8.241730310438204,126114000,0.027826693402789315,PETR4.SA,-1.0
2020-02-07,8.307777404785156,8.42838808943899,8.250343536767156,8.327879094272468,54514600,-0.008567688793081563,PETR4.SA,-1.0
2020-02-10,8.365211486816406,8.365211486816406,8.224499099861871,8.296291167556838,45328100,0.006913290911979564,PETR4.SA,-1.0
2020-02-11,8.465723037719727,8.508798181748192,8.402546196326657,8.442749591055867,37518200,0.012015422570215595,PETR4.SA,-1.0
2020-02-12,8.65237808227539,8.695453752735832,8.508793974686998,8.511665722566354,64851000,0.02204832873979079,PETR4.SA,-1.0
2020-02-13,8.534640312194824,8.675352690935432,8.511666873782683,8.548999053533647,55277100,-0.013607561870389695,PETR4.SA,-1.0
2020-02-14,8.448491096496582,8.603561687961024,8.42551765525259,8.574845297203566,30399900,-0.010094065191610602,PETR4.SA,-1.0
2020-02-17,8.43126106262207,8.549000016208737,8.416902319666356,8.508796083662775,38684900,-0.00203942143960556,PETR4.SA,-1.0
2020-02-18,8.543256759643555,8.549000256987604,8.313522343182136,8.345110483114297,33890900,0.013283386220596327,PETR4.SA,-1.0
2020-02-19,8.772991180419922,8.772991180419922,8.546128512518946,8.577717200196698,44181800,0.026890731162568127,PETR4.SA,-1.0
2020-02-20,8.592074394226074,8.870627410316919,8.54325576792871,8.844782222998903,73522900,-0.020622018473884784,PETR4.SA,-1.0
2020-02-21,8.368083000183105,8.52315412495852,8.336494863741072,8.474335498388111,47805100,-0.02606953615223495,PETR4.SA,-1.0
2020-02-26,7.526682376861572,7.865541125884551,7.474992532675674,7.765032639081272,89207100,-0.10054879036251463,PETR4.SA,-1.0
2020-02-27,7.26535701751709,7.618574406164591,7.147618070544592,7.385967712919405,100112100,-0.03471986012693262,PETR4.SA,1.0
2020-02-28,7.2768425941467285,7.340019404109672,7.070081677034449,7.225152227936183,89095300,0.001580868855026285,PETR4.SA,1.0
2020-03-02,7.618574619293213,7.681751443326549,7.317047598487242,7.322791095507551,71596400,0.046961579933220365,PETR4.SA,-1.0
2020-03-03,7.480733394622803,7.891384118252397,7.397454879136183,7.630061030075386,86855700,-0.018092783960052317,PETR4.SA,-1.0
2020-03-04,7.721955299377441,7.736314042806571,7.535296016639214,7.7276987967490935,42320500,0.032245756135091064,PETR4.SA,-1.0
2020-03-05,7.262485027313232,7.658776956137123,7.095926922870353,7.5611397110574785,69722300,-0.059501804174035056,PETR4.SA,-1.0
2020-03-06,6.556051254272461,6.929369767507939,6.475643945511444,6.920755070386031,138597600,-0.09727163228343583,PETR4.SA,-1.0
2020-03-09,4.609050273895264,5.235077157464286,4.425262765959396,5.114466468448878,254813800,-0.29697769356338877,PETR4.SA,1.0
2020-03-10,5.042673587799072,5.355686978876469,4.700943814056136,5.355686978876469,170478000,0.09408083838003756,PETR4.SA,-1.0
2020-03-11,4.55161714553833,4.9191921770775755,4.307524008825549,4.795710282251112,132482400,-0.09738017615275962,PETR4.SA,-1.0
2020-03-12,3.618320941925049,3.980152817025513,3.1818249640241003,3.922719207792507,151535900,-0.2050471675826544,PETR4.SA,1.0
2020-03-13,4.42239236831665,4.42239236831665,3.6470378977501046,4.336242084593202,174972600,0.22222225150757713,PETR4.SA,-1.0
2020-03-16,3.7590324878692627,4.049072490074428,3.603961641697241,3.7073421145235925,126432800,-0.1500002318202015,PETR4.SA,-1.0
2020-03-17,3.733187437057495,3.974408822962687,3.733187437057495,3.9054885052369173,149228500,-0.006875452897832646,PETR4.SA,-1.0
2020-03-18,3.2421298027038574,3.5235548536508876,3.1215191057072738,3.3857139397126463,162515200,-0.13153843535396936,PETR4.SA,1.0
2020-03-19,3.506324291229248,3.753288883959411,3.1157755756377155,3.1789523925139322,157065200,0.08148794298891393,PETR4.SA,1.0
2020-03-20,3.446018934249878,3.876771301031113,3.39720031077214,3.7647755870765995,149029900,-0.017199024382946737,PETR4.SA,1.0
2020-03-23,3.302436351776123,3.4977109367353716,3.239259231842524,3.4776089640180268,107092400,-0.04166621983608154,PETR4.SA,1.0
2020-03-24,3.8049795627593994,3.888258349782175,3.526426265256322,3.6097050522790974,114259200,0.15217347359715117,PETR4.SA,1.0
2020-03-25,4.112249374389648,4.2472185325769045,3.684368734920361,3.8021076770957363,158286200,0.08075465493628431,PETR4.SA,-1.0
2020-03-26,4.132351875305176,4.362086292861591,3.965794285644261,4.13522335012586,130618400,0.004888444032777217,PETR4.SA,-1.0
2020-03-27,3.819338083267212,3.9313335343930618,3.8049796148532544,3.8193380832672115,101405900,-0.07574712935472072,PETR4.SA,1.0
2020-03-30,3.8423116207122803,3.945692102959848,3.6843690118797365,3.7762627738775745,110947200,0.006015057306845151,PETR4.SA,1.0
2020-03-31,4.017484664916992,4.175427293089181,3.9054891972348393,3.9054891972348393,156116500,0.045590535463190474,PETR4.SA,1.0
2020-04-01,4.10650634765625,4.17829841571365,3.8250812984614413,3.86241320671509,114455000,0.022158561927229536,PETR4.SA,1.0
2020-04-02,4.453980445861816,4.752635196202694,4.310396294342338,4.422391757253909,234951200,0.08461550251928474,PETR4.SA,1.0
2020-04-03,4.4051618576049805,4.698073661163348,4.28742289597016,4.680843168438685,142898700,-0.010960665151144355,PETR4.SA,1.0
2020-04-06,4.528643608093262,4.623409112328042,4.359214290259868,4.60905037063793,123934200,0.028031149474134542,PETR4.SA,1.0
2020-04-07,4.709559440612793,4.901962200241894,4.692329498061977,4.769865061135644,140498900,0.03994923164106168,PETR4.SA,1.0
2020-04-08,4.973755836486816,5.034061476044725,4.709560927153028,4.73827787228869,116151600,0.05609790028250439,PETR4.SA,-1.0
2020-04-09,4.830169677734375,5.367174524041382,4.738275929169099,5.151798345442787,185771300,-0.028868759037006253,PETR4.SA,-1.0
2020-04-13,4.861758232116699,4.907705105198292,4.68945718419576,4.83016955147438,93724000,0.006539843626599318,PETR4.SA,-1.0
2020-04-14,4.804324626922607,4.968010439601136,4.7698647441113184,4.887603681221487,91017200,-0.01181334045257254,PETR4.SA,-1.0
2020-04-15,4.703815937042236,4.729661124696039,4.554488581736371,4.606179230908976,86749600,-0.020920461809998736,PETR4.SA,1.0
2020-04-16,4.514284133911133,4.812939047862267,4.459722023112069,4.787093866311651,115633300,-0.04029320144917947,PETR4.SA,1.0
2020-04-17,4.632023334503174,4.632023334503174,4.468337804000127,4.522899647501143,116733000,0.026081477616260118,PETR4.SA,1.0
2020-04-20,4.580333709716797,4.689457681797281,4.405161169039307,4.4453645503192245,133739400,-0.011159189203851727,PETR4.SA,1.0
2020-04-22,4.8100690841674805,4.8100690841674805,4.531515753058855,4.551617720534346,114967100,0.05015690755529878,PETR4.SA,1.0
2020-04-23,4.867501735687256,5.005342355144505,4.772736241344155,4.939293793454148,94759000,0.011940088700350904,PETR4.SA,1.0
2020-04-24,4.580333709716797,4.821555366721284,4.3879309528729165,4.792838431065632,161188800,-0.058997005355954535,PETR4.SA,1.0
2020-04-27,4.723918914794922,4.746892357667252,4.531515851475332,4.634896344400818,85944900,0.03134819735372574,PETR4.SA,1.0
2020-04-28,4.953652381896973,4.953652381896972,4.775607823401515,4.893347311462528,91613600,0.04863196664585945,PETR4.SA,1.0
2020-04-29,5.2264628410339355,5.306869607747369,5.034060074251048,5.111595092477571,94528400,0.05507258848722274,PETR4.SA,1.0
2020-04-30,5.183387279510498,5.289639785026001,5.082878818829654,5.163285587374329,80263900,-0.008241819148745,PETR4.SA,1.0
2020-05-04,4.990984916687012,5.059905792121307,4.933551584131867,5.005343660623354,60268400,-0.037119040590317676,PETR4.SA,1.0
2020-05-05,5.151798725128174,5.306869300328226,5.131697034614277,5.140311731845954,75043400,0.03222085642925765,PETR4.SA,1.0
2020-05-06,4.9622673988342285,5.186258276139382,4.9622673988342285,5.131696704746048,67937500,-0.036789349973921914,PETR4.SA,1.0
2020-05-07,5.008213520050049,5.131695932668183,4.982368338444863,5.097235507951314,81265100,0.009259098215185668,PETR4.SA,1.0
2020-05-08,5.306869983673096,5.335586922846425,5.085750264087536,5.094365510158552,83232700,0.05963333280967276,PETR4.SA,-1.0
2020-05-11,5.212104320526123,5.436095782472369,5.200617873819414,5.255179454203851,65061500,-0.017857166924858725,PETR4.SA,1.0
2020-05-12,5.209231853485107,5.407378098351344,5.206360105271977,5.3212278428773105,71837200,-0.000551114648588924,PETR4.SA,1.0
2020-05-13,5.051290035247803,5.269537991452173,5.031188343498588,5.243692802708891,87222300,-0.030319598489677024,PETR4.SA,1.0
2020-05-14,4.996726989746094,5.016828677796114,4.8014525097231795,4.996726989746094,119653200,-0.010801804117555935,PETR4.SA,1.0
2020-05-15,4.924935340881348,5.223590581543593,4.924935340881348,5.166156712883941,133733100,-0.014367734921694075,PETR4.SA,1.0
2020-05-18,5.324099063873291,5.324099063873291,5.146054526399798,5.197744893657584,116999500,0.08104953575299345,PETR4.SA,1.0
2020-05-19,5.3643035888671875,5.4360956592798,5.28676802136636,5.31548495907741,80131600,0.007551423163161042,PETR4.SA,1.0
2020-05-20,5.542347431182861,5.582551361724164,5.473427111622071,5.482042356965923,74595100,0.03319048584147577,PETR4.SA,1.0
2020-05-21,5.51076078414917,5.677318405067224,5.476300341183639,5.599782819192399,81327000,-0.005699145971249653,PETR4.SA,1.0
2020-05-22,5.361431121826172,5.427479686299258,5.2695373716497125,5.3987627524366255,71259400,-0.027097830621231278,PETR4.SA,1.0
2020-05-25,5.5940375328063965,5.617010971530715,5.530860713247017,5.5940375328063965,38033000,0.04338513462073457,PETR4.SA,1.0
2020-05-26,5.648599624633789,5.769210314216823,5.550962373650858,5.7376216307429395,68716900,0.009753615614377154,PETR4.SA,1.0
2020-05-27,5.723264694213867,5.723264694213866,5.499273207862435,5.68593250595691,74790800,0.013218332780121411,PETR4.SA,1.0
2020-05-28,5.677318096160889,5.766340126360375,5.585424316893015,5.65434465134392,65023000,-0.008028040027474148,PETR4.SA,1.0
2020-05-29,5.841002464294434,5.8410024642944345,5.542347210366582,5.61413927551501,128832600,0.028831283602768654,PETR4.SA,1.0
2020-06-01,5.838131427764893,5.904180004299105,5.743365912124048,5.786441046918966,86579500,-0.0004915314703411999,PETR4.SA,1.0
2020-06-02,6.145401477813721,6.145401477813721,5.915667058125942,5.958742193351143,77235100,0.05263157464861412,PETR4.SA,0.0
2020-06-03,6.165502071380615,6.291856253537175,6.148272129909709,6.2774980602664145,86219700,0.003270834890033214,PETR4.SA,0.0
2020-06-04,6.15401554107666,6.254524535769826,6.042020101471966,6.142528548435175,107401400,-0.0018630324296335932,PETR4.SA,0.0
2020-06-05,6.346418857574463,6.613485435512914,6.334931863898397,6.400980982075761,114137700,0.03126467835733493,PETR4.SA,-1.0
2020-06-08,6.469902515411377,6.487132461429713,6.320574855972182,6.475645465597417,82444400,0.019457218410590116,PETR4.SA,-1.0
2020-06-09,6.237294673919678,6.329188981100954,6.214321234056862,6.32631723265185,96488300,-0.03595229463467564,PETR4.SA,0.0
2020-06-10,6.145401477813721,6.2889856270510975,6.0305342679698315,6.286113878338743,102551100,-0.014732861105664075,PETR4.SA,0.0
2020-06-12,5.915666580200195,6.079352409469844,5.772082442562958,5.921410077160889,116746700,-0.03738322035475139,PETR4.SA,1.0
2020-06-15,5.944383144378662,6.056378589436555,5.611268009775199,5.6888030229606725,99931000,0.004854324324934378,PETR4.SA,1.0
2020-06-16,6.136785507202148,6.291856071411519,6.079351640321671,6.191347078235658,94510600,0.032367086399104794,PETR4.SA,1.0
2020-06-17,6.156888008117676,6.274626957790359,6.073608944933085,6.168374454370366,63268700,0.0032757379074004334,PETR4.SA,1.0
2020-06-18,6.202835559844971,6.25165419409449,6.053507908289962,6.082224848624399,56893300,0.0074627882895894615,PETR4.SA,1.0
2020-06-19,6.165502071380615,6.3808782568218145,6.093710009566882,6.317701439608516,91139800,-0.006018777719345003,PETR4.SA,1.0
2020-06-22,6.016175746917725,6.202835021289938,6.001817004132151,6.202835021289938,45419000,-0.02421965360388767,PETR4.SA,1.0
2020-06-23,6.217193603515625,6.337804311775216,6.070737704362547,6.093711146520085,78950900,0.03341289634048472,PETR4.SA,1.0
2020-06-24,6.030533313751221,6.19134738208686,5.947254257460459,6.171245692011152,65162400,-0.03002323904773596,PETR4.SA,1.0
2020-06-25,6.165502071380615,6.165502071380615,5.95299763413956,6.004688006282243,47263500,0.02238089910251051,PETR4.SA,1.0
2020-06-26,5.984586715698242,6.165502482532181,5.967356773078343,6.090838667539286,55499300,-0.029343166799368436,PETR4.SA,1.0
2020-06-29,6.220063209533691,6.220063209533691,6.010430553595186,6.059249169828936,59809600,0.039347160467700704,PETR4.SA,1.0
2020-06-30,6.1884765625,6.26026863653239,6.05637940919083,6.12817148322322,65010600,-0.005078187466853623,PETR4.SA,1.0
2020-07-01,6.2344231605529785,6.389494296271788,6.179861581152685,6.245910154782535,78983900,0.007424541014083852,PETR4.SA,1.0
2020-07-02,6.334933280944824,6.3780084214054344,6.2774999429073866,6.346420277190388,56345900,0.016121799531960246,PETR4.SA,0.0
2020-07-03,6.311957836151123,6.36939170371996,6.260267464885161,6.303343139426766,24060000,-0.003626785598959681,PETR4.SA,1.0
2020-07-06,6.464158058166504,6.5646670658623805,6.406724182988851,6.429697623513907,58070900,0.024112997261114266,PETR4.SA,0.0
2020-07-07,6.383750915527344,6.4526712389709395,6.357905725769739,6.4153396025044245,46591300,-0.012438919642068114,PETR4.SA,0.0
2020-07-08,6.504361152648926,6.53594983736365,6.432569085737282,6.446927827757612,49136300,0.018893318163184958,PETR4.SA,0.0
2020-07-09,6.35790491104126,6.550307661398107,6.334931472837306,6.541692964402857,57151500,-0.022516622027979105,PETR4.SA,0.0
2020-07-10,6.464158058166504,6.5043614421528435,6.3349321128818,6.372264296066282,57428300,0.01671197487410092,PETR4.SA,0.0
2020-07-13,6.363648891448975,6.504361279614921,6.363648891448975,6.492874833504442,55425500,-0.015548686435745585,PETR4.SA,0.0
2020-07-14,6.5761542320251465,6.593384177372262,6.277499472511428,6.355034500438493,89380500,0.03339363063567524,PETR4.SA,0.0
2020-07-15,6.702507972717285,6.728353162791083,6.561795575498856,6.662304587149176,58390600,0.019213925986834246,PETR4.SA,-1.0
2020-07-16,6.5244622230529785,6.685276832001819,6.4670289036254935,6.650816402161368,69698700,-0.0265640489185609,PETR4.SA,0.0
2020-07-17,6.530207633972168,6.613486710994888,6.484260745866568,6.556052826997832,49927600,0.0008805953230734964,PETR4.SA,0.0
2020-07-20,6.530207633972168,6.579026271050632,6.467030799759496,6.518721185810824,48679800,0.0,PETR4.SA,0.0
2020-07-21,6.711123466491699,6.777172044572761,6.645074340680569,6.647946089431494,101769600,0.02770445331299287,PETR4.SA,-1.0
2020-07-22,6.619228363037109,6.722609114864571,6.607741917128505,6.691020430088401,43085500,-0.013692953782390882,PETR4.SA,0.0
2020-07-23,6.4815168380737305,6.6710516268184845,6.472901968965915,6.650949535245695,64072100,-0.020804770195327227,PETR4.SA,0.0
2020-07-24,6.5274658203125,6.622233231930541,6.438442020972161,6.472903146897365,43380300,0.007089232873523699,PETR4.SA,0.0
2020-07-27,6.662436485290527,6.676794965043726,6.447056002547181,6.56766909479309,56539600,0.020677345342509312,PETR4.SA,-1.0
2020-07-28,6.547565937042236,6.696896524692674,6.547565937042236,6.616488168066168,48353000,-0.017241522452319802,PETR4.SA,0.0
2020-07-29,6.653822898864746,6.676796801433154,6.582029384870841,6.613618706305293,44011500,0.01622846762357466,PETR4.SA,0.0
2020-07-30,6.553311347961426,6.582028860820756,6.461415745004368,6.582028860820756,57859000,-0.015105835011098523,PETR4.SA,0.0
2020-07-31,6.375262260437012,6.645205393940171,6.363775038888347,6.582027318645131,75397300,-0.02716933136097688,PETR4.SA,0.0
2020-08-03,6.2603936195373535,6.475774141508698,6.237419719103382,6.472902883227819,63598500,-0.01801786910202874,PETR4.SA,1.0
2020-08-04,6.254649639129639,6.3321861993995565,6.102447228709221,6.162753503112592,63011900,-0.0009175110634879191,PETR4.SA,1.0
2020-08-05,6.656693458557129,6.685410968324984,6.383877937373926,6.383877937373926,137214700,0.06427919110165159,PETR4.SA,0.0
2020-08-06,6.668179988861084,6.757204321980239,6.607873712626427,6.685410822991782,56375100,0.0017255609523658677,PETR4.SA,0.0
2020-08-07,6.544694900512695,6.579155469447474,6.475772667161403,6.564796990348127,56040200,-0.01851855957017734,PETR4.SA,0.0
2020-08-10,6.734231948852539,6.734231948852539,6.501620565092949,6.576285886674182,52390100,0.02896041010635897,PETR4.SA,-1.0
2020-08-11,6.627975940704346,6.857714923085058,6.622232329209593,6.808895320861539,66342300,-0.01577848950781957,PETR4.SA,0.0
2020-08-12,6.742846488952637,6.80028151742222,6.6279769797544965,6.708385910063708,67008500,0.0173311655437427,PETR4.SA,-1.0
2020-08-13,6.559055328369141,6.771564059074844,6.5217223952334855,6.7342316736802195,44588200,-0.027257206713013016,PETR4.SA,0.0
2020-08-14,6.510234832763672,6.599258622553008,6.470030646615124,6.538952343330187,38422000,-0.00744322057999891,PETR4.SA,0.0
2020-08-17,6.4901347160339355,6.559056433736707,6.360906153003037,6.513108621934859,52064300,-0.0030874641615966647,PETR4.SA,0.0
2020-08-18,6.610746383666992,6.673924473860163,6.538952875280707,6.584900676828649,49361300,0.018583846547142402,PETR4.SA,0.0
2020-08-19,6.573413372039795,6.6968982925899425,6.533209183113139,6.590644208214927,51982100,-0.0056473217183818925,PETR4.SA,0.0
2020-08-20,6.5274658203125,6.567670558515406,6.418339925741215,6.467159534619662,55251700,-0.0069899075452540815,PETR4.SA,0.0
2020-08-21,6.478645324707031,6.49874741718662,6.418339047268266,6.472902260956392,38668300,-0.007479241860378183,PETR4.SA,-1.0
2020-08-24,6.596386909484863,6.642334707941052,6.547567305157543,6.564798140384336,51841900,0.01817379697092103,PETR4.SA,-1.0
2020-08-25,6.5676703453063965,6.64807872361985,6.515978931967179,6.63084843508711,37981400,-0.004353377776730394,PETR4.SA,-1.0
2020-08-26,6.381006240844727,6.576284653319526,6.329315379666942,6.541824079201002,69925300,-0.028421661661972686,PETR4.SA,-1.0
2020-08-27,6.360905170440674,6.452800779849351,6.32931639704459,6.409724781406664,35489800,-0.0031501411603997997,PETR4.SA,-1.0
2020-08-28,6.472902774810791,6.472902774810792,6.335058826774776,6.389622044794428,31071000,0.01760718032561992,PETR4.SA,-1.0
2020-08-31,6.286238670349121,6.441312892910186,6.286238670349121,6.409723577705317,48539700,-0.028837773554713397,PETR4.SA,-1.0
2020-09-01,6.5676703453063965,6.573413409656646,6.3522898215536525,6.375263722177639,66299700,0.044769486129238034,PETR4.SA,-1.0
2020-09-02,6.547565937042236,6.633718451951727,6.46715758041573,6.58489885782527,53618000,-0.003061117140041536,PETR4.SA,-1.0
2020-09-03,6.570540904998779,6.639463147283583,6.481517118013905,6.493004340975018,87642400,0.003508932659473496,PETR4.SA,-1.0
2020-09-04,6.582028388977051,6.6136177056318814,6.484389180899357,6.605002288069393,52351100,0.0017483315520541165,PETR4.SA,-1.0
2020-09-08,6.392493724822998,6.461415423612616,6.291982708685274,6.461415423612616,74490200,-0.02879578345050393,PETR4.SA,-1.0
2020-09-09,6.5274658203125,6.538953044867906,6.458544116203107,6.458544116203107,42143500,0.02111415377153758,PETR4.SA,-1.0
2020-09-10,6.352291584014893,6.4843914123190345,6.3494197771724785,6.4843914123190345,58350000,-0.02683648465113231,PETR4.SA,-1.0
2020-09-11,6.28336763381958,6.392494073663944,6.246035250340825,6.352289884111285,71013700,-0.010850249753766805,PETR4.SA,-1.0
2020-09-14,6.225931644439697,6.31208361478248,6.154138153240422,6.300596941015848,46453300,-0.009140956367209796,PETR4.SA,-1.0
2020-09-15,6.223061561584473,6.340802875922399,6.188600435264119,6.312085361945607,58546700,-0.00046098849443487744,PETR4.SA,-1.0
2020-09-16,6.240290641784668,6.3149559445611185,6.202958264266901,6.274751761427997,50379500,0.002768585852749972,PETR4.SA,-1.0
2020-09-17,6.360905170440674,6.366648782963976,6.162754920315065,6.177113951623319,60432200,0.019328351126528753,PETR4.SA,-1.0
2020-09-18,6.217316627502441,6.360903619120239,6.188599119630701,6.314955825621816,64243500,-0.022573602198236342,PETR4.SA,-1.0
2020-09-21,6.001936435699463,6.162753720864953,5.9760907321159635,6.113934667141601,73300000,-0.034641985394509134,PETR4.SA,-1.0
2020-09-22,5.973219871520996,6.131165923715587,5.958861388476496,6.019167674552618,47207700,-0.0047845498675496145,PETR4.SA,-1.0
2020-09-23,5.809530258178711,6.019167160059221,5.800915388184782,5.973219360955026,57106300,-0.027403915620571984,PETR4.SA,0.0
2020-09-24,5.858349800109863,5.947373591447982,5.760710591129619,5.81240200150045,76310000,0.008403354447190203,PETR4.SA,-1.0
2020-09-25,5.780811786651611,5.818144709561143,5.706147036314307,5.786555397520905,40150400,-0.01323547007329573,PETR4.SA,0.0
2020-09-28,5.637225151062012,5.904297047901946,5.637225151062012,5.83824716203039,48797400,-0.024838489971452327,PETR4.SA,1.0
2020-09-29,5.545331001281738,5.703277064522803,5.528100710875078,5.637226613772001,52878100,-0.01630130912244321,PETR4.SA,1.0
2020-09-30,5.631481170654297,5.754966053194012,5.579789773522246,5.59989186179786,69505000,0.015535622553936923,PETR4.SA,1.0
2020-10-01,5.700404167175293,5.760710445927228,5.4936385309036275,5.640097340682407,77537300,0.012238875427685869,PETR4.SA,0.0
2020-10-02,5.462050437927246,5.668815552026387,5.462050437927246,5.665943745862938,85306000,-0.04181347887936826,PETR4.SA,1.0
2020-10-05,5.752096176147461,5.7894285600672735,5.5252284232977305,5.559689548850718,73288500,0.05310198825814627,PETR4.SA,-1.0
2020-10-06,5.723379135131836,5.944503294014165,5.723379135131836,5.878452843565212,77064600,-0.00499244799395171,PETR4.SA,-1.0
2020-10-07,5.683174133300781,5.757838896680341,5.617123692248131,5.743480414739882,53521000,-0.007024696579030376,PETR4.SA,0.0
2020-10-08,5.869836807250977,5.912912798391757,5.703275906496601,5.754967314961915,78070400,0.032844792288949654,PETR4.SA,-1.0
2020-10-09,5.686044216156006,5.85547689718734,5.686044216156006,5.841118418214865,67962300,-0.03131136301232984,PETR4.SA,1.0
2020-10-13,5.780811786651611,5.780811786651611,5.665942307970128,5.717633710312016,55330600,0.016666696018004634,PETR4.SA,-1.0
2020-10-14,5.734864711761475,5.849734752537072,5.734864711761475,5.769325833542344,44584300,-0.007948204609641962,PETR4.SA,-1.0
2020-10-15,5.671687602996826,5.6774312155716355,5.582663799051457,5.634355216742653,56952100,-0.011016320687579628,PETR4.SA,1.0
2020-10-16,5.551074028015137,5.660199919392513,5.548202221960338,5.648713242914315,49929000,-0.021265905921538986,PETR4.SA,1.0
2020-10-19,5.6056365966796875,5.726249698271353,5.5280994854262735,5.574047281485867,107419300,0.00982919132210891,PETR4.SA,1.0
2020-10-20,5.795172214508057,5.821017921925863,5.625739487098438,5.648713388387487,68407700,0.03381161346431805,PETR4.SA,-1.0
2020-10-21,5.789428234100342,5.838247839702755,5.694660828841654,5.789428234100342,60594900,-0.0009911664735924308,PETR4.SA,-1.0
2020-10-22,5.984705924987793,5.984705924987794,5.7578382126420635,5.772197240617628,98926900,0.03373004776831756,PETR4.SA,-1.0
2020-10-23,5.907169342041016,6.070858441321148,5.898554472231089,6.013423967538115,61711200,-0.012955788290789805,PETR4.SA,-1.0
2020-10-26,5.815273284912109,5.895682199124785,5.752095204435597,5.8382471821527435,58229100,-0.015556699293329368,PETR4.SA,-1.0
2020-10-27,5.709020137786865,5.849735910825582,5.688918040993065,5.818146588583292,48978400,-0.018271393607746877,PETR4.SA,-1.0
2020-10-28,5.361539363861084,5.582663506743813,5.361539363861085,5.556817799251494,79247400,-0.06086522127078786,PETR4.SA,1.0
2020-10-29,5.53958797454834,5.562561877829502,5.0944678453318755,5.2926181034700575,86794800,0.03320848707879942,PETR4.SA,1.0
2020-10-30,5.439075946807861,5.611380463751208,5.418973853583647,5.496510420628336,64185100,-0.01814431474006395,PETR4.SA,1.0
2020-11-03,5.642970085144043,5.714763599071426,5.551074474955561,5.602765892621843,66292400,0.03748690776341257,PETR4.SA,1.0
2020-11-04,5.663071632385254,5.763582651687519,5.5338436484889035,5.7463523633828695,65777600,0.0035622282127865112,PETR4.SA,1.0
2020-11-05,5.711889743804932,5.740607248622492,5.663070149937332,5.729120575339976,40874800,0.008620429792994821,PETR4.SA,1.0
2020-11-06,5.671687602996826,5.729122633262832,5.6113813141844595,5.6142525727308215,37273300,-0.0070383257750569195,PETR4.SA,1.0
2020-11-09,6.205831050872803,6.515978985725926,6.0421419391087925,6.062244033853004,164904100,0.09417716300061096,PETR4.SA,1.0
2020-11-10,6.627975940704346,6.64807803319504,6.2632648269016435,6.2862387251397145,163732600,0.06802390950881132,PETR4.SA,1.0
2020-11-11,6.570540904998779,6.708384841827448,6.43269751591105,6.7055130360871695,93072900,-0.008665546800319723,PETR4.SA,1.0
2020-11-12,6.2919840812683105,6.553312451590042,6.2517798851391495,6.530338546981794,77275000,-0.04239480854895017,PETR4.SA,1.0
2020-11-13,6.498747825622559,6.547567430887339,6.2862391167467395,6.323572046047382,66065200,0.032861453825002274,PETR4.SA,1.0
2020-11-16,6.688283443450928,6.7859221100479745,6.642335094579206,6.66243773684727,101583300,0.029164944219113753,PETR4.SA,1.0
2020-11-17,6.803153038024902,6.932381025044962,6.599259188484225,6.61936128328239,94082100,0.017174749776260434,PETR4.SA,1.0
2020-11-18,6.762948036193848,6.929508947960146,6.762948036193848,6.889304759936172,68540400,-0.005909760019558119,PETR4.SA,1.0
2020-11-19,6.840484142303467,6.874945261042169,6.711256179450363,6.7629470359470645,65382100,0.011464838365556451,PETR4.SA,1.0
2020-11-23,7.208069324493408,7.208069324493408,6.9036649612138214,6.906536219924762,125649000,0.05373672017111941,PETR4.SA,1.0
2020-11-24,7.529703140258789,7.658931677503573,7.3631422187771856,7.3631422187771856,153293500,0.044621354385764755,PETR4.SA,1.0
2020-11-25,7.538318157196045,7.610111663455054,7.3717572445847805,7.5239596750406355,73971200,0.0011441376607790321,PETR4.SA,1.0
2020-11-26,7.414833068847656,7.4521659979816395,7.34016775832066,7.449294192068181,41935900,-0.016380986550761367,PETR4.SA,1.0
2020-11-27,7.32293701171875,7.48375429860864,7.308578530792147,7.443550113821402,49863500,-0.012393543627434389,PETR4.SA,1.0
2020-11-30,7.150632381439209,7.4320627656909295,7.133402095069349,7.254015195140219,90207700,-0.023529443173388676,PETR4.SA,1.0
2020-12-01,7.351654052734375,7.400473651610482,7.262630271633557,7.294219037206871,58866000,0.028112432659376463,PETR4.SA,1.0
2020-12-02,7.440680027008057,7.610112770240238,7.274119090172819,7.351656219667084,88093300,0.012109652281661498,PETR4.SA,1.0
2020-12-03,7.650315761566162,7.722109266979482,7.480883044971452,7.509600556684974,62424500,0.028174270872712404,PETR4.SA,1.0
2020-12-04,7.905900955200195,7.917387631156601,7.770928815460854,7.808261744736364,61652400,0.03340845026528805,PETR4.SA,1.0
2020-12-07,7.753698825836182,7.9805665729152135,7.658931417652268,7.831235945552382,72664200,-0.019251712135844645,PETR4.SA,1.0
2020-12-08,7.656060218811035,7.793903632966935,7.598625189042225,7.6991362172671245,46276700,-0.012592519933815827,PETR4.SA,1.0
2020-12-09,7.736469268798828,7.7450841399766635,7.5813950147052145,7.647444916526844,52448300,0.01050266686646828,PETR4.SA,1.0
2020-12-10,7.98918342590332,8.098309891342378,7.791033142257446,7.808263982742222,97537100,0.03266530872470308,PETR4.SA,1.0
2020-12-11,7.91738748550415,7.994924600812127,7.834107306194109,7.8944135862730045,48334300,-0.008986643136316808,PETR4.SA,1.0
2020-12-14,7.931745529174805,8.118408505698666,7.931745529174806,8.049486816570205,53159500,0.0018134825025226675,PETR4.SA,1.0
2020-12-15,7.997795104980469,8.037999285156191,7.931745223908677,7.931745223908677,47208200,0.008327243424882669,PETR4.SA,1.0
2020-12-16,8.095436096191406,8.109794578660853,7.888670443088988,7.9977968817243745,59399200,0.012208488705860221,PETR4.SA,1.0
2020-12-17,8.109794616699219,8.152870612050602,8.060975009236717,8.127024905291572,39297700,0.0017736562103884967,PETR4.SA,1.0
2020-12-18,8.069588661193848,8.132766737365213,8.046614765518727,8.069588661193848,44707900,-0.00495770329652756,PETR4.SA,1.0
2020-12-21,7.7594404220581055,7.894411984182359,7.615853444067722,7.8082600164844695,99988800,-0.03843420676784004,PETR4.SA,1.0
2020-12-22,7.834106922149658,7.888669587810749,7.768056485824703,7.811133024044741,46513200,0.009622665557079912,PETR4.SA,1.0
2020-12-23,8.026515007019043,8.112667003893176,7.854210465529742,7.877184367878913,49038900,0.024560308760323668,PETR4.SA,1.0
2020-12-28,8.092564582824707,8.190203800822955,8.092564582824707,8.14425599796978,36313300,0.008228923231054175,PETR4.SA,1.0
2020-12-29,8.118410110473633,8.164357912308493,8.038001183392128,8.149998881896972,29891100,0.0031937375827408854,PETR4.SA,1.0
2020-12-30,8.138511657714844,8.18158765056906,8.098307470749702,8.141383463603919,36968200,0.002476044812675493,PETR4.SA,1.0
2021-01-04,8.302199363708496,8.379736466457642,8.19307349697112,8.227534066365713,74719700,0.02011273226333543,PETR4.SA,1.0
2021-01-05,8.626708984375,8.666913177307062,8.109795350183543,8.299330185064763,95181100,0.039087187195845585,PETR4.SA,-1.0
2021-01-06,8.643939018249512,8.873678039251471,8.629579987098744,8.6611693078894,96562500,0.0019972893377671053,PETR4.SA,-1.0
2021-01-07,8.902395248413086,8.945471244905592,8.71286042565325,8.71286042565325,56171300,0.02990028384257548,PETR4.SA,-1.0
2021-01-08,8.936853408813477,9.120644558324226,8.715729339720337,9.03449204618544,67136300,0.0038706617083230643,PETR4.SA,-1.0
2021-01-11,8.862190246582031,8.919624720732688,8.730089915327687,8.790396743087985,48744700,-0.008354524665002638,PETR4.SA,-1.0
2021-01-12,8.796141624450684,9.063213600266689,8.796141624450684,8.936857402384273,65691900,-0.0074528553657287056,PETR4.SA,-1.0
2021-01-13,8.371123313903809,8.862191216365604,8.328047316641797,8.810499800554782,93826600,-0.048318720717894004,PETR4.SA,-1.0
2021-01-14,8.457274436950684,8.520452519150297,8.247637002703785,8.37686552054496,50745400,0.010291465053893667,PETR4.SA,-1.0
2021-01-15,8.075334548950195,8.35102137478366,8.049488840560679,8.342405956073476,80673300,-0.045161108445500364,PETR4.SA,0.0
2021-01-18,8.06097412109375,8.28497003907889,8.043743834399796,8.1298958156105,68855700,-0.0017783074830394208,PETR4.SA,0.0
2021-01-19,8.239023208618164,8.287842816425071,7.93749014354926,8.178716376507982,61656000,0.022087788007965514,PETR4.SA,-1.0
2021-01-20,8.101179122924805,8.362507994131695,8.072462158119228,8.313688387124824,60306200,-0.016730634470014882,PETR4.SA,-1.0
2021-01-21,7.911644458770752,8.155742498489083,7.900157782176303,8.046616606007301,41284900,-0.023395935490144293,PETR4.SA,1.0
2021-01-22,7.779544353485107,7.8226203475341745,7.627341923588022,7.733596553467304,51181900,-0.016696921351059935,PETR4.SA,1.0
2021-01-26,7.753698825836182,8.032257438318354,7.702007412692048,7.825492333482813,64514600,-0.0033222418273568532,PETR4.SA,1.0
2021-01-27,7.868569374084473,8.089693538476533,7.618728241010696,7.6991366297052135,68337800,0.014814935533158602,PETR4.SA,1.0
2021-01-28,7.971951961517334,8.17010221604095,7.842723415579963,7.845595221905354,67827000,0.01313867648842959,PETR4.SA,1.0
2021-01-29,7.664673805236816,7.948975984369303,7.664673805236816,7.9030281906352196,67555300,-0.03854490816851741,PETR4.SA,1.0
2021-02-01,7.905900955200195,7.948976948583422,7.704878922423842,7.828363838465805,44449500,0.031472591801436245,PETR4.SA,1.0
2021-02-02,8.23040771484375,8.368251118771752,8.098307923014662,8.15574240078083,91663000,0.04104614533908446,PETR4.SA,-1.0
2021-02-03,8.310816764831543,8.36825124345345,8.230407837471667,8.322303441459523,47486800,0.009769752942223375,PETR4.SA,-1.0
2021-02-04,8.276354789733887,8.325174392807762,8.101178470279226,8.279226595531284,41444100,-0.004146641187360411,PETR4.SA,-1.0
2021-02-05,8.282098770141602,8.641066294687471,8.132768148472685,8.322302957613626,121098700,0.0006940229791549957,PETR4.SA,-1.0
2021-02-08,8.07246208190918,8.414198779990032,7.98343773908117,8.187331583270012,98821700,-0.025312024651070186,PETR4.SA,-1.0
2021-02-09,7.908775329589844,8.147129821309083,7.862826967619043,8.055233645108633,63662200,-0.020277178221272396,PETR4.SA,1.0
2021-02-10,7.983438014984131,8.052360265923532,7.788160129792521,7.966207726119785,52949900,0.009440486331043552,PETR4.SA,1.0
2021-02-11,8.06384563446045,8.184458732426904,8.003539359347682,8.081075920529681,61158600,0.010071803567009763,PETR4.SA,-1.0
2021-02-12,8.167227745056152,8.181586224257428,7.928873375225224,7.986307839771198,47801100,0.012820447622894138,PETR4.SA,-1.0
2021-02-17,8.497479438781738,8.500351244759038,8.078205077692648,8.190203319843416,54973400,0.04043620479733723,PETR4.SA,-1.0
2021-02-18,8.405582427978516,8.87941937990144,8.339532544807025,8.724345169595269,105539200,-0.010814619966458827,PETR4.SA,-1.0
2021-02-19,7.848466396331787,8.181588234882067,7.802518594306991,8.049488440996027,215834800,-0.06627928955789342,PETR4.SA,-1.0
2021-02-22,6.223061561584473,6.6624380465286235,6.145524438169443,6.5475679906214586,490230400,-0.20709840020554782,PETR4.SA,1.0
2021-02-23,6.9094061851501465,6.96684120340294,6.52172118129611,6.619360383681303,293503100,0.11029050842153665,PETR4.SA,-1.0
2021-02-24,7.007044315338135,7.179348795990065,6.895046649397759,7.050120298565906,155246400,0.014131189797154331,PETR4.SA,-1.0
2021-02-25,6.659565448760986,7.251143756303853,6.633719744028151,7.179350253766191,170233000,-0.04958993420614333,PETR4.SA,-1.0
2021-02-26,6.386749744415283,6.7256151547143626,6.309212632348693,6.66243707140507,159881000,-0.04096599191715433,PETR4.SA,1.0
2021-03-01,6.317828178405762,6.616489409755145,6.294854279666652,6.547567165796862,90330100,-0.010791336558910625,PETR4.SA,1.0
2021-03-02,6.3149566650390625,6.412595876137154,5.9358870444186955,6.2718806713760165,147772300,-0.00045450956968318135,PETR4.SA,1.0
2021-03-03,6.085216999053955,6.286238463329677,5.881323181409546,6.260392760420654,185688500,-0.036380244263115036,PETR4.SA,1.0
2021-03-04,6.381006240844727,6.432697649763462,6.065115271214147,6.116806132391932,127843200,0.04860783795167145,PETR4.SA,1.0
2021-03-05,6.429826259613037,6.668180679014645,6.401109295238205,6.444185289541438,126306300,0.007650833885072039,PETR4.SA,1.0
2021-03-08,6.059372901916504,6.398238387422116,6.019168160214119,6.300599161166565,141142800,-0.057614831682688106,PETR4.SA,1.0
2021-03-09,6.200088024139404,6.30347086143207,5.99045109095466,6.134038121531781,122648000,0.023222720321172785,PETR4.SA,1.0
2021-03-10,6.415468692779541,6.415468692779541,6.197216336396639,6.3005991756677675,111744100,0.034738324327263426,PETR4.SA,1.0
2021-03-11,6.688283443450928,6.7457179209938385,6.493005014774843,6.495876820813137,130577500,0.042524523730968156,PETR4.SA,0.0
2021-03-12,6.653822898864746,6.714129187703925,6.564799094879795,6.648079286287383,68123200,-0.005152375026797773,PETR4.SA,0.0
2021-03-15,6.791665077209473,6.797408688740667,6.63371959428823,6.6365914000538275,68295000,0.02071623793417232,PETR4.SA,0.0
2021-03-16,6.68541145324707,6.800280952909533,6.67105242345115,6.785921923113613,43407900,-0.015644709030036452,PETR4.SA,0.0
2021-03-17,6.915150165557861,6.929508647016852,6.636591571970376,6.645206441749387,77966400,0.03436418445108691,PETR4.SA,0.0
2021-03-18,6.673923492431641,6.8634582828802655,6.625103891998454,6.857714671596145,77198900,-0.03488379389469998,PETR4.SA,0.0
2021-03-19,6.892176151275635,6.903663374443416,6.656693553745602,6.682539258132161,90244500,0.032702301590885385,PETR4.SA,0.0
2021-03-22,6.754333019256592,6.828998329493487,6.671052291312796,6.803152624113755,44129300,-0.019999943268067866,PETR4.SA,1.0
2021-03-23,6.547565937042236,6.7859202971323835,6.547565937042236,6.653820541108353,57124700,-0.03061250927735759,PETR4.SA,1.0
2021-03-24,6.553311347961426,6.760077002355805,6.553311347961426,6.659565981218648,63338300,0.0008774880580713074,PETR4.SA,1.0
2021-03-25,6.662436485290527,6.691153444796925,6.363775286304126,6.518849496794963,79214500,0.01665190794926108,PETR4.SA,1.0
2021-03-26,6.737102031707764,6.857715138175878,6.636591566101799,6.742845643382664,60918600,0.011206943072866071,PETR4.SA,1.0
2021-03-29,6.843356132507324,6.843356132507324,6.685410657733387,6.7026409436972365,50099700,0.015771484578900763,PETR4.SA,0.0
2021-03-30,6.843356132507324,6.889303926904867,6.76869082967609,6.7887929212574,41959100,0.0,PETR4.SA,0.0
2021-03-31,6.92089319229126,6.958225569573915,6.828997604142346,6.83474066759597,68609400,0.011330268114444486,PETR4.SA,0.0
2021-04-01,6.860587120056152,7.004174129167354,6.828998350515548,6.9754571655378905,47232900,-0.00871362562021305,PETR4.SA,0.0
2021-04-05,6.90366268157959,6.949610474157417,6.800279874409034,6.929507835631336,40454400,0.006278699004858002,PETR4.SA,0.0
2021-04-06,6.897919654846191,6.998430665026599,6.866330339370393,6.943867451315931,45934300,-0.0008318811329994791,PETR4.SA,0.0
2021-04-07,6.892176151275635,6.9898153572379815,6.872074058472966,6.874945864264911,55892200,-0.000832642863058175,PETR4.SA,0.0
2021-04-08,6.806024074554443,6.9036632791693195,6.711256675691881,6.886432444655442,63231300,-0.012499981838863139,PETR4.SA,1.0
2021-04-09,6.791665077209473,6.828998004421293,6.711256706736525,6.748589086207401,47494400,-0.0021097482447430815,PETR4.SA,1.0
2021-04-12,6.860587120056152,6.998431065086044,6.828998350515548,6.880689213693165,50592900,0.010148033223540187,PETR4.SA,1.0
2021-04-13,6.883561611175537,6.923766349645717,6.803153229717213,6.88643341733348,53612300,0.0033487645761718365,PETR4.SA,1.0
2021-04-14,6.9926886558532715,7.05873855994573,6.886434009831478,6.949612655259974,90836500,0.015853282187605622,PETR4.SA,1.0
2021-04-15,6.8540143966674805,7.073675247739674,6.833235751673242,7.035086416489747,64193600,-0.01983132182922409,PETR4.SA,1.0
2021-04-16,6.812457084655762,6.898540123092975,6.77089922862602,6.865887643250095,59567300,-0.006063207575391805,PETR4.SA,1.0
2021-04-19,7.207253932952881,7.3883254085287495,6.759026800308925,6.812457931722543,196519100,0.0579521960125593,PETR4.SA,1.0
2021-04-20,7.070705890655518,7.299272088903624,7.052895706662644,7.222093870033787,94965400,-0.0189459180386361,PETR4.SA,1.0
2021-04-22,7.038055419921875,7.1805386309834125,7.020245230855071,7.165696334947991,46600100,-0.004617710202992953,PETR4.SA,1.0
2021-04-23,7.0321173667907715,7.106327130491295,6.978686246338304,7.088516379556762,60341000,-0.0008437065036878133,PETR4.SA,1.0
2021-04-26,7.058834075927734,7.138980203475623,7.008371405750945,7.0796127225577665,33281000,0.0037992410739804416,PETR4.SA,1.0
2021-04-27,6.856982231140137,7.17459992696583,6.856982231140137,7.070706145277611,76684900,-0.028595635287130383,PETR4.SA,1.0
2021-04-28,7.10632848739624,7.15085424088333,6.934161825383998,6.946035095431908,66374200,0.036363847513521064,PETR4.SA,1.0
2021-04-29,7.011338233947754,7.21022040942443,6.951970200662721,7.15975775098481,49775900,-0.013366994449660052,PETR4.SA,1.0
2021-04-30,7.011338233947754,7.103358175981581,6.910412917068514,6.946033284099113,61039200,0.0,PETR4.SA,1.0
2021-05-03,6.9549407958984375,7.067739414387529,6.916351392553646,7.064770955193645,49039900,-0.008043748021775543,PETR4.SA,1.0
2021-05-04,6.794647693634033,7.017277047330306,6.791679234310329,6.987593586444716,44765000,-0.023047371209677925,PETR4.SA,1.0
2021-05-05,7.07367467880249,7.109295614624479,6.862919220897053,6.877760947220468,75611900,0.04106570314600422,PETR4.SA,1.0
2021-05-06,6.9757184982299805,7.079612291225977,6.946034476491749,7.038054434322205,54091600,-0.01384799061597397,PETR4.SA,1.0
2021-05-07,7.236937046051025,7.257716258745294,6.963845050001422,7.017276178863944,74118200,0.03744683044296093,PETR4.SA,1.0
2021-05-10,7.331924915313721,7.4150394887053315,7.2963039794490525,7.361608367996114,73804500,0.013125424286304588,PETR4.SA,1.0
2021-05-11,7.465503215789795,7.471440133643342,7.21912678662407,7.254747727569705,73729900,0.018218721825298267,PETR4.SA,1.0
2021-05-12,7.355672359466553,7.578301661998132,7.328956797868716,7.406135024020735,89980700,-0.014711782065935819,PETR4.SA,1.0
2021-05-13,7.418009281158447,7.450661764391522,7.251779538307253,7.3497364218308086,77282100,0.008474673509848207,PETR4.SA,1.0
2021-05-14,7.806867599487305,7.830614703307071,7.584238288861139,7.658448059069861,196135500,0.0524208454843198,PETR4.SA,1.0
2021-05-17,7.913730621337891,7.91373062133789,7.777184902605186,7.806868360642264,83512600,0.013688335364827164,PETR4.SA,1.0
2021-05-18,7.821710586547852,7.955287845058419,7.79796348062315,7.925604387284292,63510600,-0.01162789576662171,PETR4.SA,1.0
2021-05-19,7.762340545654297,7.821708578311039,7.658446771592756,7.673289062844702,84700500,-0.007590416474327455,PETR4.SA,1.0
2021-05-20,7.697038173675537,7.800931974881384,7.634701666481762,7.762342573719602,71371100,-0.008412716705056056,PETR4.SA,1.0
2021-05-21,7.702972888946533,7.80983455244397,7.70000443076945,7.741561712897592,82884500,0.0007710388252060163,PETR4.SA,1.0
2021-05-24,7.833583354949951,7.872172753467052,7.7148478329273855,7.800931440253513,63029600,0.01695585170640279,PETR4.SA,1.0
2021-05-25,7.670323371887207,7.901858103370787,7.652513182134847,7.860300239047648,63672000,-0.020841034768536937,PETR4.SA,1.0
2021-05-26,7.744531631469727,7.7712471939257455,7.613922277926477,7.691100506557687,46646900,0.009674723735182189,PETR4.SA,1.0
2021-05-27,7.691102981567383,7.792028346395714,7.649545678229526,7.741565663981548,48877800,-0.006898887169010659,PETR4.SA,1.0
2021-05-28,8.011688232421875,8.020593610347056,7.762343312273986,7.777185608815957,129526400,0.041682610624615535,PETR4.SA,1.0
2021-05-31,7.9760661125183105,8.074022983616072,7.949350550748413,8.002781108112611,46298900,-0.004446268859964908,PETR4.SA,1.0
2021-06-01,8.100739479064941,8.222443467299406,8.01762432551491,8.133391395743873,90744900,0.015630934446613676,PETR4.SA,1.0
2021-06-02,8.272904396057129,8.332271865084778,8.091832398245385,8.118547957469268,103985100,0.02125298775958906,PETR4.SA,1.0
2021-06-04,8.459914207458496,8.495535147975604,8.287747555006366,8.329304847129958,102757300,0.02260509761124485,PETR4.SA,0.0
2021-06-07,8.397578239440918,8.474755905631802,8.314463089313358,8.459914177404857,74548900,-0.007368392455164741,PETR4.SA,0.0
2021-06-08,8.507407188415527,8.548964474535905,8.299619625462515,8.361956120818643,88398600,0.013078645514581266,PETR4.SA,0.0
2021-06-09,8.507407188415527,8.632079612952221,8.46584990229515,8.525217373013467,60724200,0.0,PETR4.SA,0.0
2021-06-10,8.513345718383789,8.617239519545299,8.480693235287857,8.557871471402818,35871000,0.0006980422867672864,PETR4.SA,0.0
2021-06-11,8.480690956115723,8.563806087943005,8.388671015783187,8.548963796808394,54894400,-0.003835714341724805,PETR4.SA,0.0
2021-06-14,8.534125328063965,8.712228926406533,8.4925680293818,8.578651086105674,64286600,0.00630070972102903,PETR4.SA,0.0
2021-06-15,8.617239952087402,8.626144763432784,8.498503849842482,8.596460737871553,42597100,0.00973909109936777,PETR4.SA,0.0
2021-06-16,8.649890899658203,8.69441721608962,8.540060753438976,8.632080712791016,77432900,0.0037890261559783145,PETR4.SA,-1.0
2021-06-17,8.350083351135254,8.667701652967727,8.284778955169802,8.611302067348326,95264600,-0.03466026936071487,PETR4.SA,0.0
2021-06-18,8.406482696533203,8.436166717914942,8.204632030548124,8.311494281052134,115250700,0.006754345199474043,PETR4.SA,-1.0
2021-06-21,8.593494415283203,8.608336147688208,8.430232527949153,8.430232527949153,50709600,0.022246131408457215,PETR4.SA,-1.0
2021-06-22,8.638018608093262,8.68848128174118,8.510377694385253,8.608334582504657,41602700,0.005181151072941148,PETR4.SA,-1.0
2021-06-23,8.69738483428955,8.762689794367786,8.608333336588194,8.682543106731195,57278500,0.0068726670883374474,PETR4.SA,-1.0
2021-06-24,8.801278114318848,8.801278114318848,8.673637226501473,8.753783909481069,51447000,0.011945347021980357,PETR4.SA,-1.0
2021-06-25,8.638018608093262,8.842837761861361,8.593492852798205,8.813153736272756,84950900,-0.018549522479011094,PETR4.SA,-1.0
2021-06-28,8.623175621032715,8.688480585328355,8.51037701224807,8.66176502105753,40341200,-0.0017183323785202598,PETR4.SA,-1.0
2021-06-29,8.661766052246094,8.661766052246094,8.531156674281338,8.635050484794764,43215200,0.0044751994983440735,PETR4.SA,-1.0
2021-06-30,8.73597526550293,8.777532560524063,8.584587248557208,8.617239732459916,71367600,0.008567446039204896,PETR4.SA,-1.0
2021-07-01,8.626144409179688,8.869552389669394,8.584587114806032,8.827995095295739,65084000,-0.012572249003147684,PETR4.SA,-1.0
2021-07-02,8.661766052246094,8.721133539556824,8.528188214989443,8.697386431397389,37336700,0.004129497650015912,PETR4.SA,-1.0
2021-07-05,8.563807487487793,8.655827442858737,8.421324866363308,8.611301694529287,56028600,-0.01130930622778703,PETR4.SA,-1.0
2021-07-06,8.213537216186523,8.54896512134102,8.213537216186523,8.519281666823824,97839700,-0.040901231352180045,PETR4.SA,0.0
2021-07-07,8.326335906982422,8.356019928001688,8.136359078340089,8.356019928001688,73793500,0.013733265927571958,PETR4.SA,-1.0
2021-07-08,8.16010856628418,8.216508166083052,8.09480415390049,8.133392996178177,80574200,-0.01996404451552869,PETR4.SA,0.0
2021-07-12,8.23134708404541,8.246189376906056,8.097769845353088,8.186821337814637,53001200,0.008730094358740947,PETR4.SA,0.0
2021-07-13,8.28180980682373,8.302588450802093,8.127453357019347,8.180884479349755,41594300,0.0061305546058350036,PETR4.SA,0.0
2021-07-14,8.213537216186523,8.370862129535434,8.174948385608808,8.341178108842636,51654600,-0.008243680092840822,PETR4.SA,0.0
2021-07-15,8.038402557373047,8.201663830866273,7.990908348132267,8.160106539324499,67982600,-0.021322684028062366,PETR4.SA,1.0
2021-07-16,7.919666767120361,8.127453783995673,7.889982745802284,8.082928035106365,69024100,-0.014771067933612936,PETR4.SA,1.0
2021-07-19,7.789057731628418,7.851394235563744,7.676259125416568,7.708911040643987,80087700,-0.016491733722204804,PETR4.SA,1.0
2021-07-20,7.892950534820557,7.996844317530445,7.691099886395759,7.774215025798783,63408800,0.013338301855212675,PETR4.SA,1.0
2021-07-21,8.002782821655273,8.08589798342206,7.892952658574015,7.952320712146822,51116600,0.013915238205304936,PETR4.SA,1.0
2021-07-22,7.984969615936279,8.079958012832765,7.928570042963177,8.014653631510308,37736500,-0.002225876437730201,PETR4.SA,1.0
2021-07-23,7.9374775886535645,8.065118494213088,7.919667400907668,8.044339847480265,34025500,-0.005947677895721815,PETR4.SA,1.0
2021-07-26,8.154170036315918,8.154170036315918,7.93154070686181,7.937477624862745,46802600,0.02729991300663448,PETR4.SA,1.0
2021-07-27,8.05918025970459,8.133390023727975,7.984970495681203,8.118548297393525,51901800,-0.01164922686040093,PETR4.SA,1.0
2021-07-28,8.225411415100098,8.281811004177976,8.074023968177672,8.142296827170243,46727100,0.020626310622018584,PETR4.SA,1.0
2021-07-29,8.255094528198242,8.287747007667855,8.163074573355045,8.252126069503221,43916600,0.0036087086226048726,PETR4.SA,0.0
2021-07-30,7.987940311431885,8.261032312086636,7.964193205556501,8.192759453466863,74150400,-0.032362344956050615,PETR4.SA,1.0
2021-08-02,7.839520454406738,8.136359549435166,7.827647185016936,8.074023611243506,70528800,-0.01858049149575347,PETR4.SA,1.0
2021-08-03,7.970129489898682,7.976066407439425,7.655480220522328,7.824678407204182,71850400,0.016660334806388066,PETR4.SA,1.0
2021-08-04,7.80093240737915,7.946383510661141,7.702975518794313,7.881078540820783,87970600,-0.02122890007420475,PETR4.SA,1.0
2021-08-05,8.415387153625488,8.60239550540581,8.329303557638534,8.53412266000788,223915900,0.07876683377811422,PETR4.SA,1.0
2021-08-06,8.427262306213379,8.471788626470177,8.317432150558334,8.459914790088183,51106100,0.001411123739301079,PETR4.SA,1.0
2021-08-09,8.367897033691406,8.373833387275152,8.213540516997417,8.296655695103988,75381900,-0.007044431556165409,PETR4.SA,1.0
2021-08-10,8.394610404968262,8.54302996298002,8.382736568562994,8.400546756995213,84380900,0.0031923637646711356,PETR4.SA,1.0
2021-08-11,8.510376930236816,8.60536535065076,8.302589335949577,8.358988922886223,97863500,0.01379057748767476,PETR4.SA,-1.0
2021-08-12,8.638018608093262,8.664734174505435,8.459915020737336,8.507409235208824,95319300,0.014998357758155612,PETR4.SA,-1.0
2021-08-13,8.712225914001465,8.789404132136712,8.614269053709716,8.626142320866773,85201800,0.008590778658276621,PETR4.SA,-1.0
2021-08-16,8.501471519470215,8.679575090121121,8.38273599442816,8.667701820704737,101262100,-0.02419064847624597,PETR4.SA,-1.0
2021-08-17,8.501441955566406,8.69015272403076,8.319021106126469,8.44168322560768,93623700,-3.4775043050716548e-06,PETR4.SA,-1.0
2021-08-18,8.425959587097168,8.589508919736673,8.381926543785296,8.501444032907028,86103100,-0.008878772432224347,PETR4.SA,1.0
2021-08-19,8.37878131866455,8.451121104445367,8.218376645685083,8.259264428939073,80808200,-0.005599156742320699,PETR4.SA,1.0
2021-08-20,8.36620044708252,8.375635627427114,8.230957263104472,8.303296445265794,88445600,-0.0015015156862975276,PETR4.SA,1.0
2021-08-23,8.498298645019531,8.58950879070826,8.419668940161609,8.473137163460878,70161500,0.015789509081518327,PETR4.SA,-1.0
2021-08-24,8.67442798614502,8.69015368529091,8.567491552241446,8.583217851284306,49831400,0.020725247309202333,PETR4.SA,-1.0
2021-08-25,8.721606254577637,8.753058254825891,8.61152455365725,8.690154254329382,46031200,0.0054387757334513065,PETR4.SA,-1.0
2021-08-26,8.646122932434082,8.768785089383874,8.63983241159125,8.674429676329739,41061300,-0.008654750047210169,PETR4.SA,-1.0
2021-08-27,8.960639953613281,8.960639953613281,8.70273465047455,8.71217042981998,76465300,0.0363766538640522,PETR4.SA,-1.0
2021-08-30,8.900880813598633,9.029833459315661,8.888300374939305,8.932332810092358,61054000,-0.006669070548979139,PETR4.SA,-1.0
2021-08-31,8.551767349243164,8.87886662790069,8.488863341860487,8.86943144672124,110574300,-0.039222350199555334,PETR4.SA,-1.0
2021-09-01,8.504589080810547,8.598944485742932,8.281280409288254,8.592653965441563,69430400,-0.005516785771398802,PETR4.SA,-1.0
2021-09-02,8.36620044708252,8.602089554049712,8.322167405852003,8.492007850818952,56052000,-0.01627223048792359,PETR4.SA,-1.0
2021-09-03,8.281280517578125,8.422814226724496,8.208941332857554,8.38192644412797,58182700,-0.010150357984072489,PETR4.SA,-1.0
2021-09-06,8.322165489196777,8.400795173410186,8.224664848743277,8.243535804983367,26770700,0.004937034982919419,PETR4.SA,-1.0
2021-09-08,7.853534698486328,8.2875710048708,7.796921814950868,8.268700043692313,80378400,-0.05631115979594392,PETR4.SA,1.0
2021-09-09,8.020228385925293,8.139745250858944,7.59248268004226,7.888130482631823,156617100,0.021225307309216124,PETR4.SA,1.0
2021-09-10,7.96990442276001,8.221519159115973,7.966759163568454,8.183777248611005,78379900,-0.006274629691792377,PETR4.SA,1.0
2021-09-13,8.249828338623047,8.300151300818692,8.064262190565215,8.11458515276086,63317900,0.03512261891919888,PETR4.SA,-1.0
2021-09-14,8.13974666595459,8.256118891426535,8.089423703560515,8.161763486911902,65497300,-0.01334351069501527,PETR4.SA,1.0
2021-09-15,8.281280517578125,8.322167700277609,8.136602148136983,8.177489330836467,67274100,0.0173879922105582,PETR4.SA,-1.0
2021-09-16,8.208941459655762,8.252973903227199,8.023375304751774,8.202650939174971,65567700,-0.008735250275463291,PETR4.SA,1.0
2021-09-17,7.840954780578613,8.183780364318821,7.79063181414859,8.168054062373763,131694100,-0.04482754334230321,PETR4.SA,1.0
2021-09-20,7.752887725830078,7.752887725830079,7.482401985792621,7.57361211909102,80260600,-0.011231674867794195,PETR4.SA,1.0
2021-09-21,7.929018020629883,7.954180098501861,7.715145757790659,7.888130843881827,64570200,0.022718024693301864,PETR4.SA,1.0
2021-09-22,8.130311965942383,8.246683598394853,8.02652077488342,8.029666035206063,70231800,0.025386995563482007,PETR4.SA,1.0
2021-09-23,8.44168472290039,8.476281983207222,8.149182140044104,8.161763180118228,84480600,0.038297762528958,PETR4.SA,1.0
2021-09-24,8.460554122924805,8.510877074147352,8.32531096655287,8.350472442164143,44821500,0.0022352647183359053,PETR4.SA,1.0
2021-09-27,8.536039352416992,8.636685264325996,8.334747528598985,8.536039352416992,89178700,0.008922019574066908,PETR4.SA,1.0
2021-09-28,8.479427337646484,8.771929944453651,8.403942890711903,8.551767124202051,117874300,-0.0066321173594962035,PETR4.SA,1.0
2021-09-29,8.61467170715332,8.658704757138025,8.435396046200074,8.55805821424237,58731700,0.01594970557815678,PETR4.SA,1.0
2021-09-30,8.564345359802246,8.674427041526839,8.545474402902771,8.658701344093426,65744000,-0.005841934441829677,PETR4.SA,1.0
2021-10-01,8.806528091430664,8.806528091430664,8.514025455267465,8.529751758226148,60983200,0.028278020263537096,PETR4.SA,0.0
2021-10-04,9.054996490478516,9.06128641052243,8.718460872403698,8.731041912285523,106937000,0.02821411530948592,PETR4.SA,-1.0
2021-10-05,9.253144264221191,9.268869966207,9.089594324021652,9.121046327890344,100469100,0.02188270022534322,PETR4.SA,-1.0
2021-10-06,9.007817268371582,9.174512430353316,8.954349054143249,9.105318517780093,84599400,-0.026512825137527174,PETR4.SA,-1.0
2021-10-07,8.9952392578125,9.114756157227585,8.885157539992464,9.026691262889239,60551100,-0.0013963438849105003,PETR4.SA,-1.0
2021-10-08,9.158788681030273,9.312902837214569,9.029835407593346,9.121046157115089,84170500,0.018181775773860487,PETR4.SA,-1.0
2021-10-11,9.221689224243164,9.388384369937286,9.168221015239153,9.27830269258822,76466700,0.0068677797254095285,PETR4.SA,-1.0
2021-10-13,9.319190979003906,9.341207797024909,9.146205893831832,9.174512631390455,55605400,0.010573090503247062,PETR4.SA,-1.0
2021-10-14,9.334918975830078,9.504758832182702,9.278305490413517,9.39153246124664,76172700,0.0016876998080206373,PETR4.SA,-1.0
2021-10-15,9.309755325317383,9.385239754994654,9.28144858920129,9.372658716766649,72479900,-0.00269564744780848,PETR4.SA,-1.0
2021-10-18,9.262581825256348,9.322339984203255,9.117902819617555,9.246855520351483,68971300,-0.00506710417326961,PETR4.SA,-1.0
2021-10-19,8.809672355651855,9.221691848216208,8.762494651905824,9.196530366225188,111484000,-0.048896676774238146,PETR4.SA,-1.0
2021-10-20,8.963786125183105,9.058141528647276,8.790801018866452,8.891446942534108,56063300,0.017493700481650443,PETR4.SA,-1.0
2021-10-21,8.633540153503418,8.863138703039544,8.466844995676093,8.762492796387923,101567700,-0.03684224133280978,PETR4.SA,0.0
2021-10-22,8.54862117767334,8.731042059762084,8.105149712597306,8.523459697381686,138384700,-0.009835939176771946,PETR4.SA,1.0
2021-10-25,9.133625030517578,9.218544639351189,8.696443548477195,8.731040803863026,135830600,0.06843253908268965,PETR4.SA,-1.0
2021-10-26,9.045560836791992,9.193384458084218,8.99523787635647,9.05814127695237,57865600,-0.009641757071408463,PETR4.SA,-1.0
2021-10-27,9.023544311523438,9.139915928634952,8.954349793341143,9.067576750441633,57579200,-0.0024339591171621544,PETR4.SA,-1.0
2021-10-28,9.108466148376465,9.199676908237823,8.88515803958012,8.973223538767245,89578000,0.00941113978290975,PETR4.SA,-1.0
2021-10-29,8.5391845703125,9.180803155434141,8.482571095166833,9.16193159712095,157340000,-0.06250026829878885,PETR4.SA,1.0
2021-11-01,8.806528091430664,8.907174030777762,8.608381473328206,8.715317333961659,102157200,0.0313078513430447,PETR4.SA,-1.0
2021-11-03,8.444829940795898,8.759348742316066,8.429103640781687,8.715315702173278,83475800,-0.04107159448985598,PETR4.SA,1.0
2021-11-04,8.177486419677734,8.567489546167053,8.130308733389729,8.4982956462711,92603400,-0.03165765598507342,PETR4.SA,1.0
2021-11-05,8.130311965942383,8.34733012902824,8.108295743580946,8.268700420653357,86264000,-0.00576882079826313,PETR4.SA,1.0
2021-11-08,8.215229988098145,8.385069800617202,8.089422008576586,8.117728743979246,59704100,0.010444620392363824,PETR4.SA,1.0
2021-11-09,8.37878131866455,8.476282586487418,8.240393467381798,8.240393467381798,73021700,0.01990830820358669,PETR4.SA,1.0
2021-11-10,8.312731742858887,8.469991138372988,8.227811525305995,8.36619996132956,68176300,-0.007882957353061881,PETR4.SA,1.0
2021-11-11,8.319022178649902,8.454264753512891,8.252972921254507,8.454264753512891,60848900,0.0007567230587488538,PETR4.SA,1.0
2021-11-12,8.488862991333008,8.542331215431318,8.177489427430048,8.274990094939772,85962500,0.020415958635016995,PETR4.SA,1.0
2021-11-16,8.576929092407227,8.668139245992284,8.375636622614483,8.573783831952971,60978200,0.010374310571878986,PETR4.SA,1.0
2021-11-17,8.359909057617188,8.63039539744679,8.331602319732836,8.614669098679395,82106800,-0.025302766579026192,PETR4.SA,1.0
2021-11-18,8.347331047058105,8.413379721406374,8.19321627378455,8.394508757292174,63993000,-0.001504563084645194,PETR4.SA,1.0
2021-11-19,8.208941459655762,8.265554944188782,8.108295531551304,8.208941459655762,85893800,-0.01657890248058591,PETR4.SA,1.0
2021-11-22,8.290716171264648,8.532895203357286,8.268699950155957,8.2718446104026,59195200,0.00996166338994886,PETR4.SA,1.0
2021-11-23,8.743623733520508,8.82225344551223,8.334749471122398,8.369346736365825,108382300,0.05462827974085305,PETR4.SA,1.0
2021-11-24,8.92289924621582,8.944915467777527,8.652412867264466,8.737333093199945,64263300,0.02050357130625624,PETR4.SA,1.0
2021-11-25,9.316046714782715,9.369514932453164,8.982656369356631,9.136770502666284,104052200,0.044060507433570706,PETR4.SA,1.0
2021-11-26,8.95434856414795,9.171366668834098,8.828541184582395,8.929187088234839,108871800,-0.03882528305282351,PETR4.SA,1.0
2021-11-29,9.26887035369873,9.37895207189266,9.061287959343138,9.234273687904201,84672200,0.03512503308281811,PETR4.SA,1.0
2021-11-30,9.256288528442383,9.322337189551156,9.077012905550555,9.215400747844274,129384600,-0.0013574281197413773,PETR4.SA,1.0
2021-12-01,9.309755325317383,9.646290299256567,9.272012810530285,9.385239754994654,135078600,0.0057762673139141185,PETR4.SA,1.0
2021-12-02,10.020096778869629,10.066027813567057,9.25693009877044,9.53605091494815,191410300,0.07630076502875549,PETR4.SA,0.0
2021-12-03,10.161425590515137,10.225022937273044,9.970633550241413,10.062496309569436,105133000,0.014104535591267231,PETR4.SA,0.0
2021-12-06,10.207353591918945,10.341614767048942,10.133157158742153,10.168489082402697,66142300,0.004519838382389896,PETR4.SA,0.0
2021-12-07,10.373414993286133,10.447611437637601,10.175556460547899,10.345149584880742,98989300,0.01626880071036796,PETR4.SA,0.0
2021-12-08,10.36988353729248,10.624272257203044,10.323951819454079,10.37341679819548,71167700,-0.0003404333091791001,PETR4.SA,0.0
2021-12-09,10.34868335723877,10.419346544798533,10.172024377488572,10.281552756241547,67668200,-0.002044399050140755,PETR4.SA,0.0
2021-12-10,10.475878715515137,10.634872087356424,10.415814627697385,10.422881149534913,38517500,0.012290970153937097,PETR4.SA,0.0
2021-12-13,10.41227912902832,10.617203500971074,10.348682467860268,10.482942984415672,45448700,-0.006071050287421054,PETR4.SA,0.0
2021-12-14,10.288619995117188,10.546541961814384,10.249754801211926,10.461745726485193,56833800,-0.01187627918717471,PETR4.SA,0.0
2021-12-15,10.352214813232422,10.352214813232422,10.101359412855398,10.281551633389808,55085100,0.0061810833858588765,PETR4.SA,1.0
2021-12-16,10.490011215209961,10.592473080938284,10.422880609035872,10.465279063961765,56545700,0.013310813624288764,PETR4.SA,1.0
2021-12-17,10.242687225341797,10.472343756620214,10.168490779779749,10.359282121153948,93593700,-0.023577094894765893,PETR4.SA,1.0
2021-12-20,9.949435234069824,10.08722904407194,9.77984274885174,10.04836452073069,106282500,-0.02863037646472577,PETR4.SA,1.0
2021-12-21,9.963567733764648,10.147292579096163,9.935302321105906,10.087228492958765,40454500,0.0014204323524245055,PETR4.SA,1.0
2021-12-22,9.949435234069824,10.034231476678867,9.882304622624929,10.034231476678867,33734500,-0.0014184175861957637,PETR4.SA,1.0
2021-12-23,10.00949764251709,10.041296312392866,9.945900302765539,10.00949764251709,28713600,0.00603676560872457,PETR4.SA,1.0
2021-12-27,10.157891273498535,10.168491054822896,9.945900364314983,10.005964444018648,44227900,0.014825282574733478,PETR4.SA,1.0
2021-12-28,10.168489456176758,10.345148407072738,10.140224050989419,10.249752411852809,30688100,0.0010433447644662142,PETR4.SA,1.0
2021-12-29,10.083694458007812,10.210888459756623,10.041296008157877,10.140225275207396,35508400,-0.008338996518055808,PETR4.SA,1.0
2021-12-30,10.051898002624512,10.140227508187467,10.030698436080936,10.087229265729176,43229100,-0.003153254545317008,PETR4.SA,1.0
2022-01-03,10.278019905090332,10.323950945138309,10.080162028582768,10.083695289186544,52704700,0.022495443388580005,PETR4.SA,1.0
2022-01-04,10.316884994506836,10.38754818417299,10.214422459725172,10.302751952233276,51739200,0.0037813790764558153,PETR4.SA,1.0
2022-01-05,9.917634010314941,10.341615788309996,9.871702976750699,10.313350381370356,78459800,-0.038698791777215025,PETR4.SA,1.0
2022-01-06,9.910569190979004,10.122560116358889,9.83637273774136,9.995366100251418,61163100,-0.0007123492688467792,PETR4.SA,1.0
2022-01-07,9.956501007080078,9.995366201398177,9.829306315784903,9.931768855750589,47507600,0.004634629476466756,PETR4.SA,1.0
2022-01-10,9.896435737609863,9.977698703365732,9.793973209908593,9.889369216961397,37455200,-0.0060327688841192995,PETR4.SA,1.0
2022-01-11,10.189689636230469,10.270952602231285,9.839904949883021,9.928234436553604,73623800,0.029632274325405827,PETR4.SA,1.0
2022-01-12,10.500611305236816,10.567741917687066,10.228556942171238,10.228556942171238,81378200,0.030513360083199714,PETR4.SA,1.0
2022-01-13,10.712601661682129,10.822130053087154,10.422881009249132,10.433480791862756,76717500,0.020188382398231397,PETR4.SA,1.0
2022-01-14,11.11185073852539,11.164848300735573,10.684335632375385,10.698468675045067,96458800,0.037269105064489993,PETR4.SA,1.0
2022-01-17,11.1295166015625,11.239044988949207,11.041187104724703,11.094184668047264,35675900,0.0015898218445160595,PETR4.SA,1.0
2022-01-18,11.178983688354492,11.299111887884786,10.94226055091547,11.150718269282702,78198800,0.004444675232799122,PETR4.SA,1.0
2022-01-19,11.125984191894531,11.38037291964245,11.108318560735885,11.270844523877454,77480200,-0.004740994167043322,PETR4.SA,1.0
2022-01-20,11.207244873046875,11.306174139370546,10.99172138676746,11.12951516844288,85353100,0.007303684757303808,PETR4.SA,1.0
2022-01-21,11.224910736083984,11.263775249917858,11.140114514218535,11.154246880912542,61345400,0.0015762895553033118,PETR4.SA,1.0
2022-01-24,11.2885103225708,11.394505452569346,10.966990997821203,11.196647562085117,79117100,0.005665932494444359,PETR4.SA,1.0
2022-01-25,11.655960083007812,11.740755638563384,11.157781139864879,11.200179591543192,98358500,0.032550775074574156,PETR4.SA,0.0
2022-01-26,11.966878890991211,12.108206613676739,11.765487762235017,11.765487762235017,98679900,0.02667466307101196,PETR4.SA,-1.0
2022-01-27,11.970412254333496,12.238933297265685,11.71955549114306,12.101139515510944,90631000,0.0002952618953089292,PETR4.SA,-1.0
2022-01-28,11.496966361999512,12.136470985876882,11.38390472635928,11.942146383857796,117400500,-0.03955134395330362,PETR4.SA,0.0
2022-01-31,11.429837226867676,11.659494475351158,11.330908614130797,11.482835468148869,62450300,-0.0058388563572487895,PETR4.SA,1.0
2022-02-01,11.659493446350098,11.77255509315728,11.28850983352646,11.429836218134865,57315200,0.02009269379117473,PETR4.SA,0.0
2022-02-02,11.48990249633789,11.832621416704537,11.433371665454855,11.804355327362359,36271700,-0.014545310290928315,PETR4.SA,1.0
2022-02-03,11.330906867980957,11.631226594823561,11.171914190340846,11.42983546547244,51087800,-0.013837857058196068,PETR4.SA,1.0
2022-02-04,11.528764724731445,11.740754948970181,11.26377559663205,11.45103434687012,59346800,0.01746178474995652,PETR4.SA,1.0
2022-02-07,11.359174728393555,11.581764107564265,11.352108206353034,11.500501125800174,48868100,-0.014710161963326973,PETR4.SA,1.0
2022-02-08,11.246110916137695,11.28850936889557,11.044719781814015,11.270843066121229,62590000,-0.009953523469732661,PETR4.SA,1.0
2022-02-09,11.2885103225708,11.549964886713797,11.182514518671656,11.214313192451339,50960500,0.0037701394508091735,PETR4.SA,1.0
2022-02-10,11.46163272857666,11.62415999453114,11.284974444188187,11.412168435903906,49534600,0.015336160490522,PETR4.SA,1.0
2022-02-11,11.92801284790039,11.981011077072312,11.52876455326216,11.578228848328775,88013400,0.04069054822886886,PETR4.SA,-1.0
2022-02-14,11.659493446350098,11.991611865371052,11.595896101545915,11.963347127569829,55687000,-0.022511662669575272,PETR4.SA,-1.0
2022-02-15,11.47576904296875,11.546432916006252,11.267311358798821,11.539366393922375,65689000,-0.01575749445949226,PETR4.SA,1.0
2022-02-16,11.63476276397705,11.906817807135551,11.578231933437706,11.599431500315454,65811600,0.01385473343119581,PETR4.SA,-1.0
2022-02-17,11.588829040527344,11.761955437277592,11.500499548834604,11.606494669305675,43255200,-0.003947972501160413,PETR4.SA,-1.0
2022-02-18,11.659493446350098,11.69129211875219,11.401571480333642,11.507566605740232,60304700,0.0060976312253493425,PETR4.SA,-1.0
2022-02-21,11.959814071655273,12.012812312152915,11.659494302971948,11.677159933870747,51263800,0.025757604881126994,PETR4.SA,-1.0
2022-02-22,11.920947074890137,12.25306543061087,11.733687662968087,12.090539512777376,80206700,-0.0032497994142944853,PETR4.SA,-1.0
2022-02-23,12.09054183959961,12.224801703056402,11.942147585514276,12.076408796772215,86530100,0.014226618375540179,PETR4.SA,-1.0
2022-02-24,11.797289848327637,12.468594703757113,11.546434348337183,12.295468260729024,139674100,-0.02425466080531624,PETR4.SA,-1.0
2022-02-25,12.012809753417969,12.012809753417969,11.624160565221889,11.818485159319929,86189100,0.01826859455528962,PETR4.SA,-1.0
2022-03-02,12.249532699584961,12.46859079935988,12.150604104719527,12.457990344337857,58071800,0.019705876562278624,PETR4.SA,-1.0
2022-03-03,12.097606658935547,12.341395548302938,12.06934057725767,12.302530359896334,69237400,-0.01240259888889983,PETR4.SA,-1.0
2022-03-04,12.094072341918945,12.253065676820782,11.949212047408588,12.041075462152277,55418000,-0.0002921501017716377,PETR4.SA,-1.0
2022-03-07,11.235511779785156,12.224801879349673,11.175447694703701,12.189470619572827,110954100,-0.07099019568106557,PETR4.SA,0.0
2022-03-08,11.46870231628418,11.648895256705247,11.133050610095639,11.306176354658268,111633500,0.02075477655753777,PETR4.SA,-1.0
2022-03-09,11.504034042358398,11.595896125150801,11.214312729449516,11.518165737387204,87779300,0.0030807082701982402,PETR4.SA,-1.0
2022-03-10,11.906815528869629,12.224800884384202,11.489900227989606,11.518164963950408,136437700,0.035012195289771286,PETR4.SA,-1.0
2022-03-11,11.479302406311035,12.14707321027184,11.330908145541295,11.981013319072687,92153700,-0.035904908539317826,PETR4.SA,-1.0
2022-03-14,11.260244369506836,11.620628198555156,11.136582941173327,11.45810225050011,52274100,-0.019082870112714034,PETR4.SA,1.0
2022-03-15,10.988188743591309,11.143648835430627,10.765598050337204,11.002321111630957,66272000,-0.02416072129413671,PETR4.SA,1.0
2022-03-16,10.892793655395508,11.143649779890294,10.730267702712043,11.129516736752295,72034900,-0.008681602620944973,PETR4.SA,1.0
2022-03-17,10.603072166442871,11.09418392010323,10.422879924173834,11.041186360353638,178319300,-0.02659753761232131,PETR4.SA,1.0
2022-03-18,10.8150634765625,10.88925992815694,10.55007499418139,10.63133796704213,93097100,0.019993385576545508,PETR4.SA,1.0
2022-03-21,11.221379280090332,11.337974188138823,10.825662840528457,10.921058858177378,67700800,0.03756943307899818,PETR4.SA,1.0
2022-03-22,11.171914100646973,11.34150588442787,11.076518090488479,11.302641367397037,56128600,-0.0044081193771895455,PETR4.SA,1.0
2022-03-23,11.323843002319336,11.472237281153879,11.196648965162234,11.281445214567198,52956100,0.01359918276345895,PETR4.SA,1.0
2022-03-24,11.454568862915039,11.51816621046075,11.189581037975582,11.323841580871614,49402800,0.011544301750644914,PETR4.SA,1.0
2022-03-25,11.412169456481934,11.500498943525605,11.277908932691778,11.35917257293634,51780100,-0.0037015279178578275,PETR4.SA,1.0
2022-03-28,11.164847373962402,11.334440502418166,10.945789948069816,11.327373981669902,68610500,-0.02167178497152933,PETR4.SA,1.0
2022-03-29,11.412169456481934,11.574695389170044,11.277908932691778,11.352106052236724,93809000,0.022151855214457505,PETR4.SA,1.0
2022-03-30,11.655960083007812,11.655960083007812,11.4404359119524,11.482833689730185,69648400,0.02136233846294755,PETR4.SA,0.0
2022-03-31,11.818486213684082,11.86088399215314,11.48283387695144,11.507566026708481,94269500,0.013943607349273801,PETR4.SA,0.0
2022-04-01,11.663026809692383,11.938615771460036,11.627695548138158,11.853818856808166,72545400,-0.013153918461376257,PETR4.SA,0.0
2022-04-04,11.553499221801758,11.62416309351639,11.394505847394148,11.62416309351639,56053000,-0.009391008841684534,PETR4.SA,1.0
2022-04-05,11.443968772888184,11.680692512408514,11.443968772888184,11.53936478602613,45847200,-0.00948028357563635,PETR4.SA,1.0
2022-04-06,11.433369636535645,11.581762535844918,11.320307994833032,11.518165193912063,56947100,-0.0009261766230653778,PETR4.SA,1.0
2022-04-07,12.026945114135742,12.034011635913405,11.482835067466572,11.532299372109003,118469400,0.051916057686380634,PETR4.SA,1.0
2022-04-08,12.087006568908691,12.157670427433409,11.959811893124398,12.037542272281687,60772700,0.004993907779819784,PETR4.SA,0.0
2022-04-11,11.995145797729492,12.048142686522308,11.935081039736263,11.977480168131887,48125400,-0.007599960391805549,PETR4.SA,1.0
2022-04-12,11.959814071655273,12.253068666220074,11.942148440756474,12.1541400549458,68522800,-0.0029455020113975383,PETR4.SA,1.0
2022-04-13,12.214201927185059,12.29546489729886,12.048142052543204,12.14353806471186,101438800,0.02127021824968689,PETR4.SA,1.0
2022-04-14,12.086745262145996,12.39596773885566,12.044226895131716,12.2142996259443,119382100,-0.01043512018213677,PETR4.SA,1.0
2022-04-18,11.874154090881348,12.133128189990723,11.77752197535165,12.044226820642088,76350600,-0.017588785620431202,PETR4.SA,1.0
2022-04-19,12.233623504638672,12.368908589788363,12.028763927956721,12.044224680326867,88494100,0.030273265026379947,PETR4.SA,1.0
2022-04-20,12.291603088378906,12.34958293941632,12.109935001895705,12.233623974585921,34694700,0.00473936309371048,PETR4.SA,1.0
2022-04-22,11.812311172485352,12.098342184159852,11.719544417664808,12.001710055732874,74560900,-0.038993442307513226,PETR4.SA,1.0
2022-04-25,11.638372421264648,11.765926786366839,11.418051312201277,11.584257934353884,66413900,-0.01472520903664154,PETR4.SA,1.0
2022-04-26,11.61904525756836,11.820040232952767,11.55333539012517,11.638372122842549,48764100,-0.0016606414536947112,PETR4.SA,1.0
2022-04-27,11.61904525756836,11.812309486843091,11.576527628454198,11.738869610534753,41881300,0.0,PETR4.SA,1.0
2022-04-28,11.69635009765625,11.835500565012257,11.69248472498031,11.769790704010193,43298500,0.006653286769628286,PETR4.SA,1.0
2022-04-29,11.704080581665039,12.210432594995405,11.704080581665039,11.885748669910965,76243900,0.0006609313114129822,PETR4.SA,1.0
2022-05-02,11.588122367858887,11.723407468299083,11.336879031181086,11.661562977339763,72456200,-0.009907503028286246,PETR4.SA,1.0
2022-05-03,11.692484855651855,11.746598599230857,11.526277514951243,11.642236484791988,52531000,0.009005987724329811,PETR4.SA,1.0
2022-05-04,12.395966529846191,12.434618782731645,11.750464027583265,11.827770007843105,109417000,0.06016528418715805,PETR4.SA,1.0
2022-05-05,12.372776985168457,12.56217660428526,11.990114585090364,12.295471725335016,99439900,-0.0018707330825635804,PETR4.SA,1.0
2022-05-06,12.778630256652832,12.801821018471458,12.330256605551547,12.635613677822995,129570200,0.03280211645056563,PETR4.SA,1.0
2022-05-09,12.430753707885742,12.77089912431357,12.392101456366415,12.639479404863422,92314500,-0.02722330498497505,PETR4.SA,1.0
2022-05-10,12.538985252380371,12.697461894113207,12.446219228896904,12.508063736049001,60330600,0.008706756407374616,PETR4.SA,1.0
2022-05-11,12.975760459899902,13.107180197058556,12.635614997638255,12.670402618488753,108895400,0.03483337756032645,PETR4.SA,1.0
2022-05-12,13.076258659362793,13.172890775469858,12.855936078108734,12.855936078108734,114415900,0.007745072034388123,PETR4.SA,1.0
2022-05-13,13.24632740020752,13.312036515270435,13.103312316343919,13.180616810655888,67000100,0.013005917462710626,PETR4.SA,0.0
2022-05-16,13.3777494430542,13.482112298002892,13.145831496116331,13.238598969789273,92075300,0.009921394728973798,PETR4.SA,0.0
2022-05-17,13.203811645507812,13.582609345337213,13.196080899655499,13.528495598860014,90914700,-0.01300202237205872,PETR4.SA,0.0
2022-05-18,12.987357139587402,13.358425623895874,12.921648001687613,13.21154437957563,80986200,-0.016393334874180265,PETR4.SA,1.0
2022-05-19,13.20767593383789,13.254060407731906,12.882993463513591,12.956433335445665,63983100,0.016964097612971907,PETR4.SA,-1.0
2022-05-20,13.462785720825195,13.462785720825195,13.238598527064745,13.37001825025458,79589900,0.019315266990592717,PETR4.SA,-1.0
2022-05-23,13.992330551147461,14.034848917678623,13.586475962922009,13.598071344889032,93807400,0.03933397153481599,PETR4.SA,-1.0
2022-05-24,13.611336708068848,13.822398473608478,13.227978885986388,13.439041473094504,154453100,-0.02722876233418947,PETR4.SA,-1.0
2022-05-25,13.805166244506836,13.904235885452769,13.464883314693486,13.654408452444917,69991900,0.014240301345501694,PETR4.SA,-1.0
2022-05-26,13.839629173278809,14.024846869207712,13.762096107860334,13.79224767295229,78303600,0.002496379120801029,PETR4.SA,-1.0
2022-05-27,13.180601119995117,13.848246432586844,13.167678666430708,13.848246432586844,118295600,-0.04761890980114736,PETR4.SA,-1.0
2022-05-30,12.9178466796875,13.296896995213727,12.54310466903892,13.283974545286094,98110100,-0.01993493604089236,PETR4.SA,-1.0
2022-05-31,12.947999954223633,13.189214122039985,12.840315321952652,13.098758603716716,83598000,0.0023342338149552333,PETR4.SA,-1.0
2022-06-01,12.930768013000488,13.064296697781648,12.85754244620404,12.879079039321903,46353200,-0.0013308573744258423,PETR4.SA,-1.0
2022-06-02,12.818778991699219,12.943692740525307,12.728323471487823,12.909233690342052,50738300,-0.008660662784196305,PETR4.SA,-1.0
2022-06-03,13.04276180267334,13.111679895504842,12.71970793443749,12.797240172696577,60396900,0.017473022283882145,PETR4.SA,-1.0
2022-06-06,13.05137825012207,13.150448744913968,12.88339047191141,13.137526292140603,39213900,0.0006606305918248623,PETR4.SA,-1.0
2022-06-07,13.206445693969727,13.482118140989627,12.991076389343254,13.003998843385574,80333700,0.011881307925942997,PETR4.SA,-1.0
2022-06-08,13.141831398010254,13.417503768069016,13.064298338539109,13.10306486827468,65923900,-0.004892633298675952,PETR4.SA,-1.0
2022-06-09,12.95230770111084,13.206443504156294,12.913541166980613,13.141832887795436,53879000,-0.014421406816108484,PETR4.SA,-1.0
2022-06-10,12.771397590637207,12.926463728472786,12.517261785437151,12.926463728472786,63101700,-0.01396740369734406,PETR4.SA,-1.0
2022-06-13,12.607714653015137,12.741243342733759,12.349271418202543,12.500030040307257,64507100,-0.012816368487507335,PETR4.SA,-1.0
2022-06-14,12.749857902526855,13.029837722329349,12.59479180226833,12.775701978713819,68816900,0.011274307312921783,PETR4.SA,-1.0
2022-06-15,12.525876998901367,12.930771465868295,12.42249984550805,12.922156497693374,72785700,-0.01756732548219997,PETR4.SA,-1.0
2022-06-17,11.763467788696289,12.25451021998673,11.255196245231135,12.133903148489903,184606500,-0.06086673294588063,PETR4.SA,1.0
2022-06-20,11.896998405456543,12.168363314339263,11.160435101514528,11.207816602100612,92581800,0.011351297011971795,PETR4.SA,0.0
2022-06-21,11.660091400146484,12.12959644442539,11.496411126911582,11.974530317047106,85179500,-0.019913174503024322,PETR4.SA,1.0
2022-06-22,11.625633239746094,11.866846595089154,11.3671899482371,11.449030501888139,57874700,-0.0029552221520285915,PETR4.SA,1.0
2022-06-23,11.410262107849121,11.793619087821105,11.250889332125945,11.621323862079114,69262300,-0.018525539852801698,PETR4.SA,1.0
2022-06-24,11.324113845825195,11.66870426505551,11.27673235509289,11.526560614426959,53413400,-0.0075500686320487675,PETR4.SA,1.0
2022-06-27,12.052063941955566,12.09083047560535,11.483489210516819,11.552407309990087,90417700,0.06428318418917534,PETR4.SA,1.0
2022-06-28,12.202824592590332,12.418193894133804,12.069295855672612,12.310509243362068,51388000,0.012509114734277071,PETR4.SA,1.0
2022-06-29,12.095135688781738,12.413882044396411,11.991758558979821,12.267430905118264,52048800,-0.008824916148838513,PETR4.SA,1.0
2022-06-30,12.030527114868164,12.086522761535697,11.802235401229838,11.909920032302317,49910100,-0.0053416989751921,PETR4.SA,1.0
2022-07-01,12.288969993591309,12.426806185424768,11.853923999636633,12.095137335345187,64948200,0.021482257282288364,PETR4.SA,1.0
2022-07-04,12.551718711853027,12.612022656122363,12.2932762879529,12.2932762879529,37324200,0.021380857663314545,PETR4.SA,1.0
2022-07-05,12.073600769042969,12.469880232352232,11.866845659200541,12.448342813843379,78428500,-0.038091830591977405,PETR4.SA,1.0
2022-07-06,11.918535232543945,12.267433213988008,11.591173849107228,12.129597014976456,57617200,-0.012843354643348404,PETR4.SA,1.0
2022-07-07,12.26743221282959,12.456957381787399,12.060677931185701,12.060677931185701,52147300,0.029273478114405282,PETR4.SA,1.0
2022-07-08,12.405269622802734,12.478495207462112,12.220052740728837,12.288970841400186,43097800,0.011236044151847091,PETR4.SA,1.0
2022-07-11,12.344965934753418,12.400962402510169,12.168363207031714,12.198514772022952,39577600,-0.00486113481471373,PETR4.SA,1.0
2022-07-12,12.159749031066895,12.245897069423291,12.04775690983101,12.189900598021058,46462000,-0.015003435786331565,PETR4.SA,1.0
2022-07-13,12.168362617492676,12.267432275255116,12.052063025387989,12.11667363603443,35497200,0.0007083687668039129,PETR4.SA,1.0
2022-07-14,11.841002464294434,12.060679220106023,11.73331782840063,12.060679220106023,47151000,-0.02690256392652568,PETR4.SA,1.0
2022-07-15,12.043448448181152,12.082214980137968,11.841001642515526,11.931457157604262,38610800,0.017097030804374747,PETR4.SA,1.0
2022-07-18,12.319121360778809,12.35788789180785,12.189899316825839,12.22866584785488,46782300,0.02288986528931325,PETR4.SA,1.0
2022-07-19,12.568946838378906,12.59479091274059,12.232970585403764,12.29758118209213,48562300,0.020279488307947346,PETR4.SA,1.0
2022-07-20,12.564641952514648,12.586178548672398,12.418190798250205,12.521567938630668,43520800,-0.0003425017163023458,PETR4.SA,1.0
2022-07-21,12.500029563903809,12.547410233022987,12.146824179134331,12.482799632174387,58843200,-0.005142397917507591,PETR4.SA,1.0
2022-07-22,12.633562088012695,12.69386522425573,12.426807773834911,12.508648331285181,55676200,0.01068257666321748,PETR4.SA,1.0
2022-07-25,13.223671913146973,13.24520850892434,12.754166895397836,12.754166895397836,79106600,0.04670969446488904,PETR4.SA,1.0
2022-07-26,13.35720443725586,13.619955253095196,13.176294187616575,13.43904500345591,78360100,0.010097991313299914,PETR4.SA,1.0
2022-07-27,13.50365161895752,13.55533977688739,13.189212723250696,13.48211420184636,56097200,0.010963909580749664,PETR4.SA,1.0
2022-07-28,13.908546447753906,14.054997602304296,13.538111077824277,13.607029171545815,114996500,0.02998409913270894,PETR4.SA,1.0
2022-07-29,14.709717750549316,14.929393622520283,14.141143165656212,14.472810304229958,181480600,0.05760280600168621,PETR4.SA,1.0
2022-08-01,14.507272720336914,14.70972033986926,14.309133405934219,14.645108908020266,81365100,-0.013762672652562813,PETR4.SA,1.0
2022-08-02,14.571885108947754,14.860479132377995,14.421125639113848,14.546040205883838,69147100,0.004453792925548594,PETR4.SA,1.0
2022-08-03,14.580495834350586,14.714025345005313,14.455582932984894,14.649413920431817,65544500,0.0005909136215700439,PETR4.SA,1.0
2022-08-04,14.735564231872559,14.817405601486193,14.4642001499642,14.679569407874538,54387500,0.010635330875143678,PETR4.SA,1.0
2022-08-05,15.019847869873047,15.101689219234743,14.696794062948369,14.709717332558267,77882600,0.019292348330007814,PETR4.SA,1.0
2022-08-08,15.777949333190918,15.83825245118546,15.131841680729304,15.136148342098886,109484600,0.0504733117063374,PETR4.SA,1.0
2022-08-09,16.036394119262695,16.135463776848038,15.872713029577927,15.941631123686728,79051200,0.016380125237701604,PETR4.SA,1.0
2022-08-10,15.984705924987793,16.217305108279668,15.769336675970198,16.217305108279668,78369600,-0.0032231805910042377,PETR4.SA,1.0
2022-08-11,15.614272117614746,16.30776143180937,15.614272117614746,16.131158695652868,128896500,-0.023174264769799335,PETR4.SA,1.0
2022-08-12,16.773784637451172,16.83726203548743,15.382581837291585,15.393161571787465,171288300,0.07425978688615009,PETR4.SA,1.0
2022-08-15,16.77907371520996,17.048850878527222,16.160173401467762,16.33473497668023,96759000,0.0003153180914807763,PETR4.SA,1.0
2022-08-16,16.932477951049805,16.96421715703406,16.66270176275728,16.77907582454894,64218800,0.009142592639114877,PETR4.SA,1.0
2022-08-17,17.329208374023438,17.36094757896119,16.715598879312783,16.742047207821848,72924700,0.023430145553447135,PETR4.SA,-1.0
2022-08-18,17.67833137512207,17.805286175690075,17.387395728756427,17.50905965295013,84552500,0.0201465060355539,PETR4.SA,-1.0
2022-08-19,16.784364700317383,17.535509721195986,16.57277505095533,17.413843781052115,125178200,-0.050568498566710196,PETR4.SA,1.0
2022-08-22,17.144065856933594,17.23399258378023,16.12314476802228,16.78965285211369,92400300,0.021430728123383203,PETR4.SA,1.0
2022-08-23,17.68891143798828,17.720650643188332,17.25515238964497,17.260443266117377,73215800,0.03178041811093113,PETR4.SA,-1.0
2022-08-24,17.79470443725586,18.048611991925494,17.58840467520415,17.741807786737223,61067900,0.005980752384817656,PETR4.SA,-1.0
2022-08-25,17.604272842407227,18.17556634005043,17.281598035539616,18.038031823412847,99511600,-0.01070158796512155,PETR4.SA,-1.0
2022-08-26,17.79470443725586,17.810573028835876,17.22870180161937,17.60427326678417,63545400,0.010817350796216818,PETR4.SA,-1.0
2022-08-29,18.239044189453125,18.556430164070843,17.69420099049466,17.747097643991953,73339500,0.02497033618984834,PETR4.SA,-1.0
2022-08-30,17.15464973449707,18.101514934661743,17.070013862955324,17.98513985458746,99361100,-0.05945456591322451,PETR4.SA,-1.0
2022-08-31,17.57782745361328,17.688911646304447,16.831973274592634,16.964216937666354,114235400,0.024668397528701647,PETR4.SA,-1.0
2022-09-01,17.90578842163086,17.958687089458845,17.329206058511833,17.646592011846202,69184700,0.01865765088905591,PETR4.SA,-1.0
2022-09-02,17.67833137512207,18.286653013968674,17.5936955140361,18.21788574624942,81792300,-0.012702989734538206,PETR4.SA,-1.0
2022-09-05,17.636014938354492,18.043325661615118,17.535510481138814,17.905791122395605,76337600,-0.002393689532663057,PETR4.SA,-1.0
2022-09-06,16.980085372924805,17.23928383799484,16.667991259209657,17.070012112271687,111813500,-0.037192617931116834,PETR4.SA,-1.0
2022-09-08,16.821393966674805,17.339788896945944,16.60980430217017,17.09117217620949,63159800,-0.009345736653541104,PETR4.SA,-1.0
2022-09-09,16.816104888916016,17.28160113582574,16.768497088905,17.186387553681893,49871900,-0.0003144256515997812,PETR4.SA,-1.0
2022-09-12,16.65212059020996,17.313338857060156,16.641540855794997,17.006534630538233,71374500,-0.009751622018850603,PETR4.SA,-1.0
2022-09-13,16.21306800842285,16.630958342177294,16.144301768266928,16.3664710956812,88327800,-0.02636616636353417,PETR4.SA,1.0
2022-09-14,16.461688995361328,16.625670828891298,16.202490569249587,16.265967961324463,49039700,0.015334604580040878,PETR4.SA,1.0
2022-09-15,16.42995262145996,16.519878353822474,16.292419089085584,16.3558964920811,45553200,-0.0019278929343343743,PETR4.SA,1.0
2022-09-16,16.281835556030273,16.371761261845204,16.04908649234361,16.324153475887957,107303600,-0.009015063454061667,PETR4.SA,1.0
2022-09-19,16.54103660583496,16.599223127943375,15.80576119812136,16.13372590638096,65559900,0.015919645479326006,PETR4.SA,-1.0
2022-09-20,16.445819854736328,16.715597012951196,16.313576209078388,16.62038142664725,67798200,-0.005756395646028922,PETR4.SA,1.0
2022-09-21,16.488142013549805,16.646834025500517,16.340028729173724,16.583357624295914,58812200,0.0025734295515396077,PETR4.SA,-1.0
2022-09-22,16.895450592041016,16.969507729069345,16.4140837415827,16.65212172855777,69764300,0.02470312168323696,PETR4.SA,-1.0
2022-09-23,15.837499618530273,16.60451217406334,15.747573897240027,16.567484113933055,138630800,-0.06261750568576807,PETR4.SA,1.0
2022-09-26,15.49366569519043,15.911555082341804,15.48308596160712,15.721123913597978,42934600,-0.021710114072397424,PETR4.SA,1.0
2022-09-27,15.694672584533691,15.805756739079534,15.647064801460122,15.689382718754548,71087600,0.012973488217553175,PETR4.SA,1.0
2022-09-28,15.483086585998535,15.774022208699657,15.118093834166663,15.694676221502894,104670700,-0.013481389777042163,PETR4.SA,1.0
2022-09-29,15.504246711730957,15.551854510954477,15.128675194455488,15.33497498513136,87536500,0.0013666606858322439,PETR4.SA,1.0
2022-09-30,15.763440132141113,16.128432829732724,15.34026092401955,15.456634954018275,121637100,0.01671757585062439,PETR4.SA,1.0
2022-10-03,17.022403717041016,17.265731562010096,16.747336667906286,16.87958032511271,179694100,0.07986604284003462,PETR4.SA,1.0
2022-10-04,16.593935012817383,17.445583502891306,16.43524201438205,17.403266580702095,115917200,-0.025170869599027035,PETR4.SA,1.0
2022-10-05,17.218122482299805,17.360945863590665,16.504007593723422,16.615091773212562,92893700,0.037615397975241605,PETR4.SA,1.0
2022-10-06,17.805282592773438,17.874049846654817,17.159933020681333,17.4561594838123,82671900,0.03410128549597857,PETR4.SA,1.0
2022-10-07,17.78941535949707,18.15440708647166,17.572535866446458,17.762967034564625,73500100,-0.0008911531279378604,PETR4.SA,1.0
2022-10-10,17.588407516479492,17.926950977394828,17.456163850942055,17.799998188490676,52222600,-0.011299294493692713,PETR4.SA,1.0
2022-10-11,17.456161499023438,17.630724082595073,17.249861731440898,17.397973971166223,58332400,-0.007518930712297145,PETR4.SA,1.0
2022-10-13,17.953397750854492,18.24433540412302,17.144067233633365,17.19167502981567,91143900,0.02848485629895614,PETR4.SA,1.0
2022-10-14,17.67833137512207,18.059193758947984,17.614854983777118,17.96926903936581,62246100,-0.015321131941129607,PETR4.SA,1.0
2022-10-17,17.66246223449707,18.064484075607652,17.371526597145852,17.58311725224385,100936400,-0.0008976605477217792,PETR4.SA,1.0
2022-10-18,18.096220016479492,18.106799750294392,17.540797107403545,17.932239187043276,82313200,0.024558171800941553,PETR4.SA,1.0
2022-10-19,18.736282348632812,18.810340499449836,17.99571900136712,18.053906539498495,113700900,0.035369946407064035,PETR4.SA,1.0
2022-10-20,19.291704177856445,19.334021096275045,18.921421556773456,19.09598212430184,114347400,0.029644185484008823,PETR4.SA,-1.0
2022-10-21,19.952924728393555,20.307336780368516,19.24938746527453,19.281126671163495,139601400,0.034274864700448715,PETR4.SA,-1.0
2022-10-24,18.117380142211914,19.476844709700934,18.10680040801271,19.30757299826963,142110900,-0.0919937608730419,PETR4.SA,-1.0
2022-10-25,17.73651695251465,18.249622938834687,17.567245249004962,18.00629511727425,113161200,-0.021021979265638313,PETR4.SA,-1.0
2022-10-26,17.30276107788086,17.736520148519713,16.87429187504725,17.24457354096229,121334800,-0.024455527305336733,PETR4.SA,-1.0
2022-10-27,17.435001373291016,17.741807593007014,17.28159826343302,17.35565639837946,111008800,0.007642727933127702,PETR4.SA,-1.0
2022-10-28,17.228702545166016,17.519638171330303,16.853131063792514,17.29746980811036,129745400,-0.011832452645574976,PETR4.SA,-1.0
2022-10-31,15.768733024597168,16.715598071776494,15.424899725894697,16.19191332287168,262409400,-0.08474053787517977,PETR4.SA,-1.0
2022-11-01,15.795181274414062,16.22365040151459,15.6364882951235,16.17075274175107,115944200,0.0016772590274460875,PETR4.SA,-1.0
2022-11-03,15.842791557312012,16.075539682550115,15.57301435816234,15.763444550726325,139062100,0.0030142283314640306,PETR4.SA,-1.0
2022-11-04,14.969979286193848,16.34531331106998,14.90650290551862,16.292415654548037,195361000,-0.055092075658555895,PETR4.SA,-1.0
2022-11-07,14.361661911010742,14.969982572195974,14.31934397829192,14.790131105906204,117206600,-0.04063581943257133,PETR4.SA,-1.0
2022-11-08,14.467455863952637,14.562671455700599,14.1500708944391,14.31405274192781,94745400,0.007366414388350506,PETR4.SA,-1.0
2022-11-09,14.229415893554688,14.784839803754835,14.091882382712905,14.361659537563446,103303500,-0.016453478250523235,PETR4.SA,-1.0
2022-11-10,13.816815376281738,14.224125003741973,13.547038240833201,13.795655910471408,145470100,-0.028996307393042042,PETR4.SA,1.0
2022-11-11,14.27702522277832,14.472746280910272,13.594648470895766,13.647545127041498,146365800,0.03330795367553274,PETR4.SA,-1.0
2022-11-14,14.65259838104248,14.906505973885697,14.329923517883968,14.419849249799991,66639500,0.026306121366582058,PETR4.SA,-1.0
2022-11-16,14.361661911010742,14.86947811257571,14.245287848268758,14.7107851081758,85549900,-0.019855623041449832,PETR4.SA,-1.0
2022-11-17,14.366949081420898,14.44100519754053,14.044274274432945,14.28231323187306,101525800,0.0003681447483527833,PETR4.SA,-1.0
2022-11-18,14.123623847961426,14.599700840928184,13.869715243965272,14.493905505184863,127683500,-0.01693645826128365,PETR4.SA,-1.0
2022-11-21,14.165937423706055,14.583826752597304,13.779785273262231,14.345788833792554,164898100,0.0029959432649955264,PETR4.SA,-1.0
2022-11-22,13.203129768371582,13.25972291100978,12.62022223421964,13.016373153262615,164261300,-0.0679663919539315,PETR4.SA,1.0
2022-11-23,13.26538372039795,13.384228360883961,12.903188217292776,13.016374514405241,77317300,0.004715090521604903,PETR4.SA,1.0
2022-11-24,13.723784446716309,13.938837088872758,13.157855191181614,13.310656349237835,94233800,0.0345561603026594,PETR4.SA,1.0
2022-11-25,13.503071784973145,13.76905813471198,13.355930055514104,13.72944326128538,58635900,-0.016082492595253073,PETR4.SA,1.0
2022-11-28,13.786036491394043,13.893562268713268,13.32197469202878,13.384226173786134,56067400,0.020955580398809293,PETR4.SA,1.0
2022-11-29,14.363286018371582,14.646250685300627,13.853949833784206,13.921861828793975,96151500,0.04187204403077627,PETR4.SA,-1.0
2022-11-30,15.08767318725586,15.08767318725586,14.431195366731062,14.487788505622719,120774700,0.05043324821059314,PETR4.SA,-1.0
2022-12-01,14.48213005065918,15.16124560385006,14.465151784030864,15.042399896300669,71259400,-0.040134958457886394,PETR4.SA,-1.0
2022-12-02,14.663227081298828,14.968829400678137,14.323669308463284,14.538723032343038,66301000,0.012504861509057275,PETR4.SA,-1.0
2022-12-05,14.499105453491211,15.04239692519596,14.459489505849895,14.714158057851623,56065400,-0.011192735875783733,PETR4.SA,-1.0
2022-12-06,14.51042366027832,14.934870540320073,14.385919630725464,14.612291084196219,74991200,0.0007806141436390579,PETR4.SA,-1.0
2022-12-07,14.346307754516602,14.753776455778423,14.301033454376398,14.340648332071018,57008400,-0.011310207724050114,PETR4.SA,-1.0
2022-12-08,14.023727416992188,14.595316097720993,13.944496586777952,14.4594921257607,55567700,-0.02248525146986735,PETR4.SA,-1.0
2022-12-09,13.984109878540039,14.176525891031806,13.859605844337715,14.142570441599222,61586200,-0.0028250362599137047,PETR4.SA,-1.0
2022-12-12,13.53136920928955,13.955816175903212,13.08994397541854,13.910541875974733,111293100,-0.03237536555295972,PETR4.SA,-1.0
2022-12-13,13.197468757629395,13.695487057591421,13.19180933610434,13.638893921765153,102533100,-0.02467602845622796,PETR4.SA,-1.0
2022-12-14,12.15049934387207,12.789999934268861,11.754349557771373,12.733406799276112,319501600,-0.0793310772682887,PETR4.SA,1.0
2022-12-15,12.473078727722168,12.65983530020616,11.788303908998085,11.884511905697364,132385600,0.026548652423308505,PETR4.SA,1.0
2022-12-16,12.478738784790039,12.512695314945779,12.173137569358609,12.42780506898075,90767300,0.0004537818762653245,PETR4.SA,1.0
2022-12-19,12.665493965148926,12.739065359492981,12.246706521593559,12.50703449319101,63074100,0.01496586983506032,PETR4.SA,1.0
2022-12-20,13.055987358093262,13.152195371804964,12.569287867619426,12.671155303246449,71875500,0.030831280171056852,PETR4.SA,1.0
2022-12-21,13.338950157165527,13.423839315463162,12.931481549682347,13.299335288588244,74252800,0.02167302949300587,PETR4.SA,1.0
2022-12-22,13.576642036437988,13.899221523363371,13.412523121784874,13.52570831961563,81894800,0.01781938431974539,PETR4.SA,-1.0
2022-12-23,14.216143608093262,14.27273567103919,13.655872685993767,13.655872685993767,68387900,0.04710307378944889,PETR4.SA,-1.0
2022-12-26,14.114274978637695,14.318008762812944,14.046362997629734,14.21614241043748,28765200,-0.007165700647366324,PETR4.SA,-1.0
2022-12-27,14.210481643676758,14.323666828744338,13.893560534869412,14.289711381166486,50803200,0.006816266877659238,PETR4.SA,-1.0
2022-12-28,14.035043716430664,14.329327159245082,14.006747688224168,14.204823123942498,57293500,-0.012345670727083258,PETR4.SA,-1.0
2022-12-29,13.865265846252441,14.176526484500625,13.825650973685326,14.142571033646572,57901800,-0.01209671117585942,PETR4.SA,-1.0
2023-01-02,12.97109603881836,13.47477263215135,12.90318406651234,13.321972583455123,78424700,-0.06448991439105811,PETR4.SA,1.0
2023-01-03,12.642861366271973,13.07296778822627,12.524015645222656,12.982419181438475,96750300,-0.02530508382360941,PETR4.SA,1.0
2023-01-04,13.044669151306152,13.350271473111475,12.354235835284944,12.427806164928219,129504000,0.03178139610912001,PETR4.SA,1.0
2023-01-05,13.514388084411621,13.604937744546287,13.101260049992215,13.208786894369945,73886000,0.03600849723800281,PETR4.SA,1.0
2023-01-06,13.435160636901855,13.76339956779948,13.327633774190307,13.548346921800793,51851500,-0.005862451708128158,PETR4.SA,1.0
2023-01-09,13.5087308883667,13.582301211649767,13.157854298785713,13.299336603073732,46385200,0.00547594877747648,PETR4.SA,1.0
2023-01-10,13.633234024047852,13.64455286670261,13.22576540329481,13.554004284313045,52741100,0.009216493889027788,PETR4.SA,1.0
2023-01-11,13.740762710571289,13.933178743773375,13.610598161458544,13.667191302886991,53536500,0.007887247173617551,PETR4.SA,1.0
2023-01-12,13.938837051391602,13.950155895533713,13.644554659667417,13.746422098097645,58130000,0.014415090704384736,PETR4.SA,1.0
2023-01-13,13.904882431030273,13.955816153295357,13.723785231609726,13.831312098549846,40002700,-0.0024359722576667853,PETR4.SA,1.0
2023-01-16,13.604941368103027,13.865268337125285,13.48609564962692,13.814334611981884,31973700,-0.02157091686427315,PETR4.SA,1.0
2023-01-17,14.442512512207031,14.499105644444324,13.644552477991425,13.644552477991425,91797500,0.06156374521890262,PETR4.SA,0.0
2023-01-18,14.187848091125488,14.731140807722618,14.148233210843053,14.623613933081343,69692900,-0.017632972162308747,PETR4.SA,1.0
2023-01-19,14.65190601348877,14.685862541216295,14.029384783756822,14.148229392530443,75553300,0.03270812595276862,PETR4.SA,0.0
2023-01-20,14.923556327819824,15.05371980960591,14.385923053417134,14.65190943960059,114219500,0.018540271421408905,PETR4.SA,-1.0
2023-01-23,15.16124439239502,15.61964676048692,14.7877301123885,14.866960937565315,87678100,0.01592703906186954,PETR4.SA,-1.0
2023-01-24,15.053717613220215,15.580031965609383,14.923554150425398,15.546075434896037,65794000,-0.00709221330333154,PETR4.SA,-1.0
2023-01-25,15.246131896972656,15.325361634083364,14.71981760462475,15.025418790211921,51832900,0.012781844903445139,PETR4.SA,-1.0
2023-01-26,14.855645179748535,15.393278484690208,14.60097654489731,15.331025911854452,73344800,-0.025612182805637262,PETR4.SA,-1.0
2023-01-27,14.499105453491211,14.844321504686196,14.397238032690518,14.816025478652316,47681900,-0.02400028554420275,PETR4.SA,0.0
2023-01-30,14.572677612304688,14.753774792448736,14.436854727196653,14.629270750955788,40683200,0.005074255032455177,PETR4.SA,0.0
2023-01-31,14.753772735595703,14.833002471007063,14.442512135544629,14.50476360790033,54048900,0.012427031470050753,PETR4.SA,0.0
2023-02-01,14.550040245056152,14.985806019001254,14.40289959252148,14.753775116910873,56349200,-0.013808840232980901,PETR4.SA,0.0
2023-02-02,13.876585960388184,14.60663415743622,13.819992817499521,14.436855808194654,83823000,-0.04628538982198327,PETR4.SA,1.0
2023-02-03,14.02938461303711,14.363281829567423,13.819990345629053,13.887902320833463,71170700,0.011011256881563014,PETR4.SA,1.0
2023-02-06,14.589654922485352,14.640588635994076,14.00674746756564,14.074659445385363,82794500,0.039935487186486984,PETR4.SA,0.0
2023-02-07,14.499105453491211,14.793387794285849,14.40855579544955,14.663224347451278,55311800,-0.00620641608559136,PETR4.SA,0.0
2023-02-08,14.742456436157227,14.799049576679058,14.465151234967069,14.600974124564837,48713100,0.016783861835243163,PETR4.SA,0.0
2023-02-09,14.674544334411621,14.895256377081635,14.595314591796596,14.742455233960415,38198300,-0.00460656621504707,PETR4.SA,-1.0
2023-02-10,15.121628761291504,15.161244714433556,14.674545227217596,14.702841257180422,54683100,0.030466665041958052,PETR4.SA,-1.0
2023-02-13,15.166901588439941,15.217835300981154,14.923552947817127,15.104650112663988,36726900,0.002993912088645301,PETR4.SA,-1.0
2023-02-14,15.110309600830078,15.31404337247184,15.053716466709046,15.1951987622995,35839000,-0.0037312820472835684,PETR4.SA,-1.0
2023-02-15,15.132948875427246,15.166904330118001,14.883939689038005,15.042400276635602,72554100,0.0014982667592677856,PETR4.SA,-1.0
2023-02-16,15.19520092010498,15.251794062262563,14.99146604010745,15.05371860442323,44115700,0.004113675740940348,PETR4.SA,-1.0
2023-02-17,14.96316909790039,15.093332561342413,14.923554224628846,15.093332561342413,61085700,-0.015270072664691492,PETR4.SA,-1.0
2023-02-22,14.578335762023926,14.776411190306778,14.538720892252206,14.714158635280219,38608500,-0.025718705266150055,PETR4.SA,-1.0
2023-02-23,15.025421142578125,15.161245112352692,14.58399701879612,14.58399701879612,73913400,0.03066779280244325,PETR4.SA,-1.0
2023-02-24,14.65756893157959,15.110313027804619,14.64059174308988,15.093334759890412,64409100,-0.024481990055915115,PETR4.SA,-1.0
2023-02-27,14.799051284790039,15.132949665040679,14.60663523246172,14.623613500405218,76250600,0.009652511536590858,PETR4.SA,-1.0
2023-02-28,14.284053802490234,15.234815092701917,14.284053802490234,14.83300477340858,130248100,-0.03479935790405031,PETR4.SA,-1.0
2023-03-01,14.318008422851562,14.391579823815364,13.689827740708715,14.323667844419878,109257700,0.0023770997246879144,PETR4.SA,-1.0
2023-03-02,13.944496154785156,14.527403661689899,13.791696080056184,14.385921351420002,124516200,-0.026086887019166727,PETR4.SA,-1.0
2023-03-03,14.544379234313965,14.56701583846483,13.83696781395675,14.052020410798711,87591800,0.04301934418210984,PETR4.SA,-1.0
2023-03-06,14.691523551940918,14.782073229572662,14.35762627069175,14.544382889422373,50227400,0.010116919756864018,PETR4.SA,-1.0
2023-03-07,14.20482349395752,14.589655532366182,14.108615484355353,14.555699002324726,59052500,-0.03312795002252167,PETR4.SA,-1.0
2023-03-08,14.385921478271484,14.66888610130639,14.221801478787542,14.233120322770787,66220400,0.012749048546150554,PETR4.SA,-1.0
2023-03-09,14.323668479919434,14.844323413637126,14.306691293885553,14.34630616719706,68042300,-0.004327355633497509,PETR4.SA,-1.0
2023-03-10,14.136911392211914,14.476469133747866,14.114274785135812,14.23877882261513,48118600,-0.01303835591903968,PETR4.SA,-1.0
2023-03-13,13.689826011657715,14.068998573450255,13.6388923034002,13.893559765263626,58605500,-0.03162539313930346,PETR4.SA,1.0
2023-03-14,13.446479797363281,13.99543080935118,13.355931199085367,13.740763281478715,58916700,-0.017775698105089832,PETR4.SA,1.0
2023-03-15,13.208789825439453,13.288019581286347,12.90318748815949,13.20313040296118,93708800,-0.01767674331912783,PETR4.SA,1.0
2023-03-16,13.163514137268066,13.310655867917289,12.999394140973966,13.242743884762127,66821000,-0.003427693889427208,PETR4.SA,1.0
2023-03-17,13.3049955368042,13.3049955368042,12.937141775031563,13.072964652635724,93502700,0.010747996170382468,PETR4.SA,1.0
2023-03-20,12.976757049560547,13.38422569504254,12.954119362877169,13.304995950499341,57575200,-0.02467031922977203,PETR4.SA,1.0
2023-03-21,13.242743492126465,13.355929767554409,13.06164631498121,13.129558296122841,43391200,0.020497142818507674,PETR4.SA,1.0
2023-03-22,13.203129768371582,13.367249774079916,13.039010842087661,13.237085222184735,46435600,-0.002991353247794537,PETR4.SA,1.0
2023-03-23,12.903185844421387,13.395544743064859,12.784341225790675,13.225766408042603,74711200,-0.022717638106437343,PETR4.SA,1.0
2023-03-24,12.897527694702148,13.089942640202908,12.72208885587821,12.852252319967445,52556800,-0.00043850796132527403,PETR4.SA,1.0
2023-03-27,13.118240356445312,13.220107795463514,12.92016490051263,13.078625481143654,39148700,0.01711278835507568,PETR4.SA,1.0
2023-03-28,13.350271224975586,13.378567255983747,13.10126205029108,13.140876925472261,29091100,0.017687651866835186,PETR4.SA,1.0
2023-03-29,13.525708198547363,13.604939023686473,13.282358460224163,13.418181344059928,49148600,0.01314107935452058,PETR4.SA,1.0
2023-03-30,13.565323829650879,13.740762675574677,13.401204907293211,13.723784409362066,56116900,0.0029289136303982666,PETR4.SA,1.0
2023-03-31,13.271040916442871,13.706805604532322,13.135216950928058,13.582301562138813,59547800,-0.021693762486138968,PETR4.SA,1.0
2023-04-03,13.85960578918457,13.865265210638192,13.469114344278822,13.633234328161047,73931200,0.04434956356833064,PETR4.SA,1.0
2023-04-04,13.735102653503418,14.01240784631598,13.638894641350133,13.938836442032935,57505700,-0.008983165724548159,PETR4.SA,1.0
2023-04-05,13.780376434326172,13.882243864500976,13.16917293270164,13.68982784737619,93626400,0.003296209862050592,PETR4.SA,1.0
2023-04-06,13.582303047180176,13.819993393682807,13.554007014268336,13.774719093369185,29565400,-0.014373583195637973,PETR4.SA,1.0
2023-04-10,13.870927810668945,13.95581699307742,13.599281995192019,13.599281995192019,41455900,0.021250060647755253,PETR4.SA,1.0
2023-04-11,14.521743774414062,14.54438146145554,13.938836286187982,13.978452238510567,80565000,0.046919425479565735,PETR4.SA,1.0
2023-04-12,14.629271507263184,14.799049852569384,14.250098861949905,14.702841835716033,71563400,0.007404601989918991,PETR4.SA,1.0
2023-04-13,14.731139183044434,14.765094636766687,14.600974631497714,14.629271742453266,38852800,0.0069632774079471105,PETR4.SA,1.0
2023-04-14,14.883940696716309,14.940533844648687,14.55570173401793,14.60097603647893,38421100,0.010372688206472747,PETR4.SA,1.0
2023-04-17,15.11596965789795,15.16690337644366,14.833005034610384,14.849983300600414,49427100,0.015589215645882781,PETR4.SA,1.0
2023-04-18,15.500799179077148,15.630963704829586,15.008441419688003,15.115967181737837,99478800,0.025458474043584145,PETR4.SA,-1.0
2023-04-19,15.00278377532959,15.455526720272003,14.96882832431499,15.370637553023341,73217800,-0.032128369511410515,PETR4.SA,1.0
2023-04-20,15.104650497436523,15.268769402475629,14.878279035611408,15.008442491232815,54738400,0.006789854711793053,PETR4.SA,1.0
2023-04-24,15.39327621459961,15.42723166776408,14.99712530312467,15.053718444681719,43820900,0.019108400900244016,PETR4.SA,-1.0
2023-04-25,15.331024169921875,15.563055086678398,15.121629862899816,15.370639046525511,53854100,-0.004044106258464408,PETR4.SA,1.0
2023-04-26,15.138607025146484,15.404593376808627,15.138607025146484,15.348001316889617,40249400,-0.012550834350186224,PETR4.SA,1.0
2023-04-27,14.770753860473633,15.381957416383088,14.663226999136262,15.195200804283653,115632700,-0.024299010078127847,PETR4.SA,1.0
2023-04-28,15.108734130859375,15.331857916575498,14.758108780857654,15.044983956683295,81138500,0.022881721107693265,PETR4.SA,1.0
2023-05-02,14.496729850769043,15.134228971115613,14.43297969554777,15.108729638586949,67911100,-0.040506654944726495,PETR4.SA,1.0
2023-05-03,14.445732116699219,14.656106809042091,14.292732450989245,14.40748250425504,51133700,-0.0035178784867208046,PETR4.SA,1.0
2023-05-04,14.675232887268066,14.90473178825096,14.413858294528307,14.592357304633522,57854400,0.01588709860565296,PETR4.SA,1.0
2023-05-05,15.299983024597168,15.408357952992068,14.777233799139443,14.853733033339722,83365200,0.04257173580332907,PETR4.SA,1.0
2023-05-08,15.62510871887207,15.701607957523178,15.433858190377345,15.586859099546514,59352300,0.02125006895446946,PETR4.SA,1.0
2023-05-09,15.676103591918945,15.809977824614103,15.452978654827266,15.561353554789905,33978200,0.0032636491665036793,PETR4.SA,1.0
2023-05-10,15.637859344482422,15.822733521938396,15.510358989321851,15.676108964657193,41500700,-0.0024396526351253556,PETR4.SA,1.0
2023-05-11,16.21160888671875,16.243483368281183,15.255359848643483,15.382858990826733,136878100,0.0366897750898858,PETR4.SA,1.0
2023-05-12,16.73435401916504,17.0467284816108,16.24347934277889,16.307229506038546,117237500,0.03224511127174701,PETR4.SA,1.0
2023-05-15,16.358226776123047,16.670601188588513,16.192476864541426,16.61322617242822,81996700,-0.022476352694058677,PETR4.SA,1.0
2023-05-16,16.7662296295166,17.231605001709553,16.62598023358355,16.64510564863805,117782700,0.024941753099369413,PETR4.SA,1.0
2023-05-17,16.358226776123047,17.059476027912048,16.262602154500236,16.95747626938998,107129200,-0.024334800513245658,PETR4.SA,1.0
2023-05-18,16.453853607177734,16.479354158198994,16.16060456603241,16.313604224360386,63010500,0.005845794435021867,PETR4.SA,1.0
2023-05-19,16.42835807800293,16.689732706856823,16.34548248391746,16.625982530468036,69245500,-0.0015495172002553126,PETR4.SA,1.0
2023-05-22,16.332731246948242,16.581355564237388,16.256230802279795,16.49847998118546,38010200,-0.005820839222072327,PETR4.SA,1.0
2023-05-23,16.73435401916504,16.849104069845772,16.26897989445604,16.351854255540335,58285300,0.024590055768648034,PETR4.SA,1.0
2023-05-24,16.989355087280273,17.148729902763076,16.606855286934874,16.734355625694455,54796400,0.015238178170677852,PETR4.SA,1.0
2023-05-25,16.861854553222656,17.110478855468866,16.696104613080767,17.084978303477847,49182700,-0.007504730662382553,PETR4.SA,1.0
2023-05-26,17.084978103637695,17.15510340485951,16.9128542434446,17.09135324156088,39866600,0.013232444255213638,PETR4.SA,1.0
2023-05-29,17.014856338500977,17.09773071093671,16.931980750131846,17.053105955322593,17977100,-0.004104293532678827,PETR4.SA,1.0
2023-05-30,16.823604583740234,17.084979175319834,16.740730217406856,17.03397928466853,45736700,-0.011240280314796403,PETR4.SA,1.0
2023-05-31,16.65148162841797,16.80448130878536,16.492106809376935,16.747106276655916,49207600,-0.010231039041931567,PETR4.SA,1.0
2023-06-01,17.186981201171875,17.21248175779445,16.676982228055056,16.766231744367133,63148200,0.032159274754266054,PETR4.SA,1.0
2023-06-02,17.327228546142578,17.594978260257065,17.282603796445702,17.486603347021838,39919300,0.008160091835158312,PETR4.SA,1.0
2023-06-05,17.512104034423828,17.5694790644431,17.35910435968354,17.556730003498075,39321700,0.010669651398025115,PETR4.SA,1.0
2023-06-06,17.881853103637695,18.009353437355124,17.346353647517784,17.499354534352015,75426600,0.02111391460940637,PETR4.SA,1.0
2023-06-07,18.404600143432617,18.525724100853083,18.124100189957648,18.264349558728593,82330400,0.029233381840530814,PETR4.SA,1.0
2023-06-09,19.303476333618164,19.373600419219066,18.500227190717684,18.551227078397083,80442400,0.04883975653805739,PETR4.SA,1.0
2023-06-12,19.64134979248047,19.75609984174999,19.15047633806439,19.265225171400697,119350400,0.017503244131932716,PETR4.SA,1.0
2023-06-13,19.60302734375,19.86114008739415,19.419630730983894,19.86114008739415,79174900,-0.0019511107502978575,PETR4.SA,1.0
2023-06-14,20.445289611816406,20.445289611816406,19.616609280655993,19.657364943064447,98326000,0.04296592833835655,PETR4.SA,0.0
2023-06-15,19.963024139404297,20.954723208766925,19.888308017970008,20.5132139081613,120579500,-0.023588096895109878,PETR4.SA,1.0
2023-06-16,20.132835388183594,20.32302458686425,19.72528914117321,19.8543448481328,94572000,0.00850628880641957,PETR4.SA,1.0
2023-06-19,20.66264533996582,20.689814482565236,20.07170126562437,20.126040846381002,34573900,0.02631571468036653,PETR4.SA,0.0
2023-06-20,20.76453399658203,20.886798389566323,20.309439475783797,20.581137407105594,55605300,0.0049310557743125205,PETR4.SA,0.0
2023-06-21,21.63397216796875,21.73585874673243,20.95472658213336,21.009066177177864,89294300,0.04187130669678574,PETR4.SA,-1.0
2023-06-22,21.362272262573242,21.525291032977314,21.110950848476538,21.36906357772681,43455800,-0.012558946793774006,PETR4.SA,-1.0
2023-06-23,20.48604393005371,21.246799450952732,20.302647336324757,21.192459863428372,76023400,-0.04101756225879982,PETR4.SA,0.0
2023-06-26,20.94793128967285,21.090572222573698,20.45887499686684,20.45887499686684,53635000,0.02254643996645611,PETR4.SA,-1.0
2023-06-27,20.784914016723633,21.192461604415875,20.608310018871727,21.009064995620655,48399600,-0.007782022515492204,PETR4.SA,0.0
2023-06-28,20.98189353942871,21.178875360605783,20.750949960731873,20.771327792578536,36794600,0.00947704294309748,PETR4.SA,-1.0
2023-06-29,21.07698631286621,21.13811850565624,20.893589734496114,21.056608483416916,32071800,0.004532134969553736,PETR4.SA,-1.0
2023-06-30,20.05811882019043,21.110948760767606,19.91547660046931,21.056609176006678,104262900,-0.048340283451900556,PETR4.SA,0.0
2023-07-03,20.431703567504883,20.49962837322327,20.18717478514185,20.18717478514185,31266900,0.018625113883481648,PETR4.SA,0.0
2023-07-04,20.4792537689209,20.642272550990505,20.350196747281505,20.350196747281505,18308000,0.0023272754158218945,PETR4.SA,0.0
2023-07-05,20.45208168029785,20.75094875669297,20.14642069812338,20.486043435847048,53585500,-0.0013268104848762619,PETR4.SA,0.0
2023-07-06,20.139631271362305,20.377367484459292,19.80000847995465,20.27548090614862,47685700,-0.015277193481802898,PETR4.SA,0.0
2023-07-07,20.037742614746094,20.513214991624285,19.942648657593654,20.214346603427764,55533500,-0.005059112316574188,PETR4.SA,0.0
2023-07-10,20.07170295715332,20.15321298293637,19.70491108002437,19.772835885583927,25590200,0.0016948187757555022,PETR4.SA,0.0
2023-07-11,19.800003051757812,20.058117027977897,19.698116501379474,20.058117027977897,40877000,-0.013536465041132817,PETR4.SA,1.0
2023-07-12,19.81359100341797,20.221138556700197,19.793213172308572,19.833968834527365,40181800,0.0006862600790835671,PETR4.SA,1.0
2023-07-13,20.12604331970215,20.187175517510717,19.725289672096366,19.745666207660584,35886500,0.015769595538248415,PETR4.SA,0.0
2023-07-14,19.73208236694336,20.092082968598586,19.603026647484167,20.03774337736365,34451100,-0.019574684725692015,PETR4.SA,1.0
2023-07-17,19.69132423400879,19.75924903396021,18.98490968296429,19.297361948959907,52160800,-0.0020655768700241772,PETR4.SA,1.0
2023-07-18,19.5826473236084,19.83396872365422,19.501137295184414,19.698119108133568,35640400,-0.005519024983230647,PETR4.SA,1.0
2023-07-19,19.76604461669922,19.7864211528592,19.40604402969623,19.569062796766072,46517700,0.009365296226814035,PETR4.SA,1.0
2023-07-20,19.786422729492188,19.935857582882065,19.616611338318677,19.745668358366814,33177100,0.0010309656376952248,PETR4.SA,1.0
2023-07-21,20.16000747680664,20.28227187912669,19.78642165910004,19.80000688059294,52059200,0.018880863530607472,PETR4.SA,1.0
2023-07-24,20.581138610839844,20.65585603215758,20.214346705992252,20.241515852934512,45268100,0.020889433424947867,PETR4.SA,0.0
2023-07-25,21.056610107421875,21.090571863565504,20.513214235776104,20.71698736375378,56261000,0.023102293103045568,PETR4.SA,0.0
2023-07-26,21.056610107421875,21.206043648234974,20.805288707061987,21.022648351278246,45880200,0.0,PETR4.SA,1.0
2023-07-27,19.963024139404297,20.98189235413632,19.956231529172463,20.954723208766925,86471900,-0.0519355187011854,PETR4.SA,1.0
2023-07-28,20.214344024658203,20.34340101829969,19.9154756745887,19.990193085995532,43608600,0.012589269215871779,PETR4.SA,1.0
2023-07-31,21.13132667541504,21.158495820125236,20.581136920007193,20.581136920007193,91290800,0.045362968476160725,PETR4.SA,1.0
2023-08-01,20.784914016723633,21.117744179597512,20.3434046698729,21.117744179597512,75752400,-0.01639332276730332,PETR4.SA,1.0
2023-08-02,20.737369537353516,20.77133130060902,20.24151924313885,20.723784313828023,62068400,-0.002287451337631863,PETR4.SA,1.0
2023-08-03,21.00227165222168,21.144912590382415,20.798498513261194,21.0090642629281,57304400,0.012774142563790614,PETR4.SA,1.0
2023-08-04,20.377363204956055,21.15170259216587,20.20075923504616,20.85283553129484,120685800,-0.029754326465895486,PETR4.SA,1.0
2023-08-07,20.506420135498047,20.716985858516935,20.282269192785588,20.282269192785588,44984900,0.00633334790394291,PETR4.SA,1.0
2023-08-08,20.526798248291016,20.642270033452103,20.187175503176988,20.316232509076546,34771300,0.0009937430647728451,PETR4.SA,1.0
2023-08-09,20.689815521240234,20.86641949145465,20.486042407062445,20.520004160906122,48561500,0.007941680479214064,PETR4.SA,1.0
2023-08-10,20.80529022216797,20.961517680256307,20.45887613849056,20.581139246845975,54020200,0.0055812339558651836,PETR4.SA,1.0
2023-08-11,20.757741928100586,21.083780749753803,20.486043989687875,20.791704980125903,39403200,-0.002285394414576314,PETR4.SA,1.0
2023-08-14,20.812082290649414,20.88000710167103,20.560762174094855,20.703403111238035,27992700,0.0026178359253645755,PETR4.SA,1.0
2023-08-15,20.961515426635742,21.837742696771645,20.954722816531056,21.769816595724784,87366200,0.007180114603595689,PETR4.SA,1.0
2023-08-16,21.423404693603516,21.722271794776482,20.975101450727994,21.056611484584824,74461000,0.022035108510372936,PETR4.SA,1.0
2023-08-17,21.355478286743164,21.864911101967355,21.26717564869515,21.566044023110223,57570600,-0.0031706634791169863,PETR4.SA,1.0
2023-08-18,21.409818649291992,21.51849782655272,21.17887507372344,21.33510122909099,45579700,0.0025445631242340117,PETR4.SA,1.0
2023-08-21,21.2603816986084,21.756230557587838,21.036230755812362,21.532080910349656,42236900,-0.006979832624062654,PETR4.SA,1.0
2023-08-22,21.584257125854492,21.584257125854492,21.323355685424765,21.506691578305105,31372200,0.015233754117749188,PETR4.SA,1.0
2023-08-23,22.73362922668457,22.73362922668457,21.92272020254162,22.00028574101092,95507400,0.053250482243992314,PETR4.SA,1.0
2023-08-24,22.69837188720703,23.072096537498926,22.451574873709678,22.754784170226827,49332300,-0.0015508891750620757,PETR4.SA,1.0
2023-08-25,22.543243408203125,22.895813472138585,22.423369989947947,22.832350995124497,34079000,-0.006834343880467331,PETR4.SA,1.0
2023-08-28,22.797096252441406,22.80414644376358,22.465680772692124,22.634912263284832,24956100,0.011260706351860161,PETR4.SA,1.0
2023-08-29,22.846452713012695,22.916965376678966,22.557345143221017,22.846452713012695,40607500,0.002165032775435227,PETR4.SA,1.0
2023-08-30,23.0015811920166,23.057993475056737,22.775937439627473,22.853502983864807,34637900,0.006790046619165047,PETR4.SA,0.0
2023-08-31,22.522090911865234,23.12145802352725,22.47978169578817,23.065045735424498,48971500,-0.0208459703769317,PETR4.SA,1.0
2023-09-01,23.00863265991211,23.050939179709438,22.53618923305276,22.712473571903086,50089200,0.021602867600119202,PETR4.SA,1.0
2023-09-04,22.768888473510742,23.07209778644126,22.712476187437225,23.043891643404503,21667400,-0.010419749402104772,PETR4.SA,1.0
2023-09-05,23.53043556213379,23.61505399144484,22.719529122046808,22.754785455983484,75082900,0.03344682765296292,PETR4.SA,0.0
2023-09-06,23.636207580566406,23.83364520524977,23.424666884136247,23.51633281566158,57856500,0.004495115194672827,PETR4.SA,0.0
2023-09-08,23.55158805847168,23.74197277177007,23.45286657209506,23.607997646515713,39074100,-0.0035800803409892223,PETR4.SA,0.0
2023-09-11,23.53043556213379,23.756079327191543,23.502232108915962,23.600950919893,30276200,-0.0008981346092405973,PETR4.SA,0.0
2023-09-12,23.64325523376465,23.819539576849408,23.61505178318415,23.657358303997704,31963000,0.004794627423404529,PETR4.SA,0.0
2023-09-13,23.290687561035156,23.763131019800106,23.290687561035156,23.72787468762618,47685700,-0.014911976766464607,PETR4.SA,1.0
2023-09-14,23.883007049560547,23.974675680329934,23.340050836366736,23.340050836366736,46502100,0.025431601663676418,PETR4.SA,1.0
2023-09-15,23.89710807800293,23.96762343790199,23.69967045005744,23.88300500602312,54801500,0.0005904209806211203,PETR4.SA,1.0
2023-09-18,24.066343307495117,24.4753216533049,23.868902981003377,23.974674680548453,52363400,0.007081828853088945,PETR4.SA,1.0
2023-09-19,24.12274932861328,24.41185554926738,24.02403052495856,24.12274932861328,43247200,0.0023437719805399215,PETR4.SA,1.0
2023-09-20,24.179161071777344,24.4048048150696,23.981720778982424,24.080442270322685,39102300,0.002338528763682346,PETR4.SA,1.0
2023-09-21,23.805435180664062,24.17915979630967,23.713769264083375,23.97466932414883,60109400,-0.015456528454558582,PETR4.SA,1.0
2023-09-22,23.995824813842773,24.10864669002451,23.84069641527145,23.98877462340641,31020500,0.007997737984363873,PETR4.SA,1.0
2023-09-25,24.150957107543945,24.207369393392902,23.925313343919804,23.93941641538204,26767200,0.0064649702564789635,PETR4.SA,1.0
2023-09-26,23.593894958496094,24.038132239774114,23.593894958496094,23.97466977102011,60687500,-0.023065841513744578,PETR4.SA,1.0
2023-09-27,24.341344833374023,24.341344833374023,23.819541942470966,23.87595422900573,53708700,0.03167980005814064,PETR4.SA,1.0
2023-09-28,24.29198455810547,24.355447033242598,24.122750394444527,24.29198455810547,30765000,-0.0020278368186492646,PETR4.SA,1.0
2023-09-29,24.42595672607422,24.46121305466245,24.15095359724637,24.327237930072986,40227600,0.005515077109006672,PETR4.SA,1.0
2023-10-02,24.059289932250977,24.51763036768728,23.925314780146,24.362499262176037,34403400,-0.015011358528766783,PETR4.SA,1.0
2023-10-03,23.95351791381836,24.13685245101622,23.713771094476137,23.953517913818363,37947300,-0.004396306737666111,PETR4.SA,1.0
2023-10-04,23.0015811920166,23.77018106418135,22.839399913104774,23.692615519944017,88895900,-0.03974099859681168,PETR4.SA,1.0
2023-10-05,23.079147338867188,23.22722555088541,22.768887843702462,22.924016246341935,35342000,0.003372209336526266,PETR4.SA,1.0
2023-10-06,23.629152297973633,23.84774585300128,22.79709266857418,22.987477393089613,48132800,0.023831251260318043,PETR4.SA,1.0
2023-10-09,24.64455223083496,24.736220844376952,24.04518383753506,24.08044285881821,77528400,0.04297233857807092,PETR4.SA,1.0
2023-10-10,24.8278865814209,24.919555194273887,24.49647384091272,24.609295714468075,48326500,0.0074391430961586735,PETR4.SA,1.0
2023-10-11,24.764423370361328,24.856091980478567,24.320188769555486,24.778526440370563,41578500,-0.0025561261870375995,PETR4.SA,1.0
2023-10-13,25.582382202148438,25.63879448130432,25.229813527080747,25.23686640691799,66943700,0.03302959328203303,PETR4.SA,1.0
2023-10-16,25.86444091796875,25.949056655649507,25.356741112112598,25.667003300085046,49626600,0.011025506287550613,PETR4.SA,-1.0
2023-10-17,26.56252670288086,26.56252670288086,25.82918579222238,25.878545199000758,68814800,0.026990174932686406,PETR4.SA,-1.0
2023-10-18,27.161895751953125,27.22535823204662,26.731761463529008,26.788173752450327,85931700,0.022564459163715744,PETR4.SA,-1.0
2023-10-19,27.03496742248535,27.126636035615142,26.738808322329746,27.049070492958062,56016600,-0.004673029107647886,PETR4.SA,-1.0
2023-10-20,26.689451217651367,27.401641543446953,26.365088638519655,27.281766779054696,66242400,-0.012780344782165831,PETR4.SA,-1.0
2023-10-23,24.92660903930664,25.94905893137518,24.86314655800898,25.80098070497598,104499100,-0.06605014707754098,PETR4.SA,0.0
2023-10-24,25.30033302307129,25.51892391591635,24.79968337809934,25.13815172874284,78634900,0.014992973299148948,PETR4.SA,0.0
2023-10-25,25.434307098388672,25.58238531435895,25.208663334085628,25.441359979083934,32846500,0.005295348294238389,PETR4.SA,0.0
2023-10-26,25.17340087890625,25.33558212694394,24.7855759214348,25.279169854642902,47858600,-0.010258043141224471,PETR4.SA,0.0
2023-10-27,24.990070343017578,25.709310867203552,24.799682908096067,25.533026504115398,45843100,-0.007282708314643838,PETR4.SA,0.0
2023-10-30,24.736223220825195,25.187510761794506,24.581092119909773,25.08879194844321,31346900,-0.010157919473936516,PETR4.SA,0.0
2023-10-31,24.496479034423828,24.806738580007927,24.320194651501595,24.686863800879976,36965200,-0.009692028741054126,PETR4.SA,1.0
2023-11-01,24.764423370361328,25.06058246078412,24.609294980030878,24.69391071020072,46335300,0.010938075449984819,PETR4.SA,1.0
2023-11-03,25.06058692932129,25.307383973775202,24.71506837719977,25.236871301041525,30959700,0.011959235009461944,PETR4.SA,0.0
2023-11-06,25.039426803588867,25.476613909330037,25.039426803588867,25.20161076564854,33583600,-0.0008443587451523182,PETR4.SA,0.0
2023-11-07,24.62339973449707,24.97596847770501,24.4400651715788,24.72917143341387,48919900,-0.016614879899414015,PETR4.SA,1.0
2023-11-08,24.094545364379883,24.538782710845588,23.911210811013188,24.397754682932646,59742900,-0.021477715336614134,PETR4.SA,1.0
2023-11-09,24.595195770263672,24.785583210441498,24.228523962130744,24.327242777803843,56231100,0.020778578649752077,PETR4.SA,1.0
2023-11-10,24.482370376586914,24.72211719027047,24.334289484395892,24.44006116597725,40004800,-0.004587293987436625,PETR4.SA,1.0
2023-11-13,25.166353225708008,25.208662438719276,24.447112743830985,24.45416562427574,44120000,0.027937770673349682,PETR4.SA,0.0
2023-11-14,25.511871337890625,25.554180550234058,25.02532750042685,25.16635282846687,50888600,0.01372936750445275,PETR4.SA,0.0
2023-11-16,25.0676326751709,25.73046351682028,25.03237634505638,25.37084195594975,72361200,-0.017413017525685692,PETR4.SA,0.0
2023-11-17,25.885597229003906,26.03367545985894,25.25802527833493,25.265078159739144,87666300,0.03263030715473936,PETR4.SA,0.0
2023-11-20,25.906749725341797,26.245215360640977,25.575334280619664,25.927902986958696,67796900,0.0008171531122407316,PETR4.SA,0.0
2023-11-21,25.638795852661133,25.765720797665253,25.32148349015084,25.765720797665253,49597800,-0.010343013906470633,PETR4.SA,0.0
2023-11-22,25.764286041259766,25.764286041259766,25.09746304728999,25.57376638382803,58578300,0.0048945429933522355,PETR4.SA,0.0
2023-11-23,25.7716064453125,25.830229584698,25.50781070399318,25.74229767092489,24068100,0.0002841299014073595,PETR4.SA,0.0
2023-11-24,25.844884872436523,26.247909164391952,25.434531290546314,25.63238018920918,53456200,0.002843378323331258,PETR4.SA,0.0
2023-11-27,25.698335647583008,25.940151954756,25.463848632006258,25.6470417876322,36996000,-0.0056703376926167115,PETR4.SA,1.0
2023-11-28,26.086702346801758,26.10135813362321,25.756956926888424,25.77160991840436,36875900,0.015112523415705237,PETR4.SA,-1.0
2023-11-29,25.815574645996094,26.401792082539536,25.60306995171621,26.306533670873574,37528600,-0.010393329796968498,PETR4.SA,1.0
2023-11-30,26.313865661621094,26.32119215816201,25.82290932951101,25.984117411163524,58808800,0.0193019532765768,PETR4.SA,-1.0
2023-12-01,26.137996673583984,26.37981296753304,26.035408959292468,26.17463753895001,36388100,-0.006683510142472704,PETR4.SA,-1.0
2023-12-04,25.581090927124023,26.050064936045832,25.537123565548008,25.9694595041426,35601900,-0.021306366873280358,PETR4.SA,1.0
2023-12-05,25.463844299316406,25.771607406655153,25.412550448093285,25.58841428219964,43234200,-0.004583331811048752,PETR4.SA,1.0
2023-12-06,24.54787826538086,25.5004819375137,24.54787826538086,25.317288816130265,64179200,-0.03597123918795464,PETR4.SA,1.0
2023-12-07,24.489255905151367,25.046164577274045,24.210804364395315,24.657796042063303,64723900,-0.0023880825705481223,PETR4.SA,1.0
2023-12-08,25.2733211517334,25.309959212448884,24.533219466878272,24.701756782413387,53290700,0.032016703554357484,PETR4.SA,1.0
2023-12-11,25.17806625366211,25.419879751096133,25.090134326895697,25.25134239341653,30613300,-0.0037689901338809895,PETR4.SA,1.0
2023-12-12,24.97288703918457,25.353926262492926,24.76770884743569,25.31728819817156,30371500,-0.00814912521122213,PETR4.SA,1.0
2023-12-13,25.331947326660156,25.368585395817576,25.016854900356446,25.068148756237935,38992900,0.014378004710155823,PETR4.SA,1.0
2023-12-14,25.88152503967285,26.189290949929937,25.52979456745426,25.64703805819379,57950000,0.02169504404559941,PETR4.SA,1.0
2023-12-15,25.940149307250977,26.225930153611156,25.647039170042603,25.852214588905206,56570100,0.0022651009740832784,PETR4.SA,1.0
2023-12-18,26.262569427490234,26.599644144039107,26.072049786273002,26.196619783356276,44474300,0.012429385676247184,PETR4.SA,1.0
2023-12-19,26.563005447387695,26.563005447387695,26.240586525508693,26.350500732935274,32183000,0.011439703975917093,PETR4.SA,1.0
2023-12-20,26.658267974853516,26.922066558143662,26.59231832903098,26.65093868348122,38947900,0.0035862857331601106,PETR4.SA,1.0
2023-12-21,26.66558837890625,26.87809305526406,26.431101424064874,26.870763765566206,30511900,0.0002746016380223981,PETR4.SA,1.0
2023-12-22,26.92206382751465,26.966028390066715,26.650935980351935,26.74619719139033,31234700,0.009618218243077736,PETR4.SA,1.0
2023-12-26,27.35439682006836,27.383705593550605,26.988010596142267,27.009992875080215,23466800,0.016058686857129523,PETR4.SA,0.0
2023-12-27,27.376386642456055,27.427680504315113,27.207849268446886,27.347075065592072,19588500,0.0008038862100430144,PETR4.SA,1.0
2023-12-28,27.288450241088867,27.376382161983884,27.141895176060263,27.281120950419485,21421900,-0.0032121259286576054,PETR4.SA,1.0
2024-01-02,27.684146881103516,27.764752311288245,27.40569531630877,27.435004094762327,24043800,0.014500517124231393,PETR4.SA,1.0
2024-01-03,28.54881477355957,28.66605825700171,27.603537615948184,27.698798819777778,52300200,0.031233322672704622,PETR4.SA,0.0
2024-01-04,28.307004928588867,28.834599273834723,28.21907020829331,28.66606191955982,45344900,-0.00847004847271815,PETR4.SA,1.0
2024-01-05,28.372955322265625,28.680718465530894,28.14579481511347,28.482869532586548,35783700,0.0023298259156394607,PETR4.SA,1.0
2024-01-08,28.160444259643555,28.160444259643555,27.559571100245943,28.123806197788564,35158100,-0.0074899163731211305,PETR4.SA,1.0
2024-01-09,27.91863250732422,28.394935773911996,27.867338653421584,28.33631262927733,27279000,-0.008586929598474957,PETR4.SA,1.0
2024-01-10,27.66216278076172,28.043204828675076,27.48629614506888,27.91863204603737,27382000,-0.009186328395390353,PETR4.SA,1.0
2024-01-11,27.896652221679688,27.9552753705087,27.62552714660947,27.830702576899842,26564400,0.008476901924713287,PETR4.SA,1.0
2024-01-12,27.969926834106445,28.380280467570653,27.969926834106445,28.211743116854667,24479500,0.002626645371081926,PETR4.SA,1.0
2024-01-15,28.27036476135254,28.29967353730373,27.742767659957067,27.83802886888798,13818300,0.01074146275133403,PETR4.SA,1.0
2024-01-16,27.91863250732422,28.424247346229325,27.903979516470944,28.292348066106722,31277700,-0.012441730306542165,PETR4.SA,1.0
2024-01-17,27.757429122924805,27.955278076414952,27.713461757047263,27.823378774088187,27577300,-0.005774042992869544,PETR4.SA,1.0
2024-01-18,27.64750862121582,27.94794526191427,27.522938626555604,27.94794526191427,22987200,-0.003960038994324622,PETR4.SA,1.0
2024-01-19,27.500951766967773,27.772079611848262,27.281120570141827,27.706129973269945,31745200,-0.005300906358541968,PETR4.SA,1.0
2024-01-22,27.62552833557129,27.706133771027528,27.28112430964217,27.478973252496832,22753700,0.004529900261602826,PETR4.SA,1.0
2024-01-23,27.969926834106445,28.11648190286548,27.42767671359509,27.728113346663662,32498500,0.012466675545593109,PETR4.SA,1.0
2024-01-24,27.757429122924805,28.241058966354327,27.676823683135574,28.057865801490024,25415300,-0.007597363855901151,PETR4.SA,1.0
2024-01-25,28.78330421447754,28.78330421447754,27.940617478337916,28.035875895050193,48655300,0.036958577359942346,PETR4.SA,1.0
2024-01-26,29.28158950805664,29.37685071925217,28.512178913767453,28.651404687587572,41378200,0.017311608488940422,PETR4.SA,1.0
2024-01-29,29.728580474853516,29.743236260474266,29.18633038341221,29.31090036823065,30547500,0.01526525623460051,PETR4.SA,0.0
2024-01-30,29.545394897460938,29.853160883531363,29.347545933981234,29.435477874870212,34829000,-0.006161934894521104,PETR4.SA,1.0
2024-01-31,29.867807388305664,30.219540666053586,29.44280077026046,29.4794388380618,57978900,0.010912444797697818,PETR4.SA,0.0
2024-02-01,30.461355209350586,30.68851571010902,29.801858784765134,29.88246421391508,61629200,0.019872493930616297,PETR4.SA,0.0
2024-02-02,30.065662384033203,30.61524189802049,30.058335887114662,30.46868959720198,36485600,-0.012989994128557947,PETR4.SA,0.0
2024-02-05,30.19755744934082,30.541961457561015,29.99238202076993,30.051002373802085,27703000,0.004386900365702884,PETR4.SA,0.0
2024-02-06,30.476009368896484,31.032915256908375,30.241522384964604,30.373421662839455,35474600,0.009221008024334232,PETR4.SA,0.0
2024-02-07,30.923002243041992,30.923002243041992,30.351437751866868,30.424716684225448,30648100,0.014667040843008294,PETR4.SA,-1.0
2024-02-08,30.673858642578125,31.10619454835222,30.673858642578125,30.996277550409253,25589100,-0.008056902059693338,PETR4.SA,-1.0
2024-02-09,30.263504028320312,31.018261612542016,30.263504028320312,30.879033046994515,30388000,-0.013377991306519288,PETR4.SA,-1.0
2024-02-14,30.036346435546875,30.33678305304184,29.941085226495705,30.116949063646015,18315300,-0.007505991129145739,PETR4.SA,-1.0
2024-02-15,30.996280670166016,30.996280670166016,29.933759832561638,30.051003337692116,33246400,0.031959087856407775,PETR4.SA,-1.0
2024-02-16,31.28205680847168,31.428611866547868,30.82041214919376,30.842394429548357,37268900,0.009219691270273112,PETR4.SA,-1.0
2024-02-19,31.435941696166992,31.465250472040847,31.18679893175489,31.33335119704001,12826700,0.004919270131036768,PETR4.SA,-1.0
2024-02-20,31.106189727783203,31.37731473997243,30.849717704097227,31.340676678104415,42375400,-0.01048964817312903,PETR4.SA,-1.0
2024-02-21,31.150163650512695,31.304048029118082,30.871712060343633,31.106199081173255,20873800,0.001413671141156092,PETR4.SA,-1.0
2024-02-22,30.91567611694336,31.274735933993178,30.629895239753576,31.267406642354306,32162800,-0.007527650133724917,PETR4.SA,-1.0
2024-02-23,30.70317268371582,30.9523154764899,30.490667961433832,30.879036540200115,43924500,-0.006873646638802633,PETR4.SA,-1.0
2024-02-26,31.28205680847168,31.311368379147964,30.651874810762976,30.703168661793857,25885700,0.018854211931748743,PETR4.SA,-1.0
2024-02-27,31.238096237182617,31.377322022717653,31.05490309001808,31.28939009476424,27678100,-0.0014052967027781138,PETR4.SA,-1.0
2024-02-28,29.62599754333496,31.465255607797502,29.186335085107363,31.15749244609933,112322000,-0.0516068162927541,PETR4.SA,-1.0
2024-02-29,29.413488388061523,30.219539834025017,29.200983687237077,29.743236579805437,61899800,-0.007173063285467185,PETR4.SA,-1.0
2024-03-01,29.442798614501953,29.93375483676462,29.413487044284878,29.56736859496674,31248500,0.0009964892995257824,PETR4.SA,-1.0
2024-03-04,29.369529724121094,29.860486067408974,29.325562357957125,29.50875552401485,21988000,-0.0024885165075568816,PETR4.SA,-1.0
2024-03-05,29.28158950805664,29.582026132314528,29.025120241728697,29.38417721458782,30293300,-0.002994267081921631,PETR4.SA,-1.0
2024-03-06,29.926435470581055,29.926435470581055,29.39151176556964,29.457461416615203,45481000,0.022022232172436818,PETR4.SA,-1.0
2024-03-07,29.596681594848633,29.999705921233314,29.516076170510633,29.7798747245967,50199800,-0.011018815657366954,PETR4.SA,-1.0
2024-03-08,26.89275360107422,27.156552170806062,25.720315823966647,26.30653611017318,230369800,-0.09135916082717321,PETR4.SA,0.0
2024-03-11,26.123342514038086,27.65483725467118,25.86687044446855,26.1379955051628,127528700,-0.028610349778588673,PETR4.SA,1.0
2024-03-12,26.980688095092773,27.28112476249494,26.497058269633047,26.63628406344672,76139100,0.03281913792593616,PETR4.SA,1.0
2024-03-13,26.658267974853516,27.354402504023483,26.60697411646995,27.039310062349767,45140600,-0.011950033264640836,PETR4.SA,1.0
2024-03-14,26.5410213470459,27.05395987051407,26.489727494699082,26.922063389697474,39983400,-0.004398133739154209,PETR4.SA,1.0
2024-03-15,26.61429786682129,26.709559077693953,26.335843524819452,26.599642080894313,59362500,0.0027608779186467647,PETR4.SA,1.0
2024-03-18,26.62895393371582,26.907408278655684,26.013424894815024,26.680247787348772,35326100,0.0005506839582194445,PETR4.SA,1.0
2024-03-19,26.431106567382812,27.002668281617662,26.057393783915153,26.665593567853804,48540800,-0.007429783641726417,PETR4.SA,1.0
2024-03-20,26.89275360107422,26.922065174445645,26.24058646774022,26.548349602223706,39017900,0.017466050182745718,PETR4.SA,1.0
2024-03-21,26.159976959228516,27.156547936007513,26.14532117482823,27.00266359745704,47220200,-0.02724810752798601,PETR4.SA,1.0
2024-03-22,26.416446685791016,26.541019457841344,25.962128542212692,26.30653249371672,34426800,0.009803897264979211,PETR4.SA,1.0
2024-03-25,26.819477081298828,26.988017245699762,26.497058131113125,26.511713919117803,26951500,0.01525679817204928,PETR4.SA,1.0
2024-03-26,26.570335388183594,26.87077206659277,26.504385737054463,26.87077206659277,24837800,-0.009289580567137912,PETR4.SA,1.0
2024-03-27,26.7828369140625,26.863442344130632,26.467744484871897,26.58498798443313,19995700,0.00799769828925112,PETR4.SA,1.0
2024-03-28,27.376386642456055,27.493630154606166,26.724219431414454,26.74620171640953,31958200,0.022161570497481797,PETR4.SA,1.0
2024-04-01,27.58888816833496,27.632852733204324,27.266466450996983,27.47897116555056,23697800,0.007762219633081546,PETR4.SA,1.0
2024-04-02,28.29967498779297,28.32166006501481,27.676819440847645,27.71345750914347,45930700,0.02576351809181676,PETR4.SA,1.0
2024-04-03,28.153121948242188,28.58545789402353,28.006569664497164,28.35830017703536,31437200,-0.0051786121082307845,PETR4.SA,1.0
2024-04-04,27.830699920654297,28.929858698540986,27.427675594490243,28.18975968469829,165566800,-0.0114524431137919,PETR4.SA,1.0
2024-04-05,27.91863250732422,28.263036493789393,27.2371538251259,27.77208023634834,65469200,0.0031595535477231262,PETR4.SA,1.0
2024-04-08,28.307004928588867,28.622097354717535,27.647508502899672,27.867339713027572,36384400,0.01391086834796651,PETR4.SA,1.0
2024-04-09,28.380277633666992,28.68071423673556,27.88932141694976,28.5048504080299,36989300,0.0025885008061776738,PETR4.SA,1.0
2024-04-10,29.010461807250977,29.113049504416445,28.3289831957317,28.38027704431443,55821500,0.02220500383112567,PETR4.SA,1.0
2024-04-11,28.797956466674805,29.135031119766953,28.724680340456526,29.017787640634683,33195300,-0.007325127810376975,PETR4.SA,1.0
2024-04-12,28.534162521362305,29.347540511387667,28.358298672079002,29.105727019796753,39613500,-0.009160161958636337,PETR4.SA,1.0
2024-04-15,28.805288314819336,28.907876018758266,28.307002785425738,28.53416047406042,28692000,0.00950179607528523,PETR4.SA,1.0
2024-04-16,28.93718910217285,29.09839716165618,28.541491256039766,28.58545581985093,37303000,0.004579047635695943,PETR4.SA,1.0
2024-04-17,29.149690628051758,29.27426341290351,28.827271718074076,28.93718871674883,39221700,0.007343544154499337,PETR4.SA,1.0
2024-04-18,29.200986862182617,29.743239813708698,29.05443457907803,29.310903869816677,45078800,0.0017597522658265863,PETR4.SA,1.0
2024-04-19,29.69927406311035,30.094971957697243,29.19366195023095,29.347543533023927,80546900,0.017064053460914108,PETR4.SA,1.0
2024-04-22,30.410057067871094,30.47600670103531,29.69194039303027,29.86780421793144,51775500,0.02393267267241428,PETR4.SA,1.0
2024-04-23,30.351438522338867,30.505322886545517,30.014363810849098,30.336785530800633,35456900,-0.0019276039305482495,PETR4.SA,1.0
2024-04-24,30.21221351623535,30.769122249379237,30.197557729015184,30.4467005211468,45388300,-0.004587097445185151,PETR4.SA,1.0
2024-04-25,30.937654495239258,31.128174106995974,30.102294328919974,30.336781295069066,66372400,0.024011513708324328,PETR4.SA,-1.0
2024-04-26,31.374588012695312,31.472513825884935,30.93767762063583,31.103402648462342,31899100,0.014123033067141133,PETR4.SA,-1.0
2024-04-29,31.75122833251953,31.75122833251953,31.12599519609731,31.246521684933402,27886000,0.01200462997862517,PETR4.SA,-1.0
2024-04-30,31.653303146362305,31.796427469615395,31.35198545431756,31.63823697440222,36635400,-0.0030841385136880506,PETR4.SA,-1.0
2024-05-02,31.773832321166992,31.924491179862258,31.517713123458662,31.826562490673528,33244700,0.00380779137796039,PETR4.SA,-1.0
2024-05-03,31.369632720947266,31.998754872554514,31.023616287536044,31.998754872554514,45114200,-0.012721147267793054,PETR4.SA,-1.0
2024-05-06,31.58196258544922,31.73924387619161,31.235946145728846,31.35390486386731,22977200,0.006768643623939141,PETR4.SA,-1.0
2024-05-07,31.967308044433594,31.967308044433597,31.456144496410246,31.574106238228467,23808600,0.012201441184719553,PETR4.SA,-1.0
2024-05-08,32.45487594604492,32.50206124057248,31.699929232953338,31.731383096080144,25352000,0.015252078809189218,PETR4.SA,-1.0
2024-05-09,32.769432067871094,32.903122221438956,32.19535787876499,32.28972845771568,27206400,0.009692106737647421,PETR4.SA,-1.0
2024-05-10,32.69865798950195,33.099722442524154,32.63574427144056,32.90312157341909,27968700,-0.0021597590773790865,PETR4.SA,-1.0
2024-05-13,32.73011016845703,33.00535317100937,32.6436053105089,32.82448074070465,18394300,0.0009618798106385551,PETR4.SA,-1.0
2024-05-14,32.14030456542969,32.478458251085776,31.581958898375493,32.053799715625935,53613200,-0.018020275519749274,PETR4.SA,-1.0
2024-05-15,30.197895050048828,30.520320359181767,29.490130712980797,29.568769861592255,131281100,-0.06043531763759724,PETR4.SA,0.0
2024-05-16,29.317121505737305,30.394496460133606,29.285667645670017,30.11925343533307,83168500,-0.029166719827715237,PETR4.SA,0.0
2024-05-17,28.8531436920166,29.427217894132223,28.711590820273976,29.37216988844246,67207900,-0.015826172212367595,PETR4.SA,0.0
2024-05-20,28.90032958984375,29.285668637660542,28.805962006662828,28.884601159331698,40400400,0.0016353815144312112,PETR4.SA,0.0
2024-05-21,28.845279693603516,29.167704998252933,28.758774831399077,28.93178455580795,27967400,-0.001904818976859679,PETR4.SA,0.0
2024-05-22,29.23847770690918,29.458669691826778,28.63294674849499,28.703723172202903,36528800,0.01363127754288529,PETR4.SA,0.0
2024-05-23,28.947513580322266,29.655274922205646,28.75877542255195,29.442945619673257,47987800,-0.00995141161258739,PETR4.SA,0.0
2024-05-24,28.79022979736328,29.246342222781365,28.758772940467967,29.151974651986414,23684700,-0.005433412528594528,PETR4.SA,0.0
2024-05-27,29.10479164123535,29.15984264504998,28.853142766188014,28.876736910648916,13623300,0.010925992813745511,PETR4.SA,0.0
2024-05-28,29.72605323791504,30.111392292802925,29.419356337030514,29.442947483285806,46437700,0.021345680956516233,PETR4.SA,0.0
2024-05-29,29.686731338500977,29.820418490011352,29.442945179998812,29.655274479360468,29246800,-0.0013228092912082046,PETR4.SA,0.0
2024-05-31,30.504594802856445,30.583233958875304,29.804696114657457,29.828287261484814,53929400,0.02754979842778371,PETR4.SA,-1.0
2024-06-03,30.339447021484375,30.614687033387376,30.229348016832038,30.53604788709827,43454500,-0.005413865761514924,PETR4.SA,-1.0
2024-06-04,30.001291275024414,30.221483269738716,29.647409140740052,30.197892127416736,34090200,-0.011145745214818925,PETR4.SA,-1.0
2024-06-05,30.04060935974121,30.221481775009433,29.938376081584114,30.08779164205157,18627100,0.0013105464146980772,PETR4.SA,-1.0
2024-06-06,30.182165145874023,30.44954243793865,30.095660286692663,30.103523001213205,25944100,0.00471214762782135,PETR4.SA,-1.0
2024-06-07,29.049745559692383,30.252945010519184,28.98683483671301,30.056344126385095,46003600,-0.037519494731690806,PETR4.SA,1.0
2024-06-10,29.490129470825195,29.93051648421698,29.191295318884656,29.246343320572244,32560900,0.015159647792022612,PETR4.SA,0.0
2024-06-11,29.61595916748047,29.8833365088713,29.490134712701938,29.73392090628793,31131300,0.004266841106267627,PETR4.SA,0.0
2024-06-12,28.97153091430664,29.966365366179396,28.80168180711486,29.88548572047685,52182400,-0.021759492898053345,PETR4.SA,1.0
2024-06-13,28.68035888671875,29.270788931812746,28.186985032299756,29.036236728128213,46233500,-0.010050281031027786,PETR4.SA,1.0
2024-06-14,28.049488067626953,28.712711004565534,27.62082041177558,28.704624274517265,53534900,-0.02199661523008134,PETR4.SA,1.0
2024-06-17,28.15463638305664,28.413454960908744,27.717878875920906,27.8311116180611,40941800,0.003748671461531794,PETR4.SA,1.0
2024-06-18,29.036237716674805,29.23035010463342,28.16272271477871,28.219339085046705,36180700,0.031312829674785325,PETR4.SA,1.0
2024-06-19,29.06049919128418,29.214171745999582,28.76932754204608,29.036235915634535,20776200,0.0008355584785504355,PETR4.SA,1.0
2024-06-20,29.52151870727539,29.836953618983124,29.27887670483563,29.295053249713007,39442900,0.015864129275848127,PETR4.SA,0.0
2024-06-21,29.67519187927246,29.893570611666192,29.424463141804512,29.561959148111384,43340200,0.005205462954695372,PETR4.SA,0.0
2024-06-24,29.974456787109375,29.974456787109375,29.505346177903558,29.79651785460222,24599400,0.01008468316074973,PETR4.SA,0.0
2024-06-25,29.950183868408203,30.022976771650185,29.731805158682253,29.966360411946443,18572600,-0.0008097867752389076,PETR4.SA,0.0
2024-06-26,29.998720169067383,30.022983447089445,29.691371944224084,29.764164863651157,25553200,0.0016205677024365706,PETR4.SA,0.0
2024-06-27,30.500173568725586,30.70237573200596,30.184738687665824,30.338411221029254,37731000,0.016715826436331405,PETR4.SA,0.0
2024-06-28,30.775171279907227,30.872227462724773,30.500176190790498,30.572969099243764,22019700,0.009016267089824614,PETR4.SA,0.0
2024-07-01,31.244285583496094,31.3494285086464,30.880320997389045,30.985467007900148,24963500,0.015243271900005517,PETR4.SA,0.0
2024-07-02,31.1472225189209,31.62441978819672,31.0906061552238,31.406044148428162,33346200,-0.0031065861408738904,PETR4.SA,0.0
2024-07-03,30.60532569885254,31.37369469057232,30.540619512645883,31.30090177377022,38509400,-0.01739791789586298,PETR4.SA,0.0
2024-07-04,30.18474578857422,30.70238295468759,30.022983402823566,30.653856398715014,32698800,-0.013742049812398793,PETR4.SA,0.0
2024-07-05,30.34650230407715,30.451648297279693,30.014890865847853,30.28988594282046,32758800,0.005358882815708732,PETR4.SA,0.0
2024-07-08,31.090604782104492,31.15531095796366,30.160476644331087,30.314149183956186,48845900,0.02452020567547808,PETR4.SA,-1.0
2024-07-09,31.08251953125,31.300898257121506,30.953110258736565,31.098696075984236,34832500,-0.0002600544734062682,PETR4.SA,-1.0
2024-07-10,30.791351318359375,31.18766899498673,30.718558401646625,31.13105262480579,32899700,-0.009367587225285523,PETR4.SA,-1.0
2024-07-11,31.001646041870117,31.098702244165413,30.823707099861203,30.86414692703749,17229400,0.0068296685434963145,PETR4.SA,-1.0
2024-07-12,30.856056213378906,31.14722478268578,30.847966397771117,31.082521684626688,15779100,-0.00469619672112187,PETR4.SA,-1.0
2024-07-15,31.139142990112305,31.325168668900808,30.896500934534306,30.97738059127326,22969200,0.009174431585675435,PETR4.SA,-1.0
2024-07-16,31.058258056640625,31.1391376996383,30.82370277244252,31.01781514978118,19637000,-0.00259753242076588,PETR4.SA,-1.0
2024-07-17,31.220020294189453,31.292813213913472,31.00973135129833,31.082524271022354,24606100,0.00520834868632436,PETR4.SA,-1.0
2024-07-18,31.16340446472168,31.268550480679973,31.017818622736648,31.139141186177827,21315500,-0.0018134462737140478,PETR4.SA,-1.0
2024-07-19,31.29281234741211,31.35751853442436,31.050170316837782,31.139139781299225,30593100,0.00415255922493718,PETR4.SA,-1.0
2024-07-22,30.670026779174805,31.211930254192552,30.637676773563452,31.211930254192552,25807800,-0.019901872715151092,PETR4.SA,0.0
2024-07-23,30.273714065551758,30.734734841343045,30.273714065551758,30.670028655440735,25284700,-0.012921824831667483,PETR4.SA,0.0
2024-07-24,30.516359329223633,30.734738101769008,30.33033365306152,30.459742953233473,23863800,0.008015047745594472,PETR4.SA,0.0
2024-07-25,30.47591209411621,30.53252845634551,30.144300650190186,30.378855913917466,19562600,-0.001325427934278145,PETR4.SA,0.0
2024-07-26,30.443561553955078,30.83987920809531,30.26562263756225,30.467824829695704,32043200,-0.0010615117953231001,PETR4.SA,0.0
2024-07-29,29.828868865966797,30.50826836903782,29.456814479852174,30.338416179249567,39790000,-0.02019122128332007,PETR4.SA,1.0
2024-07-30,29.642841339111328,29.73989752330306,29.432549340442034,29.529605524633766,16040700,-0.006236492831537377,PETR4.SA,1.0
2024-07-31,30.25753402709961,30.25753402709961,29.893569486805628,29.966362394864426,28561100,0.020736631855099663,PETR4.SA,1.0
2024-08-01,29.7965145111084,30.59723653217998,29.756074690629347,30.53253035112507,29756300,-0.015236519789692982,PETR4.SA,1.0
2024-08-02,28.89873695373535,29.76416208996436,28.89873695373535,29.699458992814833,36483900,-0.030130287790484656,PETR4.SA,1.0
2024-08-05,28.87447166442871,28.87447166442871,27.98478022912026,28.14654258875456,44765900,-0.0008396660845588766,PETR4.SA,1.0
2024-08-06,29.375934600830078,29.650929709051884,28.583302367805025,28.793591292746104,36009000,0.017366999549956574,PETR4.SA,1.0
2024-08-07,29.335491180419922,29.723718976399045,29.117112466676616,29.6832791594896,25020500,-0.0013767534874963294,PETR4.SA,1.0
2024-08-08,29.80460548400879,29.885488221841797,29.246528477085395,29.400201050926654,29870300,0.015991356705217896,PETR4.SA,1.0
2024-08-09,29.52960777282715,29.885485617558512,28.777418431373814,29.222262651927316,66082100,-0.009226685162103121,PETR4.SA,1.0
2024-08-12,30.200918197631836,30.58105928925576,29.76416074155675,29.76416074155675,39655100,0.022733469064984302,PETR4.SA,1.0
2024-08-13,30.014894485473633,30.435475423643194,29.90166174930503,30.354592693979438,28557200,-0.006159538294196243,PETR4.SA,1.0
2024-08-14,30.540620803833008,30.734736285298958,30.055336728209493,30.079600006382396,37955500,0.017515514459456538,PETR4.SA,1.0
2024-08-15,31.009727478027344,31.187666389651913,30.73473238068052,30.775172200951417,33409000,0.015360089672291855,PETR4.SA,1.0
2024-08-16,31.139142990112305,31.357521765740845,30.759001815644723,30.872234569223714,35472700,0.004173384373553857,PETR4.SA,0.0
2024-08-19,31.090604782104492,31.373689673447924,31.058254779535194,31.220014048462545,28138200,-0.0015587522117491703,PETR4.SA,0.0
2024-08-20,30.969289779663086,31.284724718893298,30.645765024608096,31.139138887654628,27322600,-0.0039019827144447516,PETR4.SA,1.0
2024-08-21,30.78325843811035,31.3736883844459,30.686199178309323,31.284718938975036,38491900,-0.006006961828194601,PETR4.SA,1.0
2024-08-22,30.877422332763672,31.02715147077194,30.66114867406767,31.010514547307835,26334300,0.0030589320114580154,PETR4.SA,1.0
2024-08-23,30.686107635498047,31.218476583243703,30.686107635498047,31.085384346307286,29239000,-0.0061959413322731915,PETR4.SA,1.0
2024-08-26,32.915401458740234,32.948675307702935,31.368202386832447,31.49297773385813,102270300,0.07264830879571438,PETR4.SA,-1.0
2024-08-27,32.47452926635742,32.74903054680633,32.399664703840735,32.64921218784022,35073100,-0.013394100416349142,PETR4.SA,-1.0
2024-08-28,32.94036102294922,33.15663790588311,32.25826286570131,32.39135511167238,43284500,0.014344526837356986,PETR4.SA,-1.0
2024-08-29,32.71577072143555,33.13168439036912,32.674176816006614,32.98195521569947,25356600,-0.006818088646848852,PETR4.SA,-1.0
2024-08-30,32.74903869628906,32.981952489394324,32.34144511140097,32.62426650982441,84437200,0.0010168788361057945,PETR4.SA,-1.0
2024-09-02,32.441253662109375,32.77398573816754,32.349752182534964,32.715758100832595,15288400,-0.009398292176880374,PETR4.SA,-1.0
2024-09-03,32.0503044128418,32.29153508808512,31.925532223459214,32.26658128484246,35866300,-0.012050990795223093,PETR4.SA,-1.0
2024-09-04,32.058624267578125,32.37471635062554,32.04198734112785,32.2249903589116,28851300,0.00025958738579068275,PETR4.SA,-1.0
2024-09-05,31.85898208618164,32.349760275909475,31.85898208618164,32.15012351886337,26206600,-0.006227409502359338,PETR4.SA,0.0
2024-09-06,31.235111236572266,31.98375699809247,31.16856670953102,31.917209297882234,32971700,-0.019582259342804553,PETR4.SA,0.0
2024-09-09,31.576156616210938,31.81738724182709,31.285018394376703,31.476338250606148,30521800,0.010918654236753644,PETR4.SA,0.0
2024-09-10,31.052106857299805,31.542881795177102,30.77760239390891,31.542881795177102,37263500,-0.01659637571730599,PETR4.SA,0.0
2024-09-11,31.01883316040039,31.468020553641548,30.66946413015664,31.409789737627136,32907000,-0.0010715439391061343,PETR4.SA,0.0
2024-09-12,30.669471740722656,31.04379466131108,30.56965335295552,31.01884085766163,22103300,-0.011262880775403938,PETR4.SA,0.0
2024-09-13,30.528060913085938,31.23511281103038,30.43655940726907,30.869109960932068,34729600,-0.0046108008912639775,PETR4.SA,0.0
2024-09-16,30.95229148864746,31.376525166928456,30.91070076040813,30.97724846412639,22614800,0.013896414081763009,PETR4.SA,0.0
2024-09-17,30.810880661010742,30.93565283877559,30.528059282307172,30.919015913773144,23443700,-0.004568670713397283,PETR4.SA,0.0
2024-09-18,30.070552825927734,30.719376989329636,30.070552825927734,30.702740065502823,38777000,-0.024028129647713947,PETR4.SA,1.0
2024-09-19,30.170368194580078,30.594598603873635,30.10382050589253,30.419915680821493,25059700,0.003319372584539959,PETR4.SA,0.0
2024-09-20,30.16205596923828,30.278514454644224,30.004009927369836,30.1703760190662,48336200,-0.00027550957575950275,PETR4.SA,0.0
2024-09-23,30.469833374023438,30.74433471934066,30.12878432489042,30.270193435745227,28218500,0.010204125511173778,PETR4.SA,0.0
2024-09-24,30.594606399536133,31.035477016506118,30.544698793472204,30.96892931086187,35104100,0.004094969079124322,PETR4.SA,0.0
2024-09-25,30.819194793701172,31.135289994273894,30.744330224438386,30.86078551592078,38655300,0.00734078390263071,PETR4.SA,0.0
2024-09-26,30.153736114501953,30.711058817497165,29.920825513031588,30.711058817497165,58048200,-0.02159234475961147,PETR4.SA,0.0
2024-09-27,30.037281036376953,30.261874763674562,29.887551884845212,30.261874763674562,34537400,-0.0038620447457252682,PETR4.SA,1.0
2024-09-30,29.954097747802734,30.178691485119522,29.879233168697137,30.0788731040351,21146300,-0.002769334830056036,PETR4.SA,1.0
2024-10-01,30.752653121948242,31.210157455088147,29.804370605542516,29.954096584771158,49748200,0.026659303206823637,PETR4.SA,0.0
2024-10-02,31.1768798828125,31.551202719116894,31.0687414693982,31.401473584595134,32014500,0.013794802002351059,PETR4.SA,0.0
2024-10-03,31.559518814086914,31.642703427414574,30.952285416053428,31.143605266954236,31033000,0.012273163084717709,PETR4.SA,-1.0
2024-10-04,31.476343154907227,31.77580147154856,31.334930872862543,31.734210743830406,22526800,-0.0026355173432670576,PETR4.SA,-1.0
2024-10-07,31.917205810546875,31.925525858748586,31.526249220619878,31.642704510094667,36418000,0.014006158640156974,PETR4.SA,-1.0
2024-10-08,31.276700973510742,31.401476320874494,31.151928799315893,31.16856572384232,34142000,-0.020067697681245056,PETR4.SA,0.0
2024-10-09,30.96060562133789,31.210153116252194,30.785919519046175,31.085377782210763,30789800,-0.010106416032834242,PETR4.SA,0.0
2024-10-10,31.318294525146484,31.393159098103226,31.0437900332488,31.110337730618735,20630100,0.011553033173294036,PETR4.SA,-1.0
2024-10-11,31.293338775634766,31.318295749708753,31.0437912470778,31.27670185064177,16343000,-0.0007968425449119687,PETR4.SA,0.0
2024-10-14,31.36819839477539,31.52624757064973,31.06874013855926,31.16856167274363,22279000,0.0023921902254453453,PETR4.SA,-1.0
2024-10-15,31.110340118408203,31.11865699463335,30.827518729216525,30.952290911608404,28204600,-0.008220372528953912,PETR4.SA,0.0
2024-10-16,30.95229148864746,31.260069858590665,30.935654562717893,31.235112883111736,23041200,-0.0050802604265719475,PETR4.SA,0.0
2024-10-17,30.719379425048828,30.952290030754014,30.519739496466514,30.952290030754014,22174300,-0.0075248730351372695,PETR4.SA,0.0
2024-10-18,30.636199951171875,30.835836719479005,30.286830846880566,30.760972138071526,32000800,-0.002707719863934699,PETR4.SA,0.0
2024-10-21,30.153736114501953,30.8191972423951,30.112145388977808,30.777606516870957,28390000,-0.015748161894715285,PETR4.SA,0.0
2024-10-22,30.037281036376953,30.195327063807575,29.937462659745453,30.11214561214282,29144300,-0.0038620447457252682,PETR4.SA,0.0
2024-10-23,29.6629581451416,29.895868748240684,29.588093569407043,29.87091494738549,30769100,-0.012461943235874906,PETR4.SA,1.0
2024-10-24,29.862598419189453,29.97073367293366,29.579777037918028,29.821004519721203,23058900,0.006730288768605153,PETR4.SA,1.0
2024-10-25,30.070552825927734,30.353374184646032,29.821002141694297,29.91250363615739,32585900,0.006963707706180378,PETR4.SA,1.0
2024-10-28,30.020641326904297,30.05391517375154,29.39677097777758,29.5215463168704,27507100,-0.0016598131505052294,PETR4.SA,1.0
2024-10-29,29.954097747802734,30.29514679191287,29.779414787612712,30.220285385976396,26090200,-0.002216594188543475,PETR4.SA,1.0
2024-10-30,29.82100486755371,30.25355540708287,29.82100486755371,30.045598599992065,26144700,-0.004443227813756723,PETR4.SA,1.0
2024-10-31,29.87091827392578,29.987373588444235,29.638007644888877,29.8376444203007,25597000,0.0016737667491002473,PETR4.SA,1.0
2024-11-01,29.46331787109375,30.25355434492867,29.363499495681964,30.112145244192718,30605300,-0.013645392454768479,PETR4.SA,1.0
2024-11-04,29.529865264892578,29.90418813527852,29.43004689051263,29.862597410384286,24003600,0.002258652406018413,PETR4.SA,1.0
2024-11-05,29.438364028930664,29.613046978946663,29.138905729949556,29.529865528415883,23990600,-0.0030985998459903685,PETR4.SA,1.0
2024-11-06,29.446683883666992,29.496591484388713,29.147225586660987,29.155542462391633,28440800,0.00028261946649443814,PETR4.SA,1.0
2024-11-07,29.538183212280273,29.854278444648774,29.338546456277346,29.521549460254217,34081200,0.0031072880387741364,PETR4.SA,1.0
2024-11-08,30.095508575439453,30.211963876605335,29.563139671156026,29.821004074260767,49865100,0.018867963515355024,PETR4.SA,1.0
2024-11-11,30.153736114501953,30.295145215917827,29.862597862664,29.937462437875038,21446300,0.0019347584346860458,PETR4.SA,1.0
2024-11-12,30.719379425048828,30.86910857819331,30.22860123933503,30.245238164480973,39412300,0.018758647631556213,PETR4.SA,1.0
2024-11-13,30.67778778076172,30.835833805165272,30.386646359173383,30.736015430445605,34090000,-0.0013539220213932834,PETR4.SA,1.0
2024-11-14,31.002197265625,31.05210803536284,30.661148272004755,30.71105586857394,30262100,0.010574735283445769,PETR4.SA,1.0
2024-11-18,31.775798797607422,31.858980246044,30.943971620566227,30.943971620566227,39004100,0.024953119462928663,PETR4.SA,1.0
2024-11-19,31.443071365356445,31.85898501614997,31.31829917401999,31.692618921198694,26002700,-0.01047109576600258,PETR4.SA,1.0
2024-11-21,31.534570693969727,31.717573703068815,31.235112378414538,31.584481470951964,36048400,0.0029099997118631205,PETR4.SA,1.0
2024-11-22,32.790626525878906,33.13167872230093,32.00039322863145,32.2000299785914,85234900,0.03983107441349665,PETR4.SA,0.0
2024-11-25,32.59099197387695,33.15663475885901,32.56603817174129,32.757358058842705,41119500,-0.006088159122071057,PETR4.SA,0.0
2024-11-26,32.54939651489258,32.86548853989766,32.49116886959329,32.740716374185766,35188200,-0.00127628698806459,PETR4.SA,0.0
2024-11-27,32.432945251464844,32.74072043957278,32.23330531910054,32.60762820905294,30600700,-0.003577678110697202,PETR4.SA,0.0
2024-11-28,32.1002082824707,32.69080476865412,31.925525351036498,32.28321126197431,33113500,-0.010259227659230596,PETR4.SA,0.0
