Date,Close,High,Low,Open,Volume,Retorno_Diario,Ticker,DiasParaEleicaoBR,DiasParaEleicaoUSA,Petroleo_Brent,Petroleo_WTI,Alvo
2015-01-02,9.98288345336914,10.297194189251229,9.879676382174988,10.17991407727696,5658400,,VALE3.SA,1395,676,56.41999816894531,52.689998626708984,1.0
2015-01-05,9.832764625549316,9.912515141271529,9.621660950832604,9.738941068378429,8603000,-0.01503762199779668,VALE3.SA,1392,673,53.11000061035156,50.040000915527344,1.0
2015-01-06,10.226827621459961,10.381637367007999,9.884369835062248,9.884369835062248,9879900,0.04007652078711588,VALE3.SA,1391,672,51.099998474121094,47.93000030517578,-1.0
2015-01-07,10.602128028869629,10.700642946654764,10.306581485960768,10.470773910379387,6130900,0.036697636970250525,VALE3.SA,1390,671,51.150001525878906,48.650001525878906,-1.0
2015-01-08,10.714713096618652,10.73347745274479,10.372255320634839,10.681874802315605,4667300,0.010619100942985682,VALE3.SA,1389,670,50.959999084472656,48.790000915527344,-1.0
2015-01-09,10.484847068786621,10.719407401892466,10.456700079351386,10.597435921304228,3577300,-0.021453306846318854,VALE3.SA,1388,669,50.11000061035156,48.36000061035156,-1.0
2015-01-12,10.620890617370605,10.625581930973343,10.287815404565379,10.372257259861515,4735200,0.012975253495969952,VALE3.SA,1385,666,47.43000030517578,46.06999969482422,-1.0
2015-01-13,10.55990219116211,10.850756389862992,10.55990219116211,10.649035333566198,6096400,-0.005742308098790616,VALE3.SA,1384,665,46.59000015258789,45.88999938964844,-1.0
2015-01-14,9.710795402526855,10.320651738239537,9.706104089818123,10.226827273617705,10902600,-0.08040858459332101,VALE3.SA,1383,664,48.689998626708984,48.47999954223633,-1.0
2015-01-15,9.823384284973145,9.973502713490841,9.593515329458372,9.757706801414344,5822800,0.011594197774673853,VALE3.SA,1382,663,47.66999816894531,46.25,-1.0
2015-01-16,10.26435661315918,10.423857661995983,9.781163048838616,9.874986616240252,4004300,0.04489006185583033,VALE3.SA,1381,662,47.689998626708984,48.689998626708984,-1.0
2015-01-19,10.156457901000977,10.170531837088044,9.992265559090308,10.062634344749366,2139300,-0.010511980070906146,VALE3.SA,1378,659,47.689998626708984,48.689998626708984,-1.0
2015-01-20,10.19867992401123,10.358180971245167,10.095473732473662,10.358180971245167,2060900,0.0041571602444285816,VALE3.SA,1377,658,47.9900016784668,46.38999938964844,-1.0
2015-01-21,10.358179092407227,10.452003536623856,10.09078058959891,10.259664231278357,2841600,0.015639197384798686,VALE3.SA,1376,657,49.029998779296875,47.779998779296875,-1.0
2015-01-22,10.27842903137207,10.728785130559693,10.208061142529825,10.484842280782075,4077500,-0.007699235582209085,VALE3.SA,1375,656,48.52000045776367,46.310001373291016,-1.0
2015-01-23,9.626354217529297,10.72878772526334,9.602897652391528,10.484844816489348,7374000,-0.06344109706381151,VALE3.SA,1374,655,48.790000915527344,45.59000015258789,-1.0
2015-01-26,9.185381889343262,9.434016145084959,9.180690575675314,9.38710390318207,5010900,-0.045808861612742,VALE3.SA,1371,652,48.15999984741211,45.150001525878906,-1.0
2015-01-27,8.913289070129395,9.166614557404644,8.716258433840745,9.086864040459803,5926800,-0.029622374169281374,VALE3.SA,1370,651,49.599998474121094,46.22999954223633,1.0
2015-01-28,8.861687660217285,9.07748359693628,8.749098825972098,8.781937124113213,4019900,-0.005789266959268513,VALE3.SA,1369,650,48.470001220703125,44.45000076293945,1.0
2015-01-29,8.467625617980957,9.011805387508769,8.401949026934084,8.913290500938459,8705800,-0.044468058156166834,VALE3.SA,1368,649,49.130001068115234,44.529998779296875,1.0
2015-01-30,8.730335235595703,8.763173536625361,8.279978964223938,8.303435532656975,7360500,0.031025181020861714,VALE3.SA,1367,648,52.9900016784668,48.2400016784668,1.0
2015-02-02,9.260440826416016,9.297970439799379,8.74909928483236,8.889836006102389,6374000,0.06071995822782883,VALE3.SA,1364,645,54.75,49.56999969482422,1.0
2015-02-03,9.790546417236328,9.954737896347467,9.443396417690469,9.541912199933606,10130700,0.05724409893189453,VALE3.SA,1363,644,57.90999984741211,53.04999923706055,1.0
2015-02-04,9.640427589416504,9.931282743572801,9.45747084900739,9.776472987508974,7812700,-0.015333038772538665,VALE3.SA,1362,643,54.15999984741211,48.45000076293945,1.0
2015-02-05,9.593515396118164,9.931281862629922,9.58413277057651,9.64511804704442,4582200,-0.004866194249499967,VALE3.SA,1361,642,56.56999969482422,50.47999954223633,1.0
2015-02-06,9.579442024230957,9.677956913914175,9.363646097895167,9.480926239771266,4462400,-0.0014669671445882715,VALE3.SA,1360,641,57.79999923706055,51.689998626708984,1.0
2015-02-09,10.128313064575195,10.254975831804554,9.48092618414278,9.49969143622556,4581800,0.057296765193200594,VALE3.SA,1357,638,58.34000015258789,52.86000061035156,-1.0
2015-02-10,9.570058822631836,10.137695140460691,9.570058822631836,9.982885398284898,5708600,-0.05511818586018147,VALE3.SA,1356,637,56.43000030517578,50.02000045776367,1.0
2015-02-11,9.898446083068848,9.935975699994799,9.537222960921154,9.537222960921154,5888600,0.034314027376761924,VALE3.SA,1355,636,54.65999984741211,48.84000015258789,1.0
2015-02-12,10.123621940612793,10.259667336424185,9.978194813361275,10.179916803135969,5681000,0.022748606766581858,VALE3.SA,1354,635,57.04999923706055,51.209999084472656,-1.0
2015-02-13,10.545829772949219,10.649036866838038,10.231518967951933,10.2690485762452,7381400,0.04170521526911841,VALE3.SA,1353,634,57.38999938964844,52.779998779296875,-1.0
2015-02-18,10.653728485107422,10.78977388973156,10.639655439647367,10.649038066471766,5872100,0.010231410375594274,VALE3.SA,1348,629,60.529998779296875,52.13999938964844,-1.0
2015-02-19,10.367566108703613,10.733479627684769,10.33003649407025,10.733479627684769,4910700,-0.026860303113959372,VALE3.SA,1347,628,60.209999084472656,51.15999984741211,-1.0
2015-02-20,10.611506462097168,10.65372648532888,10.297195680690505,10.419166227406786,2589100,0.0235291823399868,VALE3.SA,1346,627,60.220001220703125,50.34000015258789,-1.0
2015-02-23,10.142386436462402,10.452005920302218,10.029796719814817,10.367564080204737,5798700,-0.04420861706209178,VALE3.SA,1343,624,58.900001525878906,49.45000076293945,-1.0
2015-02-24,10.33941650390625,10.456696631792067,10.128311915801234,10.156458895956446,7130600,0.019426401141206195,VALE3.SA,1342,623,58.65999984741211,49.279998779296875,-1.0
2015-02-25,10.386330604553223,10.44262547462827,10.226829516579956,10.24090345779287,4870400,0.004537403114503347,VALE3.SA,1341,622,61.630001068115234,50.9900016784668,-1.0
2015-02-26,9.968812942504883,10.292506413293063,9.79523792345135,10.259668113823178,7354500,-0.04019876489058671,VALE3.SA,1340,621,60.04999923706055,48.16999816894531,-1.0
2015-02-27,9.968812942504883,10.14707838024564,9.903136343565112,10.015725182366099,5026500,0.0,VALE3.SA,1339,620,62.58000183105469,49.7599983215332,-1.0
2015-03-02,9.645118713378906,9.968812158717016,9.565368180318112,9.926591235639155,4685300,-0.03247068943843989,VALE3.SA,1336,617,59.540000915527344,49.59000015258789,-1.0
2015-03-03,9.753016471862793,9.907826214522055,9.673265944142784,9.715485969616745,4441700,0.011186773505879266,VALE3.SA,1335,616,61.02000045776367,50.52000045776367,-1.0
2015-03-04,9.565366744995117,9.696720807613406,9.424630952371224,9.607587661737554,6035800,-0.01924017327449823,VALE3.SA,1334,615,60.54999923706055,51.529998779296875,-1.0
2015-03-05,9.14785099029541,9.560676692566071,9.096247441970403,9.560676692566071,7140400,-0.0436486928133899,VALE3.SA,1333,614,60.47999954223633,50.7599983215332,-1.0
2015-03-06,9.190071105957031,9.32142517435652,8.946128219547862,9.124394519145481,7622600,0.0046153042617780304,VALE3.SA,1332,613,59.72999954223633,49.61000061035156,-1.0
2015-03-09,9.16661548614502,9.274512992126937,8.983657872983951,9.115011942076976,5393600,-0.0025522783819167394,VALE3.SA,1329,610,58.529998779296875,50.0,-1.0
2015-03-10,8.96020221710205,9.161924186255964,8.932055236105995,8.974275260211881,5896000,-0.022517936893388213,VALE3.SA,1328,609,56.38999938964844,48.290000915527344,-1.0
2015-03-11,8.847614288330078,8.997732728444765,8.810084678301406,8.974276162941544,11250500,-0.012565333465028194,VALE3.SA,1327,608,57.540000915527344,48.16999816894531,1.0
2015-03-12,8.847614288330078,9.175998152386835,8.847614288330078,8.969585744617383,10526500,0.0,VALE3.SA,1326,607,57.08000183105469,47.04999923706055,1.0
2015-03-13,8.856995582580566,8.97427571997837,8.514537796125323,8.725642401351946,14184500,0.001060319080914418,VALE3.SA,1325,606,54.66999816894531,44.84000015258789,1.0
2015-03-16,8.866378784179688,9.068100776769748,8.692804670632306,8.946129318580956,7892200,0.0010594113445845377,VALE3.SA,1322,603,53.439998626708984,43.880001068115234,1.0
2015-03-17,9.326116561889648,9.382411424136116,8.899216913673573,8.90390822675882,8644000,0.05185180882755347,VALE3.SA,1321,602,53.43000030517578,43.459999084472656,-1.0
2015-03-18,9.190071105957031,9.246365067573679,8.974275200356185,9.171305855567224,9506400,-0.014587578337649676,VALE3.SA,1320,601,55.90999984741211,44.65999984741211,-1.0
2015-03-19,8.983659744262695,9.227602682772696,8.983659744262695,9.21822005557387,3495400,-0.0224602573053585,VALE3.SA,1319,600,54.43000030517578,43.959999084472656,-1.0
2015-03-20,9.499692916870117,9.499692916870117,8.955513048522896,9.133778497211837,10164000,0.057441308697936844,VALE3.SA,1318,599,55.31999969482422,45.720001220703125,-1.0
2015-03-23,9.560677528381348,9.598207140959602,9.326117226073128,9.537221856061143,4862600,0.00641964030257558,VALE3.SA,1315,596,55.91999816894531,47.45000076293945,-1.0
2015-03-24,9.185381889343262,9.58413460335293,9.105631346541328,9.476237073319899,5204700,-0.0392540840253216,VALE3.SA,1314,595,55.11000061035156,47.5099983215332,-1.0
2015-03-25,9.269822120666504,9.354263962332393,9.044644472741755,9.26043949497553,4752100,0.009192892831294097,VALE3.SA,1313,594,56.47999954223633,49.209999084472656,-1.0
2015-03-26,8.875761032104492,9.293278044228401,8.875761032104492,9.194763156108744,6943000,-0.04251010250600995,VALE3.SA,1312,593,59.189998626708984,51.43000030517578,-1.0
2015-03-27,8.60836124420166,8.856994533374811,8.523919412114049,8.833538866584401,6067800,-0.03012697017592303,VALE3.SA,1311,592,56.40999984741211,48.869998931884766,1.0
2015-03-30,8.735024452209473,8.786627100820388,8.55206684146196,8.735024452209473,4054400,0.014713974520194517,VALE3.SA,1308,589,56.290000915527344,48.68000030517578,1.0
2015-03-31,8.416023254394531,8.617745242132823,8.364419705500604,8.589597363767147,5094700,-0.036519783036698006,VALE3.SA,1307,588,55.11000061035156,47.599998474121094,1.0
2015-04-01,8.228375434875488,8.35503731194075,8.148624900172509,8.340964267142665,10595600,-0.022296494893958463,VALE3.SA,1306,587,57.099998474121094,50.09000015258789,1.0
2015-04-02,8.444170951843262,8.509847550695769,8.054800882632662,8.19084539379522,6519700,0.02622577429478201,VALE3.SA,1305,586,54.95000076293945,49.13999938964844,1.0
2015-04-06,8.50515365600586,8.67872862215043,8.387873539490313,8.55675719360111,4765200,0.0072218699159904975,VALE3.SA,1301,582,58.119998931884766,52.13999938964844,1.0
2015-04-07,8.913289070129395,9.007113523514962,8.570831336391787,8.608360938790755,11772400,0.04798683605619902,VALE3.SA,1300,581,59.099998474121094,53.97999954223633,1.0
2015-04-08,8.79601001739502,9.17130608689331,8.73971515958207,9.124394749288331,6513500,-0.013157775071763966,VALE3.SA,1299,580,55.54999923706055,50.41999816894531,1.0
2015-04-09,8.819464683532715,8.880450847128065,8.533301798614627,8.655273231029021,8139900,0.0026665119856970065,VALE3.SA,1298,579,56.56999969482422,50.790000915527344,1.0
2015-04-10,8.641199111938477,8.880450659530696,8.641199111938477,8.819464497223665,4013700,-0.02021274283541119,VALE3.SA,1297,578,57.869998931884766,51.63999938964844,1.0
2015-04-13,8.556758880615234,8.852305333577808,8.46293530577071,8.631818098401437,4761800,-0.00977181872902122,VALE3.SA,1294,575,57.93000030517578,51.90999984741211,1.0
2015-04-14,8.79601001739502,9.030570284525552,8.702185552632242,8.702185552632242,6921500,0.027960485987491346,VALE3.SA,1293,574,58.43000030517578,53.290000915527344,1.0
2015-04-15,9.014968872070312,9.068282574392997,8.772631004135334,8.94226769657894,8478900,0.024892974683098368,VALE3.SA,1292,573,60.31999969482422,56.38999938964844,1.0
2015-04-16,8.753243446350098,9.073129354976322,8.729010029569102,8.947113553934841,5130500,-0.02903231607721668,VALE3.SA,1291,572,60.400001525878906,56.709999084472656,1.0
2015-04-17,8.627226829528809,8.782323825376418,8.607840282826299,8.680541450740346,4104600,-0.01439656255348809,VALE3.SA,1290,571,63.45000076293945,55.7400016784668,1.0
2015-04-20,8.593299865722656,8.782324015730833,8.58360612993854,8.656308223873891,3035100,-0.003932545704029566,VALE3.SA,1287,568,63.45000076293945,56.380001068115234,1.0
2015-04-22,9.426944732666016,9.480258442342027,8.825945923782012,8.855027137546086,7975100,0.09701102951947949,VALE3.SA,1285,566,62.72999954223633,56.15999984741211,1.0
2015-04-23,10.221811294555664,10.299359337968248,9.33485473913434,9.33485473913434,8204400,0.08431857663653175,VALE3.SA,1284,565,64.8499984741211,57.7400016784668,1.0
2015-04-24,11.244477272033691,11.414113037468143,10.614398270257196,10.638632611351824,20963300,0.1000474326915739,VALE3.SA,1283,564,65.27999877929688,57.150001525878906,-1.0
2015-04-27,11.370492935180664,12.02480539890759,11.166930002565621,11.31717922997248,17059300,0.011206893846491983,VALE3.SA,1280,561,64.83000183105469,56.9900016784668,-1.0
2015-04-28,10.929437637329102,11.700072142828018,10.696793502503743,11.50135516210899,17206700,-0.038789461491763766,VALE3.SA,1279,560,64.63999938964844,57.060001373291016,1.0
2015-04-29,10.2315034866333,10.599857099462358,10.221809751558611,10.493227862531697,14041200,-0.06385819415923388,VALE3.SA,1278,559,65.83999633789062,58.58000183105469,1.0
2015-04-30,10.9779052734375,11.031219900404286,9.872845183184909,9.98432038098309,22251200,0.07295132995647391,VALE3.SA,1277,558,66.77999877929688,59.630001068115234,1.0
2015-05-04,12.010266304016113,12.010266304016113,11.496509305506066,11.680686621785728,10121000,0.09403989238972099,VALE3.SA,1273,554,66.44999694824219,58.93000030517578,1.0
2015-05-05,13.115323066711426,13.139557404315795,12.00056942138321,12.058729982742785,14709800,0.09200934723036003,VALE3.SA,1272,553,67.5199966430664,60.400001525878906,-1.0
2015-05-06,12.082964897155762,13.517604471783882,12.05873055839451,13.328581251673617,17730800,-0.0787138955178266,VALE3.SA,1271,552,67.7699966430664,60.93000030517578,-1.0
2015-05-07,11.574057579040527,12.310765009383667,11.41411460365182,12.116894876252767,12752400,-0.042117751929828695,VALE3.SA,1270,551,65.54000091552734,58.939998626708984,-1.0
2015-05-08,11.026373863220215,11.971491992703076,11.006986388517992,11.850323049151205,10498300,-0.047319940485877066,VALE3.SA,1269,550,65.38999938964844,59.38999938964844,-1.0
2015-05-11,11.283252716064453,11.603138663283808,11.181470319524275,11.273558978404303,8290200,0.023296766101962962,VALE3.SA,1266,547,64.91000366210938,59.25,-1.0
2015-05-12,10.822809219360352,11.433500761685947,10.788882065527641,11.244477519220505,6338600,-0.04080769156650621,VALE3.SA,1265,546,66.86000061035156,60.75,-1.0
2015-05-13,10.468993186950684,10.847039564824554,10.430219175772715,10.73556439824356,9515000,-0.03269170002338628,VALE3.SA,1264,545,66.80999755859375,60.5,-1.0
2015-05-14,10.33813190460205,10.687098050842353,10.24604326934381,10.44476021817522,7312900,-0.012499891824530707,VALE3.SA,1263,544,66.58999633789062,59.880001068115234,-1.0
2015-05-15,10.313899040222168,10.493228528253827,10.270278154064084,10.347826190690562,5580200,-0.0023440273932948674,VALE3.SA,1262,543,66.56999969482422,59.689998626708984,-1.0
2015-05-18,9.809835433959961,10.420526888103186,9.809835433959961,10.279970500297269,10128900,-0.04887226492100205,VALE3.SA,1259,540,66.2699966430664,59.43000030517578,-1.0
2015-05-19,9.751673698425293,9.804987387003422,9.61111732752531,9.693512218359178,12234100,-0.005928920615051458,VALE3.SA,1258,539,64.0199966430664,57.2599983215332,-1.0
2015-05-20,9.620813369750977,9.926158671129073,9.562651875731271,9.69836141214686,6727500,-0.013419268601598922,VALE3.SA,1257,538,65.02999877929688,58.97999954223633,1.0
2015-05-21,9.814684867858887,9.9358538168448,9.58688757656583,9.58688757656583,3455300,0.020151258594981902,VALE3.SA,1256,537,66.54000091552734,60.720001220703125,-1.0
2015-05-22,9.819530487060547,10.027941200704056,9.771062728745331,9.935852552349706,6084100,0.0004937111345804102,VALE3.SA,1255,536,65.37000274658203,59.720001220703125,-1.0
2015-05-25,9.969779014587402,10.110335411511565,9.746828636019393,9.746828636019393,1530500,0.015300988955107675,VALE3.SA,1252,533,65.37000274658203,59.720001220703125,-1.0
2015-05-26,10.076408386230469,10.265431616024713,9.935851987550766,10.003706290667562,6830900,0.01069525929181081,VALE3.SA,1251,532,63.720001220703125,58.029998779296875,-1.0
2015-05-27,10.153956413269043,10.183036696792284,9.819529917192373,10.081254317792624,4667900,0.007695998818839422,VALE3.SA,1250,531,62.060001373291016,57.5099983215332,-1.0
2015-05-28,9.955238342285156,10.057019785537506,9.829222561749788,9.945544607371948,6352000,-0.019570506598216686,VALE3.SA,1249,530,62.58000183105469,57.68000030517578,-1.0
2015-05-29,9.717744827270508,10.027937821285379,9.717744827270508,9.93100233732224,8707400,-0.023856135518713573,VALE3.SA,1248,529,65.55999755859375,60.29999923706055,-1.0
2015-06-01,9.712902069091797,9.882537834968222,9.591733136639727,9.727441749340867,6876000,-0.0004983417721693417,VALE3.SA,1245,526,64.87999725341797,60.20000076293945,-1.0
2015-06-02,10.347827911376953,10.372061330185307,9.746830065362195,9.766216615519744,5829100,0.06536932399489581,VALE3.SA,1244,525,65.48999786376953,61.2599983215332,-1.0
2015-06-03,10.124876022338867,10.439915996304409,10.05702171382721,10.352674214249067,8682100,-0.02154576699067068,VALE3.SA,1243,524,63.79999923706055,59.63999938964844,-1.0
2015-06-05,9.984319686889648,10.173342915619513,9.848610156974683,9.935851931602478,6084100,-0.013882277189281589,VALE3.SA,1241,522,63.310001373291016,59.130001068115234,-1.0
2015-06-08,9.741981506347656,10.008552764768567,9.737134638537848,9.950392199941883,7132000,-0.02427187711749701,VALE3.SA,1238,519,62.689998626708984,58.13999938964844,-1.0
2015-06-09,9.683818817138672,9.994011847411368,9.64504480391026,9.669279139956389,6456600,-0.005970314065068427,VALE3.SA,1237,518,64.87999725341797,60.13999938964844,-1.0
2015-06-10,10.279973030090332,10.34782826910169,9.882539031441725,9.960087083644103,5297600,0.06156189249395827,VALE3.SA,1236,517,65.69999694824219,61.43000030517578,-1.0
2015-06-11,10.33813190460205,10.527155118259865,10.212116120681687,10.39144652361137,6340600,0.005657492907956474,VALE3.SA,1235,516,65.11000061035156,60.77000045776367,-1.0
2015-06-12,10.255738258361816,10.32843943216115,10.149109931752498,10.236351710089933,3608400,-0.0079698776336522,VALE3.SA,1234,515,63.869998931884766,59.959999084472656,-1.0
2015-06-15,9.858305931091309,10.192732494824195,9.814685034758943,10.120030384639765,4450900,-0.03875219094505156,VALE3.SA,1231,512,62.61000061035156,59.52000045776367,-1.0
2015-06-16,9.572346687316895,9.780757421331813,9.543266399263509,9.766216815082275,8169800,-0.029006935448467885,VALE3.SA,1230,511,62.630001068115234,59.970001220703125,-1.0
2015-06-17,9.436635971069336,9.611119526747755,9.354241061381813,9.572345505979836,5554800,-0.014177371618536494,VALE3.SA,1229,510,63.869998931884766,59.91999816894531,-1.0
2015-06-18,9.887385368347168,9.887385368347168,9.446330498506494,9.52387854653701,5554500,0.04776589863800318,VALE3.SA,1228,509,64.26000213623047,60.45000076293945,-1.0
2015-06-19,9.848610877990723,9.863151482975052,9.620813613243211,9.761369096975962,3160600,-0.003921612126151719,VALE3.SA,1227,508,63.02000045776367,59.61000061035156,-1.0
2015-06-22,9.54326343536377,9.95039103945023,9.54326343536377,9.935850437716642,5151000,-0.03100411280430737,VALE3.SA,1224,505,63.34000015258789,59.68000030517578,-1.0
2015-06-23,9.601424217224121,9.775907744312924,9.601424217224121,9.775907744312924,2995400,0.006094433235996455,VALE3.SA,1223,504,64.44999694824219,61.0099983215332,-1.0
2015-06-24,9.596579551696777,9.780756855758076,9.552958659916241,9.732289095507964,2893300,-0.0005045778019736602,VALE3.SA,1222,503,63.4900016784668,60.27000045776367,-1.0
2015-06-25,9.363935470581055,9.63535363546069,9.271846817972634,9.62081395440638,5130300,-0.024242395935183847,VALE3.SA,1221,502,63.20000076293945,59.70000076293945,-1.0
2015-06-26,9.509340286254883,9.514186231090955,9.237921153145285,9.397864141663609,2998200,0.015528173611474738,VALE3.SA,1220,501,63.2599983215332,59.630001068115234,-1.0
2015-06-29,9.305773735046387,9.44632920620595,9.213685093941173,9.296079999257305,2960000,-0.02140701090513486,VALE3.SA,1217,498,62.0099983215332,58.33000183105469,-1.0
2015-06-30,8.864721298217773,9.305776225770055,8.801712923169863,9.228228167592452,5353300,-0.0473955685347871,VALE3.SA,1216,497,63.59000015258789,59.470001220703125,-1.0
2015-07-01,8.77747631072998,9.019814135547966,8.709621091158047,8.879257753419724,2518000,-0.009841819562373955,VALE3.SA,1215,496,62.0099983215332,56.959999084472656,-1.0
2015-07-02,8.758090019226074,8.8986464202632,8.602993938388943,8.670848242643798,4323900,-0.0022086407091987947,VALE3.SA,1214,495,62.06999969482422,56.93000030517578,-1.0
2015-07-03,8.56906795501709,8.762938082505912,8.5109064545476,8.675696294024519,1949700,-0.021582566951702575,VALE3.SA,1213,494,62.06999969482422,56.93000030517578,1.0
2015-07-06,8.554525375366211,8.56906597824067,8.355808424975976,8.45759079620624,4699200,-0.0016971016833124963,VALE3.SA,1210,491,56.540000915527344,52.529998779296875,1.0
2015-07-07,8.69023609161377,8.748396662225643,8.065003948639713,8.481825377289084,8085300,0.015864201728637672,VALE3.SA,1209,490,56.849998474121094,52.33000183105469,1.0
2015-07-08,8.317034721374512,8.636920601085414,8.254027288771974,8.40912336082023,8525700,-0.04294490578908483,VALE3.SA,1208,489,57.04999923706055,51.650001525878906,1.0
2015-07-10,8.292802810668945,8.748397373820573,8.292802810668945,8.719317086149244,4808900,-0.0029135276594783877,VALE3.SA,1206,487,58.72999954223633,52.7400016784668,1.0
2015-07-13,8.966499328613281,8.976193063267871,8.210405590018176,8.433355940401245,11273000,0.08123869978888254,VALE3.SA,1203,484,57.849998474121094,52.20000076293945,-1.0
2015-07-14,8.636919975280762,8.825943183837843,8.559371944875526,8.806556638459256,5417700,-0.03675674767306214,VALE3.SA,1202,483,58.5099983215332,53.040000915527344,1.0
2015-07-15,8.292802810668945,8.816252610981243,8.292802810668945,8.762937979879077,6598400,-0.03984257878927844,VALE3.SA,1201,482,57.04999923706055,51.40999984741211,1.0
2015-07-16,8.549680709838867,8.573915054204882,8.375198052632125,8.394584603679224,2990000,0.03097600473984996,VALE3.SA,1200,481,57.5099983215332,50.90999984741211,1.0
2015-07-17,8.45759105682373,8.598146524492767,8.375196153553777,8.598146524492767,2920800,-0.010771121886360202,VALE3.SA,1199,480,57.52000045776367,50.88999938964844,1.0
2015-07-20,8.389737129211426,8.685389638015794,8.384890260688083,8.457592364092575,3592000,-0.008022843284384074,VALE3.SA,1196,477,56.650001525878906,50.150001525878906,1.0
2015-07-21,8.506056785583496,8.73870178642829,8.336421057653958,8.438202494411682,5947000,0.013864517395553166,VALE3.SA,1195,476,57.040000915527344,50.36000061035156,1.0
2015-07-22,8.380043029785156,8.46243700869276,8.161938601954722,8.360655558668894,8000200,-0.014814591411135947,VALE3.SA,1194,475,56.130001068115234,49.189998626708984,1.0
2015-07-23,8.394580841064453,8.690233238692675,8.37519429870678,8.389733974363711,6047000,0.0017348134404113758,VALE3.SA,1193,474,55.27000045776367,48.45000076293945,1.0
2015-07-24,8.137704849243164,8.506057540685717,8.01653593313969,8.394582359737432,5779600,-0.030600216578379746,VALE3.SA,1192,473,54.619998931884766,48.13999938964844,1.0
2015-07-27,8.123164176940918,8.50605746783703,7.953527510959785,8.118317309404834,6410300,-0.001786827191649576,VALE3.SA,1189,470,53.470001220703125,47.38999938964844,1.0
2015-07-28,8.767783164978027,8.821097785842735,8.268566879510258,8.321881500374968,11251300,0.0793556518120091,VALE3.SA,1188,469,53.29999923706055,47.97999954223633,1.0
2015-07-29,8.893797874450684,9.063434527533035,8.821096715828359,8.918031285842996,7374700,0.014372471022779054,VALE3.SA,1187,468,53.380001068115234,48.790000915527344,-1.0
2015-07-30,8.45759105682373,9.601425042609238,8.428509850178685,9.257305750652401,10051000,-0.04904618069633104,VALE3.SA,1186,467,53.310001373291016,48.52000045776367,1.0
2015-07-31,8.66115665435791,8.743551574497031,8.302495761202424,8.496366814079668,8740700,0.024068980891425173,VALE3.SA,1185,466,52.209999084472656,47.119998931884766,1.0
2015-08-03,8.525445938110352,8.695082623991741,8.38488953641145,8.632074263076522,4459200,-0.015668890618584452,VALE3.SA,1182,463,49.52000045776367,45.16999816894531,1.0
2015-08-04,8.772631645202637,8.874413113439203,8.685389858459484,8.685389858459484,3890900,0.028993874207484893,VALE3.SA,1181,462,49.9900016784668,45.7400016784668,1.0
2015-08-05,9.213685035705566,9.344547694694452,9.039201490387054,9.039201490387054,7956400,0.05027606405246954,VALE3.SA,1180,461,49.59000015258789,45.150001525878906,-1.0
2015-08-06,9.489951133728027,9.591733521786447,9.048896275848012,9.09251716723796,10318000,0.029984321902892574,VALE3.SA,1179,460,49.52000045776367,44.65999984741211,-1.0
2015-08-07,8.92772388458252,9.446326587753635,8.92772388458252,9.426940045994806,6786600,-0.05924448305611485,VALE3.SA,1178,459,48.61000061035156,43.869998931884766,-1.0
2015-08-10,9.378475189208984,9.480256644746806,8.884105742308135,8.9907340658876,12030800,0.050488938776979575,VALE3.SA,1175,456,50.40999984741211,44.959999084472656,-1.0
2015-08-11,9.014968872070312,9.228226454697861,8.777477872427506,9.136137806037802,11728600,-0.03875963947283534,VALE3.SA,1174,455,49.18000030517578,43.08000183105469,-1.0
2015-08-12,9.170064926147461,9.271846386574547,8.796864389023613,8.918033322548581,12862900,0.017204280600197963,VALE3.SA,1173,454,49.65999984741211,43.29999923706055,-1.0
2015-08-13,8.956809043884277,9.45117860834143,8.937422491553328,9.208840695307034,6140400,-0.023255656746235975,VALE3.SA,1172,453,49.220001220703125,42.22999954223633,-1.0
2015-08-14,8.821099281311035,9.087670581936235,8.821099281311035,8.97134850942093,6818300,-0.015151574841924864,VALE3.SA,1171,452,49.029998779296875,42.5,-1.0
2015-08-17,8.729009628295898,8.884105707233914,8.70962215620587,8.772630516052908,4345100,-0.010439702590157252,VALE3.SA,1168,449,49.029998779296875,41.869998931884766,-1.0
2015-08-18,8.4430513381958,8.748396644399973,8.4430513381958,8.748396644399973,4570800,-0.03275953427444245,VALE3.SA,1167,448,48.810001373291016,42.619998931884766,-1.0
2015-08-19,8.161940574645996,8.476979660864258,8.084392520329063,8.433358764755265,5287400,-0.03329492529295397,VALE3.SA,1166,447,47.15999984741211,40.79999923706055,-1.0
2015-08-20,8.321880340576172,8.404275232045059,8.108622811283986,8.195864569832851,6276800,0.019595801325362316,VALE3.SA,1165,446,46.619998931884766,41.13999938964844,-1.0
2015-08-21,8.094084739685059,8.31703512290671,8.094084739685059,8.215253667378274,5072500,-0.027373092566642443,VALE3.SA,1164,445,45.459999084472656,40.45000076293945,-1.0
2015-08-24,7.464006423950195,7.948682177770931,7.158661105799212,7.337991079246146,10706700,-0.07784429444451058,VALE3.SA,1161,442,42.689998626708984,38.2400016784668,1.0
2015-08-25,7.439774036407471,7.890522697798405,7.439774036407471,7.82266745424287,6042300,-0.003246565740480656,VALE3.SA,1160,441,43.209999084472656,39.310001373291016,1.0
2015-08-26,7.706342697143555,7.730576572236,7.405843847776304,7.623947799162872,6615000,0.03583020928210945,VALE3.SA,1159,440,43.13999938964844,38.599998474121094,1.0
2015-08-27,8.57391357421875,8.57391357421875,7.842053140718029,7.85174687679115,8865100,0.11257880828434619,VALE3.SA,1158,439,47.560001373291016,42.560001373291016,1.0
2015-08-28,8.389737129211426,8.913186911939013,8.341269368423648,8.457592364092575,6267900,-0.02148102420359499,VALE3.SA,1157,438,50.04999923706055,45.220001220703125,1.0
2015-08-31,8.685388565063477,8.767783470890324,8.220099413204354,8.249180620751853,7932500,0.03523965427029285,VALE3.SA,1154,435,54.150001525878906,49.20000076293945,1.0
2015-09-01,8.28795337677002,8.70477378586748,8.28795337677002,8.389734814340033,6389600,-0.04575905675563208,VALE3.SA,1153,434,49.560001373291016,45.40999984741211,1.0
2015-09-02,8.77747631072998,8.821097193152854,8.365501823650318,8.491517603489122,10601200,0.059064392824895284,VALE3.SA,1152,433,50.5,46.25,1.0
2015-09-03,9.07797622680664,9.388169323510322,8.772630922795784,8.811404944328046,8880300,0.03423534344482548,VALE3.SA,1151,432,50.68000030517578,46.75,-1.0
2015-09-04,8.840484619140625,9.014968166214658,8.748395977690938,8.893799241734476,11979600,-0.026161294294285486,VALE3.SA,1150,431,49.61000061035156,46.04999923706055,1.0
2015-09-08,9.174908638000488,9.305771263054048,9.029505413125884,9.194295179983268,6504800,0.03782869755078799,VALE3.SA,1146,427,49.52000045776367,45.939998626708984,-1.0
2015-09-09,9.23791790008545,9.664433002237583,9.179757338075454,9.40270769985621,7716600,0.006867562890380263,VALE3.SA,1145,426,47.58000183105469,44.150001525878906,-1.0
2015-09-10,9.664433479309082,9.722594044190094,9.044048265756725,9.06343573701407,9679700,0.046170098482872124,VALE3.SA,1144,425,48.88999938964844,45.91999816894531,-1.0
2015-09-11,9.426944732666016,9.96493424506119,9.291235175104188,9.804991267141695,8185600,-0.02457347832664114,VALE3.SA,1143,424,48.13999938964844,44.630001068115234,-1.0
2015-09-14,9.281539916992188,9.494797494104718,9.111903228935528,9.363934826937104,5714300,-0.015424384018076887,VALE3.SA,1140,421,46.369998931884766,44.0,-1.0
2015-09-15,9.014968872070312,9.334854783788835,8.97619485017854,9.25730674000529,6058200,-0.028720562245694747,VALE3.SA,1139,420,46.630001068115234,44.59000015258789,1.0
2015-09-16,9.228226661682129,9.339701861565604,9.029508755028354,9.121597405753915,6522200,0.023655965166171633,VALE3.SA,1138,419,46.61000061035156,47.150001525878906,-1.0
2015-09-17,9.446330070495605,9.829224349187374,9.150677572996678,9.150677572996678,7195500,0.023634379259353855,VALE3.SA,1137,418,49.08000183105469,46.900001525878906,-1.0
2015-09-18,9.649894714355469,9.892232604569209,9.397863086666215,9.431790243384828,11238600,0.021549600992206708,VALE3.SA,1136,417,47.470001220703125,44.68000030517578,-1.0
2015-09-21,9.659588813781738,9.829225528176886,9.514185519537731,9.698362840690995,5214900,0.0010045808491410124,VALE3.SA,1133,414,48.91999816894531,46.68000030517578,-1.0
2015-09-22,9.431788444519043,9.552957366516125,9.131290035655764,9.426942501151208,8156600,-0.02358282258740485,VALE3.SA,1132,413,49.08000183105469,45.83000183105469,-1.0
2015-09-23,9.160372734069824,9.523879595933275,9.160372734069824,9.431790932083056,5364500,-0.028776696174408256,VALE3.SA,1131,412,47.75,44.47999954223633,-1.0
2015-09-24,8.942266464233398,9.20399084482288,8.893798712436688,8.893798712436688,6066900,-0.023809759293443533,VALE3.SA,1130,411,48.16999816894531,44.90999984741211,-1.0
2015-09-25,8.69023609161377,9.170064959166938,8.636921464848218,9.044049156913742,4420500,-0.02818417161104303,VALE3.SA,1129,410,48.599998474121094,45.70000076293945,-1.0
2015-09-28,8.040770530700684,8.578760893249436,8.031076794117952,8.578760893249436,7584400,-0.07473508821467256,VALE3.SA,1126,407,47.34000015258789,44.43000030517578,1.0
2015-09-29,7.987455368041992,8.326728730110029,7.9632219526566494,8.142551445177482,7694600,-0.006630603678481672,VALE3.SA,1125,406,48.22999954223633,45.22999954223633,1.0
2015-09-30,8.03592300415039,8.263720248511055,7.914754080128554,8.22009936190755,6672100,0.006067969569172105,VALE3.SA,1124,405,48.369998931884766,45.09000015258789,1.0
2015-10-01,8.34611701965332,8.486673446674821,8.098932248455522,8.147400013788651,6028900,0.03860091931477205,VALE3.SA,1123,404,47.689998626708984,44.7400016784668,1.0
2015-10-02,8.636919975280762,8.690234592851402,8.176478660305355,8.278260103545184,7116900,0.034842904184384516,VALE3.SA,1122,403,48.130001068115234,45.540000915527344,1.0
2015-10-05,8.792017936706543,8.913186875964112,8.724163626544911,8.772631387137066,3574800,0.017957554529818287,VALE3.SA,1119,400,49.25,46.2599983215332,1.0
2015-10-06,8.874410629272461,8.990732670886697,8.724161441076415,8.893798098430873,4558400,0.00937130624153193,VALE3.SA,1118,399,51.91999816894531,48.529998779296875,1.0
2015-10-07,9.766214370727539,9.838915534887704,9.354239874559335,9.354239874559335,9670300,0.10049160205788099,VALE3.SA,1117,398,51.33000183105469,47.810001373291016,-1.0
2015-10-08,9.722594261169434,9.780755751793947,9.53841790234195,9.727441129091938,5880600,-0.004466429662741023,VALE3.SA,1116,397,53.04999923706055,49.43000030517578,-1.0
2015-10-09,10.076408386230469,10.095794933787177,9.790449645316047,9.950392591552458,12008500,0.03639091744002054,VALE3.SA,1115,396,52.650001525878906,49.630001068115234,-1.0
2015-10-13,9.005273818969727,9.693513300266464,8.990733216218958,9.678972697515697,8803000,-0.10630122621116267,VALE3.SA,1111,392,49.2400016784668,46.65999984741211,-1.0
2015-10-14,9.063434600830078,9.291231812874356,9.0149668532081,9.063434600830078,13342500,0.00645852453012985,VALE3.SA,1110,391,49.150001525878906,46.63999938964844,-1.0
2015-10-15,9.194297790527344,9.23307180994732,8.932573390553893,9.140984091603341,5301300,0.014438587076612164,VALE3.SA,1109,390,48.709999084472656,46.380001068115234,-1.0
2015-10-16,9.107088088989258,9.324630087157983,8.998317561413906,9.324630087157983,5306400,-0.009485194359044602,VALE3.SA,1108,389,48.72999954223633,47.2599983215332,-1.0
2015-10-19,8.800553321838379,9.17136316870828,8.756056064772535,9.102145632391725,6646700,-0.03365892194690512,VALE3.SA,1105,386,48.61000061035156,45.88999938964844,-1.0
2015-10-20,8.706615447998047,8.884603532051951,8.578067922114661,8.84999476412531,4110400,-0.010674087231222984,VALE3.SA,1104,385,48.709999084472656,45.54999923706055,-1.0
2015-10-21,8.94393253326416,9.037871280835281,8.696725997669281,8.70167024154335,3708700,0.027257099694311338,VALE3.SA,1103,384,47.849998474121094,45.20000076293945,-1.0
2015-10-22,9.151585578918457,9.39384785788058,8.983485068125466,8.99831779896651,7244800,0.023217197231977904,VALE3.SA,1102,383,48.08000183105469,45.380001068115234,-1.0
2015-10-23,9.196084022521973,9.55700536602344,9.072480745184361,9.51745235499613,8380100,0.004862375292214116,VALE3.SA,1101,382,47.9900016784668,44.599998474121094,-1.0
2015-10-26,8.830217361450195,9.22080317999182,8.815384630486061,9.171361686462765,5048400,-0.03978504982944253,VALE3.SA,1098,379,47.540000915527344,43.97999954223633,-1.0
2015-10-27,8.419855117797852,8.85493821460881,8.380302108996855,8.805496717853035,7572600,-0.04647249629933792,VALE3.SA,1097,378,46.810001373291016,43.20000076293945,-1.0
2015-10-28,8.192423820495605,8.365468570956933,8.108373567015418,8.335804052969227,746800,-0.02701130769120985,VALE3.SA,1096,377,49.04999923706055,45.939998626708984,1.0
2015-10-29,7.979827880859375,8.157816915323172,7.979827880859375,8.014436650223283,5896100,-0.02595031022496208,VALE3.SA,1095,376,48.79999923706055,46.060001373291016,1.0
2015-10-30,8.434687614440918,8.434687614440918,8.058933527794013,8.063877772186258,6156500,0.057001196062459236,VALE3.SA,1094,375,49.560001373291016,46.59000015258789,-1.0
2015-11-03,8.775832176208496,8.775832176208496,8.325916348531651,8.52862563603361,8037500,0.04044542932254047,VALE3.SA,1090,371,50.540000915527344,47.900001525878906,-1.0
2015-11-04,8.602787017822266,9.072479799978032,8.4396307464556,8.983485298683838,7193100,-0.019718375979814184,VALE3.SA,1089,370,48.58000183105469,46.31999969482422,-1.0
2015-11-05,8.380301475524902,8.607731023184568,8.227032752865865,8.607731023184568,5915900,-0.025862030739159714,VALE3.SA,1088,369,47.97999954223633,45.20000076293945,-1.0
2015-11-06,7.747453212738037,8.088598511292494,7.707900202979415,7.989715515386868,10096900,-0.0755161690346261,VALE3.SA,1087,368,47.41999816894531,44.290000915527344,-1.0
2015-11-09,7.633739948272705,7.831505520186944,7.594186928191696,7.732622969984421,2982900,-0.014677502573151369,VALE3.SA,1084,365,47.189998626708984,43.869998931884766,-1.0
2015-11-10,7.604074001312256,7.628794752131408,7.4804707187255985,7.589241739424406,4677100,-0.00388616158809052,VALE3.SA,1083,364,47.439998626708984,44.209999084472656,-1.0
2015-11-11,7.57440710067749,7.831502090109596,7.445860077470423,7.668345835858061,3983500,-0.0039014481749711782,VALE3.SA,1082,363,45.810001373291016,42.93000030517578,-1.0
2015-11-12,7.440916538238525,7.574407817297213,7.416195791299057,7.490357560608435,5643200,-0.01762389592540181,VALE3.SA,1081,362,44.060001373291016,41.75,-1.0
2015-11-13,7.599127769470215,7.609016255815412,7.416195015664892,7.460692261200318,3792600,0.02126233111454079,VALE3.SA,1080,361,43.61000061035156,40.7400016784668,-1.0
2015-11-16,7.440916538238525,7.678234577235761,7.411251547609356,7.604072807926382,4946300,-0.02081965668050867,VALE3.SA,1077,358,43.58000183105469,41.7400016784668,-1.0
2015-11-17,7.1788763999938965,7.465635878852271,7.164043671718885,7.465635878852271,4607600,-0.03521611039419903,VALE3.SA,1076,357,43.56999969482422,40.66999816894531,-1.0
2015-11-18,7.213486194610596,7.386530472480325,7.094827180384095,7.144268200557299,6100200,0.004821060105830499,VALE3.SA,1075,356,44.13999938964844,40.75,-1.0
2015-11-19,7.238207817077637,7.416196359973743,7.168989814641285,7.35686684567504,4043700,0.003427139360925313,VALE3.SA,1074,355,44.18000030517578,40.540000915527344,-1.0
2015-11-23,7.045385837554932,7.159100610713946,6.951447567184834,7.089883086707248,5780800,-0.026639464408270475,VALE3.SA,1070,351,44.83000183105469,41.75,-1.0
2015-11-24,7.154158115386963,7.238208385116811,6.862454293560917,6.9761690870135915,4629700,0.015438796446353376,VALE3.SA,1069,350,46.119998931884766,42.869998931884766,-1.0
2015-11-25,6.9514479637146,7.173933750658366,6.9514479637146,7.03055397938269,5048900,-0.028334592051632135,VALE3.SA,1068,349,46.16999816894531,43.040000915527344,-1.0
2015-11-26,7.015720367431641,7.055273841811286,6.96627934959781,7.005832352468469,3880800,0.009245901580869464,VALE3.SA,1067,348,46.16999816894531,43.040000915527344,-1.0
2015-11-27,6.5756940841674805,6.961336156061878,6.5756940841674805,6.961336156061878,5964400,-0.06272004302036449,VALE3.SA,1066,347,44.86000061035156,41.709999084472656,-1.0
2015-11-30,6.5114216804504395,6.620192713110857,6.229606316044384,6.447147909856064,13658200,-0.009774238718280981,VALE3.SA,1063,344,44.61000061035156,41.650001525878906,-1.0
2015-12-01,6.348264217376709,6.585582276732178,6.2246609435851346,6.427370237161865,6932100,-0.02505711825784318,VALE3.SA,1062,343,44.439998626708984,41.849998474121094,-1.0
2015-12-02,6.397705078125,6.44220233097781,6.0565602587685525,6.34826405279559,9802500,0.007788091209713688,VALE3.SA,1061,342,42.4900016784668,39.939998626708984,-1.0
2015-12-03,6.363096237182617,6.526252514686603,6.298822480664524,6.353208220838554,7206800,-0.00540957116962415,VALE3.SA,1060,341,43.84000015258789,41.08000183105469,-1.0
2015-12-04,6.106002330780029,6.377929174479387,6.01206357223991,6.348264650789215,6375000,-0.04040390036854469,VALE3.SA,1059,340,43.0,39.970001220703125,1.0
2015-12-07,6.036784648895264,6.155443693080196,5.9626228641569625,6.106002660424371,3124200,-0.011336006462991821,VALE3.SA,1056,337,40.72999954223633,37.650001525878906,1.0
2015-12-08,5.75991153717041,5.903291295174811,5.562146516305376,5.903291295174811,7863500,-0.04586433471260587,VALE3.SA,1055,336,40.2599983215332,37.5099983215332,1.0
2015-12-09,5.972509384155273,6.140609890344881,5.829129623848082,5.9082356334646,7322900,0.036909915302154594,VALE3.SA,1054,335,40.11000061035156,37.15999984741211,1.0
2015-12-10,6.2642130851745605,6.269157328603062,5.957677065242509,5.982397810876014,9923400,0.04884106198194682,VALE3.SA,1053,334,39.72999954223633,36.7599983215332,-1.0
2015-12-11,6.036784648895264,6.140611430434362,5.888460607909534,6.026896159458622,8390700,-0.03630598659192308,VALE3.SA,1052,333,37.93000030517578,35.619998931884766,1.0
2015-12-14,6.160386562347412,6.204883811858987,6.021951041707307,6.021951041707307,5694800,0.0204747925660671,VALE3.SA,1049,330,37.91999816894531,36.310001373291016,-1.0
2015-12-15,6.368040084838867,6.486699102638027,6.229604564073181,6.229604564073181,6886800,0.03370787212618187,VALE3.SA,1048,329,38.45000076293945,37.349998474121094,-1.0
2015-12-16,6.550972938537598,6.659743941992448,6.283989909336804,6.283989909336804,4472100,0.028726712027812074,VALE3.SA,1047,328,37.189998626708984,35.52000045776367,-1.0
2015-12-17,6.298822402954102,6.724017945211258,6.298822402954102,6.674576449573759,5814700,-0.03849054757960646,VALE3.SA,1046,327,37.18000030517578,34.95000076293945,-1.0
2015-12-18,6.37298583984375,6.407594610365561,6.091170016350412,6.091170016350412,10987200,0.011774174940202498,VALE3.SA,1045,326,36.880001068115234,34.72999954223633,-1.0
2015-12-21,6.07633638381958,6.605358198019484,6.07633638381958,6.432313912907166,6942100,-0.04654795467605233,VALE3.SA,1042,323,36.349998474121094,34.7400016784668,1.0
2015-12-22,6.2048845291137695,6.244437539583079,6.051616259913384,6.120834263989216,5677800,0.021155534712741453,VALE3.SA,1041,322,36.11000061035156,36.13999938964844,-1.0
2015-12-23,6.536139965057373,6.709184231438083,6.387815971367495,6.486698476657755,7174800,0.05338623698625322,VALE3.SA,1040,321,37.36000061035156,37.5,-1.0
2015-12-28,6.249380111694336,6.511418853820096,6.209827111807766,6.427368611183899,3095800,-0.04387296705640853,VALE3.SA,1035,316,36.619998931884766,36.810001373291016,-1.0
2015-12-29,6.288933753967285,6.333431001262108,6.081280247597445,6.2345480199362795,2890100,0.0063292105082444206,VALE3.SA,1034,315,37.790000915527344,37.869998931884766,-1.0
2015-12-30,6.442203044891357,6.4965887917424165,6.244437978639625,6.368041262924235,5226600,0.024371268154539605,VALE3.SA,1033,314,36.459999084472656,36.599998474121094,-1.0
2016-01-04,6.274102687835693,6.417482482973509,6.1702759071145765,6.175220151793945,4587900,-0.02609361361079221,VALE3.SA,1028,309,37.220001220703125,36.7599983215332,-1.0
2016-01-05,6.190052032470703,6.348264068326369,6.135666291513523,6.2642138064007815,2693500,-0.013396442415255394,VALE3.SA,1027,308,36.41999816894531,35.970001220703125,-1.0
2016-01-06,5.735191822052002,5.9873421303481145,5.7302475781713405,5.972509870215179,6758900,-0.07348245346447402,VALE3.SA,1026,307,34.22999954223633,33.970001220703125,-1.0
2016-01-07,5.394046306610107,5.621476328746702,5.37921404711462,5.567091062923897,6450400,-0.059482843124824325,VALE3.SA,1025,306,33.75,33.27000045776367,-1.0
2016-01-08,5.211113929748535,5.562147241162249,5.211113929748535,5.4731527344207525,4429400,-0.0339137572173599,VALE3.SA,1024,305,33.54999923706055,33.15999984741211,-1.0
2016-01-11,5.0627899169921875,5.319884949535314,5.0133488910094,5.191337433263751,5658100,-0.0284630147711058,VALE3.SA,1021,302,31.549999237060547,31.40999984741211,-1.0
2016-01-12,4.652427673339844,5.171561575954141,4.637595410839185,5.171561575954141,7581600,-0.08105456682590151,VALE3.SA,1020,301,30.860000610351562,30.440000534057617,-1.0
2016-01-13,4.449717998504639,4.869969331411489,4.350835470617464,4.751309826437794,9208300,-0.04357073103936848,VALE3.SA,1019,300,30.309999465942383,30.479999542236328,1.0
2016-01-14,4.771085262298584,4.810638264585345,4.420052013371847,4.523878762251839,11080500,0.07222193943569977,VALE3.SA,1018,299,31.030000686645508,31.200000762939453,-1.0
2016-01-15,4.632650852203369,4.7018688583639126,4.444773811061116,4.533768323051944,13283400,-0.029015287399940748,VALE3.SA,1017,298,31.010000228881836,29.420000076293945,-1.0
2016-01-18,4.395332336425781,4.8007509005799704,4.395332336425781,4.60298586233623,3477600,-0.05122736924253968,VALE3.SA,1014,295,31.010000228881836,29.420000076293945,1.0
2016-01-19,4.538712978363037,4.7562545621943615,4.538712978363037,4.701869284113814,10965000,0.032621115074509044,VALE3.SA,1013,294,28.760000228881836,28.459999084472656,1.0
2016-01-20,4.553544044494629,4.60298553630816,4.3063375284449945,4.434885029952967,10928000,0.003267680992892652,VALE3.SA,1012,293,27.8799991607666,26.549999237060547,1.0
2016-01-21,4.518935680389404,4.84524823481956,4.518935680389404,4.553544444795921,10638200,-0.007600313902106026,VALE3.SA,1011,292,29.25,29.530000686645508,1.0
2016-01-22,4.464550495147705,4.82052808581506,4.439829743995549,4.672204050411237,14684700,-0.012034954486675242,VALE3.SA,1010,291,32.18000030517578,32.189998626708984,1.0
2016-01-26,4.424996852874756,4.479382591980144,4.266784822406086,4.345890837640421,7220500,-0.008859490404675263,VALE3.SA,1006,287,31.799999237060547,31.450000762939453,1.0
2016-01-27,4.652427673339844,4.76119869853263,4.380500346112438,4.424997605123538,7978500,0.051396832139515514,VALE3.SA,1005,286,33.099998474121094,32.29999923706055,-1.0
2016-01-28,4.6128740310668945,4.899633581759548,4.543656029637646,4.652427040023877,8628400,-0.008501721047617039,VALE3.SA,1004,285,33.88999938964844,33.220001220703125,-1.0
2016-01-29,4.805695056915283,4.8551360798215155,4.4694940265131455,4.607929550763247,13958500,0.0418006268000759,VALE3.SA,1003,284,34.7400016784668,33.619998931884766,-1.0
2016-02-01,4.696923732757568,4.815582745475599,4.62276196768605,4.761197482523753,6691400,-0.022633838158581332,VALE3.SA,1000,281,34.689998626708984,31.6200008392334,-1.0
2016-02-02,4.251953125,4.602986467679133,4.251953125,4.5436564768944265,5860700,-0.09473660486633573,VALE3.SA,999,280,32.720001220703125,29.8799991607666,1.0
2016-02-03,4.454662799835205,4.538713076927126,4.3013945088119545,4.326115261752369,6300800,0.04767448484870229,VALE3.SA,998,279,35.040000915527344,32.279998779296875,1.0
2016-02-04,5.1122307777404785,5.240778278001068,4.62770576580018,4.736476763829065,14082200,0.14761341260882843,VALE3.SA,997,278,34.459999084472656,31.719999313354492,1.0
2016-02-05,5.057845115661621,5.334716622393635,5.008404095126306,5.08751010519002,9259100,-0.010638342524688427,VALE3.SA,996,277,34.060001373291016,30.889999389648438,1.0
2016-02-10,5.043013572692871,5.151784587729024,4.869969268985756,4.944131046073222,4466400,-0.0029323837779895445,VALE3.SA,991,272,30.84000015258789,27.450000762939453,1.0
2016-02-11,4.879857540130615,4.973796298945239,4.751310013073289,4.919410552839161,6646600,-0.03235288388786428,VALE3.SA,990,271,30.059999465942383,26.209999084472656,1.0
2016-02-12,5.0677337646484375,5.176504767717078,4.968851248908322,4.968851248908322,5711100,0.038500350260797456,VALE3.SA,989,270,33.36000061035156,29.440000534057617,1.0
2016-02-15,5.196281433105469,5.339661203282553,5.196281433105469,5.280331691986074,2218500,0.02536590800285432,VALE3.SA,986,267,33.36000061035156,29.440000534057617,1.0
2016-02-16,5.581923007965088,5.626420255453852,5.201225225633773,5.201225225633773,7412800,0.07421491307277917,VALE3.SA,985,266,32.18000030517578,29.040000915527344,1.0
2016-02-17,5.888459205627441,6.279045486686847,5.690694179081799,5.77968820527283,12741500,0.05491587705974155,VALE3.SA,984,265,34.5,30.65999984741211,1.0
2016-02-18,5.6906938552856445,6.017006366273529,5.680805368766502,5.893403113838179,9470200,-0.033585245891284754,VALE3.SA,983,264,34.279998779296875,30.770000457763672,1.0
2016-02-19,5.848906993865967,5.987342531230092,5.621476946727507,5.641253452065239,7540200,0.027802082242285753,VALE3.SA,982,263,33.0099983215332,29.639999389648438,1.0
2016-02-22,6.49658727645874,6.5114195350908215,6.1455540121061425,6.180162772750665,12431000,0.11073526784953613,VALE3.SA,979,260,34.689998626708984,31.479999542236328,-1.0
2016-02-23,6.1208343505859375,6.644911982473414,6.09116935655972,6.417481933302693,9977100,-0.05783850964865722,VALE3.SA,978,259,33.27000045776367,31.8700008392334,-1.0
2016-02-24,5.789578437805176,5.908237489506066,5.680807404658115,5.819243436484977,8510200,-0.05411940493848699,VALE3.SA,977,258,34.40999984741211,32.150001525878906,1.0
2016-02-25,5.448431968688965,5.745079512046599,5.394046232108299,5.522593736651118,7333900,-0.058924233047534136,VALE3.SA,976,257,35.290000915527344,33.06999969482422,1.0
2016-02-26,5.438544273376465,5.70552733702731,5.3841590003859725,5.6313655582667215,5763400,-0.0018147781543979002,VALE3.SA,975,256,35.099998474121094,32.779998779296875,1.0
2016-02-29,5.83901834487915,5.9428451045402895,5.532481838063194,5.552258341260123,12513200,0.07363626209004925,VALE3.SA,972,253,35.970001220703125,33.75,1.0
2016-03-01,6.333430767059326,6.407592528802283,6.002174017790684,6.031838533884274,14126700,0.08467389430515793,VALE3.SA,971,252,35.959999084472656,34.400001525878906,1.0
2016-03-02,7.030555248260498,7.030555248260498,6.298823528249297,6.3334327699821635,15826600,0.11007059314944612,VALE3.SA,970,251,36.93000030517578,34.65999984741211,1.0
2016-03-03,7.722733497619629,7.722733497619629,7.722733497619629,7.722733497619629,17302900,0.09845285683949223,VALE3.SA,969,250,37.06999969482422,34.56999969482422,1.0
2016-03-04,8.182536125183105,9.06259175012309,7.9254420393848495,8.266586386795453,27180100,0.0595388443360374,VALE3.SA,968,249,38.720001220703125,35.91999816894531,-1.0
2016-03-07,8.691781044006348,9.196082561761935,8.246809504876484,8.775831296965613,20198100,0.06223558454645328,VALE3.SA,965,246,40.84000015258789,37.900001525878906,-1.0
2016-03-08,7.431027889251709,8.44951896323763,7.431027889251709,8.311082971990869,17884700,-0.14505118667525863,VALE3.SA,964,245,39.650001525878906,36.5,-1.0
2016-03-09,7.168990135192871,7.678235509325406,6.941560084457423,7.579352981072839,11891900,-0.03526265248416727,VALE3.SA,963,244,41.06999969482422,38.290000915527344,-1.0
2016-03-10,6.921783447265625,7.41619655064174,6.565805880812279,7.41619655064174,11073200,-0.03448277696933888,VALE3.SA,962,243,40.04999923706055,37.84000015258789,1.0
2016-03-11,6.857508659362793,7.243150690169126,6.793234908976903,6.956391170914544,11250900,-0.009285870959777398,VALE3.SA,961,242,40.38999938964844,38.5,1.0
2016-03-14,6.644912242889404,6.9959455831598065,6.565806217731415,6.872342300973173,8840800,-0.031001990231995347,VALE3.SA,958,239,39.529998779296875,37.18000030517578,1.0
2016-03-15,6.664688587188721,6.67952132017715,6.333432232768348,6.4224262731534685,9679900,0.0029761633527183307,VALE3.SA,957,238,38.7400016784668,36.34000015258789,1.0
2016-03-16,7.3272013664245605,7.351922113618768,6.630079030300318,6.684464768429381,10150400,0.09940641195289501,VALE3.SA,956,237,40.33000183105469,38.459999084472656,1.0
2016-03-17,7.663403511047363,7.915554320379494,7.30742592560842,7.72273303003567,13735400,0.04588411424904759,VALE3.SA,955,236,41.540000915527344,40.20000076293945,-1.0
2016-03-18,7.579351425170898,7.960049670179268,7.386530181029245,7.85622291895053,14160000,-0.010967983841030593,VALE3.SA,954,235,41.20000076293945,39.439998626708984,-1.0
2016-03-21,7.490357398986816,7.851279164893685,7.351921879225492,7.658457908737219,7946100,-0.011741641361097788,VALE3.SA,951,232,41.540000915527344,39.90999984741211,1.0
2016-03-22,7.628792762756348,7.712843010718057,7.391474276891232,7.4112507780875765,6234400,0.018481810198837323,VALE3.SA,950,231,41.790000915527344,41.45000076293945,-1.0
2016-03-23,6.981112957000732,7.599129335681843,6.946504190677495,7.559576325166978,8236700,-0.08489938393890817,VALE3.SA,949,230,40.470001220703125,39.790000915527344,1.0
2016-03-24,7.440916538238525,7.520022551237604,6.7635707125476285,6.916838494856086,7902400,0.06586393660579537,VALE3.SA,948,229,40.439998626708984,39.459999084472656,1.0
2016-03-28,7.500246047973633,7.772173321289222,7.307424787656971,7.772173321289222,6665400,0.007973414219903718,VALE3.SA,944,225,40.27000045776367,39.38999938964844,1.0
2016-03-29,7.460693359375,7.613961148213921,7.139324578487011,7.465637603275365,7942900,-0.005273518808002198,VALE3.SA,943,224,39.13999938964844,38.279998779296875,1.0
2016-03-30,7.6831793785095215,8.088598431815434,7.574408366987538,7.604073359769557,8534400,0.029821091474688366,VALE3.SA,942,223,39.2599983215332,38.31999969482422,1.0
2016-03-31,7.490357398986816,7.6930671423093155,7.342033863568479,7.515078145392879,8100,-0.02509663903748538,VALE3.SA,941,222,39.599998474121094,38.34000015258789,1.0
2016-04-01,7.6683478355407715,7.8710571454104175,7.243152237756529,7.361811748480683,6100,0.023762609321957173,VALE3.SA,940,221,39.65999984741211,36.790000915527344,1.0
2016-04-04,7.312368869781494,7.866111420048206,7.292592366968719,7.717787413197885,15600,-0.04642185949226363,VALE3.SA,937,218,37.689998626708984,35.70000076293945,1.0
2016-04-05,7.559576034545898,7.673291289036263,7.149213212598396,7.168989717095538,18700,0.03380671423538173,VALE3.SA,936,217,37.869998931884766,35.88999938964844,1.0
2016-04-06,7.450804710388184,7.658458234620775,7.3716986957298705,7.455748954181588,23400,-0.014388548201731077,VALE3.SA,935,216,39.84000015258789,37.75,1.0
2016-04-07,7.421141147613525,7.648571204838155,7.342035122754368,7.623850454192393,2300,-0.003981256243812181,VALE3.SA,934,215,39.43000030517578,37.2599983215332,1.0
2016-04-08,8.02927017211914,8.078711680213456,7.594186504020333,7.66340452105054,6364500,0.08194548687450531,VALE3.SA,933,214,41.939998626708984,39.720001220703125,1.0
2016-04-11,8.390189170837402,8.573122415395275,8.133095099943125,8.13803840061777,10700,0.04495041155440482,VALE3.SA,930,211,42.83000183105469,40.36000061035156,1.0
2016-04-12,9.265301704406738,9.443290728388396,8.592899563158863,8.65222955215881,16700,0.10430188351545744,VALE3.SA,929,210,44.689998626708984,42.16999816894531,1.0
2016-04-13,9.675664901733398,10.179966525792498,9.542173128949832,9.769603661434967,79700,0.04429032215232498,VALE3.SA,928,209,44.18000030517578,41.7599983215332,-1.0
2016-04-14,8.998319625854492,9.908039889071272,8.909325108776162,9.843765652062151,8726900,-0.07000503663139057,VALE3.SA,927,208,43.84000015258789,41.5,1.0
2016-04-15,9.196084022521973,9.369128799398263,8.780776935226143,9.097201023444615,7265300,0.021977925311660762,VALE3.SA,926,207,43.099998474121094,40.36000061035156,1.0
2016-04-18,9.418569564819336,9.626223113072934,9.176307249026502,9.245525727123162,6645200,0.024193509079786235,VALE3.SA,923,204,42.90999984741211,39.779998779296875,1.0
2016-04-19,10.115690231323242,10.338176474013705,9.700384149997753,9.764657429542762,11000,0.07401555636514301,VALE3.SA,922,203,44.029998779296875,41.08000183105469,-1.0
2016-04-20,10.758428573608398,10.971026345722539,10.150300720596857,10.170076753132678,12475900,0.06353875292611444,VALE3.SA,921,202,45.79999923706055,42.630001068115234,-1.0
2016-04-22,9.557004928588867,10.170077042960262,9.487787398213781,9.89320597844179,15533400,-0.11167278165202998,VALE3.SA,919,200,45.11000061035156,43.72999954223633,-1.0
2016-04-25,8.92910099029541,9.492732607735407,8.90932495518462,9.492732607735407,13936900,-0.065700911842699,VALE3.SA,916,197,44.47999954223633,42.63999938964844,1.0
2016-04-26,9.240581512451172,9.39879356057789,8.5780678536569,8.958766183848184,16017200,0.034883749494410976,VALE3.SA,915,196,45.7400016784668,44.040000915527344,-1.0
2016-04-27,9.616334915161133,9.705328478647075,8.98843006862077,9.250468401084829,15719400,0.040663393554145166,VALE3.SA,914,195,47.18000030517578,45.33000183105469,-1.0
2016-04-28,9.784435272216797,10.323344659987749,9.616334750153158,10.120635373325968,11636100,0.017480709494699154,VALE3.SA,913,194,48.13999938964844,46.029998779296875,-1.0
2016-04-29,9.734992027282715,10.348064021099471,9.734992027282715,10.016807280414342,12354900,-0.0050532548438925184,VALE3.SA,912,193,48.130001068115234,45.91999816894531,-1.0
2016-05-02,9.82398796081543,10.041529029209826,9.44328967659812,9.95747877091533,5896000,0.00914185992996197,VALE3.SA,909,190,48.099998474121094,44.779998779296875,-1.0
2016-05-03,9.225748062133789,9.591613630740408,9.126865068232274,9.463066115875685,7299400,-0.06089582978601127,VALE3.SA,908,189,46.75,43.650001525878906,-1.0
2016-05-04,8.602787017822266,8.983485298683838,8.503904972064994,8.701670006597606,11995700,-0.06752417691400092,VALE3.SA,907,188,44.619998931884766,43.779998779296875,-1.0
2016-05-05,8.236923217773438,8.815386656038072,8.058934177378697,8.800553921665752,12092800,-0.04252852003552732,VALE3.SA,906,187,45.0099983215332,44.31999969482422,-1.0
2016-05-06,8.345695495605469,8.617623357079669,7.994662530216485,8.093545560392279,10340400,0.013205450015282949,VALE3.SA,905,186,45.369998931884766,44.65999984741211,-1.0
2016-05-09,7.52991247177124,8.078711400909791,7.440918420391078,7.9600523513968096,12767400,-0.09774895624502344,VALE3.SA,902,183,43.630001068115234,43.439998626708984,-1.0
2016-05-10,7.846336841583252,7.890834101702395,7.480471214062293,7.712845532734961,8016000,0.04202231712496651,VALE3.SA,901,182,45.52000045776367,44.65999984741211,-1.0
2016-05-11,7.880945205688477,8.133096490529647,7.702956645900081,8.024324996728629,6661200,0.004410767062893672,VALE3.SA,900,181,47.599998474121094,46.22999954223633,-1.0
2016-05-12,7.633739948272705,8.034214865979415,7.524969378804525,7.940276089655124,4689800,-0.03136746303442617,VALE3.SA,899,180,48.08000183105469,46.70000076293945,-1.0
2016-05-13,7.257983207702637,7.851278731124523,7.218430204241777,7.618904482160229,10433800,-0.04922315183858095,VALE3.SA,898,179,47.83000183105469,46.209999084472656,1.0
2016-05-16,7.381587028503418,7.742508330689665,7.218430758815248,7.218430758815248,5971900,0.01703005053381834,VALE3.SA,895,176,48.970001220703125,47.720001220703125,1.0
2016-05-17,7.480469226837158,7.782061006456519,7.2233742240070065,7.505189972726059,8606900,0.013395791169556581,VALE3.SA,894,175,49.279998779296875,48.310001373291016,-1.0
2016-05-18,7.272815704345703,7.5694637115279075,7.262927217402092,7.327200968008537,6588600,-0.027759424735880334,VALE3.SA,893,174,48.93000030517578,48.189998626708984,1.0
2016-05-19,7.361813068389893,7.376645333073792,6.956393904453353,7.089885701136032,8868800,0.012236988762276857,VALE3.SA,892,173,48.810001373291016,48.15999984741211,1.0
2016-05-20,6.986057281494141,7.609017911527548,6.897062771058201,7.539799906576364,7022800,-0.05104120186223826,VALE3.SA,891,172,48.720001220703125,47.75,1.0
2016-05-23,7.139324188232422,7.257983677809691,6.753682143756113,6.753682143756113,6842100,0.021938970804645574,VALE3.SA,888,169,48.349998474121094,48.08000183105469,1.0
2016-05-24,6.931671142578125,7.312368943435902,6.897061908675401,7.223374444127502,6038100,-0.029085812631476582,VALE3.SA,887,168,48.61000061035156,48.619998931884766,1.0
2016-05-25,7.2283196449279785,7.277761144759445,6.916839327611545,6.971225071727976,11072700,0.042796101581864754,VALE3.SA,886,167,49.7400016784668,49.560001373291016,1.0
2016-05-27,7.065162181854248,7.371698203960575,7.065162181854248,7.267871448770609,4070600,-0.022571976764781843,VALE3.SA,884,165,49.31999969482422,49.33000183105469,1.0
2016-05-30,7.060218811035156,7.1541575624178355,6.98111279187652,7.114604552838518,1115600,-0.0006996825680503083,VALE3.SA,881,162,49.31999969482422,49.33000183105469,1.0
2016-05-31,7.030555248260498,7.381588609774094,6.892119224347298,6.956392991555042,10875200,-0.004201507569183804,VALE3.SA,880,161,49.689998626708984,49.099998474121094,1.0
2016-06-01,7.134380340576172,7.1689891026024,6.822900067813054,6.966279831004742,4914500,0.01476769453470439,VALE3.SA,879,160,49.709999084472656,49.0099983215332,1.0
2016-06-02,7.391475200653076,7.391475200653076,7.025609647041559,7.1047156617133425,4866100,0.03603604627225998,VALE3.SA,878,159,50.040000915527344,49.16999816894531,1.0
2016-06-03,8.02927017211914,8.068823189990926,7.470583205293711,7.544745467435184,7089500,0.08628791332611274,VALE3.SA,877,158,49.63999938964844,48.619998931884766,-1.0
2016-06-06,8.350637435913086,8.370414413695462,8.034213335540693,8.212202363509267,6323500,0.04002446759231759,VALE3.SA,874,155,50.54999923706055,49.689998626708984,-1.0
2016-06-07,8.192423820495605,8.578066326407876,8.147926572005035,8.325915565967318,5573700,-0.018946292020422417,VALE3.SA,873,154,51.439998626708984,50.36000061035156,-1.0
2016-06-08,8.405023574829102,8.484129603621327,8.197370013494947,8.296253020994353,6021300,0.025950775862159325,VALE3.SA,872,153,52.5099983215332,51.22999954223633,-1.0
2016-06-09,7.762287139892578,8.306141376580316,7.658460349109866,8.306141376580316,11424100,-0.07647050947737433,VALE3.SA,871,152,51.95000076293945,50.560001373291016,1.0
2016-06-10,7.391475200653076,7.574407977458835,7.327201445854993,7.485413946707599,5954000,-0.04777096396418978,VALE3.SA,870,151,50.540000915527344,49.06999969482422,1.0
2016-06-13,7.515078067779541,7.6584578296431,7.1689890361960185,7.248095046671222,6397100,0.01672235430290603,VALE3.SA,867,148,50.349998474121094,48.880001068115234,1.0
2016-06-14,7.2332634925842285,7.6090175504738395,7.129436725838654,7.470581547140365,7431600,-0.03749988658182757,VALE3.SA,866,147,49.83000183105469,48.4900016784668,1.0
2016-06-15,7.416195869445801,7.668346642169126,7.297536848696836,7.317313352154997,9546200,0.025290434538866258,VALE3.SA,865,146,48.970001220703125,48.0099983215332,1.0
2016-06-16,7.52991247177124,7.613962749720223,7.2382090929291145,7.312370880997441,6324700,0.015333548941707908,VALE3.SA,864,145,47.189998626708984,46.209999084472656,1.0
2016-06-17,7.554632186889648,7.876000991214793,7.455749659216175,7.732621208210985,8597900,0.003282868852868992,VALE3.SA,863,144,49.16999816894531,47.97999954223633,1.0
2016-06-20,7.698011875152588,7.910609660665889,7.668347352970176,7.796894873118175,4172800,0.018979042886000608,VALE3.SA,860,141,50.650001525878906,49.369998931884766,1.0
2016-06-21,7.7128448486328125,7.7474536160961875,7.470582061861908,7.722732865832737,3924400,0.00192685770310419,VALE3.SA,859,140,50.619998931884766,48.849998474121094,1.0
2016-06-22,7.836448669433594,8.029269497479973,7.811727917463535,7.816672162159372,4874600,0.016025710775537272,VALE3.SA,858,139,49.880001068115234,49.130001068115234,1.0
2016-06-23,8.202313423156738,8.227033701005883,7.885888868691483,8.039157137505189,4105600,0.04668757101035004,VALE3.SA,857,138,50.90999984741211,50.11000061035156,-1.0
2016-06-24,7.520020484924316,7.826556436821859,7.465635233808412,7.653511727302954,8477600,-0.08318298790023981,VALE3.SA,856,137,48.40999984741211,47.63999938964844,1.0
2016-06-27,7.317314147949219,7.63868248197199,7.223375392674873,7.569464948095194,5222600,-0.02695555648837278,VALE3.SA,853,134,47.15999984741211,46.33000183105469,1.0
2016-06-28,7.643626689910889,7.7573414787444595,7.500246907050382,7.515079168309308,5310600,0.04459457874350292,VALE3.SA,852,133,48.58000183105469,47.849998474121094,1.0
2016-06-29,7.767228603363037,7.930385334597905,7.737563614545151,7.851278854919878,4887400,0.016170584784745534,VALE3.SA,851,132,50.61000061035156,49.880001068115234,1.0
2016-06-30,8.04410171508789,8.078710482718407,7.772174403894864,7.856224672291056,6942100,0.03564631940985663,VALE3.SA,850,131,49.68000030517578,48.33000183105469,1.0
2016-07-01,8.217146873474121,8.316028936526552,7.890833802157339,8.063878119762768,5214800,0.021512054983300333,VALE3.SA,849,130,49.84000015258789,48.9900016784668,1.0
2016-07-04,8.390189170837402,8.479183671269986,8.33580437625376,8.33580437625376,1574800,0.021058683753345298,VALE3.SA,846,127,49.84000015258789,48.9900016784668,1.0
2016-07-05,7.940273284912109,8.419854544887524,7.88094377574756,8.21220102705709,5508200,-0.05362404550890332,VALE3.SA,845,126,47.959999084472656,46.599998474121094,1.0
2016-07-06,8.053988456726074,8.073764486931497,7.668345966031471,7.831502223052652,4120100,0.014321317130235656,VALE3.SA,844,125,48.79999923706055,47.43000030517578,1.0
2016-07-07,7.920498371124268,8.276475476347828,7.77711811435619,8.083654662229007,5600700,-0.01657440736587179,VALE3.SA,843,124,46.400001525878906,45.13999938964844,1.0
2016-07-08,8.004549026489258,8.231978618974807,7.969940257460434,8.039157795518083,3908100,0.010611788731806682,VALE3.SA,842,123,46.7599983215332,45.40999984741211,1.0
2016-07-11,8.33580493927002,8.380302192491742,8.142983194303184,8.182536203498257,4776700,0.041383457292165415,VALE3.SA,839,120,46.25,44.7599983215332,1.0
2016-07-12,8.74616813659668,8.859882925008717,8.58795609306373,8.622564859709291,9447800,0.049228982721684966,VALE3.SA,838,119,48.470001220703125,46.79999923706055,1.0
2016-07-13,8.810440063476562,8.85988155519105,8.439630290144937,8.775831302181826,6517900,0.0073485812159213015,VALE3.SA,837,118,46.2599983215332,44.75,-1.0
2016-07-14,8.5780668258667,8.948876622866544,8.429742341255913,8.948876622866544,8955700,-0.026374759482577947,VALE3.SA,836,117,47.369998931884766,45.68000030517578,1.0
2016-07-15,8.573123931884766,8.736280230532335,8.469296682008189,8.58301242101934,3807500,-0.0005762246998389786,VALE3.SA,835,116,47.61000061035156,45.95000076293945,1.0
2016-07-18,8.691781044006348,8.70166953094697,8.419854254265324,8.57806627324323,4348900,0.013840592188371081,VALE3.SA,832,113,46.959999084472656,45.2400016784668,1.0
2016-07-19,8.32591724395752,8.568179566221277,8.16276094761588,8.52368230876281,8234700,-0.04209307599863199,VALE3.SA,831,112,46.65999984741211,44.650001525878906,1.0
2016-07-20,8.162759780883789,8.419854799892274,8.10837404220405,8.320971810114216,7484000,-0.01959633494941848,VALE3.SA,830,111,47.16999816894531,44.939998626708984,1.0
2016-07-21,8.602787017822266,8.672005487172232,8.325915969476608,8.350636245161407,7561000,0.05390667479508182,VALE3.SA,829,110,46.20000076293945,44.75,1.0
2016-07-22,8.4791841506958,8.583011388077049,8.281419106895939,8.543458379317077,4497700,-0.014367770220324982,VALE3.SA,828,109,45.689998626708984,44.189998626708984,1.0
2016-07-25,8.612677574157715,8.627510308942414,8.375359475712315,8.573124557750148,5166800,0.015743663669689267,VALE3.SA,825,106,44.720001220703125,43.130001068115234,1.0
2016-07-26,9.107088088989258,9.196082585650009,8.597842326440523,8.627507787339454,9248000,0.05740497198165406,VALE3.SA,824,105,44.869998931884766,42.91999816894531,-1.0
2016-07-27,9.354296684265137,9.438346956125008,9.19608462970967,9.19608462970967,5254600,0.027144636448038995,VALE3.SA,823,104,43.470001220703125,41.91999816894531,-1.0
2016-07-28,9.41362476348877,9.492730774693042,9.087311288498599,9.423512307625774,9018200,0.006342334568394392,VALE3.SA,822,103,42.70000076293945,41.13999938964844,-1.0
2016-07-29,9.146642684936523,9.344407743574758,8.953821870641518,9.344407743574758,7598200,-0.02836124078237645,VALE3.SA,821,102,42.459999084472656,41.599998474121094,-1.0
2016-08-01,8.849993705749512,9.433401275366299,8.849993705749512,9.29496527719717,6649500,-0.03243255360522157,VALE3.SA,818,99,42.45000076293945,40.060001373291016,-1.0
2016-08-02,8.894491195678711,9.136753491706756,8.72639067304405,8.904379683602658,4162600,0.005027968539716765,VALE3.SA,817,98,41.79999923706055,39.5099983215332,-1.0
2016-08-03,9.304855346679688,9.354296850360715,8.726391922553631,8.854939454917004,7536800,0.04613688877452016,VALE3.SA,816,97,43.099998474121094,40.83000183105469,-1.0
2016-08-04,9.275189399719238,9.438345676740722,9.08236860224424,9.186194895340591,6891900,-0.0031882222619435963,VALE3.SA,815,96,44.290000915527344,41.93000030517578,-1.0
2016-08-05,9.379015922546387,9.502619194318038,9.260356894807776,9.448234395990838,4237300,0.011194005680389862,VALE3.SA,814,95,44.27000045776367,41.79999923706055,-1.0
2016-08-08,9.38396167755127,9.58172675562571,9.275191120364896,9.418570448337013,3472700,0.0005273213144882938,VALE3.SA,811,92,45.38999938964844,43.02000045776367,-1.0
2016-08-09,9.388904571533203,9.586669621153806,9.349351561609083,9.418569093221759,5247300,0.0005267385089346988,VALE3.SA,810,91,44.97999954223633,42.77000045776367,-1.0
2016-08-10,8.94393253326416,9.502618888780624,8.94393253326416,9.487787100176513,9298300,-0.04739339236849638,VALE3.SA,809,90,44.04999923706055,41.709999084472656,-1.0
2016-08-11,9.10214614868164,9.116978882884329,8.84999532534548,8.973598614646445,6125800,0.017689491152695247,VALE3.SA,808,89,46.040000915527344,43.4900016784668,-1.0
2016-08-12,8.879658699035645,9.087312235849211,8.785720890323846,9.067536202495514,5917100,-0.024443405545429675,VALE3.SA,807,88,46.970001220703125,44.4900016784668,-1.0
2016-08-15,9.11203384399414,9.14169836679586,8.904380298345757,8.93898906545079,3698900,0.02616937799464436,VALE3.SA,804,85,48.349998474121094,45.7400016784668,-1.0
2016-08-16,9.38396167755127,9.51745345888337,9.171363864989392,9.18619659947683,5071900,0.029842715491707805,VALE3.SA,803,84,49.22999954223633,46.58000183105469,-1.0
2016-08-17,9.453178405761719,9.482842926206715,9.107088876170396,9.294965429679504,5349400,0.007376066803004067,VALE3.SA,802,83,49.849998474121094,46.790000915527344,-1.0
2016-08-18,9.354296684265137,9.561950241623745,9.2306933987664,9.463067236017462,4063100,-0.010460156071561477,VALE3.SA,801,82,50.88999938964844,48.220001220703125,-1.0
2016-08-19,9.433401107788086,9.537228340325033,9.235636073215415,9.344406606475866,4214100,0.008456480074660266,VALE3.SA,800,81,50.880001068115234,48.52000045776367,-1.0
2016-08-22,9.087311744689941,9.36418374082216,9.03787119246884,9.36418374082216,4821900,-0.03668765476455971,VALE3.SA,797,78,49.15999984741211,47.04999923706055,-1.0
2016-08-23,9.270245552062988,9.492731822519756,9.245525274464745,9.270245552062988,5839200,0.020130684685703892,VALE3.SA,796,77,49.959999084472656,48.099998474121094,-1.0
2016-08-24,8.973596572875977,9.29496486333362,8.909323291991667,9.196082820202523,6932000,-0.03200012098072158,VALE3.SA,795,76,49.04999923706055,46.77000045776367,-1.0
2016-08-25,8.988430976867676,9.166420007860927,8.943933719119363,8.998319465926905,7041200,0.001653116882537109,VALE3.SA,794,75,49.66999816894531,47.33000183105469,-1.0
2016-08-26,8.75605583190918,9.196084146411488,8.676949808788846,9.05270389011952,5974500,-0.0258526928177486,VALE3.SA,793,74,49.91999816894531,47.63999938964844,-1.0
2016-08-29,8.948878288269043,9.047760353393619,8.775833495528216,8.825274999599632,4522200,0.022021611106814998,VALE3.SA,790,71,49.2599983215332,46.97999954223633,-1.0
2016-08-30,8.726390838623047,8.993374359526843,8.706614805418024,8.953821350098666,3496100,-0.024862048904794265,VALE3.SA,789,70,48.369998931884766,46.349998474121094,-1.0
2016-08-31,8.375358581542969,8.751112668807773,8.325917080557407,8.726391446805893,9412000,-0.04022651100228147,VALE3.SA,788,69,47.040000915527344,44.70000076293945,1.0
2016-09-01,8.622563362121582,8.667060609514104,8.414909855295807,8.429741642414648,5304600,0.029515724989182646,VALE3.SA,787,68,47.04999923706055,43.15999984741211,1.0
2016-09-02,9.018094062805176,9.082368288421378,8.726390283206891,8.75111150191238,6874100,0.045871591088693764,VALE3.SA,786,67,46.83000183105469,44.439998626708984,-1.0
2016-09-05,8.849993705749512,9.092255995281924,8.825273429620564,9.092255995281924,2510200,-0.018640341948637285,VALE3.SA,783,64,46.83000183105469,44.439998626708984,-1.0
2016-09-06,9.032929420471191,9.057649703346357,8.746169801234885,8.894493384522567,5138000,0.020670716929757083,VALE3.SA,782,63,47.2599983215332,44.83000183105469,-1.0
2016-09-08,8.795609474182129,8.983486036667449,8.731335243292678,8.904380016355931,8065300,-0.02627275551951369,VALE3.SA,780,61,49.9900016784668,47.619998931884766,-1.0
2016-09-09,8.33580493927002,8.756055308335863,8.33580493927002,8.73133503122074,5791800,-0.05227659734800416,VALE3.SA,779,60,48.0099983215332,45.880001068115234,1.0
2016-09-12,8.647286415100098,8.67695094188949,8.197370496218022,8.325918036329803,7225300,0.03736669441036078,VALE3.SA,776,57,48.31999969482422,46.290000915527344,1.0
2016-09-13,8.04410171508789,8.47424060280743,7.989715969943828,8.444576079555302,8066000,-0.0697542178039704,VALE3.SA,775,56,47.099998474121094,44.900001525878906,1.0
2016-09-14,8.227034568786621,8.335806066039549,8.088599489400352,8.157817029093486,3641700,0.022741240747318425,VALE3.SA,774,55,45.849998474121094,43.58000183105469,1.0
2016-09-15,8.227034568786621,8.405023605732683,8.133096748636868,8.296253051498008,2252200,0.0,VALE3.SA,773,54,46.59000015258789,43.90999984741211,1.0
2016-09-16,8.113319396972656,8.20725815582328,8.019380638122032,8.197369666887802,5283500,-0.013822133706037909,VALE3.SA,772,53,45.77000045776367,43.029998779296875,1.0
2016-09-19,8.236923217773438,8.36547075327872,8.152872942366841,8.281420477872123,3279600,0.01523467951315971,VALE3.SA,769,50,45.95000076293945,43.29999923706055,1.0
2016-09-20,8.25670051574707,8.306141079527274,8.098487505388176,8.266588062692128,3364300,0.0024010540648184975,VALE3.SA,768,49,45.880001068115234,43.439998626708984,1.0
2016-09-21,8.726390838623047,8.726390838623047,8.454464016681593,8.508848815259006,7617300,0.05688595849882039,VALE3.SA,767,48,46.83000183105469,45.34000015258789,1.0
2016-09-22,8.676950454711914,8.879659771924977,8.563235655888635,8.830219211057987,5386000,-0.005665616498897741,VALE3.SA,766,47,47.650001525878906,46.31999969482422,1.0
2016-09-23,8.726390838623047,8.820329589646768,8.55829031279876,8.637396331655115,4769800,0.005697898607256002,VALE3.SA,765,46,45.88999938964844,44.47999954223633,1.0
2016-09-26,8.622563362121582,8.74122237416231,8.592897901847898,8.597842145226846,2331200,-0.01189810064911645,VALE3.SA,762,43,47.349998474121094,45.93000030517578,1.0
2016-09-27,8.701671600341797,8.716503391261949,8.45446502614469,8.578068313243243,3173900,0.009174561542537596,VALE3.SA,761,42,45.970001220703125,44.66999816894531,1.0
2016-09-28,8.993374824523926,9.008206614440029,8.726391289815904,8.741224022750188,4951800,0.03352266525096992,VALE3.SA,760,41,48.689998626708984,47.04999923706055,1.0
2016-09-29,8.894491195678711,9.107088970953026,8.835162154171249,9.003261733787799,4395100,-0.010995163748270587,VALE3.SA,759,40,49.2400016784668,47.83000183105469,1.0
2016-09-30,8.805497169494629,8.938988934676694,8.731335392066203,8.909324412308955,4534600,-0.010005521870359302,VALE3.SA,758,39,49.060001373291016,48.2400016784668,1.0
2016-10-03,8.948878288269043,9.032928562284972,8.775833495528216,8.825274999599632,3689100,0.016283137228314315,VALE3.SA,755,36,49.099998474121094,48.810001373291016,1.0
2016-10-04,8.726390838623047,9.047759158104256,8.68189358513908,8.998318603582632,5321900,-0.024862048904794265,VALE3.SA,754,35,50.869998931884766,48.689998626708984,1.0
2016-10-05,8.830217361450195,8.904379130234751,8.756054649647584,8.840104905741564,3221600,0.011897991362890936,VALE3.SA,753,34,51.86000061035156,49.83000183105469,1.0
2016-10-06,8.800553321838379,8.874716045626924,8.751112763336957,8.820330299653513,4178300,-0.003359378189411233,VALE3.SA,752,33,52.5099983215332,50.439998626708984,1.0
2016-10-07,8.899435997009277,9.037872007560408,8.760999986458147,8.884603264194388,10040900,0.01123596114411618,VALE3.SA,751,32,51.93000030517578,49.810001373291016,1.0
2016-10-10,9.418569564819336,9.438346542280721,8.978542189503598,9.018095201408178,8879800,0.05833331100808148,VALE3.SA,748,29,51.93000030517578,49.810001373291016,1.0
2016-10-11,9.196084022521973,9.443290577197198,9.097201023444615,9.33451908960847,9733500,-0.02362200977188733,VALE3.SA,747,28,52.40999984741211,50.790000915527344,1.0
2016-10-13,8.775832176208496,9.023038716383384,8.751111899398254,9.023038716383384,18453000,-0.04569900027927598,VALE3.SA,745,26,52.029998779296875,50.439998626708984,1.0
2016-10-14,8.90932559967041,9.062593419184516,8.884604375220851,8.948878615771415,6890600,0.01521148317122778,VALE3.SA,744,25,51.95000076293945,50.349998474121094,1.0
2016-10-17,9.018094062805176,9.12192129533209,8.88954655459084,8.943932292724847,5163600,0.012208383442489756,VALE3.SA,741,22,51.52000045776367,49.939998626708984,1.0
2016-10-18,9.280134201049805,9.334519001311564,9.067536415157207,9.146642436463546,9581100,0.02905715292163613,VALE3.SA,740,21,51.68000030517578,50.290000915527344,1.0
2016-10-19,9.205970764160156,9.354294291612986,9.151585030685723,9.275188284569078,4573100,-0.007991634095254607,VALE3.SA,739,20,52.66999816894531,51.599998474121094,1.0
2016-10-20,9.443289756774902,9.477898520539757,9.220803499689287,9.230691987341556,9474800,0.02577881232674062,VALE3.SA,738,19,51.380001068115234,50.43000030517578,1.0
2016-10-21,9.843765258789062,9.98714551791328,9.33451939975166,9.46801117003596,16069400,0.0424084733529273,VALE3.SA,737,18,51.779998779296875,50.849998474121094,1.0
2016-10-24,10.03658676147461,10.189855519905464,9.898151680334824,10.03658676147461,7251300,0.019588185782202006,VALE3.SA,734,15,51.459999084472656,50.52000045776367,1.0
2016-10-25,10.555720329284668,10.555720329284668,10.194798977028372,10.298625279861747,11607500,0.051724114995224335,VALE3.SA,733,14,50.790000915527344,49.959999084472656,1.0
2016-10-26,10.763373374938965,10.807870629221727,10.29368055440677,10.4321165613996,10290600,0.019672086714746184,VALE3.SA,732,13,49.97999954223633,49.18000030517578,1.0
2016-10-27,10.87708854675293,11.030356348593903,10.708988011952567,10.926530046932715,10148800,0.01056501227382256,VALE3.SA,731,12,50.470001220703125,49.720001220703125,1.0
2016-10-28,10.946308135986328,11.109464457093878,10.793040305374594,10.802928795870413,9967500,0.006363797530549942,VALE3.SA,730,11,49.709999084472656,48.70000076293945,1.0
2016-10-31,10.916638374328613,11.045185860096415,10.70898488855261,10.951247131454963,6545600,-0.0027104811310925125,VALE3.SA,727,8,48.29999923706055,46.86000061035156,1.0
2016-11-01,11.025410652160645,11.19845540848976,10.66448935151464,11.060020357840912,7503800,0.009963898601589527,VALE3.SA,726,7,48.33000183105469,46.66999816894531,1.0
2016-11-03,10.85731029510498,11.2033998127233,10.817757288207293,10.901807545742138,8953400,-0.015246630022140883,VALE3.SA,724,5,46.349998474121094,44.65999984741211,1.0
2016-11-04,10.6842679977417,10.936418806181425,10.60021772826179,10.783150057529813,7433500,-0.01593786054372026,VALE3.SA,723,4,45.58000183105469,44.06999969482422,1.0
2016-11-07,11.435774803161621,11.475327814184828,10.975971403648662,11.069909215442422,5148700,0.07033769703069659,VALE3.SA,720,1,46.150001525878906,44.88999938964844,1.0
2016-11-08,11.851080894470215,12.014237169106844,11.36161207056033,11.376444802079329,4850600,0.03631639293856814,VALE3.SA,719,0,46.040000915527344,44.97999954223633,1.0
2016-11-09,12.360328674316406,12.800356073356234,11.529714436519425,11.668150457158335,13530400,0.04297057664029702,VALE3.SA,718,1455,46.36000061035156,45.27000045776367,1.0
2016-11-10,13.28487777709961,13.551860307778751,12.755855072886972,12.834961077756196,10367700,0.07479971828777732,VALE3.SA,717,1454,45.84000015258789,44.65999984741211,-1.0
2016-11-11,12.844850540161133,13.84850934985415,12.75585604216634,13.690297328093642,15173900,-0.03312241514912484,VALE3.SA,716,1453,45.84000015258789,44.65999984741211,1.0
2016-11-14,13.082170486450195,13.220606497249953,12.637198874404207,12.765746396642946,7093100,0.01847588226480723,VALE3.SA,713,1450,44.43000030517578,43.31999969482422,-1.0
2016-11-16,12.434489250183105,12.518539514726644,11.949964639528892,12.404824728290723,7501900,-0.04950869864736307,VALE3.SA,711,1448,46.630001068115234,45.56999969482422,1.0
2016-11-17,12.231780052185059,12.656975622431007,12.231780052185059,12.60258987934797,8337800,-0.016302173247289775,VALE3.SA,710,1447,46.4900016784668,45.41999816894531,1.0
2016-11-18,12.147730827331543,12.296055336710427,11.727479465285393,12.162563561174903,6893800,-0.006871381311218117,VALE3.SA,709,1446,46.86000061035156,45.689998626708984,1.0
2016-11-21,12.770687103271484,12.805295860629789,12.187279642037446,12.236721128128416,6291900,0.05128169900985413,VALE3.SA,706,1443,48.900001525878906,47.4900016784668,1.0
2016-11-22,13.729852676391602,13.784237478765709,13.299712843690513,13.383763112470348,7431700,0.07510681025724963,VALE3.SA,705,1442,49.119998931884766,48.029998779296875,1.0
2016-11-23,13.927613258361816,14.026496228544772,13.517250535232973,13.719959775391926,6486000,0.01440369293330157,VALE3.SA,704,1441,48.95000076293945,47.959999084472656,1.0
2016-11-24,13.640857696533203,14.105606281122915,13.640857696533203,13.986947248614127,2690500,-0.020588995150080835,VALE3.SA,703,1440,48.95000076293945,47.959999084472656,1.0
2016-11-25,14.288536071777344,14.288536071777344,13.601302276590523,13.61119076330265,6218900,0.04748076621375108,VALE3.SA,702,1439,47.2400016784668,46.060001373291016,1.0
2016-11-28,15.33174991607666,15.33174991607666,14.135270209763448,14.337979499662048,8817900,0.073010547690737,VALE3.SA,699,1436,48.2400016784668,47.08000183105469,-1.0
2016-11-29,14.426972389221191,15.054877164643859,14.268760370252524,15.044988677703813,9459400,-0.05901332410247129,VALE3.SA,698,1435,46.380001068115234,45.22999954223633,-1.0
2016-11-30,13.873230934143066,14.609906319387889,13.80401340384378,14.328091011148649,14907900,-0.038382374356787485,VALE3.SA,697,1434,50.470001220703125,49.439998626708984,1.0
2016-12-01,14.075940132141113,14.955995759281207,13.799069069733378,14.372588170515604,11799200,0.014611534902022383,VALE3.SA,696,1433,50.459999084472656,51.060001373291016,1.0
2016-12-02,14.66590690612793,14.66590690612793,13.65137873472239,13.830412559935864,9537100,0.04191313464311208,VALE3.SA,695,1432,54.459999084472656,51.68000030517578,-1.0
2016-12-05,14.720611572265625,14.994136066504458,14.52665692592151,14.805155662067236,4397400,0.003730056824159833,VALE3.SA,692,1429,54.939998626708984,51.790000915527344,-1.0
2016-12-06,14.919535636901855,14.919535636901855,14.486868686065948,14.581359344029382,4878800,0.013513301649166198,VALE3.SA,691,1428,53.93000030517578,50.93000030517578,-1.0
2016-12-07,15.431777000427246,15.655569518514866,15.133386027751664,15.357178545839286,6300800,0.03433359965027449,VALE3.SA,690,1427,53.0,49.77000045776367,-1.0
2016-12-08,14.9841890335083,15.740112525859654,14.919538119025015,15.566051058092624,5145300,-0.029004305006905762,VALE3.SA,689,1426,53.88999938964844,50.84000015258789,-1.0
2016-12-09,14.725584030151367,15.11846469678009,14.650985582719773,15.058787077105212,5973500,-0.017258525154656645,VALE3.SA,688,1425,54.33000183105469,51.5,-1.0
2016-12-12,14.66590690612793,14.944404705339032,14.516711893690243,14.815102867124374,3642800,-0.0040526150882196355,VALE3.SA,685,1422,55.689998626708984,52.83000183105469,-1.0
2016-12-13,14.089016914367676,14.675852223345881,13.954740845657339,14.39735444823304,6229000,-0.039335446178184075,VALE3.SA,684,1421,55.720001220703125,52.97999954223633,-1.0
2016-12-14,13.86522388458252,14.25810551630889,13.676243482911751,13.99949995734156,7732900,-0.01588421897321568,VALE3.SA,683,1420,53.900001525878906,51.040000915527344,-1.0
2016-12-15,14.039285659790039,14.238212652330425,13.59667298281784,13.825438787099603,5288200,0.012553838052414612,VALE3.SA,682,1419,54.02000045776367,50.900001525878906,-1.0
2016-12-16,13.800572395324707,14.21831952750031,13.800572395324707,14.064151236608424,6343900,-0.017003234370323472,VALE3.SA,681,1418,55.209999084472656,51.900001525878906,-1.0
2016-12-19,12.955130577087402,13.895062028548914,12.925291769463438,13.775705849494463,6369800,-0.06126135887839834,VALE3.SA,678,1415,54.91999816894531,52.119998931884766,1.0
2016-12-20,13.218710899353027,13.248549710364482,12.890481132550931,13.03470284290521,4565700,0.020345632234058497,VALE3.SA,677,1414,55.349998474121094,52.22999954223633,1.0
2016-12-21,13.168978691101074,13.39774543445081,13.039675914174472,13.2833615884966,3690600,-0.0037622585614144333,VALE3.SA,676,1413,54.459999084472656,52.4900016784668,1.0
2016-12-22,12.621928215026855,12.945185617335362,12.537384131871478,12.880533757450204,3926800,-0.041540842984573056,VALE3.SA,675,1412,55.04999923706055,52.95000076293945,1.0
2016-12-23,12.527437210083008,12.791015069880407,12.522463917635703,12.661712311926088,4234100,-0.007486257514232486,VALE3.SA,674,1411,55.15999984741211,53.02000045776367,1.0
2016-12-26,12.925294876098633,12.96508027867933,12.502574380829468,12.597065067668181,854600,0.03175890322526609,VALE3.SA,671,1408,55.15999984741211,53.02000045776367,1.0
2016-12-27,12.860644340515137,13.124222284852689,12.845724458387807,13.044651477291294,1967300,-0.005001861559309373,VALE3.SA,670,1407,56.09000015258789,53.900001525878906,1.0
2016-12-28,13.268441200256348,13.387797377720055,13.034701189401163,13.034701189401163,6264000,0.03170889801038346,VALE3.SA,669,1406,56.220001220703125,54.060001373291016,1.0
2016-12-29,12.771124839782715,13.35298686701539,12.681607458891737,13.268442779347097,4778000,-0.03748114439125105,VALE3.SA,668,1405,56.13999938964844,53.77000045776367,1.0
2017-01-02,12.462787628173828,12.676634499588921,12.457814334820137,12.572198184837578,1118500,-0.024143308868800673,VALE3.SA,664,1401,56.130001068115234,53.720001220703125,1.0
2017-01-03,13.014808654785156,13.014808654785156,12.631873668439129,12.68657893750529,5658500,0.04429354355388426,VALE3.SA,663,1400,55.470001220703125,52.33000183105469,1.0
2017-01-04,12.781071662902832,13.04464956867522,12.61198348443514,12.960105479441374,2144400,-0.01795931066542311,VALE3.SA,662,1399,56.459999084472656,53.2599983215332,1.0
2017-01-05,13.268441200256348,13.377850792458435,12.820855297627798,12.920318304568264,4031600,0.03813213400313753,VALE3.SA,661,1398,56.88999938964844,53.7599983215332,1.0
2017-01-06,12.915350914001465,13.223688558105948,12.86064656718089,13.074493505236722,4213500,-0.026611286203541473,VALE3.SA,660,1397,57.099998474121094,53.9900016784668,1.0
2017-01-09,13.178925514221191,13.352986984309437,13.064542614770719,13.079461546011137,3407800,0.020407854341300657,VALE3.SA,657,1394,54.939998626708984,51.959999084472656,1.0
2017-01-10,14.193453788757324,14.193453788757324,13.636457305047333,13.636457305047333,3606500,0.07698110695301907,VALE3.SA,656,1393,53.63999938964844,50.81999969482422,1.0
2017-01-11,14.486872673034668,14.51671243548289,14.08901865931296,14.327731067545985,3499900,0.020672831901546118,VALE3.SA,655,1392,55.099998474121094,52.25,1.0
2017-01-12,14.954352378845215,15.128413871706801,14.775317592066575,14.959325672762269,5500500,0.03226919407393547,VALE3.SA,654,1391,56.0099983215332,53.0099983215332,1.0
2017-01-13,15.406908988952637,15.5163195388208,14.770342656157467,14.864832378332588,4424800,0.030262534855579615,VALE3.SA,653,1390,55.45000076293945,52.369998931884766,1.0
2017-01-16,15.824657440185547,15.968880104848452,15.516320834137332,15.516320834137332,2018500,0.0271143583396547,VALE3.SA,650,1387,55.45000076293945,52.369998931884766,1.0
2017-01-17,15.203007698059082,15.566049528971416,15.163222304925656,15.531237428549494,5968500,-0.03928361447798745,VALE3.SA,649,1386,55.470001220703125,52.47999954223633,1.0
2017-01-18,15.968881607055664,16.25732506639814,15.093601795496134,15.093601795496134,14846300,0.050376473143163514,VALE3.SA,648,1385,53.91999816894531,51.08000183105469,1.0
2017-01-19,15.650596618652344,15.924122079051461,15.431777388603582,15.914175491715033,5303100,-0.019931576689922292,VALE3.SA,647,1384,54.15999984741211,51.369998931884766,1.0
2017-01-20,15.96390438079834,16.1280202040652,15.391989914377378,15.411882137811798,6309700,0.02001890214029256,VALE3.SA,646,1383,55.4900016784668,52.41999816894531,1.0
2017-01-23,16.56566047668457,16.650203611848298,16.008663044444628,16.018609630425765,4369600,0.03769479455226721,VALE3.SA,643,1380,55.22999954223633,52.75,-1.0
2017-01-24,16.97345733642578,17.266874919344957,16.545763717548656,16.94361758495172,5373900,0.024616999745658674,VALE3.SA,642,1379,55.439998626708984,53.18000030517578,-1.0
2017-01-26,16.709882736206055,17.222121526243093,16.709882736206055,17.117683312589737,5274700,-0.015528633618684395,VALE3.SA,640,1377,56.2400016784668,53.779998779296875,-1.0
2017-01-27,16.75961685180664,17.008275849913215,16.615394177596603,16.650206285562117,3244000,0.0029763294204827595,VALE3.SA,639,1376,55.52000045776367,53.16999816894531,-1.0
2017-01-30,16.038503646850586,16.655178730329364,15.983798369632622,16.520902658190014,3136800,-0.04302683118190265,VALE3.SA,636,1373,55.22999954223633,52.630001068115234,-1.0
2017-01-31,16.003690719604492,16.386625743319257,15.96887861718654,16.262296264078774,4067300,-0.002170584489216365,VALE3.SA,635,1372,55.70000076293945,52.810001373291016,-1.0
2017-02-01,16.356786727905273,16.665123319226705,16.252350415910215,16.262297002355083,5928500,0.02206341115229371,VALE3.SA,634,1371,55.65999984741211,53.880001068115234,-1.0
2017-02-02,16.24240493774414,16.630312349975494,16.118075444375886,16.118075444375886,4024400,-0.006992925448247922,VALE3.SA,633,1370,56.560001373291016,53.540000915527344,-1.0
2017-02-03,15.222902297973633,15.914173924270347,15.113491745166717,15.914173924270347,6833500,-0.06276796100566273,VALE3.SA,632,1369,56.810001373291016,53.83000183105469,1.0
2017-02-06,14.879752159118652,15.302472579545618,14.854886642617688,15.247767304973115,3554600,-0.02254170276719558,VALE3.SA,629,1366,55.720001220703125,53.0099983215332,1.0
2017-02-07,15.038894653320312,15.580971293232476,14.959323857421161,15.237821643068191,4297100,0.010695238233799031,VALE3.SA,628,1365,55.04999923706055,52.16999816894531,1.0
2017-02-08,15.212955474853516,15.327338370499954,14.939430994210529,15.312419439755695,3867100,0.011574043541476176,VALE3.SA,627,1364,55.119998931884766,52.34000015258789,1.0
2017-02-09,15.456643104553223,15.590919189622834,15.048842504171844,15.178145295510124,4011900,0.016018427852662498,VALE3.SA,626,1363,55.630001068115234,53.0,1.0
2017-02-10,16.312028884887695,16.312028884887695,15.963905929701461,15.993745690586275,5036400,0.05534098022115108,VALE3.SA,625,1362,56.70000076293945,53.86000061035156,1.0
2017-02-13,17.808956146240234,17.828847422066627,16.918756576738605,17.013246302545486,11344600,0.09176830619392606,VALE3.SA,622,1359,55.59000015258789,52.93000030517578,-1.0
2017-02-14,17.10774040222168,17.684629221287977,16.923731371528106,17.669708390861302,4651000,-0.03937433155882031,VALE3.SA,621,1358,55.970001220703125,53.20000076293945,-1.0
2017-02-15,16.819292068481445,17.281797890411486,16.754640207051082,17.256932373589756,6626600,-0.01686069153251679,VALE3.SA,620,1357,55.75,53.11000061035156,1.0
2017-02-16,16.79442596435547,17.127628051772643,16.71982751938167,16.799398308699,5231900,-0.0014784275119744672,VALE3.SA,619,1356,55.650001525878906,53.36000061035156,1.0
2017-02-17,16.943618774414062,17.058001650752452,16.605442489101854,16.71485302173728,5909200,0.008883471836146128,VALE3.SA,618,1355,55.810001373291016,53.400001525878906,-1.0
2017-02-20,18.117292404174805,18.181944266490714,17.794034989712614,17.848740265740126,6047300,0.06926936006923534,VALE3.SA,615,1352,55.810001373291016,53.400001525878906,-1.0
2017-02-21,17.674678802490234,18.54001089497505,17.5453750847791,18.321191699694154,6307900,-0.02443044974990738,VALE3.SA,614,1351,56.65999984741211,54.060001373291016,-1.0
2017-02-22,17.251955032348633,17.5702400406804,16.923725336768765,17.5702400406804,6845300,-0.023916913844117094,VALE3.SA,613,1350,55.84000015258789,53.59000015258789,-1.0
2017-02-23,16.496034622192383,17.53045681433544,16.31202752157519,17.50061705594455,12566100,-0.04381650709956331,VALE3.SA,612,1349,56.58000183105469,54.45000076293945,-1.0
2017-02-24,16.27224349975586,16.86405116160678,15.914173978169487,15.988772427539105,9984400,-0.013566358677221335,VALE3.SA,611,1348,55.9900016784668,53.9900016784668,-1.0
2017-03-01,16.496034622192383,16.600472828001845,16.33689303834227,16.43635700252792,3262200,0.013752935939035149,VALE3.SA,606,1343,55.599998474121094,53.83000183105469,-1.0
2017-03-02,15.645618438720703,16.709878288812682,15.590914122572537,16.560683319596258,6860100,-0.05155276422174826,VALE3.SA,605,1342,55.08000183105469,52.61000061035156,-1.0
2017-03-03,15.824657440185547,16.05839749001043,15.59589163237937,15.859469545846597,6887300,0.011443395616867802,VALE3.SA,604,1341,55.900001525878906,53.33000183105469,-1.0
2017-03-06,15.466586112976074,15.720218343229625,15.257712567388362,15.615781096156484,6393900,-0.022627429918335995,VALE3.SA,601,1338,56.0099983215332,53.20000076293945,1.0
2017-03-07,15.37707233428955,15.849524805612479,15.317393757946915,15.511348419641388,6653500,-0.005787558937225601,VALE3.SA,600,1337,55.91999816894531,53.13999938964844,1.0
2017-03-08,14.979217529296875,15.590918398843147,14.834994864079649,15.526266532173791,5789100,-0.025873247933255406,VALE3.SA,599,1336,53.11000061035156,50.279998779296875,1.0
2017-03-09,15.009055137634277,15.207982118046665,14.45703193700107,14.646013279811838,8743900,0.0019919337094240763,VALE3.SA,598,1335,52.189998626708984,49.279998779296875,1.0
2017-03-10,14.745479583740234,15.426805710705779,14.745479583740234,15.247770914133456,5574100,-0.017561102379665683,VALE3.SA,597,1334,51.369998931884766,48.4900016784668,1.0
2017-03-13,15.421829223632812,15.60583632773915,15.26766092992451,15.28755315400364,5780300,0.045868270072299655,VALE3.SA,594,1331,51.349998474121094,48.400001525878906,1.0
2017-03-14,15.5014009475708,15.66551583744935,15.063761557414251,15.292527365129127,4101000,0.005159681305253461,VALE3.SA,593,1330,50.91999816894531,47.720001220703125,-1.0
2017-03-15,16.570632934570312,16.570632934570312,15.700326574993648,15.869414743596092,7401600,0.06897647448871824,VALE3.SA,592,1329,51.810001373291016,48.86000061035156,-1.0
2017-03-16,16.177751541137695,16.82923870778152,16.05342205951907,16.719828156879586,4529000,-0.023709498302443954,VALE3.SA,591,1328,51.7400016784668,48.75,-1.0
2017-03-17,15.566049575805664,16.297107481099996,15.566049575805664,16.25732113928827,14673300,-0.03781130917832187,VALE3.SA,590,1327,51.7599983215332,48.779998779296875,-1.0
2017-03-20,15.730167388916016,15.859470178355883,15.367125488887991,15.491454984669543,3340900,0.010543318156036152,VALE3.SA,587,1324,51.619998931884766,48.220001220703125,-1.0
2017-03-21,14.442111015319824,15.401933682057605,14.397352332327667,15.362148291459969,6509400,-0.08188446707209218,VALE3.SA,586,1323,50.959999084472656,47.34000015258789,-1.0
2017-03-22,14.621148109436035,14.959324480369398,14.069125808467753,14.148696607680455,7020200,0.012396878401384148,VALE3.SA,585,1322,50.63999938964844,48.040000915527344,-1.0
2017-03-23,14.541576385498047,14.7355300776753,14.138749121530413,14.442113367086577,7074400,-0.00544223499703389,VALE3.SA,584,1321,50.560001373291016,47.70000076293945,-1.0
2017-03-24,14.422220230102539,14.675852492803799,14.19842677814299,14.670879199587066,3917800,-0.00820792410887028,VALE3.SA,583,1320,50.79999923706055,47.970001220703125,-1.0
2017-03-27,14.616174697875977,14.730558550809384,13.551914555581918,13.919929736108287,6849000,0.013448308559912858,VALE3.SA,580,1317,50.75,47.72999954223633,-1.0
2017-03-28,14.825051307678223,14.91954200597926,14.601258746723895,14.755427081855846,4456400,0.01429078497759062,VALE3.SA,579,1316,51.33000183105469,48.369998931884766,-1.0
2017-03-29,14.974244117736816,15.178144405977697,14.695745376456664,14.959324237417215,3106200,0.01006356112786766,VALE3.SA,578,1315,52.41999816894531,49.5099983215332,-1.0
2017-03-30,14.969265937805176,15.11348760624739,14.795204518464496,14.919533968199492,2264400,-0.0003324494974503711,VALE3.SA,577,1314,52.959999084472656,50.349998474121094,-1.0
2017-03-31,14.815101623535156,15.093599399368975,14.566442657972432,14.6857988476155,4009400,-0.010298722389631365,VALE3.SA,576,1313,52.83000183105469,50.599998474121094,-1.0
2017-04-03,14.67585277557373,14.919538456536786,14.466979199239866,14.825047780715614,4092200,-0.009399115274391079,VALE3.SA,573,1310,53.119998931884766,50.2400016784668,-1.0
2017-04-04,15.24279499053955,15.272633801968073,14.57141556776617,14.700718348701383,2444400,0.03863095546375539,VALE3.SA,572,1309,54.16999816894531,51.029998779296875,-1.0
2017-04-05,14.646011352539062,15.655566000993847,14.556493985993438,15.416853655911208,6253600,-0.039151850980799985,VALE3.SA,571,1308,54.36000061035156,51.150001525878906,-1.0
2017-04-06,14.377460479736328,14.864831796340598,14.248157711310142,14.78526100785658,5813500,-0.018336109834858116,VALE3.SA,570,1307,54.88999938964844,51.70000076293945,-1.0
2017-04-07,14.496817588806152,14.690772228118405,13.890090050706084,14.024366120562563,7506100,0.008301682292088053,VALE3.SA,569,1306,55.2400016784668,52.2400016784668,-1.0
2017-04-10,14.437140464782715,14.556496659243384,14.113883037656514,14.491844794394657,3787400,-0.004116567216070788,VALE3.SA,566,1303,55.97999954223633,53.08000183105469,-1.0
2017-04-11,14.253135681152344,14.566446593606104,13.835388430253284,14.462009306601873,5097200,-0.012745237471313953,VALE3.SA,565,1302,56.22999954223633,53.400001525878906,-1.0
2017-04-12,13.636456489562988,13.924900825870825,13.566832288972384,13.725973860927246,6287000,-0.043266212108316826,VALE3.SA,564,1301,55.86000061035156,53.11000061035156,1.0
2017-04-13,13.636456489562988,13.875168847495283,13.566832288972384,13.616563318789334,4377900,0.0,VALE3.SA,563,1300,55.88999938964844,53.18000030517578,1.0
2017-04-17,13.64143180847168,13.661324033641412,13.268443338091558,13.551914423811054,5372400,0.0003648542355925155,VALE3.SA,559,1296,55.36000061035156,52.650001525878906,1.0
2017-04-18,13.233631134033203,13.30822863784172,13.004864380653864,13.203791373662817,7202100,-0.029894272108974773,VALE3.SA,558,1295,54.88999938964844,52.40999984741211,1.0
2017-04-19,13.263468742370605,13.646403762016046,13.198817831218383,13.377851634402266,6326900,0.0022546803696732454,VALE3.SA,557,1294,52.93000030517578,50.439998626708984,1.0
2017-04-20,13.949769973754883,13.97463644369799,13.48726501551914,13.57180911620803,4599100,0.05174372139860095,VALE3.SA,556,1293,52.9900016784668,50.27000045776367,1.0
2017-04-24,14.106803894042969,14.368896648440021,13.921796321335659,14.363758420490356,3353600,0.01125709747067738,VALE3.SA,552,1289,51.599998474121094,49.22999954223633,-1.0
2017-04-25,14.56932258605957,14.56932258605957,13.937214654122474,14.03999588180281,4663300,0.03278692292673857,VALE3.SA,551,1288,52.099998474121094,49.560001373291016,-1.0
2017-04-26,14.250699996948242,14.69266216419046,14.250699996948242,14.538489816652138,5958400,-0.021869416867480007,VALE3.SA,550,1287,51.81999969482422,49.619998931884766,-1.0
2017-04-27,13.78818130493164,14.471680378198549,13.577478649427063,14.33292468402612,9359600,-0.03245585775545401,VALE3.SA,549,1286,51.439998626708984,48.970001220703125,1.0
2017-04-28,14.117081642150879,14.2404196999471,13.911518212490513,13.947491690155609,4813800,0.023853786800845045,VALE3.SA,548,1285,51.72999954223633,49.33000183105469,-1.0
2017-05-02,14.420287132263184,14.48195664725938,14.183889448552426,14.235280547681976,7808800,0.02147791574761393,VALE3.SA,544,1281,50.459999084472656,47.65999984741211,-1.0
2017-05-03,13.526089668273926,14.240423125767393,13.520950458770608,14.183893781638865,7963600,-0.06200968509071003,VALE3.SA,543,1280,50.790000915527344,47.81999969482422,1.0
2017-05-04,13.027594566345215,13.335940191268906,12.878560471887338,13.335940191268906,7726700,-0.03685433958773421,VALE3.SA,542,1279,48.380001068115234,45.52000045776367,1.0
2017-05-05,13.387330055236816,13.567198414677227,12.950508156857722,12.950508156857722,4286600,0.027613346965902785,VALE3.SA,541,1278,49.099998474121094,46.220001220703125,1.0
2017-05-08,13.377050399780273,13.438718925227752,13.068704831932259,13.361632778316633,4552200,-0.0007678644968136528,VALE3.SA,538,1275,49.34000015258789,46.43000030517578,1.0
2017-05-09,13.618589401245117,13.783040135295487,13.454138667194748,13.567198301803453,3980000,0.018056222728203952,VALE3.SA,537,1274,48.72999954223633,45.880001068115234,1.0
2017-05-10,13.649426460266113,13.90124182080484,13.454141418694578,13.813877227948229,4532500,0.0022643357628637784,VALE3.SA,536,1273,50.220001220703125,47.33000183105469,1.0
2017-05-11,13.526089668273926,13.726513937883405,13.454142695635444,13.680263012761515,3413600,-0.00903604208947717,VALE3.SA,535,1272,50.77000045776367,47.83000183105469,1.0
2017-05-12,13.315384864807129,13.721373529251185,13.228020277534599,13.711095111877045,3855800,-0.015577658335432676,VALE3.SA,534,1271,50.84000015258789,47.84000015258789,1.0
2017-05-15,13.695676803588867,13.695676803588865,13.32052340995486,13.397609576013334,7381800,0.02856034148790232,VALE3.SA,531,1268,51.81999969482422,48.849998474121094,1.0
2017-05-16,14.009161949157715,14.09138732536523,13.711094715354522,13.783041674485148,7050000,0.022889350417987453,VALE3.SA,530,1267,51.650001525878906,48.65999984741211,1.0
2017-05-17,13.793318748474121,14.122220221278273,13.685397340082943,14.045134061115263,5442000,-0.01540728856350837,VALE3.SA,529,1266,52.209999084472656,49.06999969482422,1.0
2017-05-18,13.803594589233398,14.081104910086271,12.847723636977168,12.847723636977168,20151200,0.0007449868263513792,VALE3.SA,528,1265,52.5099983215332,49.349998474121094,1.0
2017-05-19,14.004021644592285,14.374035808566887,13.875544381797862,13.952630543433772,6492700,0.014519917552143768,VALE3.SA,527,1264,53.61000061035156,50.33000183105469,1.0
2017-05-22,14.348341941833496,14.47681921531689,13.834432847899924,14.004022809689852,7988700,0.024587244006022413,VALE3.SA,524,1261,53.869998931884766,50.72999954223633,-1.0
2017-05-23,14.5230712890625,14.574462395122508,13.957771082810066,14.260977530339904,5465400,0.0121776681889334,VALE3.SA,523,1260,54.150001525878906,51.470001220703125,-1.0
2017-05-24,14.142780303955078,14.456264224695138,14.014303014086744,14.456264224695138,4327900,-0.026185300446319726,VALE3.SA,522,1259,53.959999084472656,51.36000061035156,-1.0
2017-05-25,14.235281944274902,14.358620006164037,13.95263136143399,14.137638944369584,3999300,0.006540555557803307,VALE3.SA,521,1258,51.459999084472656,48.900001525878906,-1.0
2017-05-26,14.317506790161133,14.348341059443845,14.045134634253225,14.127360005809622,2957000,0.0057761304769450295,VALE3.SA,520,1257,52.150001525878906,49.79999923706055,-1.0
2017-05-29,14.317506790161133,14.317506790161133,14.317506790161133,14.317506790161133,0,0.0,VALE3.SA,517,1254,52.150001525878906,49.79999923706055,-1.0
2017-05-30,14.697800636291504,14.851972976100713,14.348342287173208,14.466541146373858,3075700,0.026561457361536256,VALE3.SA,516,1253,51.84000015258789,49.65999984741211,-1.0
2017-05-31,13.962909698486328,14.528209880732678,13.808737367057223,14.492236402079472,9452200,-0.05000006164123616,VALE3.SA,515,1252,50.310001373291016,48.31999969482422,1.0
2017-06-01,13.705954551696777,14.065691282688734,13.613450764858632,13.95263066312934,6907500,-0.01840269344557932,VALE3.SA,514,1251,50.33000183105469,48.36000061035156,1.0
2017-06-02,13.762484550476074,13.870404979212667,13.562059356787994,13.82415308683878,2607700,0.0041244846220724884,VALE3.SA,513,1250,49.95000076293945,47.65999984741211,1.0
2017-06-05,13.61345100402832,13.695676375950427,13.474695321333355,13.541504048647413,3460900,-0.010828971026354273,VALE3.SA,510,1247,49.470001220703125,47.400001525878906,1.0
2017-06-06,13.65970516204834,13.957772429714854,13.520949456357743,13.520949456357743,5873900,0.0033976805738922256,VALE3.SA,509,1246,50.119998931884766,48.189998626708984,1.0
2017-06-07,13.592894554138184,13.896100967360281,13.531225037803303,13.824153034935637,5915000,-0.004891072473202418,VALE3.SA,508,1245,48.060001373291016,45.720001220703125,1.0
2017-06-08,13.885824203491211,14.019440687945536,13.526087439175425,13.541505065144555,5173400,0.021550203908839105,VALE3.SA,507,1244,47.86000061035156,45.63999938964844,1.0
2017-06-09,14.029716491699219,14.15305552468535,13.839570694569383,13.957769539293738,5224300,0.010362531319662693,VALE3.SA,506,1243,48.150001525878906,45.83000183105469,1.0
2017-06-12,13.793318748474121,14.137637845392359,13.634007220110075,14.075968329139727,5193200,-0.01684978761794398,VALE3.SA,503,1240,48.290000915527344,46.08000183105469,1.0
2017-06-13,13.551783561706543,13.819015551974111,13.438722931012736,13.695677484111274,4573400,-0.01751102770638846,VALE3.SA,502,1239,48.720001220703125,46.459999084472656,1.0
2017-06-14,13.413026809692383,13.736789089766736,13.263992710154008,13.690537195441292,7635700,-0.01023900296092739,VALE3.SA,501,1238,47.0,44.72999954223633,1.0
2017-06-15,13.413026809692383,13.413026809692383,13.413026809692383,13.413026809692383,0,0.0,VALE3.SA,500,1237,46.91999816894531,44.459999084472656,1.0
2017-06-16,13.135518074035645,13.36677759197097,13.05329268548174,13.263995366176614,13039700,-0.020689493847593554,VALE3.SA,499,1236,47.369998931884766,44.7400016784668,1.0
2017-06-19,13.56205940246582,13.819013925317867,13.31024408769526,13.356495980224926,5766200,0.03247236431985878,VALE3.SA,496,1233,46.90999984741211,44.20000076293945,1.0
2017-06-20,13.21259880065918,13.433579808779085,13.114956804674117,13.423302374604134,4380800,-0.025767517412812913,VALE3.SA,495,1232,46.02000045776367,43.22999954223633,1.0
2017-06-21,13.603170394897461,13.762482884996484,13.258851337895347,13.31024243211427,2751800,0.02956054294320931,VALE3.SA,494,1231,44.81999969482422,42.529998779296875,1.0
2017-06-22,13.885824203491211,14.137639546430732,13.526087439175425,13.592896171504501,4726200,0.020778524446019908,VALE3.SA,493,1230,45.220001220703125,42.7400016784668,1.0
2017-06-23,13.998885154724121,14.127362442465941,13.757348206642911,13.885825494384731,4854600,0.008142185121750467,VALE3.SA,492,1229,45.540000915527344,43.0099983215332,1.0
2017-06-26,14.117081642150879,14.219863847082939,14.029717062019756,14.050273895087667,4047300,0.008443278598286863,VALE3.SA,489,1226,45.83000183105469,43.380001068115234,1.0
2017-06-27,14.348341941833496,14.877668661458449,14.332924316142119,14.569323009057543,7473000,0.016381593982719433,VALE3.SA,488,1225,46.650001525878906,44.2400016784668,1.0
2017-06-28,14.795442581176758,14.841693495643591,14.564183107823787,14.651547688845604,8527200,0.0311604393842686,VALE3.SA,487,1224,47.310001373291016,44.7400016784668,1.0
2017-06-29,14.851971626281738,15.093509511622223,14.651547406704521,14.965032246723238,4333400,0.0038207065989968036,VALE3.SA,486,1223,47.41999816894531,44.93000030517578,1.0
2017-06-30,14.903363227844238,15.001006226897516,14.728634063308382,14.877668166084637,4749000,0.00346025449385845,VALE3.SA,485,1222,47.91999816894531,46.040000915527344,1.0
2017-07-03,15.237403869628906,15.2682381396555,14.954754270610303,15.036979644150398,2172000,0.022413775781870093,VALE3.SA,482,1219,49.68000030517578,47.06999969482422,1.0
2017-07-04,15.221983909606934,15.221983909606934,15.088367461652915,15.139757573770682,1058400,-0.0010119807910786704,VALE3.SA,481,1218,49.68000030517578,47.06999969482422,1.0
2017-07-05,14.867386817932129,15.340183114596602,14.759465423372106,15.227122512657187,6447900,-0.02329506415067295,VALE3.SA,480,1217,47.790000915527344,45.130001068115234,1.0
2017-07-06,14.862253189086914,14.89308746473329,14.615577023507997,14.82114049482376,4847500,-0.00034529463099886026,VALE3.SA,479,1216,48.11000061035156,45.52000045776367,1.0
2017-07-07,14.846835136413574,15.098650504096774,14.61043739621446,14.965034986717054,4652000,-0.00103739671752201,VALE3.SA,478,1215,46.709999084472656,44.22999954223633,1.0
2017-07-10,15.268238067626953,15.288794901016885,14.708078080604052,14.851971993518507,5053400,0.028383350885323733,VALE3.SA,475,1212,46.880001068115234,44.400001525878906,1.0
2017-07-11,15.437828063964844,15.463523123936401,15.23226366337755,15.329906655636142,4949900,0.011107371760037621,VALE3.SA,474,1211,47.52000045776367,45.040000915527344,1.0
2017-07-12,15.365880966186523,15.566306169623697,15.144899909696473,15.520054275000023,8527700,-0.004660441707228236,VALE3.SA,473,1210,47.7400016784668,45.4900016784668,1.0
2017-07-13,14.995867729187012,15.540611101977907,14.913642351414945,15.473803350114537,7776800,-0.02408018374044063,VALE3.SA,472,1209,48.41999816894531,46.08000183105469,1.0
2017-07-14,15.170595169067383,15.268237181390683,15.057534552392834,15.13462169292683,3751600,0.011651705858960915,VALE3.SA,471,1208,48.90999984741211,46.540000915527344,1.0
2017-07-17,15.27337646484375,15.556027027721846,15.232263780451044,15.340185189609217,4661400,0.006775033848766654,VALE3.SA,468,1205,48.41999816894531,46.02000045776367,1.0
2017-07-18,15.365880966186523,15.437828902380994,15.17059595126727,15.365880966186523,4000600,0.006056584904831075,VALE3.SA,467,1204,48.84000015258789,46.400001525878906,1.0
2017-07-19,15.365880966186523,15.504636650057545,15.278516385253335,15.422411277438517,4403100,0.0,VALE3.SA,466,1203,49.70000076293945,47.119998931884766,1.0
2017-07-20,14.759466171264648,15.3299054766357,14.723492697989652,15.3299054766357,5930800,-0.039465019692416226,VALE3.SA,465,1202,49.29999923706055,46.790000915527344,1.0
2017-07-21,14.646408081054688,14.923919441509305,14.553904294236482,14.749190284231302,5482100,-0.007660039251966677,VALE3.SA,464,1201,48.060001373291016,45.77000045776367,1.0
2017-07-24,14.970169067382812,14.985586690594616,14.64640682156416,14.70807633420772,4207500,0.022105145817076677,VALE3.SA,461,1198,48.599998474121094,46.34000015258789,1.0
2017-07-25,15.730755805969238,15.75131165757309,15.191150733465472,15.191150733465472,11658200,0.05080682356778454,VALE3.SA,460,1197,50.20000076293945,47.88999938964844,1.0
2017-07-26,15.242546081542969,15.879793342150101,15.23740687215856,15.879793342150101,10680100,-0.031035363490990786,VALE3.SA,459,1196,50.970001220703125,48.75,1.0
2017-07-27,15.263100624084473,15.52519340185264,15.042119554801989,15.242543789637816,5584000,0.0013484979760955973,VALE3.SA,458,1195,51.4900016784668,49.040000915527344,1.0
2017-07-28,15.592000007629395,15.597139215540327,15.07295177106938,15.17573396888067,5155700,0.021548661156431947,VALE3.SA,457,1194,52.52000045776367,49.709999084472656,1.0
2017-07-31,16.085351943969727,16.19841255577072,15.951736461265462,16.18813414011542,6300800,0.031641350442465965,VALE3.SA,454,1191,52.650001525878906,50.16999816894531,1.0
2017-08-01,15.962017059326172,16.059660066990556,15.777010441893067,16.059660066990556,4329100,-0.007667527889546277,VALE3.SA,453,1190,52.630001068115234,49.15999984741211,1.0
2017-08-02,15.987713813781738,16.06993919856114,15.694785757979634,15.777011142759036,6171300,0.0016098688755976642,VALE3.SA,452,1189,52.36000061035156,49.59000015258789,1.0
2017-08-03,15.766730308532715,16.049379902873476,15.746173475386021,16.00312800849717,5056500,-0.013822082870818653,VALE3.SA,451,1188,52.0099983215332,49.029998779296875,1.0
2017-08-04,16.049381256103516,16.18299774221186,15.797565910046815,15.91062556127518,4577600,0.017927049048199528,VALE3.SA,450,1187,52.41999816894531,49.58000183105469,1.0
2017-08-07,16.66092872619629,16.66606891398955,16.234385278496116,16.239524486085752,7800300,0.03810411506426181,VALE3.SA,447,1184,52.369998931884766,49.38999938964844,1.0
2017-08-08,16.470783233642578,16.763711209935195,16.218967938580438,16.491340064359637,9706400,-0.011412658662583564,VALE3.SA,446,1183,52.13999938964844,49.16999816894531,1.0
2017-08-09,16.403976440429688,16.573566382813116,16.2909168055753,16.445089124031618,7870700,-0.004056078710114597,VALE3.SA,445,1182,52.70000076293945,49.560001373291016,1.0
2017-08-10,16.188133239746094,16.460504378036905,16.13160293698976,16.33716731784784,7393600,-0.01315798041209204,VALE3.SA,444,1181,51.900001525878906,48.59000015258789,1.0
2017-08-11,15.828396797180176,16.069934654346632,15.705058754888286,16.069934654346632,13613400,-0.02222223138630164,VALE3.SA,443,1180,52.099998474121094,48.81999969482422,1.0
2017-08-14,16.085351943969727,16.172716516632466,15.694781951104899,15.81811999835753,16902200,0.01623380750950898,VALE3.SA,440,1177,50.72999954223633,47.59000015258789,1.0
2017-08-15,15.992851257324219,16.162441217235326,15.771870192548331,16.08535406983626,17847800,-0.0057506162729741295,VALE3.SA,439,1176,50.79999923706055,47.54999923706055,1.0
2017-08-16,16.30633544921875,16.48106462100786,16.095632797391385,16.136745486035654,26011500,0.019601519882263885,VALE3.SA,438,1175,50.27000045776367,46.779998779296875,1.0
2017-08-17,16.033964157104492,16.46564787534834,15.987712260135238,16.388560726930372,14095900,-0.016703402978705872,VALE3.SA,437,1174,51.029998779296875,47.09000015258789,1.0
2017-08-18,16.21382713317871,16.470781610599634,16.141880193165985,16.34230437188917,24390300,0.011217623683817735,VALE3.SA,436,1173,52.720001220703125,48.5099983215332,1.0
2017-08-21,16.316612243652344,16.568428539283257,16.296055411272793,16.439950297318497,19990400,0.006339349101810887,VALE3.SA,433,1170,51.65999984741211,47.369998931884766,1.0
2017-08-22,16.373144149780273,16.64551534395457,16.29605700104041,16.62495850956959,19230300,0.003464684046158073,VALE3.SA,432,1169,51.869998931884766,47.63999938964844,1.0
2017-08-23,16.72260284423828,16.72774107273873,16.23952800827795,16.31147496973023,15451900,0.02134340791610856,VALE3.SA,431,1168,52.56999969482422,48.40999984741211,1.0
2017-08-24,17.411239624023438,17.47290816274255,16.614680967509322,16.73287981689074,20534600,0.041179999680637236,VALE3.SA,430,1167,52.040000915527344,47.43000030517578,-1.0
2017-08-25,17.385549545288086,17.642504150731366,17.17484488683286,17.534581726535063,16366000,-0.0014754882070490138,VALE3.SA,429,1166,52.40999984741211,47.869998931884766,-1.0
2017-08-28,17.65791893005371,17.72472766930931,17.293043899456258,17.318738965198303,15021800,0.015666423661565787,VALE3.SA,426,1163,51.88999938964844,46.56999969482422,-1.0
2017-08-29,17.69902801513672,17.812088640103447,17.426656829979677,17.472908725610832,15689600,0.002328082105589546,VALE3.SA,425,1162,52.0,46.439998626708984,-1.0
2017-08-30,17.64763641357422,17.837782208399474,17.59624629402385,17.729861781099252,14021600,-0.002903639765898358,VALE3.SA,424,1161,50.86000061035156,45.959999084472656,-1.0
2017-08-31,18.027931213378906,18.079321336491784,17.70416794862667,17.945703879746244,56429700,0.0215493333437089,VALE3.SA,423,1160,52.380001068115234,47.22999954223633,-1.0
2017-09-01,18.331132888793945,18.490445382800566,18.120430279511506,18.243769300743605,22554600,0.01681843977694042,VALE3.SA,422,1159,52.31999969482422,47.290000915527344,-1.0
2017-09-04,18.55211639404297,18.598368288139003,18.14612972409719,18.182103201682164,15002800,0.012055092644280174,VALE3.SA,419,1156,52.31999969482422,47.290000915527344,-1.0
2017-09-05,18.295162200927734,18.855323168494287,18.079321331425092,18.757681150444167,24227100,-0.01385039785529496,VALE3.SA,418,1155,53.380001068115234,48.65999984741211,-1.0
2017-09-06,18.397945404052734,18.546979513681265,18.228356420315983,18.408223821310663,18117700,0.005618053668843048,VALE3.SA,417,1154,54.20000076293945,49.15999984741211,-1.0
2017-09-07,18.397945404052734,18.397945404052734,18.397945404052734,18.397945404052734,0,0.0,VALE3.SA,416,1153,54.4900016784668,49.09000015258789,-1.0
2017-09-08,17.719585418701172,18.557257795223737,17.714447190313603,18.34141495520101,23042000,-0.036871507684881566,VALE3.SA,415,1152,53.779998779296875,47.47999954223633,-1.0
2017-09-11,18.03306770324707,18.09473623711955,17.848060141222273,17.884033616015167,19131800,0.017691287755245755,VALE3.SA,412,1149,53.84000015258789,48.06999969482422,-1.0
2017-09-12,18.120431900024414,18.36196977631746,18.105015256144405,18.176962208127673,16114100,0.004844666377069817,VALE3.SA,411,1148,54.27000045776367,48.22999954223633,-1.0
2017-09-13,17.868619918823242,18.053627511352055,17.673333908886427,18.012513841720022,21951600,-0.013896577222358153,VALE3.SA,410,1147,55.15999984741211,49.29999923706055,-1.0
2017-09-14,17.27762222290039,17.524298338944497,17.13886654004917,17.472908216588124,24324600,-0.03307461340650486,VALE3.SA,409,1146,55.470001220703125,49.88999938964844,-1.0
2017-09-15,17.370126724243164,17.54485589199528,17.113172181102268,17.144007432025905,34216900,0.0053540064801373966,VALE3.SA,408,1145,55.619998931884766,49.88999938964844,-1.0
2017-09-18,17.60138702392578,17.6322222762838,17.359849114807147,17.375267721189996,18617700,0.013313679477067408,VALE3.SA,405,1142,55.47999954223633,49.90999984741211,-1.0
2017-09-19,17.43179702758789,17.467772470838785,17.12859251802676,17.3701284799151,17106900,-0.009635035926848556,VALE3.SA,404,1141,55.13999938964844,49.47999954223633,-1.0
2017-09-20,17.04636001586914,17.549992544094316,16.84079759902495,17.41123688351071,24175400,-0.022111146149117578,VALE3.SA,403,1140,56.290000915527344,50.40999984741211,1.0
2017-09-21,16.707183837890625,16.840801300595,16.52731643856661,16.779132758027856,26157600,-0.01989727881276493,VALE3.SA,402,1139,56.43000030517578,50.54999923706055,1.0
2017-09-22,16.39883804321289,16.64037592899411,16.36800377403792,16.522177080320265,16957700,-0.018455880875532737,VALE3.SA,401,1138,56.86000061035156,50.65999984741211,1.0
2017-09-25,15.977434158325195,16.594125476617425,15.931182260443085,16.342309152502022,21014300,-0.025697179506087298,VALE3.SA,398,1135,59.02000045776367,52.220001220703125,1.0
2017-09-26,16.188133239746094,16.409114263025998,16.141881352073387,16.172715617120655,17114500,0.01318729148454123,VALE3.SA,397,1134,58.439998626708984,51.880001068115234,1.0
2017-09-27,16.409116744995117,16.57356749039277,15.946598778513279,16.43481180638709,26241300,0.01365095665919358,VALE3.SA,396,1133,57.900001525878906,52.13999938964844,1.0
2017-09-28,16.316612243652344,16.368003344397504,16.075075344414923,16.193274189986187,17561400,-0.005637384557641623,VALE3.SA,395,1132,57.40999984741211,51.560001373291016,1.0
2017-09-29,16.378280639648438,16.65065276881388,16.244664178937295,16.517035327899087,16047100,0.0037794852923642708,VALE3.SA,394,1131,57.540000915527344,51.66999816894531,1.0
2017-10-02,16.393701553344727,16.66607375346498,16.378284906302763,16.573569950397573,13596900,0.0009415465539746037,VALE3.SA,391,1128,56.119998931884766,50.58000183105469,1.0
2017-10-03,16.794551849365234,16.794551849365234,16.321755373280393,16.491345360343217,23474600,0.024451481852109547,VALE3.SA,390,1127,56.0,50.41999816894531,1.0
2017-10-04,16.758573532104492,16.99497121188217,16.758573532104492,16.89732920338461,17562500,-0.0021422612275362463,VALE3.SA,389,1126,55.79999923706055,49.97999954223633,1.0
2017-10-05,16.58384895324707,17.056644443009215,16.568432305661574,16.959002407621263,17253100,-0.010425981574308851,VALE3.SA,388,1125,57.0,50.790000915527344,1.0
2017-10-06,16.51703643798828,16.522176626280558,16.357724908057875,16.4810629615721,12450500,-0.004028770127317616,VALE3.SA,387,1124,55.619998931884766,49.290000915527344,1.0
2017-10-09,16.188133239746094,16.496477850625986,16.064795199353412,16.47078279312053,13520900,-0.01991296680109811,VALE3.SA,384,1121,55.790000915527344,49.58000183105469,1.0
2017-10-10,16.09563446044922,16.29092048684001,15.900349414262344,16.265224441154952,20181500,-0.005713986778275726,VALE3.SA,383,1120,56.61000061035156,50.91999816894531,1.0
2017-10-11,15.982569694519043,16.18299388581873,15.792422938006402,15.900344335001037,23041300,-0.007024560989378981,VALE3.SA,382,1119,56.939998626708984,51.29999923706055,1.0
2017-10-12,15.982569694519043,15.982569694519041,15.982569694519041,15.982569694519041,0,0.0,VALE3.SA,381,1118,56.25,50.599998474121094,1.0
2017-10-13,16.91274642944336,17.01038844130512,16.445089281419296,16.496479401260768,31395900,0.058199448067684845,VALE3.SA,380,1117,57.16999816894531,51.45000076293945,1.0
2017-10-16,17.13886833190918,17.287902446894613,16.871637315228156,17.1542869385541,35861900,0.013369910286845199,VALE3.SA,377,1114,57.81999969482422,51.869998931884766,1.0
2017-10-17,16.74315643310547,17.12344800145791,16.74315643310547,17.015527580201727,19842700,-0.02308856635924872,VALE3.SA,376,1113,57.880001068115234,51.880001068115234,1.0
2017-10-18,16.58384895324707,16.933307341509472,16.33717278983971,16.83566334571364,21210600,-0.009514781785315396,VALE3.SA,375,1112,58.150001525878906,52.040000915527344,1.0
2017-10-19,16.95899772644043,16.994971201148775,16.29605461754545,16.316611448923744,18549800,0.02262133321709414,VALE3.SA,374,1111,57.22999954223633,51.290000915527344,1.0
2017-10-20,16.933307647705078,17.3598512420158,16.933307647705078,17.34443459415153,24301000,-0.0015148347296077835,VALE3.SA,373,1110,57.75,51.470001220703125,1.0
2017-10-23,16.809967041015625,17.061783375335832,16.77399355902813,16.959001158053958,11948700,-0.007283905144555125,VALE3.SA,370,1107,57.369998931884766,51.900001525878906,1.0
2017-10-24,17.385549545288086,17.385549545288086,16.727744422275812,16.897335402864247,19996200,0.034240549244865415,VALE3.SA,369,1106,58.33000183105469,52.470001220703125,1.0
2017-10-25,17.241647720336914,17.400960226824253,16.994971618955077,17.282761384104248,16724100,-0.008277093834527238,VALE3.SA,368,1105,58.439998626708984,52.18000030517578,1.0
2017-10-26,16.789409637451172,17.42151956620618,16.789409637451172,17.406100959870514,25302400,-0.02622940047384903,VALE3.SA,367,1104,59.29999923706055,52.63999938964844,1.0
2017-10-27,16.727739334106445,16.892190074735606,16.460506390482198,16.594123842498053,17377200,-0.003673166875812095,VALE3.SA,366,1103,60.439998626708984,53.900001525878906,1.0
2017-10-30,16.624958038330078,16.923026247240582,16.36286526877737,16.542732663528486,19401600,-0.006144362589797447,VALE3.SA,363,1100,60.900001525878906,54.150001525878906,1.0
2017-10-31,16.496479034423828,16.799685439723806,16.450227143432055,16.660929766748488,14629600,-0.007728079891091033,VALE3.SA,362,1099,61.369998931884766,54.380001068115234,1.0
2017-11-01,16.866493225097656,17.102890894626967,16.79968450617598,16.856214809847607,29709500,0.02242988882062069,VALE3.SA,361,1098,61.290000915527344,54.29999923706055,1.0
2017-11-02,16.866493225097656,16.866493225097656,16.866493225097656,16.866493225097656,0,0.0,VALE3.SA,360,1097,60.619998931884766,54.540000915527344,1.0
2017-11-03,17.236509323120117,17.236509323120117,16.95899797664095,17.061780174641463,29217800,0.021937938911443133,VALE3.SA,359,1096,62.06999969482422,55.63999938964844,1.0
2017-11-06,17.64763641357422,17.64763641357422,17.385543667215487,17.41637695478275,26333200,0.023852108495229896,VALE3.SA,356,1093,64.2699966430664,57.349998474121094,1.0
2017-11-07,17.226228713989258,17.596243795516823,17.226228713989258,17.596243795516823,20239700,-0.023878988081419306,VALE3.SA,355,1092,63.689998626708984,57.20000076293945,1.0
2017-11-08,17.44207191467285,17.447212102842894,17.190257585747734,17.37526515172143,11580800,0.012529916110327166,VALE3.SA,354,1091,63.4900016784668,56.810001373291016,1.0
2017-11-09,16.856216430664062,17.32387358726906,16.856216430664062,17.318735359353596,19246700,-0.03358864055112332,VALE3.SA,353,1090,63.93000030517578,57.16999816894531,1.0
2017-11-10,16.840801239013672,16.974416740821837,16.702045548439266,16.845939467372304,12199100,-0.0009145107808623543,VALE3.SA,352,1089,63.52000045776367,56.7400016784668,1.0
2017-11-13,17.030946731567383,17.185119064699197,16.748297127424458,16.87677439843557,12424700,0.011290762823874312,VALE3.SA,349,1086,63.15999984741211,56.7599983215332,1.0
2017-11-14,16.527318954467773,17.010392872194526,16.41425928908142,16.969281157694,23389800,-0.029571331825383518,VALE3.SA,348,1085,62.209999084472656,55.70000076293945,1.0
2017-11-15,16.527318954467773,16.527318954467773,16.527318954467773,16.527318954467773,0,0.0,VALE3.SA,347,1084,61.869998931884766,55.33000183105469,1.0
2017-11-16,16.753435134887695,16.851079114230114,16.460507117675547,16.681488177734895,16280300,0.013681358788008247,VALE3.SA,346,1083,61.36000061035156,55.13999938964844,1.0
2017-11-17,16.91788673400879,17.04636400979102,16.60954205629449,16.748297749388218,13771300,0.009815992827562736,VALE3.SA,345,1082,62.720001220703125,56.54999923706055,1.0
2017-11-20,16.91788673400879,16.91788673400879,16.91788673400879,16.91788673400879,0,0.0,VALE3.SA,342,1079,62.220001220703125,56.09000015258789,1.0
2017-11-21,17.49860191345215,17.49860191345215,17.036084967083337,17.108031916935776,23741300,0.03432551527112371,VALE3.SA,341,1078,62.56999969482422,56.83000183105469,1.0
2017-11-22,17.853199005126953,17.97139783645224,17.616799382069182,17.678469871774965,22150200,0.020264309881934395,VALE3.SA,340,1077,63.31999969482422,58.02000045776367,1.0
2017-11-23,18.089601516723633,18.16668670890787,17.765838220408206,17.899455690179913,11962000,0.013241465102628913,VALE3.SA,339,1076,63.31999969482422,58.02000045776367,1.0
2017-11-24,18.392807006835938,18.42364029791913,18.04334866490386,18.079322144772664,30784900,0.01676131394226643,VALE3.SA,338,1075,63.86000061035156,58.95000076293945,1.0
2017-11-27,18.197521209716797,18.387667028399644,18.027932225596327,18.22321627271594,15112700,-0.010617509173372008,VALE3.SA,335,1072,63.84000015258789,58.11000061035156,1.0
2017-11-28,18.62920379638672,18.83476820864779,18.115294726141567,18.218076932272105,28591400,0.02372205432239971,VALE3.SA,334,1071,63.61000061035156,57.9900016784668,1.0
2017-11-29,18.346553802490234,18.798794323425607,18.310580325184777,18.644620037365094,18176000,-0.015172414075544483,VALE3.SA,333,1070,63.11000061035156,57.29999923706055,1.0
2017-11-30,18.05876350402832,18.541839260357595,17.950843075217175,18.346553274598794,25417200,-0.015686340964091605,VALE3.SA,332,1069,63.56999969482422,57.400001525878906,1.0
2017-12-01,18.23349380493164,18.48531011507828,17.93028737128122,18.089599890795018,17204100,0.009675651428977528,VALE3.SA,331,1068,63.4900016784668,58.36000061035156,1.0
2017-12-04,18.92727279663086,19.004357984175197,18.423640161384668,18.48017047516175,22600100,0.038049701232331534,VALE3.SA,328,1065,62.45000076293945,57.470001220703125,1.0
2017-12-05,18.511005401611328,19.22020048493911,18.511005401611328,18.91699404760682,25898800,-0.021992993892581802,VALE3.SA,327,1064,62.86000061035156,57.619998931884766,1.0
2017-12-06,18.37738800048828,18.49558881509062,18.171825542917755,18.284886168846473,20400800,-0.007218268172047293,VALE3.SA,326,1063,61.220001220703125,55.959999084472656,1.0
2017-12-07,18.161542892456055,18.24376824839875,17.935423653715425,18.012508822182696,19876200,-0.011745146156052821,VALE3.SA,325,1062,62.20000076293945,56.689998626708984,1.0
2017-12-08,18.23349380493164,18.475031698296014,18.223215388149374,18.4030847412277,21502200,0.003961718060059294,VALE3.SA,324,1061,63.400001525878906,57.36000061035156,1.0
2017-12-11,18.37738800048828,18.50072704335666,18.233494084148155,18.41336343998089,14785300,0.00789175114194074,VALE3.SA,321,1058,64.69000244140625,57.9900016784668,1.0
2017-12-12,18.593233108520508,18.593233108520508,18.099880797547396,18.310583469550984,17624400,0.011745146156052932,VALE3.SA,320,1057,63.34000015258789,57.13999938964844,1.0
2017-12-13,18.557254791259766,18.747400577341843,18.526419544702954,18.721705518748152,21135300,-0.0019350221153444647,VALE3.SA,319,1056,62.439998626708984,56.599998474121094,1.0
2017-12-14,18.624065399169922,18.798794559883156,18.392805927577776,18.454474466533178,17718000,0.0036002419895437843,VALE3.SA,318,1055,63.310001373291016,57.040000915527344,1.0
2017-12-15,18.95810317993164,19.158527381379045,18.685732030314128,18.762817206036118,32954100,0.01793581442087322,VALE3.SA,317,1054,63.22999954223633,57.29999923706055,1.0
2017-12-18,19.446317672729492,19.538821454482175,19.189363159062562,19.266450297325584,24339300,0.02575228587819156,VALE3.SA,314,1051,63.40999984741211,57.15999984741211,1.0
2017-12-19,19.451457977294922,19.579935247846162,19.343537540529695,19.37951101945144,14041000,0.00026433305533402063,VALE3.SA,313,1050,63.79999923706055,57.459999084472656,1.0
2017-12-20,20.119539260864258,20.15037254793029,19.513126450072345,19.513126450072345,19218100,0.0343460775202129,VALE3.SA,312,1049,64.55999755859375,58.09000015258789,1.0
2017-12-21,20.417604446411133,20.417604446411133,20.083564770828687,20.0938412257265,11772500,0.014814712289493714,VALE3.SA,311,1048,64.9000015258789,58.36000061035156,1.0
2017-12-22,20.666872024536133,20.687648445321418,20.3708149630657,20.433142244073018,10140000,0.012208463474705722,VALE3.SA,310,1047,65.25,58.470001220703125,1.0
2017-12-25,20.666872024536133,20.666872024536133,20.666872024536133,20.666872024536133,0,0.0,VALE3.SA,307,1044,65.25,58.470001220703125,1.0
2017-12-26,20.698040008544922,20.775950615894146,20.266940063566626,20.573385414405024,9986600,0.0015081132728642643,VALE3.SA,306,1043,67.0199966430664,59.970001220703125,1.0
2017-12-27,20.70323371887207,20.885022482043734,20.58377224859513,20.672069081750248,9943000,0.00025092763976708454,VALE3.SA,305,1042,66.44000244140625,59.63999938964844,1.0
2017-12-28,20.910991668701172,20.910991668701172,20.739591120801816,20.78114198824604,9963300,0.010035048275560898,VALE3.SA,304,1041,66.72000122070312,59.84000015258789,1.0
2017-12-29,20.910991668701172,20.910991668701172,20.910991668701172,20.910991668701172,0,0.0,VALE3.SA,303,1040,66.5999984741211,60.41999816894531,1.0
2018-01-02,21.6693172454834,21.679705458610318,21.004485474804145,21.004485474804145,14156500,0.03626444832443121,VALE3.SA,299,1036,66.56999969482422,60.369998931884766,1.0
2018-01-03,21.53946304321289,21.75241641435114,21.451164240797755,21.72644687764621,12744200,-0.0059925377804680435,VALE3.SA,298,1035,67.83999633789062,61.630001068115234,1.0
2018-01-04,21.627761840820312,22.006922659139633,21.56543455076272,21.71606065130499,18433000,0.004099396416255896,VALE3.SA,297,1034,68.06999969482422,62.0099983215332,1.0
2018-01-05,21.96536636352539,21.96536636352539,21.456355994282184,21.591398752918813,15251300,0.015609776230653738,VALE3.SA,296,1033,67.62000274658203,61.439998626708984,1.0
2018-01-08,22.45360565185547,22.45360565185547,22.02250575945543,22.02250575945543,14542800,0.022227686998238516,VALE3.SA,293,1030,67.77999877929688,61.72999954223633,1.0
2018-01-09,22.37050437927246,22.7236956937054,22.297788870068448,22.63539885577168,15986200,-0.003701021291257045,VALE3.SA,292,1029,68.81999969482422,62.959999084472656,1.0
2018-01-10,22.05885887145996,22.308169958255856,22.032887356739817,22.199096729285476,12149500,-0.013931089908784444,VALE3.SA,291,1028,69.19999694824219,63.56999969482422,1.0
2018-01-11,22.489959716796875,22.489959716796875,22.126380288676216,22.126380288676216,10236300,0.01954320701034451,VALE3.SA,290,1027,69.26000213623047,63.79999923706055,1.0
2018-01-12,22.619813919067383,22.67694809543308,22.204295338247153,22.308175478789433,15014300,0.0057738743824216066,VALE3.SA,289,1026,69.87000274658203,64.30000305175781,-1.0
2018-01-15,22.578262329101562,22.70811200528669,22.474382191883695,22.593843656212155,7253400,-0.0018369554283024225,VALE3.SA,286,1023,69.87000274658203,64.30000305175781,-1.0
2018-01-16,21.97056770324707,22.40686275185314,21.97056770324707,22.323759027420987,20121900,-0.026915030793633,VALE3.SA,285,1022,69.1500015258789,63.72999954223633,1.0
2018-01-17,22.41205406188965,22.448411811350567,22.001728625003572,22.022505047938022,16490700,0.02009444474105826,VALE3.SA,284,1021,69.37999725341797,63.970001220703125,1.0
2018-01-18,22.26142692565918,22.650975921377388,22.167935008178915,22.593841751656267,10772100,-0.006720809070624223,VALE3.SA,283,1020,69.30999755859375,63.95000076293945,1.0
2018-01-19,22.271814346313477,22.54190187818908,22.126381379089025,22.438021753414066,11173100,0.00046661072935649806,VALE3.SA,282,1019,68.61000061035156,63.369998931884766,1.0
2018-01-22,22.15235137939453,22.41724379715095,21.929009819893743,22.386079167447893,11580900,-0.005363863269573277,VALE3.SA,279,1016,69.02999877929688,63.4900016784668,1.0
2018-01-23,21.258987426757812,21.87187800736526,21.196660141999885,21.809550722607337,22075600,-0.04032817723664761,VALE3.SA,278,1015,69.95999908447266,64.47000122070312,1.0
2018-01-24,21.70047950744629,21.88227026182577,21.3680646188483,21.40442237345439,22096600,0.020767314633846956,VALE3.SA,277,1014,70.52999877929688,65.61000061035156,1.0
2018-01-25,21.70047950744629,21.70047950744629,21.70047950744629,21.70047950744629,0,0.0,VALE3.SA,276,1013,70.41999816894531,65.51000213623047,1.0
2018-01-26,21.518688201904297,21.752418012113917,21.14472050556891,21.736834703867412,19259500,-0.008377294404006697,VALE3.SA,275,1012,70.5199966430664,66.13999938964844,1.0
2018-01-29,21.75760841369629,21.93939912400814,21.316120368300513,21.34728301820934,16752900,0.011102917127209011,VALE3.SA,272,1009,69.45999908447266,65.55999755859375,1.0
2018-01-30,21.53946304321289,21.793967276809294,21.414806493141125,21.65892449713448,13180300,-0.010026164932083081,VALE3.SA,271,1008,69.0199966430664,64.5,1.0
2018-01-31,21.529077529907227,22.167937723372717,21.529077529907227,21.684896751009973,22859700,-0.00048216212655016744,VALE3.SA,270,1007,69.05000305175781,64.7300033569336,1.0
2018-02-01,21.70566749572754,22.05885869452588,21.59139917219032,21.606980495818714,21949700,0.0082023935105906,VALE3.SA,269,1006,69.08000183105469,65.80000305175781,1.0
2018-02-02,21.191465377807617,21.63295543691011,21.165495840530692,21.63295543691011,17892300,-0.023689762962651795,VALE3.SA,268,1005,68.58000183105469,65.44999694824219,1.0
2018-02-05,20.95773696899414,21.83552204912658,20.947350738473776,21.087586645335737,22452800,-0.011029365107438238,VALE3.SA,265,1002,67.62000274658203,64.1500015258789,1.0
2018-02-06,22.05885887145996,22.058858871459957,20.73958597015183,20.78113682727695,26037000,0.05254011461709207,VALE3.SA,264,1001,66.86000061035156,63.38999938964844,1.0
2018-02-07,21.664121627807617,22.188715480694754,21.658928512043445,22.038089365996544,20560700,-0.017894726375128123,VALE3.SA,263,1000,65.51000213623047,61.790000915527344,1.0
2018-02-08,21.601797103881836,21.8822729435148,21.331709478459274,21.653736193584564,18928800,-0.0028768544137871555,VALE3.SA,262,999,64.80999755859375,61.150001525878906,1.0
2018-02-09,21.81474494934082,22.022505217588332,21.3109275867173,21.503106528318312,22760500,0.009857876381068165,VALE3.SA,261,998,62.790000915527344,59.20000076293945,1.0
2018-02-14,23.118436813354492,23.139213238269516,22.46918839487696,22.541905882079547,25905800,0.05976195765942549,VALE3.SA,256,993,64.36000061035156,60.599998474121094,-1.0
2018-02-15,23.866369247436523,23.87156236233541,23.34697057820547,23.37813323029618,31043100,0.03235220616862744,VALE3.SA,255,992,64.33000183105469,61.34000015258789,-1.0
2018-02-16,23.907922744750977,23.991026461730026,23.61706072599876,23.798849487718897,21107300,0.001741090020171976,VALE3.SA,254,991,64.83999633789062,61.68000030517578,-1.0
2018-02-19,24.126068115234375,24.30785685340832,23.871561900442206,23.944277395711783,12756100,0.009124396661825962,VALE3.SA,251,988,64.83999633789062,61.68000030517578,-1.0
2018-02-20,23.63783836364746,24.126074500559852,23.497602432139825,23.91831418936107,18417600,-0.02023660669674654,VALE3.SA,250,987,65.25,61.900001525878906,-1.0
2018-02-21,23.269058227539062,23.871560559080173,23.22231227158551,23.637830779312385,24312600,-0.015601263128846132,VALE3.SA,249,986,65.41999816894531,61.68000030517578,-1.0
2018-02-22,23.720932006835938,23.72612710214924,23.435263186402388,23.492397346758764,14081800,0.019419513023611668,VALE3.SA,248,985,66.38999938964844,62.77000045776367,-1.0
2018-02-23,23.93389320373535,24.105293745556086,23.7105516027653,23.892340356415897,17489800,0.008977775276200806,VALE3.SA,247,984,67.30999755859375,63.54999923706055,-1.0
2018-02-26,24.619495391845703,24.619495391845707,24.25072086565149,24.276692381742215,20374600,0.028645660874067502,VALE3.SA,244,981,67.5,63.90999984741211,-1.0
2018-02-27,24.583145141601562,24.723381068233024,24.26111647230586,24.655860653587983,15063400,-0.0014764823431832053,VALE3.SA,243,980,66.62999725341797,63.0099983215332,-1.0
2018-02-28,23.39891242980957,24.458486316325583,23.191154126267495,24.406547235777296,39459100,-0.048172546880014155,VALE3.SA,242,979,65.77999877929688,61.63999938964844,-1.0
2018-03-01,23.087270736694336,23.70016131143847,22.83795961869906,23.482012844849702,25776000,-0.01331864008851158,VALE3.SA,241,978,65.70999908447266,60.9900016784668,-1.0
2018-03-02,22.723690032958984,22.791212409548795,22.199098289134312,22.749659568155515,25236200,-0.015748102401618502,VALE3.SA,240,977,64.37000274658203,61.25,1.0
2018-03-05,22.697717666625977,22.822372212560307,22.27181100221182,22.583449348395934,16100600,-0.0011429642938861617,VALE3.SA,237,974,65.54000091552734,62.56999969482422,1.0
2018-03-06,22.588647842407227,23.331386078614077,22.55228811457819,23.113239599731347,22342000,-0.004805321214261249,VALE3.SA,236,973,65.79000091552734,62.599998474121094,1.0
2018-03-07,22.50906753540039,22.59836943195177,22.167624293863767,22.330465746154836,19334700,-0.0035230221641436854,VALE3.SA,235,972,64.33999633789062,61.150001525878906,1.0
2018-03-08,21.77890396118164,22.47755284652578,21.668591612082267,22.419769614943043,19983100,-0.03243864158612564,VALE3.SA,234,971,63.61000061035156,60.119998931884766,1.0
2018-03-09,22.115097045898438,22.204398958072183,21.279871180056915,21.521510351678046,21077800,0.015436639296266819,VALE3.SA,233,970,65.48999786376953,62.040000915527344,1.0
2018-03-12,22.304208755493164,22.393510682336554,22.031052867292633,22.214908832507664,11838200,0.008551249366088642,VALE3.SA,230,967,64.94999694824219,61.36000061035156,1.0
2018-03-13,22.130859375,22.482808933094315,22.08883447046816,22.451292258553178,13838900,-0.00777204797504738,VALE3.SA,229,966,64.63999938964844,60.709999084472656,1.0
2018-03-14,22.37774658203125,22.766468897152162,22.36198824623498,22.5090713906203,17936000,0.011155789427234941,VALE3.SA,228,965,64.88999938964844,60.959999084472656,1.0
2018-03-15,22.272693634033203,22.493318403069225,22.130862566570894,22.43028304103865,16039100,-0.004694527557229655,VALE3.SA,227,964,65.12000274658203,61.189998626708984,1.0
2018-03-16,22.22016143798828,22.377750837491586,22.08883660442587,22.272692573728005,26802000,-0.002358591956055589,VALE3.SA,226,963,66.20999908447266,62.34000015258789,1.0
2018-03-19,21.58979606628418,21.810422769713078,21.36391725261389,21.810422769713078,21861500,-0.028369072540868623,VALE3.SA,223,960,66.05000305175781,62.060001373291016,1.0
2018-03-20,21.852445602416992,22.020541183677324,21.500496105358607,21.58979600621555,9322500,0.012165447757192194,VALE3.SA,222,959,67.41999816894531,63.400001525878906,1.0
2018-03-21,22.325214385986328,22.42502050538212,21.763144442930077,21.931240014468923,19798000,0.021634593773661948,VALE3.SA,221,958,69.47000122070312,65.16999816894531,1.0
2018-03-22,22.025793075561523,22.193888639862557,21.862949620957373,22.031045185258407,15229500,-0.013411800005502017,VALE3.SA,220,957,68.91000366210938,64.30000305175781,1.0
2018-03-23,21.852445602416992,22.167626320173156,21.542518998744995,21.66333957639216,14983200,-0.007870203472349235,VALE3.SA,219,956,70.44999694824219,65.87999725341797,1.0
2018-03-26,22.06256866455078,22.26218294211971,21.85770227614003,22.062568664550785,9850900,0.009615539878545576,VALE3.SA,216,953,70.12000274658203,65.55000305175781,1.0
2018-03-27,21.463729858398438,22.267437151398035,21.39018827653675,22.267437151398035,11659800,-0.027142750930653547,VALE3.SA,215,952,70.11000061035156,65.25,1.0
2018-03-28,21.820934295654297,21.904982106938512,21.04349154031084,21.332405766359212,19038400,0.016642235045466247,VALE3.SA,214,951,69.52999877929688,64.37999725341797,1.0
2018-03-29,22.172882080078125,22.456544171592515,21.925992781633575,21.99428024510881,20347700,0.016128905373860247,VALE3.SA,213,950,70.2699966430664,64.94000244140625,1.0
2018-04-02,22.587865829467773,22.83475709721029,22.230662209530383,22.230662209530383,18944000,0.018715823585356173,VALE3.SA,209,946,67.63999938964844,63.0099983215332,1.0
2018-04-03,22.51957893371582,22.876782594291786,22.29370008941462,22.79798890684153,13693900,-0.003023167229144197,VALE3.SA,208,945,68.12000274658203,63.5099983215332,1.0
2018-04-04,22.351486206054688,22.37775077191862,21.847199327578632,21.95751170652191,12440000,-0.007464292656443439,VALE3.SA,207,944,68.0199966430664,63.369998931884766,1.0
2018-04-05,22.719188690185547,22.950319599402285,22.603622233648544,22.750707361202167,14686600,0.016450918777439316,VALE3.SA,206,943,68.33000183105469,63.540000915527344,1.0
2018-04-06,22.451290130615234,22.640396171511775,22.193892624398263,22.540590038494916,11282700,-0.01179173091185437,VALE3.SA,205,942,67.11000061035156,62.060001373291016,1.0
2018-04-09,22.561599731445312,22.708682857675203,22.172877464306918,22.62463507070708,11918100,0.004913285614694285,VALE3.SA,202,939,68.6500015258789,63.41999816894531,1.0
2018-04-10,23.554414749145508,23.554414749145508,22.9398136812093,23.00810313405939,22479700,0.04400463750433681,VALE3.SA,201,938,71.04000091552734,65.51000213623047,1.0
2018-04-11,23.449356079101562,23.669982786158542,23.22873137590201,23.407333184907213,17709600,-0.0044602538913753875,VALE3.SA,200,937,72.05999755859375,66.81999969482422,1.0
2018-04-12,23.538658142089844,23.564922701618176,23.281260649454303,23.33378976851097,9812400,0.0038082948924924587,VALE3.SA,199,936,72.0199966430664,67.06999969482422,1.0
2018-04-13,23.627954483032227,23.727760595735784,23.428340253767963,23.559665035468136,15483300,0.0037936037136589995,VALE3.SA,198,935,72.58000183105469,67.38999938964844,1.0
2018-04-16,23.396827697753906,23.559669173192983,23.276009117833542,23.43359848277934,11434200,-0.009781921047981479,VALE3.SA,195,932,71.41999816894531,66.22000122070312,1.0
2018-04-17,24.126996994018555,24.16376778468663,23.407337514554815,23.428347963609568,13348000,0.031208046906920917,VALE3.SA,194,931,71.58000183105469,66.5199966430664,1.0
2018-04-18,24.94120979309082,25.256390566174893,24.610270682702758,24.68906637693821,27655600,0.03374695985887177,VALE3.SA,193,930,73.4800033569336,68.47000122070312,1.0
2018-04-19,25.125062942504883,25.30366275564929,24.89918411500663,25.098796378117743,16092700,0.0073714607647057395,VALE3.SA,192,929,73.77999877929688,68.29000091552734,1.0
2018-04-20,25.020002365112305,25.161833394722564,24.862413000164516,25.088289820813266,10188600,-0.004181505042713529,VALE3.SA,191,928,74.05999755859375,68.37999725341797,1.0
2018-04-23,24.95171546936035,25.20385887995623,24.720584510611893,24.804632314143852,11785300,-0.0027292921381643076,VALE3.SA,188,925,74.70999908447266,68.63999938964844,1.0
2018-04-24,25.377206802368164,25.52428994715474,25.056773947919503,25.056773947919503,15113400,0.017052588369336652,VALE3.SA,187,924,73.86000061035156,67.69999694824219,1.0
2018-04-25,25.188100814819336,25.4717629062475,24.92019706051794,25.083040558306195,15525500,-0.007451804645859594,VALE3.SA,186,923,74.0,68.05000305175781,1.0
2018-04-26,25.582075119018555,25.739664500905615,25.01475093959587,25.056775843489866,13273500,0.015641286617664507,VALE3.SA,185,922,74.73999786376953,68.19000244140625,1.0
2018-04-27,25.398216247558594,25.818457222708304,25.14082075432975,25.68713241893839,14624200,-0.007187019450321075,VALE3.SA,184,921,74.63999938964844,68.0999984741211,1.0
2018-04-30,25.566314697265625,25.650364504787774,25.29316083824945,25.350942075134373,8464400,0.006618513995965802,VALE3.SA,181,918,75.16999816894531,68.56999969482422,1.0
2018-05-02,25.587326049804688,25.907758913713746,25.434988786002407,25.477013687957914,16526500,0.0008218373585657801,VALE3.SA,179,916,73.36000061035156,67.93000030517578,1.0
2018-05-03,25.786937713623047,25.91301040285815,25.519036004302404,25.63985457939661,14025900,0.007801192802632917,VALE3.SA,178,915,73.62000274658203,68.43000030517578,1.0
2018-05-04,26.107376098632812,26.212436361367605,25.697641274352904,25.697641274352904,14861100,0.01242638379820038,VALE3.SA,177,914,74.87000274658203,69.72000122070312,1.0
2018-05-07,25.865732192993164,26.28597113115421,25.79744273933658,26.11787555588979,15433900,-0.009255771423628545,VALE3.SA,174,911,76.16999816894531,70.7300033569336,1.0
2018-05-08,25.839468002319336,26.09686550273217,25.69238486143058,25.870986677020145,22420400,-0.0010154048792380133,VALE3.SA,173,910,74.8499984741211,69.05999755859375,1.0
2018-05-09,26.396286010742188,26.485585916986626,25.913011686426973,25.960286692892254,16776100,0.02154912819307553,VALE3.SA,172,909,77.20999908447266,71.13999938964844,1.0
2018-05-10,27.000377655029297,27.000377655029293,26.464572270781282,26.480330604364166,14314200,0.022885478814757,VALE3.SA,171,908,77.47000122070312,71.36000061035156,1.0
2018-05-11,27.646503448486328,28.145538197406022,27.184239491226812,27.19474571796656,21432500,0.023930250225099314,VALE3.SA,170,907,77.12000274658203,70.69999694824219,-1.0
2018-05-14,28.50798988342285,28.576279345435065,27.84085961077717,27.882884511663935,15847800,0.03116077360530345,VALE3.SA,167,904,78.2300033569336,70.95999908447266,-1.0
2018-05-15,28.70760726928711,28.707607269287113,27.935416664510377,28.266355781394374,15954500,0.0070021557703841,VALE3.SA,166,903,78.43000030517578,71.30999755859375,-1.0
2018-05-16,29.364227294921875,29.416756415549496,28.964998764264926,29.064806898857917,20944200,0.02287268386652519,VALE3.SA,165,902,79.27999877929688,71.48999786376953,-1.0
2018-05-17,29.091073989868164,29.311698720325815,28.760134890324014,29.049049086624226,20241200,-0.009302247333473956,VALE3.SA,164,901,79.30000305175781,71.48999786376953,-1.0
2018-05-18,28.7706356048584,29.154103756142987,28.077240865020876,28.733864823492564,22361100,-0.0110150070472258,VALE3.SA,163,900,78.51000213623047,71.27999877929688,-1.0
2018-05-21,27.840858459472656,28.94398601198424,27.84085845947266,28.89670900237046,22608800,-0.032316878853685616,VALE3.SA,160,897,79.22000122070312,72.23999786376953,-1.0
2018-05-22,27.494163513183594,27.872379623882722,27.247272218270812,27.772571481416193,20491700,-0.012452739084670816,VALE3.SA,159,896,79.56999969482422,72.12999725341797,1.0
2018-05-23,27.284048080444336,27.441639491781633,26.92159224285624,27.210506490544553,15703000,-0.007642183136013836,VALE3.SA,158,895,79.80000305175781,71.83999633789062,1.0
2018-05-24,27.55719566345215,27.840857713534703,26.92683622011007,26.958354893627273,14500200,0.010011255741906977,VALE3.SA,157,894,78.79000091552734,70.70999908447266,-1.0
2018-05-25,27.042400360107422,27.730542977120493,26.81652156230379,27.620230635083534,13141500,-0.018680975728872062,VALE3.SA,156,893,76.44000244140625,67.87999725341797,1.0
2018-05-28,26.8270320892334,27.557197713923866,26.637924041773907,26.73773218007618,13832600,-0.007964095938455706,VALE3.SA,153,890,76.44000244140625,67.87999725341797,1.0
2018-05-29,26.34901237487793,27.347081830020745,26.259712457197054,27.299804813643288,18697800,-0.01781858361243449,VALE3.SA,152,889,75.38999938964844,66.7300033569336,1.0
2018-05-30,26.595901489257812,26.974115585222197,26.10737302827361,26.375274763075783,25861400,0.009369957054454092,VALE3.SA,151,888,77.5,68.20999908447266,1.0
2018-06-01,27.714784622192383,27.882882207993745,26.60640500495483,26.737729803589637,20424100,0.04206975775521249,VALE3.SA,149,886,77.58999633789062,65.80999755859375,-1.0
2018-06-04,27.588714599609375,28.07724302256089,27.18948608002058,27.935411996169407,13964100,-0.004548836453235783,VALE3.SA,146,883,75.29000091552734,64.75,-1.0
2018-06-05,28.224328994750977,28.36616003539085,27.57821114551888,27.57821114551888,16988600,0.023038927487785132,VALE3.SA,145,882,75.37999725341797,65.5199966430664,-1.0
2018-06-06,29.453527450561523,29.53757524659305,28.623555715232413,28.628807825796716,26835500,0.0435510249345219,VALE3.SA,144,881,75.36000061035156,64.7300033569336,-1.0
2018-06-07,28.560522079467773,29.810734961395923,27.877633397423214,29.658397685072615,32389900,-0.03031913147220422,VALE3.SA,143,880,77.31999969482422,65.94999694824219,-1.0
2018-06-08,26.732484817504883,28.360914078931128,26.611666201969268,28.360914078931128,30421100,-0.0640057369006245,VALE3.SA,142,879,76.45999908447266,65.73999786376953,-1.0
2018-06-11,26.711467742919922,27.315562720001513,26.57489081101732,26.984623610582865,14362000,-0.0007861998137635995,VALE3.SA,139,876,76.45999908447266,66.0999984741211,-1.0
2018-06-12,27.157970428466797,27.504667838027757,26.349009138205385,26.52761095548573,18403200,0.016715767543894033,VALE3.SA,138,875,75.87999725341797,66.36000061035156,-1.0
2018-06-13,27.079172134399414,27.44162984847369,26.648426970191217,27.30505094049119,15599000,-0.002901479485550529,VALE3.SA,137,874,76.73999786376953,66.63999938964844,-1.0
2018-06-14,27.163219451904297,27.25777346229815,26.658932732375263,27.247267238492466,18827200,0.003103762444720992,VALE3.SA,136,873,75.94000244140625,66.88999938964844,-1.0
2018-06-15,25.80794906616211,27.0213888796987,25.58207026027678,27.000378435599877,36611400,-0.04989358452674786,VALE3.SA,135,872,73.44000244140625,65.05999755859375,1.0
2018-06-18,25.849977493286133,25.892002398196933,25.14082425570739,25.540050833071163,20490400,0.001628507054794559,VALE3.SA,132,869,75.33999633789062,65.8499984741211,1.0
2018-06-19,25.3719482421875,25.608333257644894,24.7048180891665,25.056769557482447,26764800,-0.018492443609391507,VALE3.SA,131,868,75.08000183105469,65.06999969482422,1.0
2018-06-20,25.639856338500977,25.78168737217471,25.251134023559175,25.765927032528147,14448400,0.010559224453564386,VALE3.SA,130,867,74.73999786376953,66.22000122070312,1.0
2018-06-21,24.799373626708984,25.84471986901187,24.710073728609267,25.48226215497639,13952800,-0.032780320634243076,VALE3.SA,129,866,73.05000305175781,65.54000091552734,1.0
2018-06-22,25.21961784362793,25.461257038162607,24.941209863233116,25.293161426921465,9632500,0.01694575932620901,VALE3.SA,128,865,75.55000305175781,68.58000183105469,1.0
2018-06-25,24.773117065429688,25.109308326092602,24.30034685271123,25.056779193060763,13800400,-0.01770450214458963,VALE3.SA,125,862,74.7300033569336,68.08000183105469,1.0
2018-06-26,25.392959594726562,25.392959594726562,24.494698578550107,24.95170825283788,15460100,0.025020772624606558,VALE3.SA,124,861,76.30999755859375,70.52999877929688,1.0
2018-06-27,25.293161392211914,25.88674814190486,25.161836570868875,25.46650911437869,14471100,-0.003930152455934088,VALE3.SA,123,860,77.62000274658203,72.76000213623047,1.0
2018-06-28,25.77643394470215,25.970794105424627,24.95171428546996,25.135568220767222,16298400,0.01910684651065564,VALE3.SA,122,859,77.8499984741211,73.44999694824219,1.0
2018-06-29,26.049589157104492,26.31749088539395,25.76592708913385,26.107372393601207,12248000,0.010597090853930347,VALE3.SA,121,858,79.44000244140625,74.1500015258789,1.0
2018-07-02,25.613590240478516,25.839469075572513,25.487519544153898,25.681879703237946,8222800,-0.0167372665264115,VALE3.SA,118,855,77.30000305175781,73.94000244140625,1.0
2018-07-03,25.193347930908203,25.99705703060595,25.1933479309082,25.897248904971114,11486600,-0.016407005250914874,VALE3.SA,117,854,77.76000213623047,74.13999938964844,1.0
2018-07-04,25.230121612548828,25.408723432580008,25.00424278121947,25.3036631848221,6147000,0.0014596583884554093,VALE3.SA,116,853,77.76000213623047,74.13999938964844,1.0
2018-07-05,26.107376098632812,26.144146890011314,25.377210378605657,25.503281090801135,12179600,0.034770125152613574,VALE3.SA,115,852,77.38999938964844,72.94000244140625,1.0
2018-07-06,26.443565368652344,26.496094494182167,25.94453066068825,26.154651170522932,8582200,0.012877175735677815,VALE3.SA,114,851,77.11000061035156,73.80000305175781,1.0
2018-07-10,26.018075942993164,26.842795755170645,25.923521900488666,26.63267721927241,10935700,-0.016090471149687646,VALE3.SA,110,847,78.86000061035156,74.11000061035156,1.0
2018-07-11,25.666120529174805,25.792191221383277,25.450747926449274,25.47701248700458,12912600,-0.013527342090533967,VALE3.SA,109,846,73.4000015258789,70.37999725341797,1.0
2018-07-12,26.50135040283203,26.61691488759133,25.718653554770462,25.923519963604225,20765500,0.03254211608286561,VALE3.SA,108,845,74.44999694824219,70.33000183105469,1.0
2018-07-13,26.42780303955078,26.732475528543432,26.228188785747566,26.580138282118412,15555400,-0.0027752307774244755,VALE3.SA,107,844,75.33000183105469,71.01000213623047,1.0
2018-07-16,26.26496696472168,26.58014576675516,26.054846427460728,26.427810481291818,12550000,-0.006161544135371622,VALE3.SA,104,841,71.83999633789062,68.05999755859375,1.0
2018-07-17,26.632673263549805,26.80076886884453,26.10737399603939,26.333252841377483,11553600,0.01399987669209768,VALE3.SA,103,840,72.16000366210938,68.08000183105469,1.0
2018-07-18,27.026639938354492,27.142204381334544,26.69570093395716,26.86905060421289,9762900,0.014792607219939802,VALE3.SA,102,839,72.9000015258789,68.76000213623047,1.0
2018-07-19,25.96554183959961,26.658936682662723,25.771181680037664,26.63792423193776,20977000,-0.039261191963749775,VALE3.SA,101,838,72.58000183105469,69.45999908447266,1.0
2018-07-20,25.592578887939453,26.191419683932345,25.545301877526462,26.049588652693366,16788900,-0.014363765407404583,VALE3.SA,100,837,73.06999969482422,70.45999908447266,1.0
2018-07-23,26.05484390258789,26.33325388805773,25.492773824319492,25.781690036020056,8554600,0.01806246321140703,VALE3.SA,97,834,73.05999755859375,67.88999938964844,1.0
2018-07-24,26.95311164855957,27.5204339314675,26.95311164855957,27.273542584020277,20910300,0.03447603636890184,VALE3.SA,96,833,73.44000244140625,68.5199966430664,1.0
2018-07-25,27.184234619140625,27.184234619140625,26.65368328894745,27.0318973645037,15263700,0.008575001417077788,VALE3.SA,95,832,73.93000030517578,69.30000305175781,1.0
2018-07-26,27.725297927856445,27.93541846088192,27.525685625725945,27.562456418426716,54299500,0.019903569708556557,VALE3.SA,94,831,74.54000091552734,69.61000061035156,1.0
2018-07-27,28.077247619628906,28.19281210149858,27.97218736022739,28.093005957188915,21543400,0.012694171679895616,VALE3.SA,93,830,74.29000091552734,68.69000244140625,1.0
2018-07-30,28.53950309753418,28.550007316888134,28.135022521262822,28.208564079883583,15527200,0.016463703428754473,VALE3.SA,90,827,74.97000122070312,70.12999725341797,1.0
2018-07-31,28.807409286499023,28.88095085663471,28.39242242203908,28.471218106531598,15921000,0.009387205798547793,VALE3.SA,89,826,74.25,68.76000213623047,1.0
2018-08-01,27.872377395629883,28.24533936172088,27.851364945858066,28.050979210975324,36906000,-0.03245803472189901,VALE3.SA,88,825,74.25,67.66000366210938,1.0
2018-08-02,27.756807327270508,27.88813211553279,27.05290638203038,27.362832962483655,19796400,-0.004146401532920341,VALE3.SA,87,824,73.44999694824219,68.95999908447266,1.0
2018-08-03,28.400131225585938,28.610902567255202,27.740795603731055,28.27042673607363,15607700,0.02317715761507544,VALE3.SA,86,823,73.20999908447266,68.48999786376953,1.0
2018-08-06,28.319067001342773,28.594690593279854,28.102890099011777,28.15693329378666,11904900,-0.0028543609041542517,VALE3.SA,83,820,73.75,69.01000213623047,1.0
2018-08-07,28.50821304321289,28.994609919781087,28.4433608135422,28.85409435027685,19065600,0.006679105701510091,VALE3.SA,82,819,74.6500015258789,69.16999816894531,1.0
2018-08-08,28.319067001342773,28.821676546888973,28.243403642395915,28.805461939163923,13076000,-0.006634791229580328,VALE3.SA,81,818,72.27999877929688,66.94000244140625,1.0
2018-08-09,28.01641845703125,28.66494707246935,27.956969708553878,28.37310888627986,12752800,-0.010687094468796343,VALE3.SA,80,817,72.06999969482422,66.80999755859375,1.0
2018-08-10,27.9461612701416,28.0542497186857,27.41112664535263,27.7840296281333,14630800,-0.0025077147886479745,VALE3.SA,79,816,72.80999755859375,67.62999725341797,1.0
2018-08-13,28.254209518432617,28.47578989069335,27.96237341318311,28.14071758519028,14720600,0.011022918150126904,VALE3.SA,76,813,72.61000061035156,67.19999694824219,1.0
2018-08-14,28.513622283935547,28.594689133575297,27.97858767348321,28.156931856428784,17475600,0.009181384647611202,VALE3.SA,75,812,72.45999908447266,67.04000091552734,1.0
2018-08-15,27.243589401245117,28.092080319224497,27.21116224825168,27.886712473497408,26625700,-0.04454126768053457,VALE3.SA,74,811,70.76000213623047,65.01000213623047,1.0
2018-08-16,26.870683670043945,27.57865891423692,26.822043976337785,27.508403182362276,20125600,-0.013687834070209903,VALE3.SA,73,810,71.43000030517578,65.45999908447266,1.0
2018-08-17,27.454362869262695,27.66513422601476,26.605871885528778,26.76800353982915,17343200,0.02172178446912576,VALE3.SA,72,809,71.83000183105469,65.91000366210938,1.0
2018-08-20,27.800241470336914,27.978587715163798,27.584066640334918,27.61649173094662,14783600,0.012598310975974414,VALE3.SA,69,806,72.20999908447266,66.43000030517578,1.0
2018-08-21,27.956972122192383,28.156934424830677,27.57326006367637,27.648921364046757,13378300,0.005637744262858346,VALE3.SA,68,805,72.62999725341797,67.3499984741211,1.0
2018-08-22,28.805458068847656,28.805458068847653,27.902924055354497,27.91373310518031,13073500,0.0303497082211468,VALE3.SA,67,804,74.77999877929688,67.86000061035156,1.0
2018-08-23,28.832483291625977,28.92435919590169,28.454176808183952,28.697373244220763,12263000,0.0009381979871219137,VALE3.SA,66,803,74.7300033569336,67.83000183105469,1.0
2018-08-24,29.264829635620117,29.432364732278767,28.94056436750448,28.967585957776983,10971100,0.014995112964123702,VALE3.SA,65,802,75.81999969482422,68.72000122070312,1.0
2018-08-27,30.0862979888916,30.0862979888916,29.275637876304923,29.275637876304923,11205300,0.028070156686359926,VALE3.SA,62,799,76.20999908447266,68.87000274658203,1.0
2018-08-28,30.075496673583984,30.4862303009779,29.762040381360055,30.226819263421376,17875600,-0.0003590111123543682,VALE3.SA,61,798,75.94999694824219,68.52999877929688,1.0
2018-08-29,29.843107223510742,30.351120247536386,29.799871019789922,29.859319769098217,10292800,-0.0077268699032776444,VALE3.SA,60,797,77.13999938964844,69.51000213623047,1.0
2018-08-30,29.491819381713867,30.205200228358176,29.39994554404125,29.886340451326586,14432500,-0.011771155033083347,VALE3.SA,59,796,77.7699966430664,70.25,1.0
2018-08-31,28.978395462036133,29.616114898251446,28.810860362742176,29.464792341052974,15000000,-0.017409028348928435,VALE3.SA,58,795,77.41999816894531,69.80000305175781,1.0
2018-09-03,29.210786819458008,29.275639053821134,28.75681705568542,28.8054567468616,4356600,0.008019469460492479,VALE3.SA,55,792,77.41999816894531,69.80000305175781,1.0
2018-09-04,28.102890014648438,29.070278454171223,28.102890014648438,28.967593498145177,10521800,-0.037927660478887626,VALE3.SA,54,791,78.16999816894531,69.87000274658203,1.0
2018-09-05,28.1839542388916,28.448768754050956,27.967777357376775,28.146123593868836,7100000,0.0028845511689690184,VALE3.SA,53,790,77.2699966430664,68.72000122070312,1.0
2018-09-06,28.902738571166992,29.11350989686645,28.31906428935431,28.529835615053766,12479400,0.02550331746151957,VALE3.SA,52,789,76.5,67.7699966430664,1.0
2018-09-10,28.76222801208496,29.205388809743855,28.621712406027797,29.135131006715277,9341300,-0.00486149638505895,VALE3.SA,48,785,77.37000274658203,67.54000091552734,1.0
2018-09-11,28.4217529296875,28.63792985509237,28.17315090860306,28.432561982119335,10347800,-0.011837576777932624,VALE3.SA,47,784,79.05999755859375,69.25,1.0
2018-09-12,28.886526107788086,29.027039638110754,28.20016687754594,28.643327630676215,14230800,0.016352727407432877,VALE3.SA,46,783,79.73999786376953,70.37000274658203,1.0
2018-09-13,29.064870834350586,29.41615775924122,28.92435730136368,29.021636694052916,14353500,0.006173976264816972,VALE3.SA,45,782,78.18000030517578,68.58999633789062,1.0
2018-09-14,29.83230209350586,29.848514641224188,29.210794983834848,29.237816583904035,17021500,0.026404082905755688,VALE3.SA,44,781,78.08999633789062,68.98999786376953,1.0
2018-09-17,29.745819091796875,30.03225164168062,29.610709087268308,29.88633258939596,12096900,-0.002898971773546477,VALE3.SA,41,778,78.05000305175781,68.91000366210938,1.0
2018-09-18,30.988840103149414,31.059097904027354,29.999833580998835,30.06468788717033,20647900,0.041788091547135586,VALE3.SA,40,777,79.02999877929688,69.8499984741211,1.0
2018-09-19,31.658987045288086,31.853543780244053,31.091523201415495,31.134759405816176,12451900,0.021625428377055167,VALE3.SA,39,776,79.4000015258789,71.12000274658203,-1.0
2018-09-20,32.05891418457031,32.21564234559809,31.577922711140676,31.999465429586273,11264600,0.012632341606828135,VALE3.SA,38,775,78.69999694824219,70.80000305175781,-1.0
2018-09-21,32.972251892089844,32.972251892089844,32.21023138044083,32.36695951515264,23057600,0.02848935251709528,VALE3.SA,37,774,78.80000305175781,70.77999877929688,-1.0
2018-09-24,32.53449630737305,33.101958032754304,32.50747471313879,32.885781155649305,9008600,-0.013276484304119207,VALE3.SA,34,771,81.19999694824219,72.08000183105469,-1.0
2018-09-25,33.61537551879883,33.62618456847772,32.35074556898448,32.42640685512129,16840000,0.033222558640959576,VALE3.SA,33,770,81.87000274658203,72.27999877929688,-1.0
2018-09-26,32.43181610107422,33.73427692495397,32.2913025535588,33.6153814806304,24600600,-0.035208870924637536,VALE3.SA,32,769,81.33999633789062,71.56999969482422,-1.0
2018-09-27,32.14537811279297,32.83173731306909,31.675195785314923,32.54530470898477,20631400,-0.008832005811471144,VALE3.SA,31,768,81.72000122070312,72.12000274658203,-1.0
2018-09-28,32.32912826538086,32.58313578504843,31.804900681936044,31.804900681936044,14753000,0.0057162230894638455,VALE3.SA,30,767,82.72000122070312,73.25,-1.0
2018-10-01,32.6425895690918,32.734463415386344,31.92920865550007,32.2534719574542,8976500,0.009695940488646082,VALE3.SA,27,764,84.9800033569336,75.30000305175781,-1.0
2018-10-02,33.0749397277832,33.36677792241326,32.685822134943116,32.89659347719293,20530200,0.01324497119863266,VALE3.SA,26,763,84.80000305175781,75.2300033569336,-1.0
2018-10-03,32.399391174316406,33.60997609665667,32.05891326295129,33.5126966934095,26674700,-0.020424785624003183,VALE3.SA,25,762,86.29000091552734,76.41000366210938,-1.0
2018-10-04,31.77788734436035,32.61016585182324,31.707629532271667,32.421012582679865,14396500,-0.019182577432156567,VALE3.SA,24,761,84.58000183105469,74.33000183105469,-1.0
2018-10-05,31.069902420043945,31.51306313945295,30.92938683879794,31.264459125313564,20202600,-0.022279169053761927,VALE3.SA,23,760,84.16000366210938,74.33999633789062,-1.0
2018-10-08,30.832109451293945,31.113138570363194,29.864721109777484,30.805087856725184,26384200,-0.0076534829603003285,VALE3.SA,20,757,83.91000366210938,74.29000091552734,-1.0
2018-10-09,31.183399200439453,31.518471539107892,30.653768064603636,31.02126755667187,17830500,0.011393633306227224,VALE3.SA,19,756,85.0,74.95999908447266,-1.0
2018-10-10,30.2051944732666,31.421184602216886,30.2051944732666,31.010451065771036,14135900,-0.0313694065513892,VALE3.SA,18,755,83.08999633789062,73.16999816894531,-1.0
2018-10-11,30.52406120300293,30.891560691343475,30.05928231706543,30.502443100955677,15976400,0.010556685209179628,VALE3.SA,17,754,80.26000213623047,70.97000122070312,-1.0
2018-10-15,31.16718101501465,31.588725714356904,30.718616783364563,30.778065526965104,16290900,0.02106927409608428,VALE3.SA,13,750,80.77999877929688,71.77999877929688,-1.0
2018-10-16,31.183399200439453,31.804904178484485,30.940200703980224,31.313103690807242,15825800,0.0005203609982240565,VALE3.SA,12,749,81.41000366210938,71.91999816894531,-1.0
2018-10-17,31.77788734436035,31.84273959926437,31.210425475314207,31.529285315881626,21832000,0.019064250824602835,VALE3.SA,11,748,80.05000305175781,69.75,-1.0
2018-10-18,30.53486442565918,31.804897785089153,30.437585046630513,31.804897785089153,17237800,-0.039115970965318825,VALE3.SA,10,747,79.29000091552734,68.6500015258789,-1.0
2018-10-19,30.551084518432617,31.091524730322757,30.459210671986877,30.85913527428073,13429700,0.0005311991089047563,VALE3.SA,9,746,79.77999877929688,69.12000274658203,-1.0
2018-10-22,31.545490264892578,31.572511859458412,30.82130039780445,31.183396362156273,14084400,0.03254895078634612,VALE3.SA,6,743,79.83000183105469,69.16999816894531,-1.0
2018-10-23,30.669979095458984,31.10233081135379,30.264648975254683,30.97262632739315,20763100,-0.0277539249535127,VALE3.SA,5,742,76.44000244140625,66.43000030517578,-1.0
2018-10-24,29.41615104675293,31.123941461928652,29.41615104675293,31.02125859823931,17954800,-0.04088128149039716,VALE3.SA,4,741,76.16999816894531,66.81999969482422,-1.0
2018-10-25,29.5134334564209,30.286262945118377,29.07567624413289,30.248432303989016,29494700,0.003307108721101848,VALE3.SA,3,740,76.88999938964844,67.33000183105469,-1.0
2018-10-26,30.048471450805664,30.20519958875673,28.918951457267404,29.67016499591077,26630300,0.018128625907751328,VALE3.SA,2,739,77.62000274658203,67.58999633789062,-1.0
2018-10-29,28.69737434387207,29.39454270998545,28.427154238707118,29.199983904408157,26198300,-0.04496392134773186,VALE3.SA,1462,736,77.33999633789062,67.04000091552734,1.0
2018-10-30,29.113510131835938,29.64314122832376,28.621709680696135,28.9675910448012,23799200,0.014500831434173689,VALE3.SA,1461,735,75.91000366210938,66.18000030517578,-1.0
2018-10-31,30.648359298706055,30.648359298706055,29.32968612277575,29.372920261165593,26626000,0.052719481777353305,VALE3.SA,1460,734,75.47000122070312,65.30999755859375,-1.0
2018-11-01,31.0753116607666,31.48604530778058,30.00524030662453,30.669981508669643,20420000,0.013930675958845562,VALE3.SA,1459,733,75.5,63.689998626708984,-1.0
2018-11-05,31.09151840209961,31.345525909705522,30.8267039066774,31.13475459982631,15491800,0.0005215310954860275,VALE3.SA,1455,729,73.16999816894531,63.099998474121094,-1.0
2018-11-06,30.92938804626465,31.26446034586132,30.567294152793572,30.805087065150005,11211000,-0.005214616852678766,VALE3.SA,1454,728,72.12999725341797,62.209999084472656,-1.0
2018-11-07,31.123947143554688,31.426594358287236,31.021264261120756,31.232035581788846,12982500,0.00629042828131654,VALE3.SA,1453,727,72.06999969482422,61.66999816894531,-1.0
2018-11-08,30.815895080566406,31.761665265730414,30.815895080566403,31.226628653869714,16743700,-0.009897589838699927,VALE3.SA,1452,726,70.6500015258789,60.66999816894531,-1.0
2018-11-09,29.535057067871094,30.80509068369285,29.25402792301194,30.534870589976244,29209700,-0.04156419955826807,VALE3.SA,1451,725,70.18000030517578,60.189998626708984,-1.0
2018-11-12,29.64314079284668,29.967406113143173,29.399944379643713,29.77825082756634,15985200,0.0036595062175506232,VALE3.SA,1448,722,70.12000274658203,59.93000030517578,-1.0
2018-11-13,30.410566329956055,30.410566329956055,29.372920209426233,29.670163929900585,18790200,0.02588880653613357,VALE3.SA,1447,721,65.47000122070312,55.689998626708984,-1.0
2018-11-14,29.8106746673584,30.086298200465396,29.31887427806197,29.837696258978255,28360900,-0.019726421931403837,VALE3.SA,1446,720,66.12000274658203,56.25,-1.0
2018-11-16,30.345712661743164,30.453799033241943,29.805272557787745,30.18357898126423,19633700,0.017947866002865576,VALE3.SA,1444,718,66.76000213623047,56.459999084472656,-1.0
2018-11-19,29.92416763305664,30.415968039509874,29.6215224977718,30.345712311170388,12979700,-0.013891419634311841,VALE3.SA,1441,715,66.79000091552734,56.7599983215332,-1.0
2018-11-21,29.470195770263672,29.481004818842155,29.02703508662175,29.26483003211805,18590600,-0.015170743205283888,VALE3.SA,1439,713,63.47999954223633,54.630001068115234,-1.0
2018-11-22,29.205385208129883,29.57288466256824,29.048657075169157,29.556670056720773,9255400,-0.008985707600931203,VALE3.SA,1438,712,63.47999954223633,54.630001068115234,-1.0
2018-11-23,27.211166381835938,28.854105273996293,27.211166381835938,28.854105273996293,33531500,-0.06828257227502055,VALE3.SA,1437,711,58.79999923706055,50.41999816894531,1.0
2018-11-26,27.08686065673828,27.611088279682956,26.481568245521593,26.994986817706874,30327300,-0.004568188050205535,VALE3.SA,1434,708,60.47999954223633,51.630001068115234,1.0
2018-11-27,26.97877311706543,27.28682592001761,26.53561232912118,26.854472121580162,25582700,-0.0039904048329042485,VALE3.SA,1433,707,60.209999084472656,51.560001373291016,1.0
2018-11-28,28.2650203704834,28.2758294212359,27.140905893226442,27.292228480530202,29038300,0.047676269333550625,VALE3.SA,1432,706,58.7599983215332,50.290000915527344,1.0
2018-11-29,28.102890014648438,28.49741110784481,27.63270762434807,28.059653809665736,23362000,-0.005736077798983996,VALE3.SA,1431,705,59.5099983215332,51.45000076293945,1.0
2018-11-30,28.535242080688477,29.0162335277008,27.865097388766507,27.865097388766507,29502000,0.015384612252144825,VALE3.SA,1430,704,58.709999084472656,50.93000030517578,-1.0
2018-12-03,29.243213653564453,30.091704431496407,29.04325139714883,30.048468234641494,32418200,0.02481042813213441,VALE3.SA,1427,701,61.689998626708984,52.95000076293945,-1.0
2018-12-04,28.57847785949707,29.464799442325415,28.373110009792835,29.37292353787258,26844200,-0.02273128398069746,VALE3.SA,1426,700,62.08000183105469,53.25,-1.0
2018-12-05,28.535242080688477,28.902741580755006,28.33527978441031,28.805462180054118,9656100,-0.0015128789931065922,VALE3.SA,1425,699,62.08000183105469,53.25,-1.0
2018-12-06,28.2650203704834,28.42715200853966,27.600279211321787,27.940757094370877,21376400,-0.009469753557407312,VALE3.SA,1424,698,60.060001373291016,51.4900016784668,1.0
2018-12-07,27.71917724609375,28.78384299568803,27.61108879808605,28.362300316235252,19472100,-0.01931161263055947,VALE3.SA,1423,697,61.66999816894531,52.61000061035156,1.0
2018-12-10,27.130098342895508,27.90833148557488,27.12469278641249,27.627302335314504,14331300,-0.021251673452221786,VALE3.SA,1420,694,59.970001220703125,51.0,1.0
2018-12-11,27.346271514892578,27.962375034536542,27.157118281854267,27.643515254832234,19443900,0.007968020213744653,VALE3.SA,1419,693,60.20000076293945,51.650001525878906,1.0
2018-12-12,27.221967697143555,27.7786224109862,27.211158647576035,27.643512383815285,15808900,-0.004545549022334838,VALE3.SA,1418,692,60.150001525878906,51.150001525878906,1.0
2018-12-13,27.346271514892578,27.71377099189468,27.157118281854267,27.481381556095833,15149000,0.004566305387323943,VALE3.SA,1417,691,61.45000076293945,52.58000183105469,1.0
2018-12-14,27.49759292602539,27.665128037961825,26.94093821989666,27.22737287542817,16910700,0.005533529901888157,VALE3.SA,1416,690,60.279998779296875,51.20000076293945,1.0
2018-12-17,27.697553634643555,28.248802754375657,27.5786561593243,28.048840505387577,21401300,0.007271935007405972,VALE3.SA,1413,687,59.61000061035156,49.880001068115234,1.0
2018-12-18,27.800241470336914,28.205571595908236,27.751601772803728,27.751601772803728,18988400,0.003707469513297257,VALE3.SA,1412,686,56.2599983215332,46.2400016784668,1.0
2018-12-19,27.02740478515625,28.31905817867093,27.027404785156246,27.99479292619777,24414200,-0.027799639294690537,VALE3.SA,1411,685,57.2400016784668,47.20000076293945,1.0
2018-12-20,26.91932487487793,27.65432175425248,26.72476608913165,27.42193438418396,25323700,-0.003998900787458459,VALE3.SA,1410,684,54.349998474121094,45.880001068115234,1.0
2018-12-21,27.48678970336914,27.697561057656685,27.140908295141813,27.173333388653244,28272600,0.021080202833050565,VALE3.SA,1409,683,53.81999969482422,45.59000015258789,1.0
2018-12-26,27.25979995727539,27.400315548375225,26.697743777722636,27.08145578286779,13356400,-0.008258139584264579,VALE3.SA,1404,678,54.470001220703125,46.220001220703125,1.0
2018-12-27,26.751785278320312,27.232776643364982,26.632887795144182,27.076048517653792,14332000,-0.01863603840641881,VALE3.SA,1403,677,52.15999984741211,44.61000061035156,1.0
2018-12-28,27.56244659423828,27.670535032421135,27.157116497264187,27.18954364720369,11914300,0.030303073513935797,VALE3.SA,1402,676,52.20000076293945,45.33000183105469,1.0
2019-01-02,27.61109161376953,27.762414219442256,26.90851972249716,27.02741517197607,17319600,0.0017649020875170063,VALE3.SA,1397,671,54.90999984741211,46.540000915527344,1.0
2019-01-03,26.4815673828125,27.530020532930006,26.157304117056942,27.454359241694746,30120000,-0.04090835113501068,VALE3.SA,1396,670,55.95000076293945,47.09000015258789,1.0
2019-01-04,28.2055721282959,28.346087728984312,26.924729484566647,26.924729484566647,43360100,0.06510206592236445,VALE3.SA,1395,669,57.060001373291016,47.959999084472656,1.0
2019-01-07,28.054248809814453,28.994615601582726,27.951565920912795,28.573070872079064,20998900,-0.005365015032956499,VALE3.SA,1392,666,57.33000183105469,48.52000045776367,1.0
2019-01-08,28.3244686126709,28.53523994453923,27.897520392846772,28.210976674221122,19925600,0.009632045566014602,VALE3.SA,1391,665,58.720001220703125,49.779998779296875,1.0
2019-01-09,29.0162353515625,29.21619972202549,28.551458483196534,28.729802687947778,27695500,0.024422937932263356,VALE3.SA,1390,664,61.439998626708984,52.36000061035156,-1.0
2019-01-10,28.69737434387207,28.800059303268863,28.24881004133846,28.767632148467385,18113600,-0.0109890550523557,VALE3.SA,1389,663,61.68000030517578,52.59000015258789,-1.0
2019-01-11,28.30825424194336,28.89192850319592,28.30825424194336,28.78384006618901,12360400,-0.013559432206793565,VALE3.SA,1388,662,60.47999954223633,51.59000015258789,1.0
2019-01-14,28.427148818969727,28.481194066668273,27.794834883012218,28.09207652970033,14626300,0.0041999967928154636,VALE3.SA,1385,659,58.9900016784668,50.5099983215332,-1.0
2019-01-15,28.29203987121582,28.751415216904928,28.032628857214952,28.562259935168655,14480300,-0.00475281388978932,VALE3.SA,1384,658,60.63999938964844,52.11000061035156,1.0
2019-01-16,28.454174041748047,28.546047875475683,28.210975567740313,28.319064007478808,15375100,0.005730734555382089,VALE3.SA,1383,657,61.31999969482422,52.310001373291016,-1.0
2019-01-17,29.308073043823242,29.56748410345099,28.248810701605958,28.340684549933858,25525500,0.03000962181584854,VALE3.SA,1382,656,61.18000030517578,52.06999969482422,-1.0
2019-01-18,29.59450340270996,30.048473237187906,29.318879817527055,29.69718835652796,25815900,0.009773087383071255,VALE3.SA,1381,655,62.70000076293945,53.79999923706055,-1.0
2019-01-21,29.875526428222656,29.91335706821666,29.394535095485836,29.64313703305078,10676600,0.009495784459994105,VALE3.SA,1378,652,62.70000076293945,53.79999923706055,-1.0
2019-01-22,29.767446517944336,29.767446517944336,29.372923366836,29.44318116846545,17154300,-0.0036176738354045668,VALE3.SA,1377,651,61.5,52.56999969482422,-1.0
2019-01-23,30.075496673583984,30.210606717828988,29.902555981879633,29.972811720523755,13470400,0.01034855829686121,VALE3.SA,1376,650,61.13999938964844,52.619998931884766,-1.0
2019-01-24,30.345712661743164,30.37273425461786,29.994425769525986,30.156557388389537,14118200,0.00898458938490343,VALE3.SA,1375,649,61.09000015258789,53.130001068115234,-1.0
2019-01-28,22.893047332763672,24.319809139063544,22.893047332763672,24.319809139063544,183534500,-0.24559203509413918,VALE3.SA,1371,645,59.93000030517578,51.9900016784668,1.0
2019-01-29,23.09841537475586,24.15227213004694,23.022752013951568,23.384848025002587,68335900,0.00897076038008593,VALE3.SA,1370,644,61.31999969482422,53.310001373291016,1.0
2019-01-30,25.184507369995117,25.292595800320935,24.308995001425117,24.995354163136433,67892500,0.09031320813111443,VALE3.SA,1369,643,61.650001525878906,54.22999954223633,-1.0
2019-01-31,24.590028762817383,25.638481994259145,24.590028762817383,25.395285556886495,39814600,-0.023604932923405042,VALE3.SA,1368,642,61.88999938964844,53.790000915527344,-1.0
2019-02-01,24.9953556060791,25.038591805351523,24.63326171444213,24.708923001553412,21286700,0.01648338223477852,VALE3.SA,1367,641,61.869998931884766,55.2599983215332,-1.0
2019-02-04,24.146867752075195,24.91429182905622,23.806389856561786,24.86024863493091,35888900,-0.03394582047064565,VALE3.SA,1364,638,62.5099983215332,54.560001373291016,1.0
2019-02-05,24.060396194458008,24.433299163046254,23.676684175265173,24.022565548149736,21992300,-0.003581067263258464,VALE3.SA,1363,637,61.97999954223633,53.65999984741211,1.0
2019-02-06,22.947086334228516,23.995541456024387,22.947086334228516,23.779364589654104,29257400,-0.04627146831796258,VALE3.SA,1362,636,62.689998626708984,54.0099983215332,1.0
2019-02-07,22.47690773010254,23.125436374624904,22.271539879320386,22.779554980643837,31403200,-0.020489686458565526,VALE3.SA,1361,635,61.630001068115234,52.63999938964844,1.0
2019-02-08,23.325397491455078,23.55778692785758,21.89323022633415,21.963488025194717,48169600,0.037749399140709405,VALE3.SA,1360,634,62.099998474121094,52.720001220703125,1.0
2019-02-11,22.70929718017578,23.806390113356116,22.639039377762465,23.70370721876413,30697300,-0.026413282410513994,VALE3.SA,1357,631,61.5099983215332,52.40999984741211,1.0
2019-02-12,23.94149398803711,23.957708591560973,22.725503866122658,22.968702302828586,36421200,0.054259574749718986,VALE3.SA,1356,630,62.41999816894531,53.099998474121094,1.0
2019-02-13,24.584623336791992,24.85484341185993,23.941498238696337,23.94690379470241,38153200,0.02686254036929503,VALE3.SA,1355,629,63.61000061035156,53.900001525878906,1.0
2019-02-14,24.676498413085938,24.82782100301312,24.346829575073993,24.530579317820862,24055400,0.0037370951360662374,VALE3.SA,1354,628,64.56999969482422,54.40999984741211,1.0
2019-02-15,24.79539680480957,24.871058102498086,24.42249174960796,24.535985757756478,27877700,0.004818284577222665,VALE3.SA,1353,627,66.25,55.59000015258789,1.0
2019-02-18,24.454923629760742,24.94132072549636,24.265770348983636,24.746761887202116,18777400,-0.013731305763285295,VALE3.SA,1350,624,66.25,55.59000015258789,1.0
2019-02-19,24.584623336791992,24.827819755060688,24.444107743251948,24.590026831182502,20523500,0.0053036234745551525,VALE3.SA,1349,623,66.44999694824219,56.09000015258789,1.0
2019-02-20,24.752159118652344,24.90348376659186,24.287380247382515,24.806204372064894,25493000,0.006814657258125578,VALE3.SA,1348,622,67.08000183105469,56.91999816894531,1.0
2019-02-21,24.525169372558594,24.90888130273058,24.390059363769996,24.773771293941984,21401300,-0.009170502864241037,VALE3.SA,1347,621,67.06999969482422,56.959999084472656,1.0
2019-02-22,25.395278930664062,25.433109569345163,24.62785298538633,24.698110769343455,17580700,0.035478228300394266,VALE3.SA,1346,620,67.12000274658203,57.2599983215332,1.0
2019-02-25,25.46553611755371,25.806013946880018,25.076420659938957,25.589837089171027,16801500,0.0027665451945406705,VALE3.SA,1343,617,64.76000213623047,55.47999954223633,1.0
2019-02-26,25.50877571105957,25.557415407441276,25.18451038130967,25.287195330124153,10362900,0.0016979651756106051,VALE3.SA,1342,616,65.20999908447266,55.5,1.0
2019-02-27,25.30881118774414,25.535795042995375,25.043994628335636,25.535795042995375,15004800,-0.007839048238945212,VALE3.SA,1341,615,66.38999938964844,56.939998626708984,1.0
2019-02-28,25.45473289489746,25.454732894897457,24.914292688537717,25.17370580181228,17877800,0.005765648416705682,VALE3.SA,1340,614,66.02999877929688,57.220001220703125,1.0
2019-03-01,25.260173797607422,25.670907409041224,24.076608536577652,25.557415471073202,29872100,-0.007643336824368685,VALE3.SA,1339,613,65.06999969482422,55.79999923706055,1.0
2019-03-06,25.968143463134766,25.96814346313477,25.50336469970936,25.633071216187552,15244200,0.028027109837003517,VALE3.SA,1334,608,65.98999786376953,56.220001220703125,1.0
2019-03-07,26.405902862548828,26.459946046360933,25.789801495983475,25.849250235145977,21112500,0.01685755472028716,VALE3.SA,1333,607,66.30000305175781,56.65999984741211,1.0
2019-03-08,26.40049934387207,26.422117443710768,25.751972841634828,26.081639586905386,25446000,-0.00020463298319639556,VALE3.SA,1332,606,65.73999786376953,56.06999969482422,1.0
2019-03-11,26.9571590423584,26.994989693238225,26.270799708142434,26.42752786842504,20201600,0.021085195822841074,VALE3.SA,1329,603,66.58000183105469,56.790000915527344,1.0
2019-03-12,27.005796432495117,27.200355226996415,26.77881048503838,26.913920529929207,15591300,0.0018042476234343408,VALE3.SA,1328,602,66.66999816894531,56.869998931884766,-1.0
2019-03-13,27.400314331054688,27.56244595375368,26.85987421431442,26.98957868782744,21999200,0.014608637799137902,VALE3.SA,1327,601,67.55000305175781,58.2599983215332,-1.0
2019-03-14,27.40572166442871,27.524619166485074,27.13009807338935,27.454361364213973,17257400,0.00019734566942153364,VALE3.SA,1326,600,67.2300033569336,58.61000061035156,-1.0
2019-03-15,27.319250106811523,27.69215514253045,27.23818531850157,27.45436014894374,26054400,-0.0031552373871410744,VALE3.SA,1325,599,67.16000366210938,58.52000045776367,-1.0
2019-03-18,27.27060890197754,27.384100836308335,26.93013309898514,27.15711696764674,23021400,-0.0017804736456458192,VALE3.SA,1322,596,67.54000091552734,59.09000015258789,-1.0
2019-03-19,28.048847198486328,28.31366174192335,27.34086979446014,27.400318546305606,32034400,0.02853762082490041,VALE3.SA,1321,595,67.61000061035156,59.029998779296875,-1.0
2019-03-20,27.32465362548828,27.929945991853504,27.238183287436108,27.80564500975447,25667000,-0.025819013803787594,VALE3.SA,1320,594,68.5,59.83000183105469,-1.0
2019-03-21,27.503005981445312,27.816462338687696,27.29763809434224,27.30844714751778,19660000,0.006527158894730434,VALE3.SA,1319,593,67.86000061035156,59.97999954223633,-1.0
2019-03-22,27.04903221130371,27.74079708489561,26.859878961658936,27.276018172493245,25714700,-0.016506332814961056,VALE3.SA,1318,592,67.02999877929688,59.040000915527344,-1.0
2019-03-25,26.778806686401367,27.18954231911043,26.568035376128595,26.80582827922332,15897500,-0.009990210473756478,VALE3.SA,1315,589,67.20999908447266,58.81999969482422,1.0
2019-03-26,27.17332649230957,27.400312397361677,26.913915501975232,26.919321057265797,13413800,0.014732538702276976,VALE3.SA,1314,588,67.97000122070312,59.939998626708984,-1.0
2019-03-27,26.805830001831055,27.42193349048696,26.649103928745976,27.049028476087923,20805100,-0.013524162769785408,VALE3.SA,1313,587,67.83000183105469,59.40999984741211,1.0
2019-03-28,26.64370346069336,27.34627536145175,26.27620393199834,27.297635657312235,28490000,-0.00604818209794733,VALE3.SA,1312,586,67.81999969482422,59.29999923706055,1.0
2019-03-29,27.52461051940918,27.886704345021485,26.99497954458837,26.99497954458837,25118100,0.03306248547674295,VALE3.SA,1311,585,68.38999938964844,60.13999938964844,-1.0
2019-04-01,28.427148818969727,28.670347279574692,28.156928765323187,28.292038792146457,25392200,0.03279022963555156,VALE3.SA,1308,582,69.01000213623047,61.59000015258789,-1.0
2019-04-02,27.902923583984375,28.805457582230833,27.90292358398438,28.67034755411379,21442400,-0.018441006459132825,VALE3.SA,1307,581,69.37000274658203,62.58000183105469,-1.0
2019-04-03,27.983985900878906,28.551449618317594,27.89211207942098,28.52442596578033,21477200,0.0029051549616492256,VALE3.SA,1306,580,69.30999755859375,62.459999084472656,-1.0
2019-04-04,28.189353942871094,28.351485551399286,27.8975158105512,28.102883614215045,14145700,0.007338770206632317,VALE3.SA,1305,579,69.4000015258789,62.099998474121094,-1.0
2019-04-05,28.09208106994629,28.297448921161546,27.940758475164376,28.21097857248392,8359200,-0.0034506953625804693,VALE3.SA,1304,578,70.33999633789062,63.08000183105469,-1.0
2019-04-08,28.854101181030273,28.85410118103027,28.297448449546405,28.373109745676363,14400900,0.027125797807098673,VALE3.SA,1301,575,71.0999984741211,64.4000015258789,-1.0
2019-04-09,28.29203987121582,28.805458405049304,28.26501827714363,28.740606166952958,14745400,-0.019479425343665646,VALE3.SA,1300,574,70.61000061035156,63.97999954223633,-1.0
2019-04-10,27.97317886352539,28.50281197943208,27.84347439312752,28.50281197943208,15608000,-0.011270343500923596,VALE3.SA,1299,573,71.7300033569336,64.61000061035156,-1.0
2019-04-11,27.98940086364746,28.027231515976734,27.52462192175533,27.83267269735994,10274300,0.0005799126442229685,VALE3.SA,1298,572,70.83000183105469,63.58000183105469,-1.0
2019-04-12,27.821855545043945,28.492002162772852,27.72998171945391,28.151524329319397,16905900,-0.005986027332979593,VALE3.SA,1297,571,71.55000305175781,63.88999938964844,-1.0
2019-04-15,27.740795135498047,27.95156647360973,27.44355139035013,27.88130867370062,15787300,-0.0029135515212010965,VALE3.SA,1294,568,71.18000030517578,63.400001525878906,-1.0
2019-04-16,28.69737434387207,28.729801498673552,27.47598037563742,27.708369831008543,18935600,0.03448276099158942,VALE3.SA,1293,567,71.72000122070312,64.05000305175781,-1.0
2019-04-17,28.238004684448242,29.075686707740243,27.940762942198315,28.729805257731886,26483700,-0.016007375933398627,VALE3.SA,1292,566,71.62000274658203,63.7599983215332,-1.0
2019-04-18,28.416343688964844,28.627115014731345,28.108290910980493,28.210975857513787,10706000,0.006315566787012283,VALE3.SA,1291,565,71.97000122070312,64.0,-1.0
2019-04-22,27.724571228027344,28.10287963544284,27.454351231532705,28.075858048116366,16324700,-0.024344175609268937,VALE3.SA,1287,561,74.04000091552734,65.69999694824219,-1.0
2019-04-23,28.05964469909668,28.05964469909668,27.713763418000735,27.88130056548817,9890800,0.012085794521886184,VALE3.SA,1286,560,74.51000213623047,66.30000305175781,-1.0
2019-04-24,27.21656608581543,27.96237406464087,27.108477644278828,27.859689117454103,19992800,-0.03004594756356238,VALE3.SA,1285,559,74.56999969482422,65.88999938964844,-1.0
2019-04-25,27.200349807739258,27.254392990282035,26.686931327121833,27.146304563581218,15916200,-0.0005958238091110513,VALE3.SA,1284,558,74.3499984741211,65.20999908447266,-1.0
2019-04-26,27.248987197875977,27.37329022754987,26.76259237437892,27.281414344088546,10632700,0.0017881163470507833,VALE3.SA,1283,557,72.1500015258789,63.29999923706055,-1.0
2019-04-29,27.157119750976562,27.594877050338145,27.08686194849775,27.530022742688903,8729200,-0.003371407760306644,VALE3.SA,1280,554,72.04000091552734,63.5,-1.0
2019-04-30,27.076051712036133,27.39491149503255,26.892301971637934,27.14090601684654,11371400,-0.002985148634457646,VALE3.SA,1279,553,72.80000305175781,63.90999984741211,-1.0
2019-05-02,26.449140548706055,26.632890284601448,26.330245116031808,26.632890284601448,15906200,-0.023153714212009624,VALE3.SA,1277,551,70.75,61.810001373291016,1.0
2019-05-03,27.238182067871094,27.362483044404662,26.692336408293915,26.724763556717388,10614000,0.02983240675484411,VALE3.SA,1276,550,70.8499984741211,61.939998626708984,-1.0
2019-05-06,26.838260650634766,26.88690035182632,26.53020989696019,26.80583349596847,10437300,-0.014682382849186437,VALE3.SA,1273,547,71.23999786376953,62.25,1.0
2019-05-07,26.85987663269043,26.85987663269043,26.330245517992555,26.670721337831147,15190600,0.000805416652630786,VALE3.SA,1272,546,69.87999725341797,61.400001525878906,1.0
2019-05-08,26.4815673828125,27.097668824717406,26.44914023159072,26.924728141432364,18474900,-0.014084549048803185,VALE3.SA,1271,545,70.37000274658203,62.119998931884766,1.0
2019-05-09,26.232967376708984,26.486972864684688,25.968150775899232,26.48156936988338,12456600,-0.009387662086227766,VALE3.SA,1270,544,70.38999938964844,61.70000076293945,1.0
2019-05-10,26.73017120361328,26.913920949997365,25.97355617738494,26.10326066799976,25272300,0.01895339630337589,VALE3.SA,1269,543,70.62000274658203,61.65999984741211,1.0
2019-05-13,25.633079528808594,26.34646044674504,25.633079528808597,26.2275629398837,18657700,-0.041043196710105145,VALE3.SA,1266,540,70.2300033569336,61.040000915527344,1.0
2019-05-14,25.719541549682617,26.130275072390944,25.58983503315543,26.038401255296172,14183900,0.003373064121181768,VALE3.SA,1265,539,71.23999786376953,61.779998779296875,1.0
2019-05-15,25.914104461669922,26.18432452474966,25.41149497941237,25.481752773065434,18447400,0.007564789271669703,VALE3.SA,1264,538,71.7699966430664,62.02000045776367,1.0
2019-05-16,25.076425552368164,26.443738568537697,24.7629692536961,26.238370719808266,49247900,-0.032325211567344914,VALE3.SA,1263,537,72.62000274658203,62.869998931884766,1.0
2019-05-17,25.789804458618164,25.789804458618164,25.022378378312368,25.076423629948298,34079700,0.02844818950612482,VALE3.SA,1262,536,72.20999908447266,62.7599983215332,1.0
2019-05-20,25.265581130981445,25.800617873807344,25.200728879662396,25.735763560872392,23909600,-0.02032676627998009,VALE3.SA,1259,533,71.97000122070312,63.099998474121094,1.0
2019-05-21,25.62226676940918,25.919508431933803,24.908885954703884,25.4547295850407,32381300,0.014117452378340722,VALE3.SA,1258,532,72.18000030517578,62.9900016784668,1.0
2019-05-22,25.6492862701416,26.314027335871717,25.600646579399626,25.822226934643,21087400,0.00105453201996486,VALE3.SA,1257,531,70.98999786376953,61.41999816894531,1.0
2019-05-23,25.843843460083008,25.887079654384387,25.08722655273058,25.43851341577604,15786300,0.007585286697349147,VALE3.SA,1256,530,67.76000213623047,57.90999984741211,1.0
2019-05-24,26.108661651611328,26.713953978903874,26.108661651611328,26.28700581037474,24936500,0.010246857900116257,VALE3.SA,1255,529,68.69000244140625,58.630001068115234,1.0
2019-05-27,27.124691009521484,27.157118161448118,26.427524766831578,26.48156795842702,17281600,0.03891541326276493,VALE3.SA,1252,526,68.69000244140625,58.630001068115234,-1.0
2019-05-28,27.157119750976562,27.535428299134207,26.940942848710556,26.99498810508492,37041000,0.0011955432577535063,VALE3.SA,1251,525,70.11000061035156,59.13999938964844,-1.0
2019-05-29,26.85987663269043,26.94094142053102,26.562634954043695,26.762597237989226,17842500,-0.010945310880232206,VALE3.SA,1250,524,69.44999694824219,58.810001373291016,1.0
2019-05-30,27.02740478515625,27.09225907261993,26.719354135356557,26.865273189727215,12877800,0.006237115484809319,VALE3.SA,1249,523,66.87000274658203,56.59000015258789,1.0
2019-05-31,26.4815673828125,27.56244768415179,26.32483924433057,26.757190952543173,28857900,-0.020195701610371763,VALE3.SA,1248,522,64.48999786376953,53.5,1.0
2019-06-03,26.38969612121582,26.805833263605926,26.178922710135627,26.67072321275788,22451600,-0.003469253170275244,VALE3.SA,1245,519,61.279998779296875,53.25,1.0
2019-06-04,26.541011810302734,26.6707162708523,26.103254617313677,26.57884244976429,19537300,0.005733892819071329,VALE3.SA,1244,518,61.970001220703125,53.47999954223633,1.0
2019-06-05,26.151899337768555,26.7139576059461,25.865466709123446,26.632890756291705,14392200,-0.014660800248132766,VALE3.SA,1243,517,60.630001068115234,51.68000030517578,1.0
2019-06-06,26.37347412109375,26.44913539850332,26.10865965016026,26.422113808230645,10869100,0.008472607685714006,VALE3.SA,1242,516,61.66999816894531,52.59000015258789,1.0
2019-06-07,26.297821044921875,26.535613999740796,26.135689391108258,26.508592401041163,11626500,-0.0028685290312726597,VALE3.SA,1241,515,63.290000915527344,53.9900016784668,1.0
2019-06-10,26.124874114990234,26.605865466740138,26.11947062118404,26.454542900782506,11670100,-0.0065764737556093245,VALE3.SA,1238,512,62.290000915527344,53.2599983215332,1.0
2019-06-11,27.794832229614258,27.82185382007625,26.83825308363026,26.892296264554247,44669000,0.06392214972112775,VALE3.SA,1237,511,62.290000915527344,53.27000045776367,-1.0
2019-06-12,27.8272647857666,28.15152805758945,27.524617553547166,27.859689875979523,24531300,0.0011668556184982748,VALE3.SA,1236,510,59.970001220703125,51.13999938964844,-1.0
2019-06-13,28.02182388305664,28.23800079030818,27.881310336474183,28.048847542674917,18058600,0.006991671613717276,VALE3.SA,1235,509,61.310001373291016,52.279998779296875,-1.0
2019-06-14,27.77861976623535,28.005603600696382,27.643509751928008,27.940751371081117,20375200,-0.008679096615418436,VALE3.SA,1234,508,62.0099983215332,52.5099983215332,-1.0
2019-06-17,27.130098342895508,27.740796343684703,27.130098342895508,27.56245008882849,20551200,-0.023346063584055998,VALE3.SA,1231,505,60.939998626708984,51.93000030517578,-1.0
2019-06-18,28.102890014648438,28.329873905960433,27.562449822059044,27.562449822059044,27229300,0.03585654793646076,VALE3.SA,1230,504,62.13999938964844,53.900001525878906,-1.0
2019-06-19,28.2650203704834,28.697372092505308,28.011014893454323,28.64332890035843,23746400,0.0057691702081335006,VALE3.SA,1229,503,61.81999969482422,53.7599983215332,-1.0
2019-06-21,28.340679168701172,28.605495734780938,28.156929445319314,28.50821634818963,20492800,0.00267676432658015,VALE3.SA,1227,501,65.19999694824219,57.43000030517578,-1.0
2019-06-24,28.319067001342773,28.362301144839535,28.15693329378666,28.362301144839535,9338300,-0.0007625846660113123,VALE3.SA,1224,498,64.86000061035156,57.900001525878906,-1.0
2019-06-25,27.76781463623047,28.356894464204746,27.746196536102946,28.20556982492758,12449700,-0.01946576718386117,VALE3.SA,1223,497,65.05000305175781,57.83000183105469,-1.0
2019-06-26,27.87590217590332,28.124504134502796,27.76240818470318,27.83266597704318,13277900,0.0038925475803135434,VALE3.SA,1222,496,66.48999786376953,59.380001068115234,-1.0
2019-06-27,27.940752029418945,28.183950473225423,27.843472651896352,28.183950473225423,14941500,0.002326376850743994,VALE3.SA,1221,495,66.55000305175781,59.43000030517578,-1.0
2019-06-28,28.00560760498047,28.210975433343688,27.935349810242826,28.140717638606045,11106100,0.002321182174811698,VALE3.SA,1220,494,66.55000305175781,58.470001220703125,-1.0
2019-07-01,28.994619369506836,29.070280672384186,28.69737559160885,28.69737559160885,22807300,0.03531477618612655,VALE3.SA,1217,491,65.05999755859375,59.09000015258789,-1.0
2019-07-02,27.77321434020996,29.270233553085195,27.03281203561763,29.237806407319283,48452700,-0.04212523067577867,VALE3.SA,1216,490,62.400001525878906,56.25,-1.0
2019-07-03,27.71917724609375,28.086676732350515,27.64351595097306,27.978588284342816,19929700,-0.0019456550276925055,VALE3.SA,1215,489,63.81999969482422,57.34000015258789,-1.0
2019-07-04,27.92454719543457,28.156936671754487,27.64352007495167,27.929952752529996,16192600,0.007408948235278601,VALE3.SA,1214,488,63.81999969482422,57.34000015258789,-1.0
2019-07-05,27.21656608581543,27.335463577667245,26.89230076120563,27.23818418644586,27847600,-0.02535336042028602,VALE3.SA,1213,487,64.2300033569336,57.5099983215332,-1.0
2019-07-08,27.53542709350586,27.886711967287578,27.270610502905683,27.373295454713094,12777600,0.011715695752544386,VALE3.SA,1210,484,64.11000061035156,57.65999984741211,-1.0
2019-07-10,28.17314910888672,28.405538567286207,27.77862799759861,27.89211994845906,28106700,0.02316005534307708,VALE3.SA,1208,482,67.01000213623047,60.43000030517578,-1.0
2019-07-11,28.12990951538086,28.373107996243203,27.951565337158858,28.032630123035926,18567500,-0.0015347802738963079,VALE3.SA,1207,481,66.5199966430664,60.20000076293945,-1.0
2019-07-12,28.00020980834961,28.52443544359,27.956973599216095,28.35149473028778,22248600,-0.004610740285543091,VALE3.SA,1206,480,66.72000122070312,60.209999084472656,-1.0
2019-07-15,28.475791931152344,28.605498479591756,28.237998997565008,28.351490938939715,20144200,0.01698494854352539,VALE3.SA,1203,477,66.4800033569336,59.58000183105469,-1.0
2019-07-16,28.670351028442383,28.897336975225635,28.52983748928374,28.75141787978262,17393700,0.006832438506378935,VALE3.SA,1202,476,64.3499984741211,57.619998931884766,-1.0
2019-07-17,28.475791931152344,28.70818137012854,28.351490938939715,28.63792563210552,13876700,-0.0067860730793644075,VALE3.SA,1201,475,63.65999984741211,56.779998779296875,-1.0
2019-07-18,28.4217529296875,28.546053940229715,28.2271941091463,28.432561982119335,12217200,-0.001897717246828412,VALE3.SA,1200,474,61.93000030517578,55.29999923706055,-1.0
2019-07-19,28.49201011657715,28.767633731905427,28.400134203723788,28.540649820648717,11523100,0.0024719512221311746,VALE3.SA,1199,473,62.470001220703125,55.630001068115234,-1.0
2019-07-22,28.34608268737793,28.45957460970678,28.000201365071746,28.20016361797714,11348100,-0.005121696524820307,VALE3.SA,1196,470,63.2599983215332,56.220001220703125,-1.0
2019-07-23,27.97317886352539,28.427148633148708,27.97317886352539,28.31906226168894,11146800,-0.013155391803700178,VALE3.SA,1195,469,63.83000183105469,56.77000045776367,-1.0
2019-07-24,27.3732967376709,27.70296352530055,27.31925148112984,27.611089681604355,25121800,-0.021444903662225068,VALE3.SA,1194,468,63.18000030517578,55.880001068115234,-1.0
2019-07-25,27.28681755065918,27.627293279317435,27.076044210841836,27.562441054089444,12761900,-0.00315925362737568,VALE3.SA,1193,467,63.38999938964844,56.02000045776367,-1.0
2019-07-26,27.146305084228516,27.589465786747635,27.11928349243887,27.56244419495799,12604500,-0.005149463332240756,VALE3.SA,1192,466,63.459999084472656,56.20000076293945,-1.0
2019-07-29,27.162521362304688,27.346271098004514,26.913919385068333,27.184139463355393,8462200,0.0005973659408105014,VALE3.SA,1189,463,63.709999084472656,56.869998931884766,-1.0
2019-07-30,27.02740478515625,27.335457496571028,27.027404785156246,27.11387510682607,10182500,-0.004974375366196604,VALE3.SA,1188,462,64.72000122070312,58.04999923706055,-1.0
2019-07-31,26.91932487487793,27.319249435253653,26.60046510081943,27.22737559843768,23244900,-0.003998900787458459,VALE3.SA,1187,461,65.16999816894531,58.58000183105469,-1.0
2019-08-01,26.157302856445312,26.665315831410254,26.076236013105532,26.611272643594045,45701400,-0.028307619970951214,VALE3.SA,1186,460,60.5,53.95000076293945,-1.0
2019-08-02,25.85465431213379,26.09785276800517,25.622264905591727,26.049213076830892,19834300,-0.011570326878596715,VALE3.SA,1185,459,61.88999938964844,55.65999984741211,-1.0
2019-08-05,24.86024284362793,25.184506056072635,24.73053632168091,25.184506056072635,36490300,-0.03846160372135299,VALE3.SA,1182,456,59.810001373291016,54.689998626708984,1.0
2019-08-06,25.195316314697266,25.3844715823868,25.016972157772337,25.10884598311829,21913400,0.013478286321536137,VALE3.SA,1181,455,58.939998626708984,53.630001068115234,-1.0
2019-08-07,25.119657516479492,25.119657516479492,24.563004830740578,24.779179650258982,20828200,-0.0030028913815873803,VALE3.SA,1180,454,56.22999954223633,51.09000015258789,-1.0
2019-08-08,25.497968673706055,25.665505877051793,25.35745306790234,25.56282092013006,24237600,0.015060362864357302,VALE3.SA,1179,453,57.380001068115234,52.540000915527344,-1.0
2019-08-09,24.584623336791992,25.29800417004211,24.584623336791992,25.23855542366867,24707500,-0.03582031763400506,VALE3.SA,1178,452,58.529998779296875,54.5,1.0
2019-08-12,24.406278610229492,24.85484495221725,24.336020809105303,24.400875115504103,16409000,-0.007254320073132869,VALE3.SA,1175,449,58.56999969482422,54.93000030517578,1.0
2019-08-13,25.13046646118164,25.292598090543578,24.508959476742767,24.6170479168559,19989100,0.029672194705202548,VALE3.SA,1174,448,61.29999923706055,57.099998474121094,-1.0
2019-08-14,24.254955291748047,24.84943865128061,24.173888441986502,24.84943865128061,24950100,-0.034838635836146215,VALE3.SA,1173,447,59.47999954223633,55.22999954223633,1.0
2019-08-15,23.719919204711914,24.59002822563122,23.330801614831064,24.3252116299366,24570500,-0.022058836250181013,VALE3.SA,1172,446,58.22999954223633,54.470001220703125,1.0
2019-08-16,23.611827850341797,24.157673520260687,23.49833592113248,24.022563491692804,19541100,-0.004556986616912506,VALE3.SA,1171,445,58.63999938964844,54.869998931884766,1.0
2019-08-19,23.590211868286133,24.011754498696092,23.35241689801144,23.93609321237794,27533700,-0.0009154726263749247,VALE3.SA,1168,442,59.7400016784668,56.209999084472656,1.0
2019-08-20,23.692893981933594,24.04418087032643,23.184881031927606,23.514547759994514,16865100,0.004352742324688519,VALE3.SA,1167,441,60.029998779296875,56.34000015258789,1.0
2019-08-21,23.86043930053711,23.957718716330728,23.276762805775395,23.563195495825457,16171800,0.007071543000668257,VALE3.SA,1166,440,60.29999923706055,55.68000030517578,1.0
2019-08-22,23.719919204711914,23.984735800406533,23.536169460781032,23.984735800406533,12254400,-0.005889250153999992,VALE3.SA,1165,439,59.91999816894531,55.349998474121094,1.0
2019-08-23,23.3902530670166,24.09823052782174,23.18488725895495,23.687496850082525,26087800,-0.013898282487818325,VALE3.SA,1164,438,59.34000015258789,54.16999816894531,1.0
2019-08-26,23.130834579467773,23.590209875853336,22.990321068404057,23.50373954713368,13270500,-0.011090879897945327,VALE3.SA,1161,435,58.70000076293945,53.63999938964844,1.0
2019-08-27,23.4118709564209,23.730730779457943,22.936282969501132,23.319997105492618,27809400,0.01214985892478726,VALE3.SA,1160,434,59.5099983215332,54.93000030517578,1.0
2019-08-28,23.498332977294922,23.871235867243985,23.260540098987352,23.406459158953986,13467000,0.0036930846336444834,VALE3.SA,1159,433,60.4900016784668,55.779998779296875,1.0
2019-08-29,24.373849868774414,24.454916715682568,23.757748429442227,23.83881527635038,23487000,0.03725868095943041,VALE3.SA,1158,432,61.08000183105469,56.709999084472656,1.0
2019-08-30,24.62785530090332,25.038590933223002,24.465723682509918,24.85484121594638,27305700,0.010421227401351763,VALE3.SA,1157,431,60.43000030517578,55.099998474121094,1.0
2019-09-02,24.86565399169922,25.222344459836947,24.77918363765419,25.157492209707137,12757600,0.009655680037521375,VALE3.SA,1154,428,60.43000030517578,55.099998474121094,1.0
2019-09-03,24.600828170776367,24.887260700852934,24.50354880931359,24.86023911413881,13227000,-0.010650265664086556,VALE3.SA,1153,427,58.2599983215332,53.939998626708984,1.0
2019-09-04,25.141277313232422,25.141277313232422,24.844035627829605,24.88726977000414,12439100,0.021968737747539047,VALE3.SA,1152,426,60.70000076293945,56.2599983215332,1.0
2019-09-05,25.141277313232422,25.503371242704876,25.141277313232422,25.373666754565598,20284900,0.0,VALE3.SA,1151,425,60.95000076293945,56.29999923706055,1.0
2019-09-06,25.103443145751953,25.23314761570424,24.908884379208146,25.103443145751957,10419000,-0.0015048625815267114,VALE3.SA,1150,424,61.540000915527344,56.52000045776367,1.0
2019-09-09,25.881677627563477,25.881677627563473,25.016974239808857,25.238554611771946,24430000,0.031001105198719126,VALE3.SA,1147,421,62.59000015258789,57.849998474121094,1.0
2019-09-10,26.070833206176758,26.211346735172008,25.508774966964726,25.876274426325246,21440800,0.00730847440939586,VALE3.SA,1146,420,62.380001068115234,57.400001525878906,1.0
2019-09-11,25.914104461669922,26.265389306704297,25.714142192243248,26.265389306704297,16872500,-0.006011650769554344,VALE3.SA,1145,419,60.810001373291016,55.75,1.0
2019-09-12,26.854473114013672,26.897709320101537,26.265393206569108,26.276202258091075,39340500,0.0362879085300698,VALE3.SA,1144,418,60.380001068115234,55.09000015258789,-1.0
2019-09-13,26.90851593017578,27.18413950332296,26.83825813246548,27.000389767352974,22067600,0.0020124325631958317,VALE3.SA,1143,417,60.220001220703125,54.849998474121094,-1.0
2019-09-16,26.259986877441406,26.719360178659155,26.130280334792502,26.697744139563966,26369500,-0.024101256807221416,VALE3.SA,1140,414,69.0199966430664,62.900001525878906,-1.0
2019-09-17,26.427522659301758,26.562632689131284,26.06542670731859,26.076235757098807,14473900,0.006379888255171773,VALE3.SA,1139,413,64.55000305175781,59.34000015258789,-1.0
2019-09-18,26.157302856445312,26.481566106573496,25.93031693206321,26.481566106573496,15335300,-0.010224938838954478,VALE3.SA,1138,412,63.599998474121094,58.11000061035156,1.0
2019-09-19,26.114065170288086,26.254580749195753,25.811417975546096,26.157301367372092,15680000,-0.0016529871751120861,VALE3.SA,1137,411,64.4000015258789,58.130001068115234,1.0
2019-09-20,26.168107986450195,26.341050710734972,25.941124139802277,26.297814514259947,23870900,0.0020694907441525245,VALE3.SA,1136,410,64.27999877929688,58.09000015258789,1.0
2019-09-23,25.995166778564453,26.254579828743093,25.919505497935386,26.04380646777104,11946300,-0.0066088541049773575,VALE3.SA,1133,407,64.7699966430664,58.63999938964844,1.0
2019-09-24,25.362857818603516,25.87627640205366,25.281790966937187,25.784400499390777,15322500,-0.024324097065702932,VALE3.SA,1132,406,63.099998474121094,57.290000915527344,1.0
2019-09-25,25.865463256835938,25.95193358950539,25.308810619127303,25.416896988752605,14554600,0.01981659329666563,VALE3.SA,1131,405,62.38999938964844,56.4900016784668,1.0
2019-09-26,25.865463256835938,26.092447106987493,25.68711703604656,25.99516772503244,12257300,0.0,VALE3.SA,1130,404,62.7400016784668,56.40999984741211,1.0
2019-09-27,25.757375717163086,26.13027865315491,25.546604402836603,26.0221922797883,13450600,-0.004178836412074949,VALE3.SA,1129,403,61.90999984741211,55.90999984741211,1.0
2019-09-30,25.80601692199707,25.962745058824154,25.51417874892916,25.751973732146958,12116600,0.0018884379126238304,VALE3.SA,1126,400,60.779998779296875,54.06999969482422,1.0
2019-10-01,25.784400939941406,26.416717033541694,25.75737934279617,25.860062236594363,16083800,-0.0008376334139825747,VALE3.SA,1125,399,58.88999938964844,53.619998931884766,1.0
2019-10-02,24.373849868774414,25.346643785210034,24.373849868774418,25.346643785210034,24637800,-0.05470559794864083,VALE3.SA,1124,398,57.689998626708984,52.63999938964844,1.0
2019-10-03,24.557594299316406,24.75755859541684,23.8982588625125,24.492742072761867,24569900,0.0075385887552130715,VALE3.SA,1123,397,57.709999084472656,52.45000076293945,1.0
2019-10-04,25.179107666015625,25.287196112610275,24.687307192544825,24.698116243365856,21339100,0.025308397847281006,VALE3.SA,1122,396,58.369998931884766,52.810001373291016,1.0
2019-10-07,24.881866455078125,25.389879483588764,24.88186645507812,25.022379995179982,12531500,-0.011805073272659672,VALE3.SA,1119,393,58.349998474121094,52.75,1.0
2019-10-08,24.492752075195312,25.060213927923552,24.492752075195312,25.022383275182733,14671300,-0.015638472322215935,VALE3.SA,1118,392,58.2400016784668,52.630001068115234,1.0
2019-10-09,24.681896209716797,24.881860513517832,24.498148571005338,24.681896209716793,9509400,0.007722453317650535,VALE3.SA,1117,391,58.31999969482422,52.59000015258789,1.0
2019-10-10,25.5303955078125,25.643887453036314,24.892675918056234,24.892675918056234,15441700,0.03437739511122584,VALE3.SA,1116,390,59.099998474121094,53.54999923706055,1.0
2019-10-11,26.28701400756836,26.438336621175246,25.941132569829193,25.95734511796822,24527700,0.029635988190011675,VALE3.SA,1115,389,60.5099983215332,54.70000076293945,1.0
2019-10-14,25.935726165771484,26.076239710989196,25.703336714298693,26.049218113249147,11520400,-0.013363550599384766,VALE3.SA,1112,386,59.349998474121094,53.59000015258789,1.0
2019-10-15,25.892488479614258,26.097856321604475,25.687120637624034,25.876275934220377,14669700,-0.001667109140529477,VALE3.SA,1111,385,58.7400016784668,52.810001373291016,1.0
2019-10-16,25.292600631713867,25.68171823056993,25.206130283258712,25.6114604281952,24417100,-0.023168412274188976,VALE3.SA,1110,384,59.41999816894531,53.36000061035156,1.0
2019-10-17,25.243959426879883,25.427709164094388,25.189916235423215,25.39528407386663,14158400,-0.0019231397175106801,VALE3.SA,1109,383,59.90999984741211,53.93000030517578,1.0
2019-10-18,24.87645721435547,25.49796415577727,24.871053720450796,25.341236031541808,16452100,-0.014558025795790797,VALE3.SA,1108,382,59.41999816894531,53.779998779296875,1.0
2019-10-21,25.51418113708496,25.514181137084957,25.000762538990173,25.087232887813396,13486800,0.0256356408484677,VALE3.SA,1105,379,58.959999084472656,53.310001373291016,1.0
2019-10-22,25.562820434570312,25.69252698657032,25.454731984839587,25.55201138343567,15194800,0.00190636325830007,VALE3.SA,1104,378,59.70000076293945,54.15999984741211,1.0
2019-10-23,25.46013069152832,25.849248181226113,25.41689449862183,25.724945157427534,12362800,-0.004017152305428651,VALE3.SA,1103,377,61.16999816894531,55.970001220703125,1.0
2019-10-24,25.265581130981445,25.70874196129078,25.141280123613306,25.649293205241694,14646600,-0.007641341786655098,VALE3.SA,1102,376,61.66999816894531,56.22999954223633,1.0
2019-10-25,26.2437744140625,26.243774414062496,25.69792870830985,25.80601715058305,21754000,0.03871643711695838,VALE3.SA,1101,375,62.02000045776367,56.65999984741211,1.0
2019-10-28,26.319435119628906,26.373478308755406,26.1248763401887,26.292413525065662,10932200,0.002882996339347521,VALE3.SA,1098,372,61.56999969482422,55.810001373291016,1.0
2019-10-29,26.292409896850586,26.37347466935381,25.984359225784807,26.162703374584094,10091200,-0.0010268162160579353,VALE3.SA,1097,371,61.59000015258789,55.540000915527344,1.0
2019-10-30,26.259986877441406,26.276199422166687,25.773589919527453,26.157303991488707,15325200,-0.001233170315554255,VALE3.SA,1096,370,60.61000061035156,55.060001373291016,1.0
2019-10-31,25.50877571105957,26.20053844927442,25.3250259760193,25.995170613261042,21765000,-0.028606684759129197,VALE3.SA,1095,369,60.22999954223633,54.18000030517578,1.0
2019-11-01,26.17892074584961,26.31943634269308,25.811421270188294,25.833039371489694,20151300,0.02627115634167776,VALE3.SA,1094,368,61.689998626708984,56.20000076293945,1.0
2019-11-04,26.924728393554688,26.924728393554688,26.524803832818986,26.524803832818986,20980000,0.028488861513640495,VALE3.SA,1091,365,62.130001068115234,56.540000915527344,1.0
2019-11-05,26.951745986938477,27.17332633542069,26.71395309590875,27.059834414357542,15951200,0.0010034490594994505,VALE3.SA,1090,364,62.959999084472656,57.22999954223633,1.0
2019-11-06,26.854473114013672,27.005797773705414,26.427526917782814,26.967967124186423,14879300,-0.0036091492169726402,VALE3.SA,1089,363,61.7400016784668,56.349998474121094,1.0
2019-11-07,27.081457138061523,27.308441018959886,26.773406407347675,26.93553804536302,26788900,0.008452373021215598,VALE3.SA,1088,362,62.290000915527344,57.150001525878906,1.0
2019-11-08,26.578845977783203,26.7788082502819,26.378883705284508,26.659912822598745,19854000,-0.018559236222630227,VALE3.SA,1087,361,62.5099983215332,57.2400016784668,1.0
2019-11-11,26.011383056640625,26.178918171210718,25.91950716595328,26.178918171210718,20385800,-0.02135017154683505,VALE3.SA,1084,358,62.18000030517578,56.86000061035156,1.0
2019-11-12,25.887081146240234,26.20594088193534,25.887081146240234,26.103255945359503,13130500,-0.0047787505235580285,VALE3.SA,1083,357,62.060001373291016,56.79999923706055,1.0
2019-11-13,25.46553611755371,25.97355111468525,25.38447134212432,25.751970763260424,16882100,-0.016283992247142498,VALE3.SA,1082,356,62.369998931884766,57.119998931884766,1.0
2019-11-14,25.40069007873535,25.714146392686825,25.37907197536991,25.58984332914344,14155900,-0.002546423468919645,VALE3.SA,1081,355,62.279998779296875,56.77000045776367,1.0
2019-11-18,25.73035430908203,25.968147218462295,25.660096516595534,25.789803051830955,16777800,0.012978554099310147,VALE3.SA,1077,351,62.439998626708984,57.04999923706055,1.0
2019-11-19,26.033004760742188,26.20594753017326,25.789808307737946,26.000579666536744,13108100,0.011762389589533573,VALE3.SA,1076,350,60.90999984741211,55.209999084472656,1.0
2019-11-21,26.168107986450195,26.168107986450195,25.778992526251578,25.81141761199253,15624200,0.00518969004729497,VALE3.SA,1074,348,63.970001220703125,58.58000183105469,1.0
2019-11-22,27.0382137298584,27.038213729858395,26.238362742061895,26.238362742061895,27680500,0.03325061727270251,VALE3.SA,1073,347,63.38999938964844,57.77000045776367,1.0
2019-11-25,27.48678970336914,27.659730407482808,27.25440024566344,27.31384899925548,24507100,0.016590444102281054,VALE3.SA,1070,344,63.650001525878906,58.0099983215332,1.0
2019-11-26,27.68134307861328,27.83266564961269,27.270607440735724,27.34626872623543,32446500,0.007078068313677743,VALE3.SA,1069,343,64.2699966430664,58.40999984741211,1.0
2019-11-27,27.33547019958496,27.67054259406449,27.092271662617538,27.524623471884038,13507600,-0.012494801211272999,VALE3.SA,1068,342,64.05999755859375,58.11000061035156,1.0
2019-11-28,27.221967697143555,27.497593307076848,26.854468258309435,27.32465263722731,10145300,-0.004152205965827105,VALE3.SA,1067,341,64.05999755859375,58.11000061035156,1.0
2019-11-29,27.011194229125977,27.276010768359424,26.924723901101526,27.22196552483462,10290800,-0.007742771219278688,VALE3.SA,1066,340,62.43000030517578,55.16999816894531,1.0
2019-12-02,27.746196746826172,27.935349970339814,27.081455624972573,27.10307372526428,23952200,0.027211033746432634,VALE3.SA,1063,337,60.91999816894531,55.959999084472656,1.0
2019-12-03,27.248987197875977,27.702956936775713,27.1571133760299,27.697553443214574,13479700,-0.017919917222783743,VALE3.SA,1062,336,60.81999969482422,56.099998474121094,1.0
2019-12-04,27.519210815429688,27.578659560420743,27.308439491636324,27.470573182199388,9105800,0.009916831608874466,VALE3.SA,1061,335,63.0,58.43000030517578,1.0
2019-12-05,27.53542709350586,27.60568489290846,27.319250200705078,27.40031705090928,9503500,0.0005892711889499136,VALE3.SA,1060,334,63.38999938964844,58.43000030517578,1.0
2019-12-06,27.751602172851562,27.935351914890667,27.578661481710725,27.697558979975923,13892600,0.007850798123145486,VALE3.SA,1059,333,64.38999938964844,59.20000076293945,1.0
2019-12-09,27.800241470336914,28.367705295429268,27.74079478367691,28.237998748135567,19388300,0.0017526662850815278,VALE3.SA,1056,330,64.25,59.02000045776367,1.0
2019-12-10,27.6705322265625,27.794833196302946,27.508400616536495,27.681341275446268,13878600,-0.004665759609060016,VALE3.SA,1055,329,64.33999633789062,59.2400016784668,1.0
2019-12-11,28.011018753051758,28.129914204480446,27.681349875330575,27.767820231649583,15572100,0.012305022675436872,VALE3.SA,1054,328,63.720001220703125,58.7599983215332,1.0
2019-12-12,28.61630630493164,28.675755051186485,27.956968663364194,28.15693094126321,25140900,0.02160890888032907,VALE3.SA,1053,327,64.19999694824219,59.18000030517578,1.0
2019-12-13,29.054061889648438,29.18376843424483,28.55685793552938,28.80545991258891,28172500,0.015297417495190757,VALE3.SA,1052,326,65.22000122070312,60.06999969482422,1.0
2019-12-16,28.82707405090332,29.545858287787688,28.82707405090332,29.453984463440374,21806800,-0.007812602575407501,VALE3.SA,1049,323,65.33999633789062,60.209999084472656,1.0
2019-12-17,28.870311737060547,29.027039874879435,28.670349459411078,28.77843790141085,13570300,0.0014998985356917682,VALE3.SA,1048,322,66.0999984741211,60.939998626708984,1.0
2019-12-18,28.897335052490234,28.935165697501034,28.427150644586508,28.794650106076173,22924500,0.0009360243725735629,VALE3.SA,1047,321,66.16999816894531,60.93000030517578,1.0
2019-12-19,29.183767318725586,29.313473858364077,28.76222467272762,28.913547250959606,17683200,0.009912065099257905,VALE3.SA,1046,320,66.54000091552734,61.220001220703125,1.0
2019-12-20,29.61071014404297,29.71879856384639,29.26482884996411,29.59990109590111,42124200,0.014629462353321188,VALE3.SA,1045,319,66.13999938964844,60.439998626708984,1.0
2019-12-23,29.49721908569336,29.713393869949,29.399939711213005,29.670159737743948,10225700,-0.0038327705684033653,VALE3.SA,1042,316,66.38999938964844,60.52000045776367,1.0
2019-12-26,29.61071014404297,29.724202057109753,29.45938553167212,29.621519192184824,20410000,0.003847517219162322,VALE3.SA,1039,313,67.91999816894531,61.68000030517578,1.0
2019-12-27,29.735179901123047,29.957085081558372,29.635322781551615,29.951538404357578,13920400,0.004203538397917095,VALE3.SA,1038,312,68.16000366210938,61.720001220703125,1.0
2019-12-30,29.568754196166992,29.879421047825115,29.513278955198835,29.762921772045114,11928100,-0.005596929479137591,VALE3.SA,1035,309,68.44000244140625,61.68000030517578,1.0
2020-01-02,30.140159606933594,30.20118152604895,29.818397280941735,29.94599202931081,17509700,0.01932463596456402,VALE3.SA,1032,306,66.25,61.18000030517578,-1.0
2020-01-03,29.918256759643555,30.23447031659087,29.724091283007475,29.779566528833502,17284800,-0.007362364704896596,VALE3.SA,1031,305,68.5999984741211,63.04999923706055,-1.0
2020-01-06,29.740732192993164,29.84613600216412,29.48554268684565,29.84613600216412,32787800,-0.005933653423612961,VALE3.SA,1028,302,68.91000366210938,63.27000045776367,-1.0
2020-01-07,29.957090377807617,30.06249419321466,29.624234664552205,29.679709911346436,16326400,0.007274810297556389,VALE3.SA,1027,301,68.2699966430664,62.70000076293945,-1.0
2020-01-08,29.962635040283203,30.16234930129888,29.746278629597843,30.068040964844183,15298500,0.00018508681603113253,VALE3.SA,1026,300,65.44000244140625,59.61000061035156,-1.0
2020-01-09,29.568754196166992,29.884967725424012,29.430063977501813,29.81839701301327,14638000,-0.013145734465164982,VALE3.SA,1025,299,65.37000274658203,59.560001373291016,1.0
2020-01-10,29.602041244506836,29.884968365495784,29.463351022871212,29.818397651659236,9129200,0.0011257507881126116,VALE3.SA,1024,298,64.9800033569336,59.040000915527344,1.0
2020-01-13,30.678279876708984,30.86689868291368,29.685257275918218,29.757376791414295,27497400,0.036356906042817716,VALE3.SA,1021,295,64.19999694824219,58.08000183105469,-1.0
2020-01-14,30.866899490356445,31.260779264243354,30.511852814388234,30.678280679217693,27817000,0.006148311261436223,VALE3.SA,1020,294,64.48999786376953,58.22999954223633,-1.0
2020-01-15,30.767040252685547,31.11099354831778,30.572874776316525,30.678278589738998,21425300,-0.003235156083690738,VALE3.SA,1019,293,64.0,57.810001373291016,-1.0
2020-01-16,30.606159210205078,31.03887417066334,30.567326114762604,30.844706577205987,13149100,-0.005229006142910553,VALE3.SA,1018,292,64.62000274658203,58.52000045776367,-1.0
2020-01-17,31.621368408203125,31.67129696928692,31.1220827973652,31.205297771253086,36524100,0.033170094654005,VALE3.SA,1017,291,64.8499984741211,58.540000915527344,-1.0
2020-01-20,31.821083068847656,31.821083068847656,31.360630542134807,31.621368821899658,16746300,0.006315813347050447,VALE3.SA,1014,288,64.8499984741211,58.540000915527344,-1.0
2020-01-21,31.0832462310791,31.626911548611325,30.922367211129323,31.510412291192516,25436800,-0.02318704351364098,VALE3.SA,1013,287,64.58999633789062,58.34000015258789,-1.0
2020-01-22,31.233041763305664,31.538159869410194,31.099900317412295,31.39946962879494,17269400,0.0048191727180924016,VALE3.SA,1012,286,63.209999084472656,56.7400016784668,-1.0
2020-01-23,30.789230346679688,30.916825101374197,30.35096872213448,30.750397252478965,23028900,-0.014209676405818161,VALE3.SA,1011,285,62.040000915527344,55.59000015258789,-1.0
2020-01-24,29.84613609313965,30.91682480289705,29.78511205534339,30.85580076510079,19744800,-0.030630653735771007,VALE3.SA,1010,284,60.689998626708984,54.189998626708984,-1.0
2020-01-27,28.020971298217773,28.74770881754896,28.004329148908873,28.65894716082678,38779700,-0.061152465070391515,VALE3.SA,1007,281,59.31999969482422,53.13999938964844,-1.0
2020-01-28,28.40375518798828,28.897491992760585,28.337184480306924,28.40375518798828,23046400,0.013660621742789258,VALE3.SA,1006,280,59.5099983215332,53.47999954223633,-1.0
2020-01-29,28.15412139892578,28.78654861490338,27.993240197318755,28.68114478432222,23323000,-0.008788760056912093,VALE3.SA,1005,279,59.810001373291016,53.33000183105469,-1.0
2020-01-30,28.570188522338867,28.570188522338867,27.627094497381584,27.721404957999837,23083200,0.01477819597058927,VALE3.SA,1004,278,58.290000915527344,52.13999938964844,-1.0
2020-01-31,27.887828826904297,28.32609041641502,27.62709054418999,28.270613060388175,29988200,-0.023883625930610775,VALE3.SA,1003,277,58.15999984741211,51.560001373291016,-1.0
2020-02-03,28.242876052856445,28.34273317962511,27.62709114319792,28.015424178826652,18858200,0.012731260943828815,VALE3.SA,1000,274,54.45000076293945,50.11000061035156,-1.0
2020-02-04,28.997352600097656,29.169329241557563,28.83092475275462,28.95851950625911,21559200,0.026713870989243826,VALE3.SA,999,273,53.959999084472656,49.61000061035156,-1.0
2020-02-05,29.39677619934082,29.746273985306225,29.396776199340817,29.57984616585919,26797700,0.013774485028051009,VALE3.SA,998,272,55.279998779296875,50.75,-1.0
2020-02-06,29.557659149169922,29.912705775452054,29.302469651060246,29.768468877116746,22155800,0.005472809288275204,VALE3.SA,997,271,54.93000030517578,50.95000076293945,-1.0
2020-02-07,28.903045654296875,29.38014042649847,28.803188510522347,29.335760649401543,14450900,-0.02214700059870711,VALE3.SA,996,270,54.470001220703125,50.31999969482422,-1.0
2020-02-10,27.84345054626465,28.79209335279522,27.693664839970346,28.79209335279522,28244800,-0.036660327105517365,VALE3.SA,993,267,53.27000045776367,49.56999969482422,-1.0
2020-02-11,28.87530517578125,28.958520159452224,28.303902111058377,28.376021622490228,27560600,0.0370591506897493,VALE3.SA,992,266,54.0099983215332,49.939998626708984,-1.0
2020-02-12,29.441158294677734,29.613134920928186,29.308016875076174,29.457800443066752,28539800,0.019596437698296,VALE3.SA,991,265,55.790000915527344,51.16999816894531,-1.0
2020-02-13,28.925235748291016,29.06947478115565,28.603475496026604,28.969617640324778,20105600,-0.017523853553003232,VALE3.SA,990,264,56.34000015258789,51.41999816894531,-1.0
2020-02-14,28.292804718017578,29.002897963153803,28.265067097425344,28.964064871075713,19896200,-0.021864334513187256,VALE3.SA,989,263,57.31999969482422,52.04999923706055,-1.0
2020-02-17,29.62978172302246,29.629781723022457,28.636759132447494,28.686687701701125,28134200,0.04725501831048451,VALE3.SA,986,260,57.31999969482422,52.04999923706055,-1.0
2020-02-18,29.291378021240234,29.430068260087246,28.914140402276747,29.15268778239322,18054400,-0.011421066309080685,VALE3.SA,985,259,57.75,52.04999923706055,-1.0
2020-02-19,29.29692268371582,29.468897201233162,29.069470808737403,29.363493396424314,14439700,0.00018929332964678913,VALE3.SA,984,258,59.119998931884766,53.290000915527344,-1.0
2020-02-20,28.95852279663086,29.674164949389127,28.880856600129054,29.55211685988907,18818800,-0.01155069734587022,VALE3.SA,983,257,59.310001373291016,53.779998779296875,-1.0
2020-02-21,27.810165405273438,28.370473001172375,27.627093286579402,28.292806811270044,32249900,-0.03965524759056516,VALE3.SA,982,256,58.5,53.380001068115234,-1.0
2020-02-26,25.158409118652344,25.985003894300192,24.99753004585437,25.885146750497224,46923300,-0.09535205015782688,VALE3.SA,977,251,53.43000030517578,48.72999954223633,1.0
2020-02-27,24.670217514038086,25.263811498447033,24.16538518758997,24.770074643774624,42419000,-0.01940470887136958,VALE3.SA,976,250,52.18000030517578,47.09000015258789,1.0
2020-02-28,24.581459045410156,24.581459045410156,23.965674037554475,24.403935706455652,33228600,-0.003597798380878592,VALE3.SA,975,249,50.52000045776367,44.7599983215332,1.0
2020-03-02,25.71870994567871,26.123685058708848,24.85883116506708,24.89766425013542,48372500,0.04626458088462826,VALE3.SA,972,246,51.900001525878906,46.75,-1.0
2020-03-03,25.713165283203125,27.233210986635193,25.557832917978224,25.929523798509635,52401800,-0.00021558867016646666,VALE3.SA,971,245,51.86000061035156,47.18000030517578,-1.0
2020-03-04,26.944738388061523,27.23321432761578,26.073763891208007,26.628524825063497,31476600,0.047896596599210195,VALE3.SA,970,244,51.130001068115234,46.779998779296875,-1.0
2020-03-05,25.990549087524414,26.600787388806644,25.491265513288077,26.439906208957645,29092300,-0.035412824826678735,VALE3.SA,969,243,49.9900016784668,45.900001525878906,-1.0
2020-03-06,24.74788475036621,25.41914494944429,24.21531478000236,24.52043285992467,39718600,-0.047812161758240324,VALE3.SA,968,242,45.27000045776367,41.279998779296875,-1.0
2020-03-09,20.986600875854492,23.044762817884788,20.975505406541668,22.440073495924352,59037000,-0.1519840548981084,VALE3.SA,965,239,34.36000061035156,31.1299991607666,1.0
2020-03-10,24.858835220336914,25.1528578027458,22.634242957834356,23.24448118148297,63269800,0.18450983879611993,VALE3.SA,964,238,37.220001220703125,34.36000061035156,-1.0
2020-03-11,22.60095977783203,24.570360530472335,21.635674890051234,23.860265146316454,50025000,-0.09082788563873356,VALE3.SA,963,237,35.790000915527344,32.97999954223633,-1.0
2020-03-12,19.610795974731445,19.97139138795635,18.00199071600405,19.97139138795635,62222000,-0.1323025142513401,VALE3.SA,962,236,33.220001220703125,31.5,1.0
2020-03-13,23.799243927001953,24.42612223269883,20.526153705795974,23.299958260633268,67635900,0.2135786817458778,VALE3.SA,961,235,33.849998474121094,31.729999542236328,-1.0
2020-03-16,21.657867431640625,22.96710357812996,19.976940357887614,19.976940357887614,59078300,-0.0899766606842406,VALE3.SA,958,232,30.049999237060547,28.700000762939453,-1.0
2020-03-17,23.028120040893555,24.17092805888239,21.696695381155838,22.467812560049783,52743800,0.06326812247687363,VALE3.SA,957,231,28.729999542236328,26.950000762939453,-1.0
2020-03-18,21.441509246826172,22.673076983684684,19.80496419793766,21.524722110586357,59689100,-0.06889884155762016,VALE3.SA,956,230,24.8799991607666,20.3700008392334,-1.0
2020-03-19,20.193294525146484,21.635671798552135,19.560865418004912,20.8035305755309,52645400,-0.0582148722513296,VALE3.SA,955,229,28.469999313354492,25.219999313354492,1.0
2020-03-20,19.52203369140625,21.863125172603798,19.255748735422053,21.025437214168807,50479900,-0.03324176908846255,VALE3.SA,954,228,26.979999542236328,22.43000030517578,1.0
2020-03-23,18.917346954345703,19.89372738077678,18.51237172751458,19.721750729829996,41958300,-0.030974577066053,VALE3.SA,951,225,27.030000686645508,23.360000610351562,1.0
2020-03-24,20.881202697753906,21.441512465920187,20.44848981575057,20.44848981575057,37044800,0.10381242930880785,VALE3.SA,950,224,27.149999618530273,24.010000228881836,1.0
2020-03-25,22.6619815826416,22.939362028530706,21.130842452481502,21.18631769516138,38064400,0.08528143281130274,VALE3.SA,949,223,27.389999389648438,24.489999771118164,1.0
2020-03-26,23.29996109008789,23.527413006555605,22.184892454781565,22.750746790387936,36253000,0.028151973609181757,VALE3.SA,948,222,26.34000015258789,22.600000381469727,1.0
2020-03-27,22.245908737182617,22.989288344080077,21.746625253180966,21.80210049043293,32331200,-0.04523837395392394,VALE3.SA,947,221,24.93000030517578,21.510000228881836,1.0
2020-03-30,23.17236328125,23.477481356086134,22.60096022567079,22.700815241735146,31298300,0.04164606422748074,VALE3.SA,944,218,22.760000228881836,20.09000015258789,1.0
2020-03-31,23.976770401000977,24.681317104492955,23.4220094171092,23.466389195373036,39238000,0.03471407339802357,VALE3.SA,943,217,22.739999771118164,20.479999542236328,1.0
2020-04-01,24.05998420715332,24.47605496112557,22.856153841458013,23.194558393288023,37092100,0.0034706011176914853,VALE3.SA,942,216,24.739999771118164,20.309999465942383,1.0
2020-04-02,23.732675552368164,24.725698277446202,23.255580740710773,24.381747040580883,34372600,-0.01360385991807278,VALE3.SA,941,215,29.940000534057617,25.31999969482422,1.0
2020-04-03,22.467817306518555,23.78260009709216,22.0572932937208,23.743767001911355,31650000,-0.05329606613711091,VALE3.SA,940,214,34.11000061035156,28.34000015258789,1.0
2020-04-06,23.926841735839844,24.07107865994945,23.283319081648525,23.632816976460525,32019300,0.06493841432910274,VALE3.SA,937,211,33.04999923706055,26.079999923706055,1.0
2020-04-07,24.287431716918945,25.241621149665097,24.16538575700007,25.069644507456577,34191900,0.015070521427781092,VALE3.SA,936,210,31.8700008392334,23.6299991607666,1.0
2020-04-08,24.137645721435547,24.548169716773405,23.882456216459385,24.132099043607752,29464500,-0.006167222505418568,VALE3.SA,935,209,32.84000015258789,25.09000015258789,1.0
2020-04-09,24.010055541992188,24.670222490216272,23.765961462425427,24.38174651459449,29827800,-0.00528594134307192,VALE3.SA,934,208,31.479999542236328,22.760000228881836,1.0
2020-04-13,24.72569465637207,24.72569465637207,23.84362468675889,23.965672769423925,22066800,0.029805808367592945,VALE3.SA,930,204,31.739999771118164,22.40999984741211,1.0
2020-04-14,24.703500747680664,25.51899989994236,24.686858598857285,25.308190177785608,24713600,-0.0008976050622580001,VALE3.SA,929,203,29.600000381469727,20.110000610351562,1.0
2020-04-15,23.960124969482422,24.354006857274054,23.638364714890013,24.1321016279899,28808700,-0.030091920403954697,VALE3.SA,928,202,27.690000534057617,19.8700008392334,1.0
2020-04-16,23.721576690673828,24.403934504205196,23.322150255826347,24.298528571975215,24442900,-0.009956053197236137,VALE3.SA,927,201,27.81999969482422,19.8700008392334,1.0
2020-04-17,24.40947914123535,24.537073891887882,23.976766324566352,24.35400389877594,23604600,0.028999018890341066,VALE3.SA,926,200,28.079999923706055,18.270000457763672,1.0
2020-04-20,23.555145263671875,23.998953521940987,23.4275505216848,23.998953521940987,29050700,-0.035000086344334824,VALE3.SA,923,197,25.56999969482422,-37.630001068115234,1.0
2020-04-22,23.799243927001953,23.987862721380683,23.32769588293265,23.63281396071577,22693600,0.010362859604459373,VALE3.SA,921,195,20.3700008392334,13.779999732971191,1.0
2020-04-23,24.137645721435547,24.792263749849095,23.74931478614351,24.01559976302014,27171100,0.014219014497752758,VALE3.SA,920,194,21.329999923706055,16.5,1.0
2020-04-24,24.276336669921875,24.520432826523177,23.205650052651855,24.059980252021585,55165900,0.005745835782284381,VALE3.SA,919,193,21.440000534057617,16.940000534057617,1.0
2020-04-27,24.714595794677734,24.991976223610695,24.331811564598354,24.664667232820015,25580600,0.01805293486882875,VALE3.SA,916,190,19.989999771118164,12.779999732971191,1.0
2020-04-28,24.74788475036621,25.12512234176851,24.12100432402931,25.07519377478159,25680000,0.0013469350648107614,VALE3.SA,915,189,20.459999084472656,12.34000015258789,1.0
2020-04-29,25.92397689819336,26.28457233379667,24.875479123855467,25.15840625492882,33207500,0.047522936189920095,VALE3.SA,914,188,22.540000915527344,15.0600004196167,1.0
2020-04-30,24.886577606201172,25.6133131269839,24.831100239112114,25.358123587109738,25720300,-0.040016981039065924,VALE3.SA,913,187,25.270000457763672,18.84000015258789,1.0
2020-05-04,24.37063980102539,24.59254494646894,24.076617282120342,24.243045083080855,16994300,-0.020731569175153286,VALE3.SA,909,183,27.200000762939453,20.389999389648438,1.0
2020-05-05,24.2430477142334,24.98087848785968,24.2430477142334,24.659118319913908,19070600,-0.005235483673539987,VALE3.SA,908,182,30.969999313354492,24.559999465942383,1.0
2020-05-06,24.592554092407227,24.8310993555439,24.193125528559598,24.514885781246225,26602700,0.014416767326190127,VALE3.SA,907,181,29.719999313354492,23.989999771118164,1.0
2020-05-07,25.546735763549805,26.06266350404857,25.213880112499787,25.313737231063715,42194300,0.038799616646453705,VALE3.SA,906,180,29.459999084472656,23.549999237060547,1.0
2020-05-08,27.100069046020508,27.161093083456475,26.057120080506287,26.35114267952153,33922800,0.06080359138043012,VALE3.SA,905,179,30.969999313354492,24.739999771118164,1.0
2020-05-11,26.478736877441406,27.32197367946776,26.478736877441403,26.74502184920054,24783100,-0.02292732787964391,VALE3.SA,902,176,29.6299991607666,24.139999389648438,1.0
2020-05-12,26.328950881958008,26.961377947160706,26.328950881958004,26.867069613268463,21806900,-0.005656840663385565,VALE3.SA,901,175,29.979999542236328,25.780000686645508,1.0
2020-05-13,26.9280948638916,27.28314150485227,26.439904674448222,26.722831805137222,34159500,0.022756090230095616,VALE3.SA,900,174,29.190000534057617,25.290000915527344,1.0
2020-05-14,26.678451538085938,26.88371247678652,26.040475662029838,26.600785351347604,35513400,-0.009270738500717912,VALE3.SA,899,173,31.1299991607666,27.559999465942383,1.0
2020-05-15,26.6562557220459,27.34970671437927,26.6562557220459,27.011302291521467,35196100,-0.0008319754243739652,VALE3.SA,898,172,32.5,29.43000030517578,1.0
2020-05-18,28.437047958374023,28.62566678321965,27.710312402016537,27.926668853641907,41936200,0.0668057905392665,VALE3.SA,895,169,34.810001373291016,31.81999969482422,1.0
2020-05-19,29.013996124267578,29.2414480202006,28.342735908982913,28.45923519601678,27704400,0.020288609659416368,VALE3.SA,894,168,34.650001525878906,32.5,1.0
2020-05-20,29.12495231628418,29.77402166639222,29.12495231628418,29.607593790691073,27014500,0.00382422991791187,VALE3.SA,893,167,35.75,33.4900016784668,1.0
2020-05-21,28.36492919921875,29.213712812421335,27.943309673791525,29.0084518445462,41802300,-0.02609525704323612,VALE3.SA,892,166,36.060001373291016,33.91999816894531,1.0
2020-05-22,27.887828826904297,28.348279242581015,27.682567900216835,28.165209258304287,23933600,-0.016820079788092412,VALE3.SA,891,165,35.130001068115234,33.25,1.0
2020-05-25,27.793521881103516,28.670045170546036,27.693664743920312,28.52025946477124,21162000,-0.0033816524902720024,VALE3.SA,888,162,35.130001068115234,33.25,1.0
2020-05-26,27.29423713684082,28.02652136717418,27.09452287106901,27.94885517853957,28917800,-0.017964068979762993,VALE3.SA,887,161,36.16999816894531,34.349998474121094,1.0
2020-05-27,28.093088150024414,28.198494062336426,27.061232665516116,27.649279908366175,31932100,0.02926812019616154,VALE3.SA,886,160,34.7400016784668,32.810001373291016,1.0
2020-05-28,27.787967681884766,28.653395264489134,27.765776742684654,28.292799909342868,23530900,-0.010861051177792347,VALE3.SA,885,159,35.290000915527344,33.709999084472656,1.0
2020-05-29,29.402328491210938,29.402328491210934,28.32609307809781,28.5147118738233,92646300,0.05809567751795641,VALE3.SA,884,158,35.33000183105469,35.4900016784668,1.0
2020-06-01,29.635326385498047,29.873873742790096,29.124947371172198,29.30247069061118,27152300,0.007924470824028695,VALE3.SA,881,155,38.31999969482422,35.439998626708984,1.0
2020-06-02,29.635326385498047,29.846136120923674,29.402327822326217,29.846136120923674,25602700,0.0,VALE3.SA,880,154,39.56999969482422,36.810001373291016,1.0
2020-06-03,29.768470764160156,30.145708357559467,29.613138384376303,29.90161431557842,31584300,0.004492758977247657,VALE3.SA,879,153,39.790000915527344,37.290000915527344,1.0
2020-06-04,30.877986907958984,30.90017784847903,29.69079910131588,29.801751687671544,37638600,0.037271519675597053,VALE3.SA,878,152,39.9900016784668,37.40999984741211,1.0
2020-06-05,30.29549217224121,31.454942502858994,30.1457064798175,31.282965867206993,39799100,-0.01886440127894584,VALE3.SA,877,151,42.29999923706055,39.54999923706055,1.0
2020-06-08,30.38980484008789,30.872448401024965,29.94599649346052,30.500757455806017,27456500,0.0031130924465752052,VALE3.SA,874,148,40.79999923706055,38.189998626708984,1.0
2020-06-09,30.506301879882812,30.50630187988281,30.023658388094166,30.045849331307515,19860000,0.0038334250715965634,VALE3.SA,873,147,41.18000030517578,38.939998626708984,1.0
2020-06-10,30.068035125732422,30.62279591360112,29.823939024673738,30.461914777220525,24321300,-0.014366433397140277,VALE3.SA,872,146,41.72999954223633,39.599998474121094,1.0
2020-06-12,29.624235153198242,29.984828495798684,28.8364735150071,29.79620969084405,31223700,-0.014759859454679614,VALE3.SA,870,144,38.72999954223633,36.2599983215332,1.0
2020-06-15,29.890518188476562,30.195636263330037,28.919686603605108,29.12494754614364,27425600,0.008988688953529778,VALE3.SA,867,141,39.720001220703125,37.119998931884766,1.0
2020-06-16,30.728208541870117,30.789232584691238,30.07913924912561,30.783685906364347,29329400,0.028025287086407946,VALE3.SA,866,140,40.959999084472656,38.380001068115234,1.0
2020-06-17,31.177566528320312,31.310707974276724,30.595067940709463,30.783686752685323,27840000,0.014623631112041569,VALE3.SA,865,139,40.709999084472656,37.959999084472656,1.0
2020-06-18,31.160917282104492,31.366180329215798,30.8502525470081,31.23303678828535,25770000,-0.0005340136537178575,VALE3.SA,864,138,41.5099983215332,38.84000015258789,1.0
2020-06-19,30.606159210205078,31.399467502092747,30.350969692655966,31.249683914668907,38079900,-0.017803008392760278,VALE3.SA,863,137,42.189998626708984,39.75,1.0
2020-06-22,30.5118465423584,30.70601199203917,30.195633029309892,30.5118465423584,14891400,-0.003081493081145359,VALE3.SA,860,134,43.08000183105469,40.459999084472656,1.0
2020-06-23,30.839162826538086,31.377281651958018,30.717114734279086,30.805876406036944,18272700,0.01072751476136613,VALE3.SA,859,133,42.630001068115234,40.369998931884766,1.0
2020-06-24,30.728208541870117,31.21084997362206,30.41199497111073,31.205303295295174,18156600,-0.0035978371167874057,VALE3.SA,858,132,40.310001373291016,38.0099983215332,1.0
2020-06-25,31.066612243652344,31.149827230088704,30.43973179690147,30.789231777191162,17051900,0.011012802823214374,VALE3.SA,857,131,41.04999923706055,38.720001220703125,1.0
2020-06-26,30.855796813964844,31.593629734664507,30.628344958005666,31.011131285622188,21655500,-0.006785916276744186,VALE3.SA,856,130,41.02000045776367,38.4900016784668,1.0
2020-06-29,30.861351013183594,31.016683395805035,30.423089372221668,30.755945082480473,15453400,0.00018000504904280845,VALE3.SA,853,127,41.709999084472656,39.70000076293945,1.0
2020-06-30,31.02223014831543,31.36618344815185,30.517397787340357,30.755945156220942,27462900,0.005212964755272997,VALE3.SA,852,126,41.150001525878906,39.27000045776367,1.0
2020-07-01,30.256656646728516,31.11098884611601,29.98482290465262,31.11098884611601,28999400,-0.02467822261413033,VALE3.SA,851,125,42.029998779296875,39.81999969482422,1.0
2020-07-02,30.7836856842041,30.92237592007118,30.37316165488973,30.428636902738543,24148500,0.01741861447644677,VALE3.SA,850,124,43.13999938964844,40.650001525878906,1.0
2020-07-03,30.656084060668945,30.900180192416265,30.473014078103184,30.622799763608658,7831800,-0.004145105457616816,VALE3.SA,849,123,43.13999938964844,40.650001525878906,1.0
2020-07-06,31.38282012939453,31.47713057137927,30.839154767421665,31.116535183708514,23609900,0.02370609590211714,VALE3.SA,846,120,43.099998474121094,40.630001068115234,1.0
2020-07-07,31.271869659423828,31.610274128831986,31.12208397052621,31.477132705086177,13598400,-0.003535388773642456,VALE3.SA,845,119,43.08000183105469,40.619998931884766,1.0
2020-07-08,31.798904418945312,32.020809693833236,30.95012065755326,31.56590578493398,32634600,0.016853317862389527,VALE3.SA,844,118,43.290000915527344,40.900001525878906,1.0
2020-07-09,31.29960823059082,31.998608133349205,31.09989608890469,31.909846476073756,19741600,-0.015701678956493215,VALE3.SA,843,117,42.349998474121094,39.619998931884766,1.0
2020-07-10,31.604732513427734,31.78780252946186,31.15537537476107,31.355089658612922,14728100,0.009748501661394515,VALE3.SA,842,116,43.2400016784668,40.54999923706055,1.0
2020-07-13,31.981966018676758,32.852940442964695,31.981966018676754,32.02634578924027,28780200,0.011935981584047628,VALE3.SA,839,113,42.720001220703125,40.099998474121094,1.0
2020-07-14,34.22874450683594,34.378530188703756,32.1206537223437,32.131747076931234,52234500,0.07025141877916785,VALE3.SA,838,112,42.900001525878906,40.290000915527344,1.0
2020-07-15,34.27867126464844,34.91109825511056,33.502005277198194,34.56159834913349,29833100,0.0014586207742013357,VALE3.SA,837,111,43.790000915527344,41.20000076293945,1.0
2020-07-16,33.35222244262695,34.22319682697384,33.202436755884875,34.00684042931687,22788400,-0.027026975896143668,VALE3.SA,836,110,43.369998931884766,40.75,1.0
2020-07-17,33.86260223388672,33.979101502568234,33.46317375127048,33.56303087192454,18896400,0.015302722094089116,VALE3.SA,835,109,43.13999938964844,40.59000015258789,1.0
2020-07-20,33.729461669921875,34.11224803820489,33.47981884631226,33.906984985323184,16491500,-0.003931787729875347,VALE3.SA,832,106,43.279998779296875,40.810001373291016,1.0
2020-07-21,33.119224548339844,33.55193735217285,32.88067720359991,33.52974640934942,29043600,-0.018092109727508854,VALE3.SA,831,105,44.31999969482422,41.959999084472656,1.0
2020-07-22,32.86403274536133,33.424340256690996,32.61993662394494,33.24681695906706,19644700,-0.007705246921045683,VALE3.SA,830,104,44.290000915527344,41.900001525878906,1.0
2020-07-23,32.64767837524414,33.37441592180738,32.53117909322676,33.23017901782085,17291900,-0.006583317750245565,VALE3.SA,829,103,43.310001373291016,41.06999969482422,1.0
2020-07-24,32.50898361206055,32.647673818795006,32.07627084424729,32.49234146445068,22544100,-0.0042482274417638966,VALE3.SA,828,102,43.34000015258789,41.290000915527344,1.0
2020-07-27,34.045677185058594,34.189916209852335,32.71979892029326,32.78636963837385,35124800,0.047269812902669406,VALE3.SA,825,99,43.40999984741211,41.599998474121094,1.0
2020-07-28,33.474273681640625,33.929177462449296,33.396607492172556,33.67398794955564,21707500,-0.016783437741950347,VALE3.SA,824,98,43.220001220703125,41.040000915527344,1.0
2020-07-29,34.922203063964844,34.922203063964844,33.75720377125504,33.95691805664787,29486600,0.04325499026789492,VALE3.SA,823,97,43.75,41.27000045776367,-1.0
2020-07-30,33.99020004272461,34.600436176276496,33.64624888288145,34.56160308320928,32210700,-0.02668797897810571,VALE3.SA,822,96,42.939998626708984,39.91999816894531,1.0
2020-07-31,33.679534912109375,34.511676291289284,33.563035626922975,33.89589133209695,26318800,-0.009139844138155606,VALE3.SA,821,95,43.29999923706055,40.27000045776367,1.0
2020-08-03,33.42988967895508,34.76686331435752,33.42988967895508,34.31750835620552,35910500,-0.007412371750553426,VALE3.SA,818,92,44.150001525878906,41.0099983215332,1.0
2020-08-04,33.673988342285156,33.751654532659025,32.93060862317888,33.42989218254446,182535800,0.007301808820617817,VALE3.SA,817,91,44.43000030517578,41.70000076293945,1.0
2020-08-05,34.50058364868164,34.894465542145745,34.31196483594725,34.33970457719109,36999600,0.02454699746268285,VALE3.SA,816,90,45.16999816894531,42.189998626708984,1.0
2020-08-06,34.300865173339844,34.883363656211216,33.995745005709594,34.73912464674151,22468400,-0.0057888433823475305,VALE3.SA,815,89,45.09000015258789,41.95000076293945,1.0
2020-08-07,33.53529739379883,34.056771886744976,33.163606484083175,34.056771886744976,28427400,-0.022319197363454557,VALE3.SA,814,88,44.400001525878906,41.220001220703125,1.0
2020-08-10,34.506126403808594,34.506126403808594,33.513103942450016,33.67398510202661,29341400,0.028949467738708323,VALE3.SA,811,85,44.9900016784668,41.939998626708984,1.0
2020-08-11,33.44099044799805,34.85008381352792,33.374419724438134,34.833441661699226,23822800,-0.030868024516741532,VALE3.SA,810,84,44.5,41.61000061035156,1.0
2020-08-12,34.1177978515625,34.556059502595204,33.60741880193837,33.77384666089211,29627900,0.020238856400408123,VALE3.SA,809,83,45.43000030517578,42.66999816894531,1.0
2020-08-13,33.47982406616211,34.483942194902085,33.34668261697542,34.06232478415068,24906200,-0.018699148994786974,VALE3.SA,808,82,44.959999084472656,42.2400016784668,1.0
2020-08-14,34.03458786010742,34.0789697576742,33.45208921013831,33.479826837994864,17848800,0.016570092866945885,VALE3.SA,807,81,44.79999923706055,42.0099983215332,1.0
2020-08-17,34.522769927978516,34.728030864713475,33.923629267273945,34.27312710424959,42786400,0.014343704406754476,VALE3.SA,804,78,45.369998931884766,42.88999938964844,1.0
2020-08-18,34.98322296142578,35.33826959725936,34.866721564593924,35.11636439174094,32205700,0.013337661908585652,VALE3.SA,803,77,45.459999084472656,42.88999938964844,-1.0
2020-08-19,34.61153793334961,35.438132742125404,34.578253628244774,35.17739439882954,23537900,-0.010624665099782549,VALE3.SA,802,76,45.369998931884766,42.93000030517578,1.0
2020-08-20,34.922203063964844,35.22732117053938,34.21210759187421,34.2953225828696,25866600,0.00897576788449772,VALE3.SA,801,75,44.900001525878906,42.58000183105469,-1.0
2020-08-21,34.506126403808594,34.83343540049263,34.12334005059223,34.62262567815933,27242700,-0.011914387514274205,VALE3.SA,800,74,44.349998474121094,42.34000015258789,1.0
2020-08-24,34.9277458190918,35.02205627270922,34.528319409417975,34.9166503471224,17944700,0.012218682860811292,VALE3.SA,797,71,45.130001068115234,42.619998931884766,-1.0
2020-08-25,34.184364318847656,34.86117325946539,33.868150791303755,34.83898231670043,23543000,-0.021283409015127486,VALE3.SA,796,70,45.86000061035156,43.349998474121094,1.0
2020-08-26,34.2564811706543,34.589336821361194,33.9735540791779,34.2065526114238,23924400,0.0021096443723214175,VALE3.SA,795,69,45.63999938964844,43.38999938964844,1.0
2020-08-27,33.72391891479492,34.49503630255836,33.46872938375359,34.22320250384383,18201900,-0.015546321094870419,VALE3.SA,794,68,45.09000015258789,43.040000915527344,1.0
2020-08-28,33.89589309692383,34.228750935673375,33.63515689025184,33.94027498858846,15040300,0.00509947205612149,VALE3.SA,793,67,45.04999923706055,42.970001220703125,1.0
2020-08-31,33.10812759399414,33.92362671814789,33.10812759399414,33.89588698273869,31080000,-0.023240735999405793,VALE3.SA,790,64,45.279998779296875,42.61000061035156,1.0
2020-09-01,34.26203918457031,34.278683453984215,33.39661335987858,33.44654193562966,24197700,0.03485281936588569,VALE3.SA,789,63,45.58000183105469,42.7599983215332,1.0
2020-09-02,34.0179328918457,34.583789175187874,33.46317207871548,34.33969517925862,21797200,-0.007124686636706068,VALE3.SA,788,62,44.43000030517578,41.5099983215332,1.0
2020-09-03,32.90842056274414,33.590776301721455,32.6476822297119,33.28565819154796,36117400,-0.032615512901065125,VALE3.SA,787,61,44.06999969482422,41.369998931884766,1.0
2020-09-04,33.557491302490234,33.563037980926005,32.56446867912268,33.124776315920876,26636700,0.019723545786968222,VALE3.SA,786,60,42.65999984741211,39.77000045776367,1.0
2020-09-08,32.880680084228516,33.15251175077359,32.680965813810516,33.05820340987896,14663800,-0.020168707254093587,VALE3.SA,782,56,39.779998779296875,36.7599983215332,1.0
2020-09-09,33.285648345947266,33.46872042764735,32.93614844576636,33.2301731118685,16481700,0.012316298223800981,VALE3.SA,781,55,40.790000915527344,38.04999923706055,1.0
2020-09-10,32.47016143798828,33.39661343083909,32.35366213306998,33.285660804907,19431400,-0.02449965521126085,VALE3.SA,780,54,40.060001373291016,37.29999923706055,1.0
2020-09-11,34.36743927001953,34.561604744689745,33.19689339523494,33.31339268003706,46057000,0.05843142590019701,VALE3.SA,779,53,39.83000183105469,37.33000183105469,1.0
2020-09-14,34.345245361328125,35.14410025191432,34.051222777561044,34.838982196802945,35710200,-0.0006457830191255454,VALE3.SA,776,50,39.61000061035156,37.2599983215332,1.0
2020-09-15,34.72802734375,35.31052791214124,34.478386661576195,34.789051374057244,32570600,0.011145122953550857,VALE3.SA,775,49,40.529998779296875,38.279998779296875,1.0
2020-09-16,33.82377624511719,34.672559832621324,33.64625290807378,34.57270269100377,28843500,-0.02603807839939265,VALE3.SA,774,48,42.220001220703125,40.15999984741211,1.0
2020-09-17,34.43955993652344,34.628176623244045,33.34668021496566,33.50756139436915,31397500,0.018205645843436757,VALE3.SA,773,47,43.29999923706055,40.970001220703125,1.0
2020-09-18,34.20655822753906,35.00541319014031,34.20655822753906,34.66146201243984,33143800,-0.0067655251522907855,VALE3.SA,772,46,43.150001525878906,41.11000061035156,1.0
2020-09-21,33.285648345947266,34.056765527362586,32.974981532870395,33.86814676875244,53120800,-0.026922026924368847,VALE3.SA,769,43,41.439998626708984,39.310001373291016,1.0
2020-09-22,33.41136932373047,33.68300496704862,33.029921509655864,33.60209212841302,23996200,0.003777032566004035,VALE3.SA,768,42,41.720001220703125,39.599998474121094,1.0
2020-09-23,34.15692138671875,34.451677788140834,32.97790239515822,33.33045084072946,37365600,0.02231432228246777,VALE3.SA,767,41,41.77000045776367,39.93000030517578,1.0
2020-09-24,33.902626037597656,34.54993093103388,33.77547603533522,34.49791522144556,31607500,-0.007444914201780839,VALE3.SA,766,40,41.939998626708984,40.310001373291016,1.0
2020-09-25,34.24361801147461,34.359208724185194,33.636769525630875,33.723460906631715,27582200,0.010057981157530316,VALE3.SA,765,39,41.91999816894531,40.25,1.0
2020-09-28,33.97197723388672,34.8157878205157,33.92574227562048,34.642400664066784,30265400,-0.007932595717452195,VALE3.SA,762,36,42.43000030517578,40.599998474121094,1.0
2020-09-29,33.723453521728516,34.6539553584548,33.723453521728516,33.943075607313915,26201600,-0.007315550415190497,VALE3.SA,761,35,41.029998779296875,39.290000915527344,1.0
2020-09-30,34.162696838378906,34.833120162867345,33.954634047208536,34.22049107827782,25947500,0.01302486165503125,VALE3.SA,760,34,40.95000076293945,40.220001220703125,1.0
2020-10-01,34.01820755004883,34.59037799610034,33.53272846006421,34.40543379084037,22852700,-0.0042294462001535305,VALE3.SA,759,33,40.93000030517578,38.720001220703125,1.0
2020-10-02,33.706119537353516,34.353424374070904,33.58475029385199,33.87372594297519,23668800,-0.009174146293162488,VALE3.SA,758,32,39.27000045776367,37.04999923706055,1.0
2020-10-05,34.440120697021484,34.58460853310486,33.95464147959297,34.04133506312676,17887200,0.021776495477461966,VALE3.SA,755,29,41.290000915527344,39.220001220703125,1.0
2020-10-06,33.87950134277344,34.83890032066751,33.64254142066433,34.68285322005288,21951600,-0.016278089126921413,VALE3.SA,754,28,42.650001525878906,40.66999816894531,1.0
2020-10-07,34.77532958984375,35.116320954122884,34.0760090273302,34.180040440480404,27276500,0.026441600719173453,VALE3.SA,753,27,41.9900016784668,39.95000076293945,1.0
2020-10-08,35.42263412475586,35.53822482053739,34.71175432205681,34.87935851599542,22207400,0.01861390078963221,VALE3.SA,752,26,43.34000015258789,41.189998626708984,1.0
2020-10-09,35.60179901123047,35.798302540387326,35.168335538505865,35.65381471614579,21120900,0.005057921041207836,VALE3.SA,751,25,42.849998474121094,40.599998474121094,1.0
2020-10-13,35.91389846801758,36.20287415856128,35.272372082257036,35.41108138379022,18602200,0.008766395672551885,VALE3.SA,747,21,42.45000076293945,40.20000076293945,1.0
2020-10-14,36.41093444824219,36.57854086610244,35.85610169054208,35.87922027329027,22210600,0.013839655437775322,VALE3.SA,746,20,43.31999969482422,41.040000915527344,1.0
2020-10-15,36.104618072509766,36.33001872460872,35.82142096813594,36.069940201144846,16309700,-0.008412757880955968,VALE3.SA,745,19,43.15999984741211,40.959999084472656,1.0
2020-10-16,35.971683502197266,36.468719680088036,35.971683502197266,36.23754052391511,15871000,-0.003681927061117918,VALE3.SA,744,18,42.93000030517578,40.880001068115234,1.0
2020-10-19,35.80409240722656,36.51497241898956,35.80409240722656,36.25489382817144,29156200,-0.004658972798992411,VALE3.SA,741,15,42.619998931884766,40.83000183105469,1.0
2020-10-20,35.74051284790039,36.00059140562545,35.445758618951665,35.70583497196721,25276800,-0.0017757623514942367,VALE3.SA,740,14,43.15999984741211,41.459999084472656,1.0
2020-10-21,36.324241638183594,36.53230447792556,35.601802447251465,35.6307017786563,21480900,0.016332412261887752,VALE3.SA,739,13,41.72999954223633,40.029998779296875,1.0
2020-10-22,36.468727111816406,36.69412997672853,36.087279331924876,36.47450785960634,32097700,0.003977659742273376,VALE3.SA,738,12,42.459999084472656,40.63999938964844,1.0
2020-10-23,36.671016693115234,36.92531451488008,35.96013673718909,36.19131597387268,24263400,0.0055469328742565605,VALE3.SA,737,11,41.77000045776367,39.849998474121094,1.0
2020-10-26,36.12195587158203,36.67101004177192,35.838758767476776,36.35313727104385,18250900,-0.014972609735041442,VALE3.SA,734,8,40.459999084472656,38.560001373291016,1.0
2020-10-27,36.13930130004883,36.353144911141314,35.867665634008944,36.12196346309364,18155500,0.0004801907329841093,VALE3.SA,733,7,41.20000076293945,39.56999969482422,1.0
2020-10-28,34.82735061645508,35.87344345083449,34.8215720724904,35.80408989971006,23686100,-0.03630260233038807,VALE3.SA,732,6,39.119998931884766,37.38999938964844,1.0
2020-10-29,35.844539642333984,35.971689632960405,34.555708516824524,35.23769122247839,37998800,0.029206615142247205,VALE3.SA,731,5,37.650001525878906,36.16999816894531,1.0
2020-10-30,34.99495315551758,36.06994299942574,34.682858903148876,35.717392329680656,27476200,-0.023701977910549177,VALE3.SA,730,4,37.459999084472656,35.790000915527344,1.0
2020-11-03,36.60743713378906,36.60743713378906,35.38218093808789,35.775188016754,32900800,0.04607761499509966,VALE3.SA,726,0,39.709999084472656,37.65999984741211,1.0
2020-11-04,35.590240478515625,36.57275587964656,35.51510619564603,36.57275587964656,27932100,-0.027786612090758833,VALE3.SA,725,1462,41.22999954223633,39.150001525878906,1.0
2020-11-05,36.15085220336914,36.445608591461095,35.515106675840464,36.00636438304815,25563600,0.01575183863092855,VALE3.SA,724,1461,40.93000030517578,38.790000915527344,1.0
2020-11-06,36.52074432373047,36.965767119398905,36.0294865673833,36.05260515007737,26452500,0.010231905966710642,VALE3.SA,723,1460,39.45000076293945,37.13999938964844,1.0
2020-11-09,36.52074432373047,37.1449306235044,36.33580007159676,37.075579284841005,37728900,0.0,VALE3.SA,720,1457,42.400001525878906,40.290000915527344,1.0
2020-11-10,36.503395080566406,36.75191425508377,36.23175733058029,36.549632231503914,53960600,-0.0004750517407386967,VALE3.SA,719,1456,43.61000061035156,41.36000061035156,1.0
2020-11-11,36.7577018737793,36.942646113783255,36.41093197494919,36.51496338554008,25908500,0.006966661392772133,VALE3.SA,718,1455,43.79999923706055,41.45000076293945,1.0
2020-11-12,36.22020721435547,36.85595497247507,36.098837969475014,36.74036427057066,23726500,-0.014622640481429139,VALE3.SA,717,1454,43.529998779296875,41.119998931884766,1.0
2020-11-13,36.555423736572266,36.72880870465759,36.18553521673438,36.25488876302661,25079300,0.009254958709455918,VALE3.SA,716,1453,42.779998779296875,40.130001068115234,1.0
2020-11-16,37.520599365234375,37.763337866090765,36.39359603310207,36.69990953314733,91477900,0.02640307593251867,VALE3.SA,713,1450,43.81999969482422,41.34000015258789,1.0
2020-11-17,38.70540237426758,39.35848580831474,37.451249010828676,37.451249010828676,62475900,0.031577400923158194,VALE3.SA,712,1449,43.75,41.43000030517578,1.0
2020-11-18,38.40486145019531,38.94813707371672,38.185241547423324,38.71695567587239,22854400,-0.007764831409479811,VALE3.SA,711,1448,44.34000015258789,41.81999969482422,1.0
2020-11-19,39.13886260986328,39.13886260986328,38.41642348729321,38.55513056418949,25928500,0.019112193924194942,VALE3.SA,710,1447,44.20000076293945,41.7400016784668,1.0
2020-11-23,41.202152252197266,41.219490087182486,39.58966745728839,39.768830964694196,38662400,0.05271715897574447,VALE3.SA,706,1443,46.060001373291016,43.060001373291016,1.0
2020-11-24,43.23075866699219,43.28277216706612,40.56062209440237,41.06344130887597,49842200,0.04923544775957045,VALE3.SA,705,1442,47.86000061035156,44.90999984741211,1.0
2020-11-25,43.63532638549805,43.86650780452352,42.542998700256966,42.6528108664133,36269100,0.009358330294924055,VALE3.SA,704,1441,48.61000061035156,45.709999084472656,1.0
2020-11-26,44.25373840332031,44.27107623976688,43.577536325388614,43.58909341321325,20359000,0.014172278954874384,VALE3.SA,703,1440,48.61000061035156,45.709999084472656,1.0
2020-11-27,45.334503173828125,45.53100450706949,44.36932111354322,44.50225185793842,48966700,0.024421999349703016,VALE3.SA,702,1439,48.18000030517578,45.529998779296875,1.0
2020-11-30,45.0802001953125,45.86621429506116,44.571604652294454,45.57145790530082,48594200,-0.00560947977174342,VALE3.SA,699,1436,47.59000015258789,45.34000015258789,1.0
2020-12-01,46.95854949951172,47.103037344125596,45.80264674260066,46.137859600365445,61441200,0.041666835907142596,VALE3.SA,698,1435,47.41999816894531,44.54999923706055,1.0
2020-12-02,46.14363098144531,46.95854445403003,44.68141485656834,46.7562623751887,53703300,-0.017353996806798277,VALE3.SA,697,1434,48.25,45.279998779296875,1.0
2020-12-03,45.635040283203125,46.842960956265394,45.43275818276277,46.814061623594306,35158600,-0.011021904592785403,VALE3.SA,696,1433,48.709999084472656,45.63999938964844,1.0
2020-12-04,47.380455017089844,47.78501921031007,46.29390362486581,46.29390362486581,48656900,0.03824724867240126,VALE3.SA,695,1432,49.25,46.2599983215332,1.0
2020-12-07,47.94105911254883,47.96417769394008,47.20128214570275,47.63474562559711,27398500,0.011831969432475331,VALE3.SA,692,1429,48.790000915527344,45.7599983215332,1.0
2020-12-08,47.912166595458984,48.14334801154575,47.19550817406688,47.952623012567756,28598800,-0.0006026674759523898,VALE3.SA,691,1428,48.84000015258789,45.599998474121094,1.0
2020-12-09,47.79656982421875,48.44965760264827,47.51915567484453,48.02775122164287,26938500,-0.002412680942113554,VALE3.SA,690,1427,48.86000061035156,45.52000045776367,1.0
2020-12-10,49.12586212158203,49.25301211728605,48.085547983475195,48.34562872271122,41230700,0.027811458065966077,VALE3.SA,689,1426,50.25,46.779998779296875,1.0
2020-12-11,49.044952392578125,49.28769090368745,48.779095298112836,48.90624530186122,25136800,-0.0016469884803987922,VALE3.SA,688,1425,49.970001220703125,46.56999969482422,1.0
2020-12-14,48.28782653808594,49.25300402408791,47.94105227608613,49.241442530331696,20931700,-0.01543738585842247,VALE3.SA,685,1422,50.290000915527344,46.9900016784668,1.0
2020-12-15,48.836891174316406,49.34548679678825,48.28783913198225,48.28783913198225,18762800,0.011370663697141348,VALE3.SA,684,1421,50.7599983215332,47.619998931884766,1.0
2020-12-16,49.83095932006836,49.83674006741883,48.75596960263055,49.068063818282,23038300,0.0203548612913087,VALE3.SA,683,1420,51.08000183105469,47.81999969482422,1.0
2020-12-17,50.3973503112793,50.83081377522752,49.80206119296401,49.99278617536164,21367800,0.011366246986596495,VALE3.SA,682,1419,51.5,48.36000061035156,1.0
2020-12-18,50.74412536621094,51.07933376550187,50.53028180008563,50.640093956936255,23843100,0.006880819185726805,VALE3.SA,681,1418,52.2599983215332,49.099998474121094,1.0
2020-12-21,50.20085525512695,50.51294951724457,48.99871537350771,49.790510320514585,31877300,-0.010706069070327007,VALE3.SA,678,1415,50.90999984741211,47.7400016784668,1.0
2020-12-22,50.24707794189453,50.27597285578551,49.37437040910219,50.200840788367785,23157000,0.0009207549658798442,VALE3.SA,677,1414,50.08000183105469,47.02000045776367,1.0
2020-12-23,50.489830017089844,50.58808068780068,49.934997253205424,50.010129340910375,17710200,0.004831168002963793,VALE3.SA,676,1413,51.20000076293945,48.119998931884766,1.0
2020-12-28,50.46092987060547,51.194930538570354,50.32800353224314,50.73834845277444,26001300,-0.0005723954007093024,VALE3.SA,671,1408,50.86000061035156,47.619998931884766,1.0
2020-12-29,50.32223129272461,50.97531482719053,49.99857989998674,50.842388466352986,19727500,-0.0027486330164052664,VALE3.SA,670,1407,51.09000015258789,48.0,1.0
2020-12-30,50.54185485839844,50.62276771235844,50.07949632282983,50.39159064928405,30102700,0.004364344744498316,VALE3.SA,669,1406,51.34000015258789,48.400001525878906,1.0
2021-01-04,52.85942077636719,52.87098227063706,51.35096766167028,51.639943286563664,37865500,0.04585438988066026,VALE3.SA,664,1401,51.09000015258789,47.619998931884766,1.0
2021-01-05,53.74946975708008,53.74946975708008,52.31614862341385,52.85942424487564,34300300,0.016838038851739068,VALE3.SA,663,1400,53.599998474121094,49.93000030517578,1.0
2021-01-06,55.51223373413086,55.68561650848045,54.55861304224077,54.89382591250359,53722500,0.03279593240673018,VALE3.SA,662,1399,54.29999923706055,50.630001068115234,-1.0
2021-01-07,59.13597106933594,59.257340301362916,55.83586999747882,55.83586999747882,74541400,0.06527817548399395,VALE3.SA,661,1398,54.380001068115234,50.83000183105469,-1.0
2021-01-08,58.95103073120117,59.731264079583404,56.75481409705576,59.53476276033354,58562700,-0.0031273746721420803,VALE3.SA,660,1397,55.9900016784668,52.2400016784668,-1.0
2021-01-11,58.93947982788086,58.93947982788087,57.621747063525454,57.939622065557884,29267000,-0.00019594065068995192,VALE3.SA,657,1394,55.65999984741211,52.25,-1.0
2021-01-12,57.326995849609375,59.309369157595995,57.32121510146886,59.24001340816637,28598500,-0.027358300123794255,VALE3.SA,656,1393,56.58000183105469,53.209999084472656,-1.0
2021-01-13,55.6104736328125,57.17094034653137,55.33305507444863,57.14204542778452,31658800,-0.029942650776607405,VALE3.SA,655,1392,56.060001373291016,52.90999984741211,-1.0
2021-01-14,56.52363967895508,57.13626665434297,55.88788971270136,56.188426862097394,20809900,0.016420756495836963,VALE3.SA,654,1391,56.41999816894531,53.56999969482422,-1.0
2021-01-15,54.06735610961914,56.176875226256406,53.865069588806854,55.81854817448009,31712400,-0.043455863480965196,VALE3.SA,653,1390,55.099998474121094,52.36000061035156,1.0
2021-01-18,54.506587982177734,55.275264301735476,54.0673481505036,54.26963023211914,22667600,0.008123790474756643,VALE3.SA,650,1387,55.099998474121094,52.36000061035156,-1.0
2021-01-19,54.36210250854492,54.65685893134906,53.11372988685367,54.616402513271545,27155400,-0.002650789179466817,VALE3.SA,649,1386,55.900001525878906,52.97999954223633,1.0
2021-01-20,53.35646438598633,54.98628689229875,52.49531817480548,54.90537406222369,20480000,-0.018498882054838184,VALE3.SA,648,1385,56.08000183105469,53.2400016784668,1.0
2021-01-21,53.95753479003906,55.54112014878406,53.25243348455899,53.344907810912446,25983400,0.01126518428403589,VALE3.SA,647,1384,56.099998474121094,53.130001068115234,1.0
2021-01-22,53.847721099853516,54.2176095759204,52.58778710030742,53.16573839533924,25814300,-0.0020351873118898967,VALE3.SA,646,1383,55.40999984741211,52.27000045776367,1.0
2021-01-26,53.02703094482422,54.41989567253881,52.8016302941065,53.74368931096724,24921600,-0.015240944988320626,VALE3.SA,642,1379,55.90999984741211,52.61000061035156,1.0
2021-01-27,51.553253173828125,52.697598665277596,50.97530188529006,52.241016618202316,32419700,-0.027792952853226693,VALE3.SA,641,1378,55.810001373291016,52.849998474121094,1.0
2021-01-28,52.6513671875,52.79585502523157,50.91751313472117,50.97530738793002,35900800,0.021300576512004676,VALE3.SA,640,1377,55.529998779296875,52.34000015258789,1.0
2021-01-29,50.830814361572266,52.50687399005612,50.73834444776087,52.00983552624191,31481600,-0.03457750336177312,VALE3.SA,639,1376,55.880001068115234,52.20000076293945,1.0
2021-02-01,52.749610900878906,52.7496109008789,51.19492497036528,52.02139546954975,27135500,0.03774868774790341,VALE3.SA,636,1373,56.349998474121094,53.54999923706055,1.0
2021-02-02,50.6632194519043,52.35083640207766,50.576525864107786,52.11965497109331,34426700,-0.03955273628264522,VALE3.SA,635,1372,57.459999084472656,54.7599983215332,1.0
2021-02-03,52.26414489746094,52.8363155446534,51.20649278490878,51.35098063385571,34346400,0.03159936267130514,VALE3.SA,634,1371,58.459999084472656,55.689998626708984,1.0
2021-02-04,51.605289459228516,53.67435686724574,51.48969651470746,53.14263814128882,29939700,-0.012606260745776199,VALE3.SA,633,1370,58.84000015258789,56.22999954223633,1.0
2021-02-05,53.57030487060547,53.61653762125756,51.755538227317096,52.13120302698858,27114800,0.03807779070650197,VALE3.SA,632,1369,59.34000015258789,56.849998474121094,1.0
2021-02-08,54.33319854736328,54.853355557121105,53.431591593977004,53.7321287149118,28164400,0.014240980681377913,VALE3.SA,629,1366,60.560001373291016,57.970001220703125,1.0
2021-02-09,54.47190856933594,55.03252202086151,53.356462413767495,54.674190637046614,32303400,0.002552951522847291,VALE3.SA,628,1365,61.09000015258789,58.36000061035156,1.0
2021-02-10,54.73198318481445,55.29259661893937,54.54703895587391,54.708869014437845,40318300,0.004774472242834449,VALE3.SA,627,1364,61.470001220703125,58.68000030517578,1.0
2021-02-11,53.80727005004883,55.17701634322567,53.80727005004883,55.17701634322567,19775900,-0.01689529742861917,VALE3.SA,626,1363,61.13999938964844,58.2400016784668,1.0
2021-02-12,54.263851165771484,54.408339001319796,53.28711198645086,53.818830572426954,14760700,0.008485491185447058,VALE3.SA,625,1362,62.43000030517578,59.470001220703125,1.0
2021-02-17,55.685604095458984,55.8994476531829,55.01518291379793,55.48910277978156,29262900,0.026200737676066677,VALE3.SA,620,1357,64.33999633789062,61.13999938964844,1.0
2021-02-18,56.292457580566406,56.87040888137423,55.49488196342376,56.26933899940387,33088500,0.010897852236048777,VALE3.SA,619,1356,63.93000030517578,60.52000045776367,1.0
2021-02-19,56.50629425048828,57.13048268612295,55.67404741239369,56.18264294730807,24966600,0.003798673554371357,VALE3.SA,618,1355,62.90999984741211,59.2400016784668,1.0
2021-02-22,55.10764694213867,56.93975121793346,54.35053226873213,55.77229171492549,50160600,-0.024752062171154,VALE3.SA,615,1352,65.23999786376953,61.4900016784668,1.0
2021-02-23,56.03239059448242,56.263572053398825,53.9344284453036,55.82432772239961,35756200,0.016780677522208576,VALE3.SA,614,1351,65.37000274658203,61.66999816894531,1.0
2021-02-24,56.598785400390625,56.76061110009868,55.40242608106937,56.136422478865086,21856100,0.010108346260064405,VALE3.SA,613,1350,67.04000091552734,63.220001220703125,1.0
2021-02-25,55.31571578979492,57.18827667900398,54.91692800055457,57.04378886080597,24471000,-0.02266956086635119,VALE3.SA,612,1349,66.87999725341797,63.529998779296875,1.0
2021-02-26,54.627960205078125,56.46584569273088,54.338984527204545,55.801205161156766,42856000,-0.012433276418772787,VALE3.SA,611,1348,66.12999725341797,61.5,1.0
2021-03-01,56.96866226196289,57.40790650616834,55.11343902699584,55.48332752440505,32798000,0.04284805890788457,VALE3.SA,608,1345,63.689998626708984,60.63999938964844,1.0
2021-03-02,58.71985626220703,59.05506910337674,54.87070256514771,56.35025660973281,47565800,0.03073960192695946,VALE3.SA,607,1344,62.70000076293945,59.75,1.0
2021-03-03,57.99740982055664,60.10693286550863,57.59284569003688,58.95103031040269,41473300,-0.01230327333269321,VALE3.SA,606,1343,64.06999969482422,61.279998779296875,1.0
2021-03-04,57.13627624511719,58.65628685271832,56.36181906959962,57.44837053291508,48492500,-0.014847793687749022,VALE3.SA,605,1342,66.73999786376953,63.83000183105469,1.0
2021-03-05,60.5256233215332,60.76117821993802,56.732580271457905,57.20973123716711,46503300,0.05932040551392537,VALE3.SA,604,1341,69.36000061035156,66.08999633789062,-1.0
2021-03-08,60.19948959350586,61.56450391657923,59.734420808988176,59.915614464435485,39677300,-0.005388358023093898,VALE3.SA,601,1338,68.23999786376953,65.05000305175781,-1.0
2021-03-09,59.595497131347656,59.982049097473684,57.910369993987494,58.8888322502794,40537000,-0.0100331824445129,VALE3.SA,600,1337,67.5199966430664,64.01000213623047,-1.0
2021-03-10,58.67743682861328,59.09418542725436,57.81373377916456,58.88883171315048,31311800,-0.015404860214706884,VALE3.SA,599,1336,67.9000015258789,64.44000244140625,1.0
2021-03-11,60.21759033203125,60.45918640780714,59.31764967302948,59.78875948635844,26203200,0.026247797904269232,VALE3.SA,598,1335,69.62999725341797,66.0199966430664,-1.0
2021-03-12,58.828426361083984,60.06056231339973,58.41167320731272,59.79480614484272,21115500,-0.023069072729207774,VALE3.SA,597,1334,69.22000122070312,65.61000061035156,1.0
2021-03-15,58.47810745239258,58.79822029749741,57.8378817621829,58.28483151149558,20059000,-0.005954925711273984,VALE3.SA,594,1331,68.87999725341797,65.38999938964844,1.0
2021-03-16,58.290889739990234,59.094190368399346,57.99493226882888,58.611002678778846,19174300,-0.003201500878850405,VALE3.SA,593,1330,68.38999938964844,64.80000305175781,1.0
2021-03-17,59.13041305541992,59.26329112334757,58.01907298480284,58.22443125561695,21424300,0.014402307447603402,VALE3.SA,592,1329,68.0,64.5999984741211,1.0
2021-03-18,58.07948303222656,59.353893357399,57.69896767752566,59.00962041289866,19156100,-0.017773087805227683,VALE3.SA,591,1328,63.279998779296875,60.0,1.0
2021-03-19,57.24599075317383,58.079497271197496,56.436648919916394,58.0432548521116,38643000,-0.014350890117087567,VALE3.SA,590,1327,64.52999877929688,61.41999816894531,1.0
2021-03-22,56.2977180480957,56.67822880973466,55.476294041456434,56.48495284394087,21120800,-0.016564875419254554,VALE3.SA,587,1324,64.62000274658203,61.54999923706055,1.0
2021-03-23,54.9991340637207,56.641981810281145,54.9991340637207,56.37622567243702,20518500,-0.02306636981743393,VALE3.SA,586,1323,60.790000915527344,57.7599983215332,1.0
2021-03-24,56.261478424072266,57.161419178674336,55.45213217545583,55.566891360454115,24726000,0.02295207700704971,VALE3.SA,585,1322,64.41000366210938,61.18000030517578,1.0
2021-03-25,55.8326530456543,56.34604193186749,54.72735388287082,56.195044929565796,23644400,-0.007622006929602687,VALE3.SA,584,1321,61.95000076293945,58.560001373291016,1.0
2021-03-26,57.69896697998047,57.8197673324181,56.40643316130252,56.61782801799055,26712800,0.033426925508986516,VALE3.SA,583,1320,64.56999969482422,60.970001220703125,1.0
2021-03-29,59.178741455078125,59.46261192122081,57.904326510069694,57.98284328478205,25960500,0.025646463923887586,VALE3.SA,580,1317,64.9800033569336,61.560001373291016,1.0
2021-03-30,58.62911605834961,59.49281909862165,58.33316322314197,59.136468383911236,18118600,-0.009287547913565009,VALE3.SA,579,1316,64.13999938964844,60.54999923706055,1.0
2021-03-31,59.172698974609375,59.52904964586716,58.40563171346374,58.689506781380835,18792000,0.009271552307198005,VALE3.SA,578,1315,63.540000915527344,59.15999984741211,1.0
2021-04-01,58.8223762512207,59.71023912662743,58.06135027114899,59.49280313232123,17193400,-0.005920343831857244,VALE3.SA,577,1314,64.86000061035156,61.45000076293945,1.0
2021-04-05,62.446311950683594,62.70602694589022,60.27799748563704,60.29611638631574,35908700,0.06160811463966809,VALE3.SA,573,1310,62.150001525878906,58.650001525878906,1.0
2021-04-06,61.63697052001953,63.15297691685219,61.636970520019524,62.69394940472693,22227800,-0.01296059615663503,VALE3.SA,572,1309,62.7400016784668,59.33000183105469,1.0
2021-04-07,63.152976989746094,63.61200911046343,61.69736846303271,61.83024654598212,32822700,0.024595732998171416,VALE3.SA,571,1308,63.15999984741211,59.77000045776367,1.0
2021-04-08,63.116737365722656,63.59992954284777,62.88722361602239,63.38249352394768,25936300,-0.0005738387286052804,VALE3.SA,570,1307,63.20000076293945,59.599998474121094,1.0
2021-04-09,62.21076202392578,63.21338428394842,62.174524219656924,62.814750004740596,18854800,-0.014353963458968222,VALE3.SA,569,1306,62.95000076293945,59.31999969482422,1.0
2021-04-12,62.45234680175781,62.591261431614925,61.73359976047231,62.15035286616717,14787500,0.0038833277390031284,VALE3.SA,566,1303,63.279998779296875,59.70000076293945,1.0
2021-04-13,62.561073303222656,62.98990419706029,62.12016006980515,62.75434926393909,17605600,0.001740951413883085,VALE3.SA,565,1302,63.66999816894531,60.18000030517578,1.0
2021-04-14,64.626708984375,65.0978188359431,62.6758259286077,62.79662628033173,38030200,0.03301790669639826,VALE3.SA,564,1301,66.58000183105469,63.150001525878906,1.0
2021-04-15,65.35753631591797,66.36619509881986,64.95890666023477,65.62933366157972,19378200,0.011308441092361177,VALE3.SA,563,1300,66.94000244140625,63.459999084472656,1.0
2021-04-16,65.63536834716797,65.90112451540176,64.92870356315969,65.61724944625426,17401500,0.004250956307579434,VALE3.SA,562,1299,66.7699966430664,63.130001068115234,1.0
2021-04-19,65.067626953125,66.3661974204853,65.01326563886597,65.83468965829336,23297500,-0.00864993079706644,VALE3.SA,559,1296,67.05000305175781,63.380001068115234,1.0
2021-04-20,64.11935424804688,65.44208454485153,63.43080383943978,65.20048847615486,20895800,-0.01457364821005791,VALE3.SA,558,1295,66.56999969482422,62.439998626708984,1.0
2021-04-22,64.16163635253906,64.77166081095812,63.02009498731734,64.77166081095812,19799100,0.0006594281085336995,VALE3.SA,556,1293,65.4000015258789,61.43000030517578,1.0
2021-04-23,65.22465515136719,65.29109419219088,64.3005543574442,64.71730750296328,12795400,0.016567825561482286,VALE3.SA,555,1292,66.11000061035156,62.13999938964844,1.0
2021-04-26,65.57496643066406,66.85542244365841,65.32129261739203,66.4084680777273,16807500,0.005370841417005723,VALE3.SA,552,1289,65.6500015258789,61.90999984741211,1.0
2021-04-27,66.51115417480469,66.80106580794428,65.54476977617317,65.76220580505903,24113300,0.014276602720498577,VALE3.SA,551,1288,66.41999816894531,62.939998626708984,1.0
2021-04-28,67.59832000732422,67.90635510537064,66.03399366591165,66.77689615124154,20570600,0.01634561670155721,VALE3.SA,550,1287,67.2699966430664,63.86000061035156,-1.0
2021-04-29,67.61644744873047,68.22043538345093,66.9762217125067,67.7614078708682,19724300,0.00026816408165597494,VALE3.SA,549,1286,68.55999755859375,65.01000213623047,-1.0
2021-04-30,65.84676361083984,67.38089354118307,65.84676361083984,67.03662059751179,36888200,-0.026172387113837514,VALE3.SA,548,1285,67.25,63.58000183105469,1.0
2021-05-03,65.50852966308594,66.65006647043526,65.38773392154951,66.2574733983486,19641000,-0.005136682946984328,VALE3.SA,545,1282,67.55999755859375,64.48999786376953,1.0
2021-05-04,66.49907684326172,67.0849459314321,65.62933727028276,65.80448973246112,20775600,0.015120888612066619,VALE3.SA,544,1281,68.87999725341797,65.69000244140625,1.0
2021-05-05,66.86750030517578,68.14191515138089,66.67422436020004,67.64060408507873,25990600,0.0055402793452672405,VALE3.SA,543,1280,68.95999908447266,65.62999725341797,1.0
2021-05-06,69.48881530761719,69.57940981342857,67.3325785161215,67.61041241942192,38194400,0.039201629946955086,VALE3.SA,542,1279,68.08999633789062,64.70999908447266,-1.0
2021-05-07,69.73040771484375,70.39479815325448,68.96938620767538,70.38875698343372,21678700,0.0034767092539578215,VALE3.SA,541,1278,68.27999877929688,64.9000015258789,-1.0
2021-05-10,69.2713851928711,72.75035275498009,69.2713851928711,72.35776424143997,38889400,-0.006582817124055618,VALE3.SA,538,1275,68.31999969482422,64.91999816894531,-1.0
2021-05-11,71.70545196533203,71.70545196533203,68.44391603166237,68.84255030056156,28693600,0.03513812760758017,VALE3.SA,537,1274,68.55000305175781,65.27999877929688,-1.0
2021-05-12,69.05394744873047,71.54841616851895,68.83047023532049,71.27058224831507,31737900,-0.03697772545780065,VALE3.SA,536,1273,69.31999969482422,66.08000183105469,-1.0
2021-05-13,67.9426040649414,68.98750525921031,66.87354740746174,67.64665125595408,34338500,-0.016093842927867197,VALE3.SA,535,1272,67.05000305175781,63.81999969482422,-1.0
2021-05-14,66.77689361572266,67.51980068090603,66.20914818385639,67.16344546178281,25644200,-0.017157282463070356,VALE3.SA,534,1271,68.70999908447266,65.37000274658203,1.0
2021-05-17,68.5284652709961,68.7459012794844,67.14533245346955,67.34464956259414,26097500,0.026230205695896958,VALE3.SA,531,1268,69.45999908447266,66.2699966430664,-1.0
2021-05-18,69.2170181274414,69.70021033052012,68.36539751439155,69.19285805648123,27081500,0.010047691185296914,VALE3.SA,530,1267,68.70999908447266,65.48999786376953,-1.0
2021-05-19,67.79763793945312,68.11775077105332,66.34202497093244,67.70703883796624,32914300,-0.020506231363144556,VALE3.SA,529,1266,66.66000366210938,63.36000061035156,-1.0
2021-05-20,67.1091079711914,67.70705480915379,66.55947667176552,67.46545868422002,20951000,-0.010155663076000021,VALE3.SA,528,1265,65.11000061035156,62.04999923706055,1.0
2021-05-21,66.07628631591797,67.19366316377038,65.53269620916033,67.10910521472616,27775000,-0.015390186019412,VALE3.SA,527,1264,66.44000244140625,63.58000183105469,1.0
2021-05-24,66.30579376220703,66.52322978415697,64.93474319808142,65.2306959914891,19332500,0.0034733708427825416,VALE3.SA,524,1261,68.45999908447266,66.05000305175781,1.0
2021-05-25,64.65691375732422,66.97622534041118,64.49383442560132,66.60779231162978,23310100,-0.024867811865674994,VALE3.SA,523,1260,68.6500015258789,66.06999969482422,1.0
2021-05-26,66.55946350097656,66.63194370653314,64.0408351106744,64.24619338905377,28241800,0.029425310196418586,VALE3.SA,522,1259,68.87000274658203,66.20999908447266,1.0
2021-05-27,67.03662109375,67.70100691528924,66.29975505950995,66.92186651705165,55448700,0.007168891810049427,VALE3.SA,521,1258,69.45999908447266,66.8499984741211,1.0
2021-05-28,67.39901733398438,68.09964561156993,66.0883645066413,67.10910568041028,25153500,0.005405944308075616,VALE3.SA,520,1257,69.62999725341797,66.31999969482422,1.0
2021-05-31,69.32573699951172,69.39217604345771,67.94864519419926,67.94864519419926,17812600,0.02858676196983434,VALE3.SA,517,1254,69.62999725341797,66.31999969482422,-1.0
2021-06-01,68.3714370727539,71.27058120216886,68.3714370727539,70.6665932258793,31468400,-0.013765449428464582,VALE3.SA,516,1253,70.25,67.72000122070312,-1.0
2021-06-02,69.33782196044922,69.8814074561028,68.55263574307442,68.98750782604738,20338300,0.014134336340875464,VALE3.SA,515,1252,71.3499984741211,68.83000183105469,-1.0
2021-06-04,68.19023895263672,69.32573461435722,67.8822038147635,69.15661872942674,18455100,-0.01655060651410556,VALE3.SA,513,1250,71.88999938964844,69.62000274658203,-1.0
2021-06-07,67.52584838867188,68.03923717693095,66.86145801885925,67.7674398598089,22746100,-0.00974319160879189,VALE3.SA,510,1247,71.48999786376953,69.2300033569336,-1.0
2021-06-08,66.3903579711914,68.11172280075984,66.25747987766988,67.9365703408225,22676500,-0.01681564089272458,VALE3.SA,509,1246,72.22000122070312,70.05000305175781,1.0
2021-06-09,67.76744079589844,68.45598663588629,65.95547708897001,66.4386692540424,22517600,0.020742211170251323,VALE3.SA,508,1245,72.22000122070312,69.95999908447266,-1.0
2021-06-10,67.54398345947266,68.47412559184153,67.06683235603299,67.7795384258708,30750900,-0.0032974144190982546,VALE3.SA,507,1244,72.5199966430664,70.29000091552734,-1.0
2021-06-11,69.05998229980469,69.31366074941255,68.26271836347465,68.46203549957279,18359200,0.022444617013766432,VALE3.SA,506,1243,72.69000244140625,70.91000366210938,-1.0
2021-06-14,68.68551635742188,69.62773616641024,68.32312447766193,69.40426355472405,19212700,-0.005422328965524081,VALE3.SA,503,1240,72.86000061035156,70.87999725341797,-1.0
2021-06-15,67.34466552734375,68.77007765064826,67.19366851943491,68.71571633160832,20587900,-0.019521594961893873,VALE3.SA,502,1239,73.98999786376953,72.12000274658203,1.0
2021-06-16,65.3212890625,67.42316426959789,65.24880885919734,67.34464750539965,38217700,-0.030045088931686892,VALE3.SA,501,1238,74.38999938964844,72.1500015258789,1.0
2021-06-17,63.96232986450195,65.93133202684469,63.35834186692981,65.03742776289032,33680600,-0.02080423117029706,VALE3.SA,500,1237,73.08000183105469,71.04000091552734,1.0
2021-06-18,65.88904571533203,65.88904571533203,64.33679681016045,64.63275423452272,59819400,0.03012266524549112,VALE3.SA,499,1236,73.51000213623047,71.63999938964844,1.0
2021-06-21,66.50511169433594,66.85542580153235,64.71126679541396,65.0796998033167,22673600,0.009350051625661271,VALE3.SA,496,1233,74.9000015258789,73.66000366210938,1.0
2021-06-22,67.28425598144531,67.69496795607917,66.54738997330261,66.85542510629355,18576100,0.011715554898853453,VALE3.SA,495,1232,74.80999755859375,73.05999755859375,1.0
2021-06-23,68.29291534423828,69.00562128891896,67.74328872184931,67.89428570497606,29491400,0.014991016071740804,VALE3.SA,494,1231,75.19000244140625,73.08000183105469,-1.0
2021-06-24,68.38510131835938,68.93326577034111,67.9170041945217,68.81008454257139,23136700,0.0013498614557077016,VALE3.SA,493,1230,75.55999755859375,73.30000305175781,-1.0
2021-06-25,69.22891235351562,70.19589962924985,68.61299677154318,68.73617800831248,26139200,0.012339106309545045,VALE3.SA,492,1229,76.18000030517578,74.05000305175781,-1.0
2021-06-28,68.12025451660156,70.02959165920214,67.75686662098259,69.74627108827995,18866400,-0.016014376063756885,VALE3.SA,489,1226,74.68000030517578,72.91000366210938,-1.0
2021-06-29,69.2966537475586,69.62924867917502,68.12025289504149,68.12025289504149,19589500,0.01726944855542678,VALE3.SA,488,1225,74.76000213623047,72.9800033569336,-1.0
2021-06-30,69.75242614746094,70.38681832216186,68.78543905903035,68.87782731824338,18903100,0.00657711989330223,VALE3.SA,487,1224,75.12999725341797,73.47000122070312,-1.0
2021-07-01,68.53907775878906,70.43609867280388,68.21880375856982,69.85098081316659,22129200,-0.017395070762223797,VALE3.SA,486,1223,75.83999633789062,75.2300033569336,-1.0
2021-07-02,69.95569610595703,69.98033329424263,68.72386488605595,68.98254831446002,19688800,0.020668768730059295,VALE3.SA,485,1222,76.16999816894531,75.16000366210938,-1.0
2021-07-05,69.70317077636719,70.18974468835299,69.15500624114365,70.152791254223,13732900,-0.003609789390235818,VALE3.SA,482,1219,76.16999816894531,75.16000366210938,-1.0
2021-07-06,70.07271575927734,70.42994793512828,69.39520953894625,69.90642061482984,19028000,0.0053016954436089225,VALE3.SA,481,1218,74.52999877929688,73.37000274658203,-1.0
2021-07-07,70.27597045898438,71.18752763323494,70.21437983753601,70.71326998004986,21460000,0.0029006254075449878,VALE3.SA,480,1217,73.43000030517578,72.19999694824219,-1.0
2021-07-08,70.00495910644531,70.52848635001538,68.67457934959381,68.9948533471345,21824500,-0.003856387194215105,VALE3.SA,479,1216,74.12000274658203,72.94000244140625,-1.0
2021-07-12,70.87339782714844,71.63097597502258,70.83028392924096,71.02121623439372,22333300,0.012405388586580468,VALE3.SA,475,1212,75.16000366210938,74.0999984741211,-1.0
2021-07-13,71.29222869873047,71.39077744751437,70.73790373447851,70.8918826301561,12698500,0.005909563876188129,VALE3.SA,474,1211,76.48999786376953,75.25,-1.0
2021-07-14,70.9041976928711,71.71104553560595,70.48537494340042,71.60634102300392,19483600,-0.005442823333509872,VALE3.SA,473,1210,74.76000213623047,73.12999725341797,-1.0
2021-07-15,71.12593078613281,71.54475355401055,70.5223314710203,70.82412877904515,18236100,0.003127220961193,VALE3.SA,472,1209,73.47000122070312,71.6500015258789,-1.0
2021-07-16,69.8448257446289,71.36613793623113,69.59845857975526,71.03969874081243,19576800,-0.018011785959694993,VALE3.SA,471,1208,73.58999633789062,71.80999755859375,-1.0
2021-07-19,69.08108520507812,69.08108520507812,67.88004715247753,68.98253646885838,18644300,-0.010934819171046661,VALE3.SA,468,1205,68.62000274658203,66.41999816894531,-1.0
2021-07-20,69.66004943847656,69.67237038124765,67.8800538321447,69.08109200293221,13066600,0.00838093715059185,VALE3.SA,467,1204,69.3499984741211,67.41999816894531,-1.0
2021-07-21,70.46073913574219,70.75022019311746,69.2904986629553,69.45063802004724,19607100,0.011494245320236018,VALE3.SA,466,1203,72.2300033569336,70.30000305175781,-1.0
2021-07-22,70.6455078125,70.6455078125,69.40752100854363,70.0172760537059,12083800,0.002622292627414202,VALE3.SA,465,1202,73.79000091552734,71.91000366210938,-1.0
2021-07-23,70.28829193115234,70.51617770213086,69.47528350435736,69.98033412253207,13163300,-0.00505645570976343,VALE3.SA,464,1201,74.0999984741211,72.06999969482422,-1.0
2021-07-26,71.81575012207031,71.9697290051361,70.48537501589448,70.48537501589448,16419900,0.02173133176168407,VALE3.SA,461,1198,74.5,71.91000366210938,-1.0
2021-07-27,70.32523345947266,71.4769971603988,70.14661739682235,71.2614229716075,22106500,-0.02075473221492663,VALE3.SA,460,1197,74.4800033569336,71.6500015258789,-1.0
2021-07-28,72.24689483642578,72.4316666792818,70.9842660977944,71.13824498303907,25209200,0.02732534657080876,VALE3.SA,459,1196,74.73999786376953,72.38999938964844,-1.0
2021-07-29,71.18136596679688,72.40703669958366,70.67631536089505,71.674100328241,30576800,-0.014748438282937593,VALE3.SA,458,1195,76.05000305175781,73.62000274658203,-1.0
2021-07-30,66.98697662353516,69.91257548995699,66.98697662353516,69.91257548995699,41956700,-0.058925384281305115,VALE3.SA,457,1194,76.33000183105469,73.94999694824219,-1.0
2021-08-02,67.09168243408203,68.59451791079721,67.09168243408203,68.30503684447294,23109400,0.0015630771207262306,VALE3.SA,454,1191,72.88999938964844,71.26000213623047,-1.0
2021-08-03,69.37671661376953,69.61692326577408,67.40578903345983,67.61519803302811,36641400,0.03405838245199111,VALE3.SA,453,1190,72.41000366210938,70.55999755859375,-1.0
2021-08-04,69.30281066894531,69.75243105592193,68.74849047278393,68.98253667340624,18828200,-0.0010652845570029434,VALE3.SA,452,1189,70.37999725341797,68.1500015258789,-1.0
2021-08-05,67.18406677246094,67.74454745818076,66.45728626307627,67.52897796367313,32215200,-0.030572265050049174,VALE3.SA,451,1188,71.29000091552734,69.08999633789062,-1.0
2021-08-06,67.56592559814453,68.29886651568712,67.4427443830059,67.65831385902956,19273100,0.005683770632356477,VALE3.SA,450,1187,70.69999694824219,68.27999877929688,-1.0
2021-08-09,67.14096069335938,67.41196036127648,66.32179181976058,66.64206586332192,21502300,-0.006289633436129871,VALE3.SA,447,1184,69.04000091552734,66.4800033569336,-1.0
2021-08-10,67.78765869140625,68.2064814210067,67.0362410266176,67.10399210780756,17440500,0.009631944365533052,VALE3.SA,446,1183,70.62999725341797,68.29000091552734,-1.0
2021-08-11,67.30108642578125,68.05866457872467,67.29493065394074,67.8677322722943,14680600,-0.007177888645484187,VALE3.SA,445,1182,71.44000244140625,69.25,-1.0
2021-08-12,67.25796508789062,67.73838308487063,67.0300793793747,67.25796508789062,14849500,-0.0006407227606671784,VALE3.SA,444,1181,71.30999755859375,69.08999633789062,-1.0
2021-08-13,66.70365142822266,67.68911530168585,66.49423771188911,67.56592938058894,11855200,-0.008241606164319903,VALE3.SA,443,1180,70.58999633789062,68.44000244140625,-1.0
2021-08-16,67.01160430908203,67.07319491562022,65.2377647667849,66.0507729906504,21856700,0.004616731981917921,VALE3.SA,440,1177,69.51000213623047,67.29000091552734,-1.0
2021-08-17,65.90296936035156,67.33189336786582,65.07764470989372,66.58663605394007,23402600,-0.01654392489421741,VALE3.SA,439,1176,69.02999877929688,66.58999633789062,-1.0
2021-08-18,63.69182205200195,65.12690154933216,63.69182205200195,65.12690154933216,35379200,-0.03355155814390176,VALE3.SA,438,1175,68.2300033569336,65.45999908447266,-1.0
2021-08-19,60.057926177978516,61.76401017200929,59.92858447726681,60.766229995358245,60456900,-0.05705435575475448,VALE3.SA,437,1174,66.44999694824219,63.689998626708984,-1.0
2021-08-20,60.08256530761719,61.037231614918454,60.014814219471965,60.1071977950674,31351100,0.000410256084528271,VALE3.SA,436,1173,65.18000030517578,62.31999969482422,-1.0
2021-08-23,59.25107192993164,60.31660786124612,59.22643944398006,60.088717424162226,19773500,-0.013839179026867043,VALE3.SA,433,1170,68.75,65.63999938964844,-1.0
2021-08-24,61.412933349609375,62.373760016655154,61.037224522303056,61.20968010879206,29779200,0.03648645246847648,VALE3.SA,432,1169,71.05000305175781,67.54000091552734,-1.0
2021-08-25,61.283592224121094,61.874870539983924,60.69847437899311,61.64698011341771,15088600,-0.0021060893599068597,VALE3.SA,431,1168,72.25,68.36000061035156,-1.0
2021-08-26,60.50138473510742,61.46837193173217,60.501384735107415,61.2774349215785,18032300,-0.012763734314937825,VALE3.SA,430,1167,71.06999969482422,67.41999816894531,-1.0
2021-08-27,62.016536712646484,62.20746902476503,60.91404734129036,60.981798426054226,19572800,0.025043261144729767,VALE3.SA,429,1166,72.69999694824219,68.73999786376953,-1.0
2021-08-30,61.62234878540039,62.601652192820765,61.56075347502023,62.096601661515535,13031600,-0.006356174467990083,VALE3.SA,426,1163,73.41000366210938,69.20999908447266,-1.0
2021-08-31,60.778541564941406,61.1357736817582,60.17494230897296,60.97563433645027,20433600,-0.013693201202011007,VALE3.SA,425,1162,72.98999786376953,68.5,-1.0
2021-09-01,60.883243560791016,61.33901969503284,58.95542982213585,59.96553082184051,20847500,0.0017226802939609431,VALE3.SA,424,1161,71.58999633789062,68.58999633789062,-1.0
2021-09-02,60.69231033325195,61.591546346016344,60.304285282934394,60.833968258373034,24448600,-0.0031360554460015955,VALE3.SA,423,1160,73.02999877929688,69.98999786376953,-1.0
2021-09-03,60.73542022705078,62.133546169422594,60.67382962457419,61.690091012154085,38716500,0.0007103024017725001,VALE3.SA,422,1159,72.61000061035156,69.29000091552734,-1.0
2021-09-06,59.78076171875,60.08256372126947,59.22644148356163,59.6760572031311,11916100,-0.015718315683532325,VALE3.SA,419,1156,72.61000061035156,69.29000091552734,-1.0
2021-09-08,58.5366096496582,59.57750834774949,58.32719593626824,59.41736900210568,22635100,-0.02081191395561577,VALE3.SA,417,1154,72.5999984741211,69.30000305175781,-1.0
2021-09-09,58.32719039916992,58.95542678063794,57.3848405260298,58.610515637282575,28997700,-0.003577577378356178,VALE3.SA,416,1153,71.44999694824219,68.13999938964844,-1.0
2021-09-10,58.394954681396484,59.24492118985609,58.394954681396484,58.82609840716869,18022000,0.0011617957553382574,VALE3.SA,415,1152,72.91999816894531,69.72000122070312,-1.0
2021-09-13,58.36415481567383,58.511973221759746,57.8591042874064,58.32719668985555,18832800,-0.0005274405278795635,VALE3.SA,412,1149,73.51000213623047,70.44999694824219,-1.0
2021-09-14,57.951499938964844,58.869217619982344,57.32326805779722,58.60437370852484,25571600,-0.007070347853271097,VALE3.SA,411,1148,73.5999984741211,70.45999908447266,-1.0
2021-09-15,56.50408935546875,58.16706410440549,56.50408935546874,57.82214821255422,35084400,-0.02497624021846756,VALE3.SA,410,1147,75.45999908447266,72.61000061035156,-1.0
2021-09-16,54.1574592590332,55.69724826935592,54.151298787254234,55.69724826935592,39726500,-0.04153027016633848,VALE3.SA,409,1146,75.66999816894531,72.61000061035156,-1.0
2021-09-17,53.061126708984375,54.687143419891775,52.402097244329205,54.37918563829473,74648800,-0.02024342657592393,VALE3.SA,408,1145,75.33999633789062,71.97000122070312,-1.0
2021-09-20,50.967010498046875,51.699951488063235,49.97538611122331,50.9978081544079,49636100,-0.039466109010891426,VALE3.SA,405,1142,73.91999816894531,70.29000091552734,1.0
2021-09-21,51.810821533203125,52.16804900694721,50.81919704951678,52.16804900694721,32380300,0.016556023728105274,VALE3.SA,404,1141,74.36000061035156,70.55999755859375,1.0
2021-09-22,53.652400970458984,55.1121224349265,53.28285260070059,54.26215601551347,62161000,0.03554430103131412,VALE3.SA,403,1140,76.19000244140625,72.2300033569336,-1.0
2021-09-23,53.65052795410156,54.62277302400011,52.77346260158088,53.84769297985407,47485400,-3.491020576051884e-05,VALE3.SA,402,1139,77.25,73.30000305175781,-1.0
2021-09-24,52.82106018066406,53.56894386935374,52.35193082892009,53.228996266568544,26631600,-0.015460570567863097,VALE3.SA,401,1138,78.08999633789062,73.9800033569336,-1.0
2021-09-27,53.57574462890625,53.9360882602966,52.0119835708547,53.43976247457766,38386300,0.014287567225287345,VALE3.SA,398,1135,79.52999877929688,75.44999694824219,-1.0
2021-09-28,50.89015197753906,52.89584582324133,50.692981757556836,52.67827957829343,35896000,-0.05012702427131932,VALE3.SA,397,1134,79.08999633789062,75.29000091552734,1.0
2021-09-29,51.536041259765625,52.2159362358196,50.89013792020215,51.51564005324692,39704900,0.012691832449461593,VALE3.SA,396,1133,78.63999938964844,74.83000183105469,1.0
2021-09-30,51.835201263427734,53.262979944028764,51.488458495250846,52.623882073718356,39151000,0.0058048696863268745,VALE3.SA,395,1132,78.5199966430664,75.02999877929688,1.0
2021-10-01,51.80800247192383,52.56268641769867,51.45445931643427,52.181946836834875,23191700,-0.0005247166180696317,VALE3.SA,394,1131,79.27999877929688,75.87999725341797,1.0
2021-10-04,51.32528305053711,52.35192617203784,51.291291405595516,52.07316667269998,25090000,-0.00931746831289848,VALE3.SA,391,1128,81.26000213623047,77.62000274658203,1.0
2021-10-05,50.95813751220703,51.740017942908764,50.95813751220703,51.66522906423019,21889400,-0.007153307619727545,VALE3.SA,390,1127,82.55999755859375,78.93000030517578,1.0
2021-10-06,52.39271545410156,52.53549280456841,50.257845226227325,50.353030126538556,27318400,0.028152087417851135,VALE3.SA,389,1126,81.08000183105469,77.43000030517578,-1.0
2021-10-07,53.95647048950195,54.64316592849802,52.83464264229922,53.262974647731184,33115300,0.02984680259167538,VALE3.SA,388,1125,81.94999694824219,78.30000305175781,-1.0
2021-10-08,54.28962707519531,55.642616980880746,54.11285288252853,55.38425868943574,37172600,0.006174543714051461,VALE3.SA,387,1124,82.38999938964844,79.3499984741211,-1.0
2021-10-11,55.4930305480957,56.49927222116175,54.894719641441974,55.68340031396295,28327900,0.02216636101098257,VALE3.SA,384,1121,83.6500015258789,80.5199966430664,-1.0
2021-10-13,53.84769058227539,54.935526906917744,53.82729455894625,54.935526906917744,32052800,-0.029649488405472768,VALE3.SA,382,1119,83.18000030517578,80.44000244140625,-1.0
2021-10-14,53.84769058227539,54.55478211841771,53.800098132111394,54.384808341090846,24030000,0.0,VALE3.SA,381,1118,84.0,81.30999755859375,-1.0
2021-10-15,54.85393524169922,55.03750463086902,53.915681899032144,54.04485843689689,26927200,0.018686867506162663,VALE3.SA,380,1117,84.86000061035156,82.27999877929688,-1.0
2021-10-18,54.337215423583984,54.66356735560742,53.35817000188967,54.330420207324735,20912800,-0.009419922487574395,VALE3.SA,377,1114,84.33000183105469,82.44000244140625,-1.0
2021-10-19,53.71171569824219,54.55478421375126,53.582533962612004,54.20124102569527,20804500,-0.011511442396628824,VALE3.SA,376,1113,85.08000183105469,82.95999908447266,-1.0
2021-10-20,52.12755584716797,53.28338062449388,51.86239717428705,53.28338062449388,27576600,-0.029493748812162046,VALE3.SA,375,1112,85.81999969482422,83.87000274658203,-1.0
2021-10-21,51.100914001464844,51.100914001464844,49.5983413893653,50.65218078253466,37556500,-0.019694801128085193,VALE3.SA,374,1111,84.61000061035156,82.5,-1.0
2021-10-22,51.72642135620117,52.419912087948596,50.747370735204285,50.767766758610385,35142600,0.012240629486948151,VALE3.SA,373,1110,85.52999877929688,83.76000213623047,-1.0
2021-10-25,52.35192108154297,52.73946106907467,51.92358904917249,52.487898022464066,17950000,0.012092460853505571,VALE3.SA,370,1107,85.98999786376953,83.76000213623047,-1.0
2021-10-26,51.7944221496582,52.39952852817915,51.71963325458804,52.35873647166425,16674100,-0.010649063498862077,VALE3.SA,369,1106,86.4000015258789,84.6500015258789,-1.0
2021-10-27,50.618186950683594,52.16835210010773,50.618186950683594,51.65843078688854,20087300,-0.022709688614266588,VALE3.SA,368,1105,84.58000183105469,82.66000366210938,-1.0
2021-10-28,50.1082649230957,50.774564378565664,50.00628481165601,50.6181862290452,22719000,-0.01007388960977007,VALE3.SA,367,1104,84.31999969482422,82.80999755859375,-1.0
2021-10-29,48.687286376953125,49.74112581031259,48.28614558832145,49.64593572830129,30268500,-0.028358167027404457,VALE3.SA,366,1103,84.37999725341797,83.56999969482422,-1.0
2021-11-01,49.17001724243164,49.53716124740193,48.374541158590176,48.95245100102572,19649600,0.00991492649109782,VALE3.SA,363,1100,84.70999908447266,84.05000305175781,-1.0
2021-11-03,45.43739318847656,48.20456618479353,45.287815428591074,48.000595569097264,77316900,-0.07591260412929002,VALE3.SA,361,1098,81.98999786376953,80.86000061035156,1.0
2021-11-04,44.92066192626953,45.974501239033344,44.6147112546605,45.47817561237492,30122100,-0.01137237913415512,VALE3.SA,360,1097,80.54000091552734,78.80999755859375,1.0
2021-11-05,43.588077545166016,45.32181221529925,43.51328866529748,45.16543405179552,35954600,-0.029665288176090376,VALE3.SA,359,1096,82.73999786376953,81.2699966430664,1.0
2021-11-08,45.96091079711914,46.334855202009344,43.73765595375713,43.78524840645331,27722000,0.05443766703164177,VALE3.SA,356,1093,83.43000030517578,81.93000030517578,-1.0
2021-11-09,44.83228302001953,45.75694073935856,44.34955813799792,45.722943910646535,20961500,-0.02455625351032753,VALE3.SA,355,1092,84.77999877929688,84.1500015258789,1.0
2021-11-10,44.66230773925781,45.063443331106974,43.785242497486855,43.928019836307115,22492600,-0.003791359023269436,VALE3.SA,354,1091,82.63999938964844,81.33999633789062,1.0
2021-11-11,46.239662170410156,47.089530952905335,45.96090271990179,46.545612857233465,28795100,0.03531735172219652,VALE3.SA,353,1090,82.87000274658203,81.58999633789062,-1.0
2021-11-12,46.43684005737305,47.3139002217458,45.55977470581203,45.67535563448897,24542500,0.004264258813920785,VALE3.SA,352,1089,82.16999816894531,80.79000091552734,-1.0
2021-11-16,45.09744644165039,46.280462547541624,45.00226153584238,46.23287009463762,17207900,-0.028843341064289207,VALE3.SA,348,1085,82.43000030517578,80.76000213623047,1.0
2021-11-17,44.19318389892578,46.03569909747994,44.19318389892578,45.54617376895711,25487600,-0.020051302547575367,VALE3.SA,347,1084,80.27999877929688,78.36000061035156,1.0
2021-11-18,42.377864837646484,43.955221336963284,42.05151289180692,43.65606581887603,51343900,-0.04107690148397347,VALE3.SA,346,1083,81.23999786376953,79.01000213623047,1.0
2021-11-19,43.53368377685547,44.05720592496116,42.7042134927046,43.016964625967944,26849500,0.027274119251572415,VALE3.SA,345,1082,78.88999938964844,76.0999984741211,1.0
2021-11-22,45.95410919189453,46.92635943200368,44.29516860757637,44.567127696096975,44693500,0.055598911120080086,VALE3.SA,342,1079,79.69999694824219,76.75,1.0
2021-11-23,47.16432189941406,48.932048007475586,47.05553620061022,48.00739031639338,30391600,0.026335244634292376,VALE3.SA,341,1078,82.30999755859375,78.5,1.0
2021-11-24,48.25895690917969,48.25895690917969,47.25951027334878,47.66744629953601,20764100,0.023208963167118624,VALE3.SA,340,1077,82.25,78.38999938964844,1.0
2021-11-25,47.932594299316406,48.46971193591301,47.45666990597098,48.46971193591301,17199200,-0.006762736510809275,VALE3.SA,339,1076,82.25,78.38999938964844,1.0
2021-11-26,46.668006896972656,47.157532279146096,45.89292677092765,45.89292677092765,22664200,-0.026382619610509694,VALE3.SA,338,1075,72.72000122070312,68.1500015258789,1.0
2021-11-29,47.252708435058594,48.00059199155721,47.02154659587394,47.78302577171783,18164000,0.012528958851333982,VALE3.SA,335,1072,73.44000244140625,69.94999694824219,1.0
2021-11-30,47.558658599853516,48.57850121618079,46.70199453691381,46.912760351054686,42668700,0.006474764620432394,VALE3.SA,334,1071,70.56999969482422,66.18000030517578,1.0
2021-12-01,47.7490348815918,48.91845008964903,47.57226070419271,48.4765224269332,28194700,0.004002978371195454,VALE3.SA,333,1070,68.87000274658203,65.56999969482422,1.0
2021-12-02,49.965492248535156,50.01308470071651,47.667448549053915,48.25215878281813,24888400,0.04641889354286932,VALE3.SA,332,1069,69.66999816894531,66.5,1.0
2021-12-03,48.864070892333984,50.54340771349548,48.27256018882936,49.69353869608652,34451500,-0.02204364065348441,VALE3.SA,331,1068,69.87999725341797,66.26000213623047,1.0
2021-12-06,51.51565170288086,51.66522946138784,48.92525291822811,49.54395997620002,28848800,0.05426442705498902,VALE3.SA,328,1065,73.08000183105469,69.48999786376953,1.0
2021-12-07,51.896385192871094,54.26241682412459,51.7400070647335,53.222178332178046,37125100,0.007390637163752434,VALE3.SA,327,1064,75.44000244140625,72.05000305175781,1.0
2021-12-08,51.50885009765625,52.34511809876641,50.978532792135155,52.34511809876641,24281000,-0.007467477624396812,VALE3.SA,326,1063,75.81999969482422,72.36000061035156,1.0
2021-12-09,51.11451721191406,51.63803419123528,50.61819147366891,50.917346997388634,16925200,-0.007655633643433468,VALE3.SA,325,1062,74.41999816894531,70.94000244140625,1.0
2021-12-10,51.43407440185547,51.80801366033434,50.88335574667307,51.332089081474365,16827100,0.006251789264027696,VALE3.SA,324,1061,75.1500015258789,71.66999816894531,1.0
2021-12-13,52.9366340637207,53.52814468110081,52.61708252975173,52.69187140736949,31699100,0.02921331197924748,VALE3.SA,321,1058,74.38999938964844,71.29000091552734,1.0
2021-12-14,52.92983627319336,53.6369278500947,52.50830460092464,53.38536477776235,21063500,-0.00012841372798955142,VALE3.SA,320,1057,73.69999694824219,70.7300033569336,1.0
2021-12-15,52.63067626953125,53.15419315536871,51.80799872620651,53.086204690442564,22112200,-0.0056520107509498985,VALE3.SA,319,1056,73.87999725341797,70.87000274658203,1.0
2021-12-16,54.69078063964844,54.70437626354552,53.34458563749511,53.711729728991465,30125700,0.039142654363151674,VALE3.SA,318,1055,75.0199966430664,72.37999725341797,1.0
2021-12-17,53.827301025390625,54.847143811868754,53.75931254372981,54.32362679717299,38744500,-0.01578839439040347,VALE3.SA,317,1054,73.5199966430664,70.86000061035156,1.0
2021-12-20,53.222190856933594,53.64372771213266,52.54229571530247,53.031821047227005,19195400,-0.011241696256916178,VALE3.SA,314,1051,71.5199966430664,68.2300033569336,1.0
2021-12-21,54.62276840209961,54.65676523107727,53.81369678174705,54.25562962251754,19590300,0.026315668757997956,VALE3.SA,313,1050,73.9800033569336,71.12000274658203,1.0
2021-12-22,54.337215423583984,54.49359357974246,53.42615847479806,54.31681940043027,18655600,-0.005227728049474911,VALE3.SA,312,1049,75.29000091552734,72.76000213623047,1.0
2021-12-23,53.81370162963867,54.43240351270383,53.5757393669213,54.35761463196576,13121200,-0.009634534818618867,VALE3.SA,311,1048,76.8499984741211,73.79000091552734,1.0
2021-12-27,53.67771530151367,54.01766284664596,53.20859121651887,53.623327636555295,11371400,-0.0025269833519517837,VALE3.SA,307,1044,78.5999984741211,75.56999969482422,1.0
2021-12-28,52.385921478271484,53.392163358871514,52.059569535770734,53.37856773872855,18923700,-0.02406573782036059,VALE3.SA,306,1043,78.94000244140625,75.9800033569336,1.0
2021-12-29,52.52189636230469,53.01822206660243,51.90998973618006,51.93038575918622,12113500,0.0025956379156106824,VALE3.SA,305,1042,79.2300033569336,76.55999755859375,1.0
2021-12-30,53.004615783691406,53.69811161738086,52.766653561224395,53.02501180459037,26568500,0.009190822396374365,VALE3.SA,304,1041,79.31999969482422,76.98999786376953,1.0
2022-01-03,53.031822204589844,54.371216492784114,53.031822204589844,53.711717361058945,18557200,0.0005132839941612843,VALE3.SA,300,1037,78.9800033569336,76.08000183105469,1.0
2022-01-04,52.40631103515625,53.759300715107,52.2839297202188,53.37856115182941,18178700,-0.011795015585556401,VALE3.SA,299,1036,80.0,76.98999786376953,1.0
2022-01-05,52.90262985229492,53.4941403871494,52.44030103115504,52.60347957074842,22039000,0.009470592517105914,VALE3.SA,298,1035,80.80000305175781,77.8499984741211,1.0
2022-01-06,53.9700813293457,54.629580530432634,53.24259364289895,53.466960313056376,22044100,0.020177663757569686,VALE3.SA,297,1034,81.98999786376953,79.45999908447266,1.0
2022-01-07,57.11119842529297,57.11119842529296,54.24884017429749,54.663576673075326,35213100,0.05820108138764857,VALE3.SA,296,1033,81.75,78.9000015258789,1.0
2022-01-10,56.43129348754883,57.294757985055845,55.95536899084228,56.08454553298379,25056700,-0.01190493207095844,VALE3.SA,293,1030,80.87000274658203,78.2300033569336,1.0
2022-01-11,57.505516052246094,57.89305596582948,56.64204656187764,56.75763264551163,28418800,0.019035937301956185,VALE3.SA,292,1029,83.72000122070312,81.22000122070312,1.0
2022-01-12,58.13103103637695,58.86531898912998,57.74349103695529,58.80412573280658,27335400,0.010877477972070615,VALE3.SA,291,1028,84.66999816894531,82.63999938964844,1.0
2022-01-13,57.24717330932617,57.947469716988984,56.90722571203281,57.682305818886576,23154200,-0.015204576820557092,VALE3.SA,290,1027,84.47000122070312,82.12000274658203,1.0
2022-01-14,57.580326080322266,57.74349947571792,56.3701134556928,56.92082690714608,21183400,0.005819549712890781,VALE3.SA,289,1026,86.05999755859375,83.81999969482422,1.0
2022-01-17,57.28116226196289,57.51912450988657,57.11118848670485,57.11118848670485,9688500,-0.005195590902733915,VALE3.SA,286,1023,86.05999755859375,83.81999969482422,1.0
2022-01-18,58.68174362182617,59.069283616060176,57.43753954803568,57.505528019672056,24080200,0.024450994088737632,VALE3.SA,285,1022,87.51000213623047,85.43000030517578,1.0
2022-01-19,59.973541259765625,60.510658967444776,59.749174650129866,60.157115826626715,29332500,0.02201362056084144,VALE3.SA,284,1021,88.44000244140625,86.95999908447266,-1.0
2022-01-20,58.953697204589844,60.49026141895755,58.90610476015837,60.37468050922218,22748800,-0.017004899723337852,VALE3.SA,283,1020,88.37999725341797,86.9000015258789,1.0
2022-01-21,57.729888916015625,58.96729765088618,57.34234377304977,58.790523492422565,32752300,-0.020758804733266856,VALE3.SA,282,1019,87.88999938964844,85.13999938964844,1.0
2022-01-24,57.02280807495117,57.083996148576155,55.805795134478096,56.907221957234526,29040100,-0.012248089409856666,VALE3.SA,279,1016,86.2699966430664,83.30999755859375,1.0
2022-01-25,57.1519775390625,57.82507738860058,56.465287257766356,57.1519775390625,22490500,0.0022652245386012293,VALE3.SA,278,1015,88.19999694824219,85.5999984741211,1.0
2022-01-26,57.31516647338867,58.85172586483634,56.98881450050033,58.40299773770209,25806800,0.002855350616951746,VALE3.SA,277,1014,89.95999908447266,87.3499984741211,1.0
2022-01-27,57.444339752197266,58.10383887743053,56.6148668395199,57.79108773099598,20994900,0.0022537364323729214,VALE3.SA,276,1013,89.33999633789062,86.61000061035156,1.0
2022-01-28,56.88003158569336,58.70894603913459,56.31571735786652,58.18542904820322,28453000,-0.009823564322232858,VALE3.SA,275,1012,90.02999877929688,86.81999969482422,1.0
2022-01-31,54.983116149902344,56.39049873658826,54.983116149902344,56.39049873658826,31397700,-0.033349408973748385,VALE3.SA,272,1009,91.20999908447266,88.1500015258789,1.0
2022-02-01,58.00185012817383,58.01545093518833,55.32306692418738,55.41145142102955,24131300,0.05490292638273542,VALE3.SA,271,1008,89.16000366210938,88.19999694824219,1.0
2022-02-02,58.32819747924805,58.668145007262886,57.600709976783804,58.131027290536935,17489000,0.005626498988446915,VALE3.SA,270,1007,89.47000122070312,88.26000213623047,1.0
2022-02-03,58.30101776123047,59.001309039665834,58.008662595873176,58.67496222407902,19179400,-0.0004659790494511151,VALE3.SA,269,1006,91.11000061035156,90.2699966430664,1.0
2022-02-04,59.83076858520508,59.946349506865026,58.165027671060336,58.30100461569699,24535400,0.02623883566217744,VALE3.SA,268,1005,93.2699966430664,92.30999755859375,1.0
2022-02-07,61.278934478759766,61.35372334373004,59.932745283669234,59.932745283669234,24915800,0.024204367214376576,VALE3.SA,265,1002,92.69000244140625,91.31999969482422,1.0
2022-02-08,62.135616302490234,62.196809562302924,60.85061490549452,61.49651321229765,26598600,0.013980037855054528,VALE3.SA,264,1001,90.77999877929688,89.36000061035156,1.0
2022-02-09,62.14921569824219,62.41437438130097,60.73503259713658,61.190561084731094,24815300,0.00021886635332868387,VALE3.SA,263,1000,91.55000305175781,89.66000366210938,1.0
2022-02-10,63.82175827026367,64.23649471811136,62.570748522949316,62.856303235083985,47888900,0.026911724520262803,VALE3.SA,262,999,91.41000366210938,89.87999725341797,-1.0
2022-02-11,62.52995681762695,63.50220707472172,62.27839374859255,63.47501064667571,34555300,-0.020240768785566465,VALE3.SA,261,998,94.44000244140625,93.0999984741211,1.0
2022-02-14,62.25798797607422,62.66592395851373,61.74806670122797,61.945236883297675,22804400,-0.004349416749893975,VALE3.SA,258,995,96.4800033569336,95.45999908447266,1.0
2022-02-15,60.40867233276367,61.149760612245416,59.626792011412505,60.524253242852026,29624900,-0.029704070167208774,VALE3.SA,257,994,93.27999877929688,92.06999969482422,1.0
2022-02-16,60.850608825683594,61.61209317223057,60.57864975997484,60.80981678134299,20774700,0.007315778941233697,VALE3.SA,256,993,94.80999755859375,93.66000366210938,1.0
2022-02-17,58.233009338378906,60.510656611602904,58.042639563258675,60.40867132144925,36259300,-0.04301681672246249,VALE3.SA,255,992,92.97000122070312,91.76000213623047,1.0
2022-02-18,58.35540771484375,59.17127990029562,58.08344859063017,58.77014421215196,22690600,0.002101872766932189,VALE3.SA,254,991,93.54000091552734,91.06999969482422,1.0
2022-02-21,58.402992248535156,59.82397056929246,58.13103316122047,58.87891676094475,14561000,0.0008154262913204757,VALE3.SA,251,988,93.54000091552734,91.06999969482422,1.0
2022-02-22,59.41603469848633,59.422835102165,58.335003937044696,58.940110184742494,23591200,0.017345728548293415,VALE3.SA,250,987,96.83999633789062,92.3499984741211,1.0
2022-02-23,58.790531158447266,60.06193169795407,58.16502890039776,59.89195791997184,24413800,-0.010527520781439814,VALE3.SA,249,986,96.83999633789062,92.0999984741211,1.0
2022-02-24,59.51802444458008,59.85797203323737,56.9276254789119,57.53273177174679,37212500,0.012374327494543813,VALE3.SA,248,985,99.08000183105469,92.80999755859375,1.0
2022-02-25,62.740718841552734,62.82910852413256,57.859071828241746,58.82452162290847,51028300,0.05414652833400835,VALE3.SA,247,984,97.93000030517578,91.58999633789062,1.0
2022-03-02,67.75154113769531,67.78553277706385,65.99061030328139,67.28921230734605,42191500,0.07986555443837129,VALE3.SA,242,979,112.93000030517578,110.5999984741211,-1.0
2022-03-03,67.78553771972656,68.84617757679943,67.64956077796258,68.12548526132437,38621400,0.0005017831544549267,VALE3.SA,241,978,110.45999908447266,107.66999816894531,-1.0
2022-03-04,69.32889556884766,69.41047965091762,66.71130079629438,67.09204034512037,30533200,0.022768246753495314,VALE3.SA,240,977,118.11000061035156,115.68000030517578,-1.0
2022-03-07,71.43657684326172,72.00089101244798,70.62070481077131,71.00824480428243,55305300,0.030401195015735016,VALE3.SA,237,974,123.20999908447266,119.4000015258789,-1.0
2022-03-08,68.30225372314453,72.82355668570929,67.79913285606915,72.74196741516164,53060200,-0.04387560628771692,VALE3.SA,236,973,127.9800033569336,123.69999694824219,-1.0
2022-03-09,66.50135803222656,67.63807343986971,65.35051892513955,67.63101159014778,41051200,-0.02636656322085207,VALE3.SA,235,972,111.13999938964844,108.69999694824219,-1.0
2022-03-10,68.69710540771484,68.69710540771484,66.42367522956835,66.72020819542792,33107000,0.033018083246122876,VALE3.SA,234,971,109.33000183105469,106.0199966430664,-1.0
2022-03-11,68.3370361328125,69.48081322942654,68.31585597323652,68.78889749247458,24321500,-0.005241403881071083,VALE3.SA,233,970,112.66999816894531,109.33000183105469,-1.0
2022-03-14,64.6727294921875,67.21445145034778,64.4256186077271,67.05912845626787,37172800,-0.053621094036086836,VALE3.SA,230,967,106.9000015258789,103.01000213623047,1.0
2022-03-15,62.81584548950195,63.246526658015064,61.6226463124792,62.829963799313504,47128500,-0.02871200917706529,VALE3.SA,229,966,99.91000366210938,96.44000244140625,1.0
2022-03-16,64.34088897705078,66.28248285414544,63.0559070629472,64.87747642951767,37906100,0.024278006220638915,VALE3.SA,228,965,98.0199966430664,95.04000091552734,1.0
2022-03-17,66.57902526855469,67.05912872598591,65.35758376814724,65.59057634012414,40663500,0.03478559788476354,VALE3.SA,227,964,106.63999938964844,102.9800033569336,-1.0
2022-03-18,67.84280395507812,67.84280395507812,66.22599084767361,67.36270600990082,46080900,0.01898163395192154,VALE3.SA,226,963,107.93000030517578,104.69999694824219,-1.0
2022-03-21,69.76322937011719,70.20097246179428,68.5912155370524,68.71830189356427,25374600,0.028306987669770578,VALE3.SA,223,960,115.62000274658203,112.12000274658203,-1.0
2022-03-22,68.20288848876953,69.86912928590945,67.91341732788148,69.55141611648875,29489800,-0.022366236417605156,VALE3.SA,222,959,115.4800033569336,111.76000213623047,-1.0
2022-03-23,68.09698486328125,69.85501360089202,67.98402221151657,68.83832280194724,26309600,-0.0015527733184749204,VALE3.SA,221,958,121.5999984741211,114.93000030517578,-1.0
2022-03-24,68.42176055908203,68.90892037778436,67.29210179970858,67.92047165663867,23122800,0.004769310953382622,VALE3.SA,220,957,119.02999877929688,112.33999633789062,-1.0
2022-03-25,67.23562622070312,69.40315057965134,66.57901432634488,68.97952583236544,22505500,-0.017335630195523533,VALE3.SA,219,956,120.6500015258789,113.9000015258789,-1.0
2022-03-28,67.31328582763672,68.01931989951852,66.09184989978421,67.56745852444317,16274200,0.0011550365676475938,VALE3.SA,216,953,112.4800033569336,105.95999908447266,-1.0
2022-03-29,66.73433685302734,67.53922063556618,65.94358215477673,67.31328456565186,38228800,-0.008600812863181817,VALE3.SA,215,952,110.2300033569336,104.23999786376953,-1.0
2022-03-30,67.68748474121094,68.56296543463385,67.26386001175618,68.00519790168981,22007500,0.014282720607275534,VALE3.SA,214,951,113.44999694824219,107.81999969482422,-1.0
2022-03-31,67.49685668945312,68.40764129525186,67.32741001921063,68.07580441717644,17981400,-0.0028162968750669037,VALE3.SA,213,950,107.91000366210938,100.27999877929688,-1.0
2022-04-01,68.45706176757812,68.83832080612864,67.82869188550758,68.32997542139462,22457700,0.014225922883236208,VALE3.SA,212,949,104.38999938964844,99.2699966430664,-1.0
2022-04-04,69.14897155761719,69.36784037350225,68.16758473033579,68.32290768529852,16914000,0.010107208404418477,VALE3.SA,209,946,107.52999877929688,103.27999877929688,-1.0
2022-04-05,67.15090942382812,69.03601933923191,66.94615887092691,68.73948628466319,25764400,-0.02889503760911627,VALE3.SA,208,945,106.63999938964844,101.95999908447266,-1.0
2022-04-06,68.16759490966797,68.28761941458525,67.30623244075527,67.30623244075527,22615800,0.015140308516493173,VALE3.SA,207,944,101.06999969482422,96.2300033569336,-1.0
2022-04-07,68.57708740234375,68.97247014514608,67.17208110878701,67.42625380536977,19946600,0.006007143030620554,VALE3.SA,206,943,100.58000183105469,96.02999877929688,-1.0
2022-04-08,67.17914581298828,68.76772254084165,66.80494860117419,68.23113511562629,26887400,-0.02038496591658534,VALE3.SA,205,942,102.77999877929688,98.26000213623047,-1.0
2022-04-11,66.3672103881836,66.86849399046672,65.6046922100854,66.2330621753849,16515800,-0.012086123081483269,VALE3.SA,202,939,98.4800033569336,94.29000091552734,-1.0
2022-04-12,65.92240142822266,67.50391619774194,65.83061355395584,67.14383732267662,16822600,-0.006702239816307465,VALE3.SA,201,938,104.63999938964844,100.5999984741211,-1.0
2022-04-13,65.94358825683594,66.63549868183082,65.52702532265042,66.00712874241974,23674700,0.0003213904250187749,VALE3.SA,200,937,108.77999877929688,104.25,-1.0
2022-04-14,65.01866912841797,66.36719666755589,64.50326731973647,65.88003147893991,24980700,-0.014025914465188194,VALE3.SA,199,936,111.69999694824219,106.94999694824219,-1.0
2022-04-18,63.94550323486328,64.95513213459374,63.55012589341212,64.67977928799564,14812600,-0.01650550384898042,VALE3.SA,195,932,113.16000366210938,108.20999908447266,-1.0
2022-04-19,61.905067443847656,63.324197432129374,61.31199602428908,63.324197432129374,34550900,-0.0319089801126653,VALE3.SA,194,931,107.25,102.55999755859375,-1.0
2022-04-20,60.29531478881836,61.19197574907873,59.58928067041677,61.14961542569074,29635700,-0.026003568391060328,VALE3.SA,193,930,106.80000305175781,102.75,-1.0
2022-04-22,56.80044174194336,58.88324558913706,56.53921256983869,58.777339395786065,39058200,-0.05796259724516961,VALE3.SA,191,928,106.6500015258789,102.06999969482422,1.0
2022-04-25,55.83317947387695,56.20737669542782,54.74588628323862,55.02830100841698,38943700,-0.017029132844791683,VALE3.SA,188,925,102.31999969482422,98.54000091552734,1.0
2022-04-26,55.07065963745117,56.00262443123584,54.964753445441225,55.83317775598754,37069400,-0.013657109331961736,VALE3.SA,187,924,104.98999786376953,101.69999694824219,1.0
2022-04-27,58.01482009887695,58.38901730611449,56.588633601867606,56.80750244686783,49408800,0.05346150710393127,VALE3.SA,186,923,105.31999969482422,102.0199966430664,-1.0
2022-04-28,59.44807052612305,60.40122089383418,57.068738998089835,60.02701828688454,56032800,0.024704901692418346,VALE3.SA,185,922,107.58999633789062,105.36000061035156,-1.0
2022-04-29,58.805580139160156,61.56617063643732,58.805580139160156,60.84601823307322,47492200,-0.01080759024265665,VALE3.SA,184,921,109.33999633789062,104.69000244140625,-1.0
2022-05-02,58.54433822631836,58.74202688526784,56.93458156160174,58.713790265371024,31473600,-0.004442468082511586,VALE3.SA,181,918,107.58000183105469,105.16999816894531,-1.0
2022-05-03,58.24782180786133,59.45513964984884,58.028952928420836,58.56553504489518,27364600,-0.005064818007008087,VALE3.SA,180,917,104.97000122070312,102.41000366210938,-1.0
2022-05-04,57.76063537597656,58.02186987507464,56.376809488750624,57.84536138864361,34032200,-0.008364028332112028,VALE3.SA,179,916,110.13999938964844,107.80999755859375,-1.0
2022-05-05,56.71571350097656,58.74202766885053,55.83317098559953,57.57707585784247,30906600,-0.018090553682423627,VALE3.SA,178,915,110.9000015258789,108.26000213623047,1.0
2022-05-06,56.31328201293945,57.11816046585376,55.247169000649784,55.91789924920745,25204100,-0.007095590678413699,VALE3.SA,177,914,112.38999938964844,109.7699966430664,1.0
2022-05-09,54.00454330444336,55.05653792369738,53.7150721432226,54.73881936729916,37050200,-0.0409981202652262,VALE3.SA,174,911,105.94000244140625,103.08999633789062,1.0
2022-05-10,53.33381271362305,54.32226145965244,52.86077119352883,53.84921455294591,31905000,-0.012419891916114478,VALE3.SA,173,910,102.45999908447266,99.76000213623047,1.0
2022-05-11,55.55782699584961,56.40506579083668,54.449353635545286,54.62586216671867,33933400,0.04169989297724608,VALE3.SA,172,909,107.51000213623047,105.70999908447266,1.0
2022-05-12,55.00006103515625,55.00006103515625,53.56681258103998,54.399933088548714,27737200,-0.010039376823269719,VALE3.SA,171,908,107.44999694824219,106.12999725341797,1.0
2022-05-13,54.93650436401367,56.02379738124767,54.92944790230391,55.367185539236615,26086800,-0.0011555745565801079,VALE3.SA,170,907,111.55000305175781,110.48999786376953,1.0
2022-05-16,56.58157730102539,56.93459438195847,55.43780001962146,55.55076807109437,23828800,0.029944987509786358,VALE3.SA,167,904,114.23999786376953,114.19999694824219,1.0
2022-05-17,56.341522216796875,57.838311031667594,55.67784845224848,57.78888886111267,29305300,-0.004242636838336478,VALE3.SA,166,903,111.93000030517578,112.4000015258789,1.0
2022-05-18,54.91533279418945,55.953203808713866,54.66116008097478,55.571944738891865,30631700,-0.025313292337391546,VALE3.SA,165,902,109.11000061035156,109.58999633789062,1.0
2022-05-19,56.37682342529297,56.75102064717175,54.69646415825913,54.91533301182306,29984300,0.0266135258904987,VALE3.SA,164,901,112.04000091552734,112.20999908447266,1.0
2022-05-20,57.3723258972168,58.21956456544617,56.89222254879026,57.90185141151318,38372000,0.01765800929247119,VALE3.SA,163,900,112.55000305175781,113.2300033569336,1.0
2022-05-23,58.54433822631836,59.05974541853262,58.08541504712165,58.1066005919622,27632800,0.02042818224244969,VALE3.SA,160,897,113.41999816894531,110.29000091552734,1.0
2022-05-24,59.33510208129883,59.37040055175582,57.18875792750278,57.76770563179819,35176800,0.013507093579631313,VALE3.SA,159,896,113.55999755859375,109.7699966430664,1.0
2022-05-25,59.518680572509766,59.871697644976344,58.89031061444831,59.306868174384604,24607700,0.0030939272837080534,VALE3.SA,158,895,114.02999877929688,110.33000183105469,1.0
2022-05-26,59.483367919921875,59.76578261348134,58.671427695918,59.41982744184242,27450600,-0.0005933036863084995,VALE3.SA,157,894,117.4000015258789,114.08999633789062,1.0
2022-05-27,60.52123260498047,60.6341952388339,59.8010749410446,59.94228496662599,19834500,0.017447981197967755,VALE3.SA,156,893,119.43000030517578,115.06999969482422,-1.0
2022-05-30,61.17784118652344,61.71442848222983,60.725979901700605,60.916606692924354,16147900,0.010849226846198379,VALE3.SA,153,890,119.43000030517578,115.06999969482422,-1.0
2022-05-31,60.867191314697266,61.72855366817484,60.019952657912896,61.58028717256818,41369800,-0.005077816833697013,VALE3.SA,152,889,122.83999633789062,114.66999816894531,-1.0
2022-06-01,62.30044174194336,62.681700767247804,60.718927011749216,60.85307520211898,26258900,0.023547175354878158,VALE3.SA,151,888,116.29000091552734,115.26000213623047,-1.0
2022-06-02,63.47246170043945,63.74075269826442,62.83702998284108,63.5430640275921,25142400,0.01881238600764279,VALE3.SA,150,887,117.61000061035156,116.87000274658203,-1.0
2022-06-03,62.45577621459961,63.408921177999886,62.38517388149825,63.19005232940183,18431900,-0.01601774153077795,VALE3.SA,149,886,119.72000122070312,118.87000274658203,-1.0
2022-06-06,62.519325256347656,63.394806081761864,62.519325256347656,63.2888998834313,14932800,0.0010175046344742533,VALE3.SA,146,883,119.51000213623047,118.5,-1.0
2022-06-07,63.980812072753906,64.17143890961921,62.20866497373575,62.30044746754309,27004800,0.023376560933978885,VALE3.SA,145,882,120.56999969482422,119.41000366210938,-1.0
2022-06-08,61.777976989746094,63.77605456688707,61.319053797642695,63.38773369973525,26959100,-0.03442962056347332,VALE3.SA,144,881,123.58000183105469,122.11000061035156,-1.0
2022-06-09,59.68812561035156,61.42496891251889,59.624579738024046,61.42496891251889,36291100,-0.03382842043761658,VALE3.SA,143,880,123.06999969482422,121.51000213623047,-1.0
2022-06-10,59.70222854614258,60.005823357350174,58.16307433365481,58.862051816167885,28689500,0.00023627707599804815,VALE3.SA,142,879,122.01000213623047,120.66999816894531,-1.0
2022-06-13,57.8100700378418,58.50904767361931,56.55333020454717,57.96539840134791,31050500,-0.0316932642947888,VALE3.SA,139,876,122.2699966430664,120.93000030517578,-1.0
2022-06-14,57.69709777832031,58.45961577044365,57.11108828141376,58.127778937578206,22634500,-0.0019541968976604096,VALE3.SA,138,875,121.16999816894531,118.93000030517578,-1.0
2022-06-15,57.66180419921875,59.14447474591006,57.57002170453182,57.965399080552764,33610300,-0.0006117045823893497,VALE3.SA,137,874,118.51000213623047,115.30999755859375,-1.0
2022-06-17,54.65410232543945,56.02380481801806,53.73625583980581,56.02380481801806,56914600,-0.052161078127001215,VALE3.SA,135,872,113.12000274658203,109.55999755859375,-1.0
2022-06-20,53.305564880371094,53.785668196744865,52.42302241546429,53.37616720024129,26725700,-0.0246740388679052,VALE3.SA,132,869,113.12000274658203,109.55999755859375,-1.0
2022-06-21,53.65858840942383,54.816483833645556,53.48914174375079,54.22341781048377,20981000,0.0066226393031383335,VALE3.SA,131,868,114.6500015258789,110.6500015258789,-1.0
2022-06-22,53.19966506958008,53.693892141001136,51.80877711668828,52.24652017081338,32228300,-0.008552653982286884,VALE3.SA,130,867,111.73999786376953,106.19000244140625,-1.0
2022-06-23,51.258079528808594,54.58349981430038,51.13805501301392,53.96925353546102,31943300,-0.03649619858004893,VALE3.SA,129,866,110.05000305175781,104.2699966430664,1.0
2022-06-24,52.68426513671875,52.86783011967317,51.25807327461096,51.38515962483232,22394300,0.027823625485394965,VALE3.SA,128,865,113.12000274658203,107.62000274658203,-1.0
2022-06-27,55.105960845947266,55.75551089199434,53.70094918032569,54.011605892179695,28825700,0.045966204576339376,VALE3.SA,125,862,115.08999633789062,109.56999969482422,-1.0
2022-06-28,56.09440612792969,56.645117241235674,55.62136458183283,56.48272703091226,26052000,0.01793717534017225,VALE3.SA,124,861,117.9800033569336,111.76000213623047,-1.0
2022-06-29,55.62841796875,56.546258911412494,55.09889248338679,56.20736561728264,18636600,-0.008307212632164274,VALE3.SA,123,860,116.26000213623047,109.77999877929688,-1.0
2022-06-30,54.05397033691406,55.10596505083355,53.778617461891606,54.35756522304303,27471300,-0.028302937407287176,VALE3.SA,122,859,114.80999755859375,105.76000213623047,-1.0
2022-07-01,53.023155212402344,54.03278410289089,52.10531419434782,53.319688215776324,26721000,-0.01907010933862452,VALE3.SA,121,858,111.62999725341797,108.43000030517578,-1.0
2022-07-04,52.71956253051758,52.959616914520076,51.9499879824716,52.246520998051935,12474200,-0.00572566231995475,VALE3.SA,118,855,111.62999725341797,108.43000030517578,-1.0
2022-07-05,52.458335876464844,52.54305652118101,51.23689451121732,52.48657250029509,26472200,-0.004955023173827011,VALE3.SA,117,854,102.7699966430664,99.5,-1.0
2022-07-06,52.952552795410156,53.27026595753773,51.92174374738631,52.705441959687356,23138800,0.009421132231665741,VALE3.SA,116,853,100.69000244140625,98.52999877929688,-1.0
2022-07-07,54.49170684814453,55.225982888396345,54.279894483732825,54.54819086353594,34251200,0.02906666386191281,VALE3.SA,115,852,104.6500015258789,102.7300033569336,-1.0
2022-07-08,53.23496627807617,54.97180932390891,53.16436395327558,54.24459514389978,24149200,-0.023062969445435066,VALE3.SA,114,851,107.0199966430664,104.79000091552734,-1.0
2022-07-11,51.420467376708984,52.35949406962813,51.22983514363756,52.35243222002212,22076800,-0.0340847196537899,VALE3.SA,111,848,107.0999984741211,104.08999633789062,-1.0
2022-07-12,51.57578659057617,51.6605072243534,50.170775032167555,50.83444872535329,22460000,0.0030205718032336737,VALE3.SA,110,847,99.48999786376953,95.83999633789062,-1.0
2022-07-13,51.39927673339844,51.99234270065651,51.05331619921935,51.505177522828895,22980800,-0.0034223396063529643,VALE3.SA,109,846,99.56999969482422,96.30000305175781,-1.0
2022-07-14,47.97500991821289,50.00839136078565,47.69965707896652,49.77539883938883,57715800,-0.06662091439431705,VALE3.SA,108,845,99.0999984741211,95.77999877929688,1.0
2022-07-15,48.27155685424805,48.35627750495532,47.05717725238826,47.65730520355485,36589000,0.006181279306470389,VALE3.SA,107,844,101.16000366210938,97.58999633789062,1.0
2022-07-18,48.52573013305664,49.69774403631711,48.504544583525096,49.69774403631711,22131300,0.005265487491444398,VALE3.SA,104,841,106.2699966430664,102.5999984741211,1.0
2022-07-19,48.631629943847656,48.906982829329486,48.00325998604419,48.158588359723794,21785500,0.002182343480471971,VALE3.SA,103,840,107.3499984741211,104.22000122070312,1.0
2022-07-20,47.57963180541992,48.34921168225015,46.72533129428284,48.33508798545764,40427400,-0.021631973669038462,VALE3.SA,102,839,106.91999816894531,102.26000213623047,1.0
2022-07-21,48.41275405883789,48.44805791559327,47.05010814190915,47.52314965740254,26987300,0.017510060961065887,VALE3.SA,101,838,103.86000061035156,96.3499984741211,1.0
2022-07-22,48.86461639404297,49.95190948722553,48.69516972876886,49.28117928833176,27884000,0.009333539146645364,VALE3.SA,100,837,103.19999694824219,94.69999694824219,1.0
2022-07-25,49.768341064453125,50.290810164885414,49.45062788135213,49.88837095253829,19833200,0.01849445953125972,VALE3.SA,97,834,105.1500015258789,96.69999694824219,1.0
2022-07-26,49.67655563354492,50.424949994461926,49.12584994255978,50.35434766757373,19791500,-0.0018442533736323652,VALE3.SA,96,833,104.4000015258789,94.9800033569336,1.0
2022-07-27,49.789512634277344,49.86012033977254,48.9352121865796,49.401197187112,21666900,0.0022738492895055806,VALE3.SA,95,832,106.62000274658203,97.26000213623047,1.0
2022-07-28,49.909549713134766,50.813272453292,49.64125332135455,50.45319357236258,21778700,0.002410890818296263,VALE3.SA,94,831,107.13999938964844,96.41999816894531,1.0
2022-07-29,49.245880126953125,49.648319361988435,48.03150057235872,49.18939610427132,77006600,-0.013297446881332609,VALE3.SA,93,830,110.01000213623047,98.62000274658203,1.0
2022-08-01,48.06679916381836,49.31647705563206,47.960892979553265,48.673988874551796,38874000,-0.023942733079298395,VALE3.SA,90,827,100.02999877929688,93.88999938964844,1.0
2022-08-02,49.59889221191406,49.75422056539654,47.29016322924115,48.24330812325084,32636900,0.03187424739629763,VALE3.SA,89,826,100.54000091552734,94.41999816894531,1.0
2022-08-03,47.67142105102539,49.52829421998581,47.67142105102539,49.46474834862869,31934600,-0.038861173605520105,VALE3.SA,88,825,96.77999877929688,90.66000366210938,1.0
2022-08-04,47.39606857299805,48.04562405772512,47.177199719345246,47.77732764448583,40540800,-0.005776049296550623,VALE3.SA,87,824,94.12000274658203,88.54000091552734,1.0
2022-08-05,48.01031494140625,48.53984047384823,47.657297919778266,47.93265076571911,36129300,0.012959859053755851,VALE3.SA,86,823,94.91999816894531,89.01000213623047,1.0
2022-08-08,48.41981887817383,48.81519624235247,47.84087114350685,48.59632739955538,35705300,0.00852949907259215,VALE3.SA,83,820,96.6500015258789,90.76000213623047,1.0
2022-08-09,49.42238235473633,49.53535038569244,48.11622046982645,48.42687178173136,35174600,0.02070564285019305,VALE3.SA,82,819,96.30999755859375,90.5,1.0
2022-08-10,49.45769119262695,49.99427323387844,48.801079259741705,49.93779459932384,30202200,0.0007144301065293845,VALE3.SA,81,818,97.4000015258789,91.93000030517578,1.0
2022-08-11,51.1804084777832,51.99941058858551,49.8107060381427,49.98721455651087,51158600,0.034832141242635783,VALE3.SA,80,817,99.5999984741211,94.33999633789062,-1.0
2022-08-12,51.835453033447266,51.835453033447266,50.7215106817182,51.07796906142138,35608400,0.012798736374845632,VALE3.SA,79,816,98.1500015258789,92.08999633789062,-1.0
2022-08-15,50.72151184082031,50.90716890368451,49.78579865755966,50.498721099061704,26735800,-0.021489948045947838,VALE3.SA,76,813,95.0999984741211,89.41000366210938,-1.0
2022-08-16,51.85030746459961,52.243899555440635,51.323042053680105,51.61266663621611,22070200,0.02225477086175598,VALE3.SA,75,812,92.33999633789062,86.52999877929688,-1.0
2022-08-17,50.66952896118164,51.09282684515904,50.41703240512628,50.73636278537617,29131700,-0.022772835131674718,VALE3.SA,74,811,93.6500015258789,88.11000061035156,-1.0
2022-08-18,50.2907829284668,50.95172157738097,50.283355059994854,50.72150864698269,27692000,-0.007474828372788012,VALE3.SA,73,810,96.58999633789062,90.5,-1.0
2022-08-19,49.726383209228516,50.08284723543743,49.36992484882309,49.75608901689622,45903800,-0.01122272683726322,VALE3.SA,72,809,96.72000122070312,90.7699966430664,1.0
2022-08-22,48.99860763549805,49.68925203888929,48.8872122802795,49.60756248944923,19335700,-0.014635602405835169,VALE3.SA,69,806,96.4800033569336,90.2300033569336,1.0
2022-08-23,52.13992691040039,52.206766396756855,49.49617224686654,49.59271187626621,37223500,0.06411037836566091,VALE3.SA,68,805,100.22000122070312,93.73999786376953,-1.0
2022-08-24,50.46158218383789,52.16962925126837,50.35761469268682,51.820593102774055,28773800,-0.032189242026492315,VALE3.SA,67,804,101.22000122070312,94.88999938964844,-1.0
2022-08-25,51.44185256958008,51.560675800353934,50.68437430370896,51.16708376357164,24956700,0.01942607312967204,VALE3.SA,66,803,99.33999633789062,92.5199966430664,-1.0
2022-08-26,50.66952896118164,52.87513014666131,50.66952896118164,51.72405973659143,28510100,-0.015013526337407712,VALE3.SA,65,802,100.98999786376953,93.05999755859375,-1.0
2022-08-29,49.68925857543945,50.42445895131141,49.64469702800815,50.12740652025284,22128100,-0.019346348897247068,VALE3.SA,62,799,105.08999633789062,97.01000213623047,1.0
2022-08-30,48.248558044433594,49.44418997364106,47.82526017088711,48.968908349511814,34469300,-0.028994204629126274,VALE3.SA,61,798,99.30999755859375,91.63999938964844,1.0
2022-08-31,47.8995246887207,48.775826297255044,47.8995246887207,48.582741355495486,33242900,-0.0072340681226463754,VALE3.SA,60,797,96.48999786376953,89.55000305175781,1.0
2022-09-01,47.44651794433594,47.513354599454864,45.9686893286758,47.513354599454864,40922200,-0.009457437152637138,VALE3.SA,59,796,92.36000061035156,86.61000061035156,1.0
2022-09-02,46.726165771484375,48.13716050841857,46.726165771484375,47.892091838496626,49910300,-0.015182403347210327,VALE3.SA,58,795,93.0199966430664,86.87000274658203,1.0
2022-09-05,48.43421173095703,49.369924842048974,47.69901140514367,47.86238484858838,24319700,0.03655437871418554,VALE3.SA,55,792,93.0199966430664,86.87000274658203,1.0
2022-09-06,47.283138275146484,48.67928298047696,47.22372948956543,48.025766508772044,24525000,-0.02376571053131915,VALE3.SA,54,791,92.83000183105469,86.87999725341797,1.0
2022-09-08,47.906944274902344,48.048039772812025,47.20144695504263,47.65444775382678,24144700,0.013192990620162659,VALE3.SA,52,789,89.1500015258789,83.54000091552734,1.0
2022-09-09,51.6497917175293,51.71662553353836,49.191688611246036,49.42190719770724,49273400,0.07812745102567042,VALE3.SA,51,788,92.83999633789062,86.79000091552734,1.0
2022-09-12,52.10280227661133,52.429554863503824,51.43443569873383,52.0508128584059,24797600,0.00877081095620924,VALE3.SA,48,785,94.0,87.77999877929688,1.0
2022-09-13,50.68437576293945,52.72660335778317,50.56555252874461,51.47898772775559,29457800,-0.027223612775019612,VALE3.SA,47,784,93.16999816894531,87.30999755859375,1.0
2022-09-14,49.75608825683594,51.22649455200638,49.36249622640742,50.31305939403933,31018300,-0.018315062425653506,VALE3.SA,46,783,94.0999984741211,88.4800033569336,1.0
2022-09-15,50.75864028930664,50.96657529496953,49.88976658744214,50.35019814698423,36958800,0.02014933383218609,VALE3.SA,45,782,90.83999633789062,85.0999984741211,1.0
2022-09-16,50.68437576293945,51.129951559562805,49.45161020428441,49.96402548659327,65178000,-0.0014630913267948964,VALE3.SA,44,781,91.3499984741211,85.11000061035156,1.0
2022-09-19,52.32558822631836,52.39984992157963,50.00116373639599,50.07542543165726,34136800,0.03238103337910636,VALE3.SA,41,778,92.0,85.7300033569336,1.0
2022-09-20,51.575531005859375,52.05824051377782,50.79577472304101,51.83545543260288,35289700,-0.014334425008560636,VALE3.SA,40,777,90.62000274658203,84.44999694824219,1.0
2022-09-21,50.8328971862793,51.97654527533575,50.80319704467566,51.575525374045554,44482000,-0.014398956348034675,VALE3.SA,39,776,89.83000183105469,82.94000244140625,1.0
2022-09-22,51.99882507324219,52.50381248560717,51.44928178107559,52.11022043854987,34529500,0.022936483094605054,VALE3.SA,38,775,90.45999908447266,83.48999786376953,1.0
2022-09-23,50.92201614379883,51.278480177627536,50.37247285470803,51.02598363995645,44160700,-0.020708331927243306,VALE3.SA,37,774,86.1500015258789,78.73999786376953,1.0
2022-09-26,51.033416748046875,51.553254282206325,50.23137683894014,50.275932723066894,18503200,0.00218767073034698,VALE3.SA,34,771,84.05999755859375,76.70999908447266,1.0
2022-09-27,50.27592468261719,50.66952237073888,49.897188396501335,50.23136880561609,31646600,-0.014843059973221884,VALE3.SA,33,770,86.2699966430664,78.5,1.0
2022-09-28,50.75120544433594,51.122519522210695,50.082844636803934,50.2833517459029,24371000,0.009453446450147007,VALE3.SA,32,769,89.31999969482422,82.1500015258789,1.0
2022-09-29,50.818050384521484,51.07796913379915,50.01601053034716,50.44673626675231,34889700,0.0013171103937394957,VALE3.SA,31,768,88.48999786376953,81.2300033569336,1.0
2022-09-30,53.49893569946289,54.137596398657585,50.69180203666939,50.86260334819618,55575000,0.05275458807758526,VALE3.SA,30,767,87.95999908447266,79.48999786376953,1.0
2022-10-03,54.95448684692383,55.08073228123878,52.82314187141468,54.390087828016924,42688100,0.0272071047476099,VALE3.SA,27,764,88.86000061035156,83.62999725341797,-1.0
2022-10-04,56.28379440307617,56.625402710020495,54.99904506830828,55.10301256756073,41717500,0.024189245181292396,VALE3.SA,26,763,91.80000305175781,86.5199966430664,-1.0
2022-10-05,57.15266799926758,57.821034540578644,56.52886300457977,56.655108444104144,42621400,0.015437367103734445,VALE3.SA,25,762,93.37000274658203,87.76000213623047,-1.0
2022-10-06,55.8679313659668,57.60567892636004,55.637712732538716,57.330904406502746,76852200,-0.022479031658106385,VALE3.SA,24,761,94.41999816894531,88.44999694824219,-1.0
2022-10-07,56.07585525512695,58.994384218588635,55.81593652622902,55.964459895369735,83593200,0.003721703740883875,VALE3.SA,23,760,97.91999816894531,92.63999938964844,-1.0
2022-10-10,54.94706726074219,57.19723014130522,54.56833090070987,56.74423208317663,45515900,-0.020129661674336385,VALE3.SA,20,757,96.19000244140625,91.12999725341797,-1.0
2022-10-11,54.575748443603516,55.08816374857422,53.49151187974108,54.36038557145356,33885800,-0.00675775497492237,VALE3.SA,19,756,94.29000091552734,89.3499984741211,-1.0
2022-10-13,53.6029052734375,54.063336810619475,52.763737422535385,53.65488902232871,32960000,-0.01782555801632868,VALE3.SA,17,754,94.56999969482422,89.11000061035156,1.0
2022-10-14,51.857730865478516,54.4792076212021,51.686923878950346,53.92223644650262,34091700,-0.03255745932159004,VALE3.SA,16,753,91.62999725341797,85.61000061035156,1.0
2022-10-17,52.67462158203125,52.90483452465107,51.434433774144544,52.139928339736564,25840500,0.015752534924287076,VALE3.SA,13,750,91.62000274658203,85.45999908447266,1.0
2022-10-18,53.43952560424805,54.08561419017423,52.533518276559704,53.69202214324817,27494000,0.014521300756296762,VALE3.SA,12,749,90.02999877929688,82.81999969482422,1.0
2022-10-19,52.808292388916016,53.56577066905152,52.41470034472183,53.19445656459609,22651000,-0.011812103647900862,VALE3.SA,11,748,92.41000366210938,85.55000305175781,1.0
2022-10-20,53.48408508300781,54.35296445794243,52.22161930046612,52.711756674316625,37240700,0.012797094235026618,VALE3.SA,10,747,92.37999725341797,85.9800033569336,1.0
2022-10-21,55.051029205322266,55.45947700226238,53.05336309922519,53.320709717985295,36846800,0.02929739042712498,VALE3.SA,9,746,93.5,85.05000305175781,-1.0
2022-10-24,53.4172477722168,54.91735427470433,52.86027661054311,54.41236686148804,32035800,-0.02967758199418946,VALE3.SA,6,743,93.26000213623047,84.58000183105469,1.0
2022-10-25,53.4172477722168,54.41236686148804,52.66719168807121,53.179606969868175,28158100,0.0,VALE3.SA,5,742,93.5199966430664,85.31999969482422,1.0
2022-10-26,54.60546112060547,55.58573030612909,52.81572976129696,52.93454734988532,40845700,0.022244001665070456,VALE3.SA,4,741,95.69000244140625,87.91000366210938,-1.0
2022-10-27,52.65977096557617,53.558350451772625,51.56067868269067,53.46923302371041,52613000,-0.035631786914717356,VALE3.SA,3,740,96.95999908447266,89.08000183105469,1.0
2022-10-28,50.090274810791016,51.27848458173496,49.496175591123134,50.93687058981591,52793500,-0.04879429035999494,VALE3.SA,2,739,95.7699966430664,87.9000015258789,1.0
2022-10-31,49.85263442993164,51.53840379950533,48.65700244507056,49.01346651266192,39184100,-0.004744241906378566,VALE3.SA,1455,736,94.83000183105469,86.52999877929688,1.0
2022-11-01,51.367591857910156,52.5780794647221,51.20421274539785,51.575526849906325,42670000,0.030388713561523062,VALE3.SA,1454,735,94.6500015258789,88.37000274658203,1.0
2022-11-03,49.86749267578125,50.45416972676743,49.44419476124747,50.23137896509516,34390300,-0.029203221873401963,VALE3.SA,1452,733,94.66999816894531,88.16999816894531,1.0
2022-11-04,53.65488815307617,54.5014838589054,52.578079515287435,52.83799825553262,61191100,0.0759491860142052,VALE3.SA,1451,732,98.56999969482422,92.61000061035156,1.0
2022-11-07,53.37269973754883,54.23414564800945,53.05336933128565,53.46923938007323,29445500,-0.005259323525608095,VALE3.SA,1448,729,97.91999816894531,91.79000091552734,1.0
2022-11-08,54.99161911010742,55.6451298701823,53.20931034122646,53.20931034122646,39756500,0.030332349319396545,VALE3.SA,1447,728,95.36000061035156,88.91000366210938,1.0
2022-11-09,54.32324981689453,55.53373165081425,53.855390460490014,55.02874428672568,42208500,-0.012154020994992742,VALE3.SA,1446,727,92.6500015258789,85.83000183105469,1.0
2022-11-10,55.362937927246094,56.04615455280596,53.00880208474782,53.09791951383105,47658100,0.019138915912726207,VALE3.SA,1445,726,93.66999816894531,86.47000122070312,1.0
2022-11-11,61.11830139160156,61.63071098231145,57.33832101467085,57.91757008770147,80174100,0.10395697338025567,VALE3.SA,1444,725,95.98999786376953,88.95999908447266,1.0
2022-11-14,61.86836242675781,62.70753603956076,60.43508956799452,61.18514574429146,43822500,0.012272282083731545,VALE3.SA,1441,722,93.13999938964844,85.87000274658203,1.0
2022-11-16,61.22227478027344,62.9525942978143,60.55390822170636,61.87578560098129,32935300,-0.010442940804344714,VALE3.SA,1439,720,92.86000061035156,85.58999633789062,1.0
2022-11-17,61.712406158447266,61.85350733835656,59.95980304323115,60.056348341402305,31790500,0.00800576881425763,VALE3.SA,1438,719,89.77999877929688,81.63999938964844,1.0
2022-11-18,60.02664566040039,62.744662238371546,59.93010035719703,62.64069473169421,44324400,-0.0273163955675082,VALE3.SA,1437,718,87.62000274658203,80.08000183105469,1.0
2022-11-21,59.35084533691406,59.55135812698269,58.13293552262831,58.74189042977118,27745900,-0.01125833896016204,VALE3.SA,1434,715,87.44999694824219,79.7300033569336,1.0
2022-11-22,59.51423263549805,60.49450178342497,58.957261399953104,59.37313144276926,27105100,0.002752906005912603,VALE3.SA,1433,714,88.36000061035156,80.94999694824219,1.0
2022-11-23,60.100894927978516,60.42022525125686,59.36569466398531,60.100894927978516,22415800,0.009857512505849764,VALE3.SA,1432,713,85.41000366210938,77.94000244140625,1.0
2022-11-24,60.487064361572266,61.18513667960446,59.863259395861064,60.53162590612556,12420900,0.006425352468653056,VALE3.SA,1431,712,85.41000366210938,77.94000244140625,1.0
2022-11-25,60.07863235473633,61.549033258755045,59.91525321744437,60.89552237539167,20477000,-0.006752386004294397,VALE3.SA,1430,711,83.62999725341797,76.27999877929688,1.0
2022-11-28,60.37568664550781,61.14801513751307,59.053803433649506,59.85584340512184,16166300,0.004944424983204021,VALE3.SA,1427,708,83.19000244140625,77.23999786376953,1.0
2022-11-29,62.70751953125,63.628376802837515,61.35593659531566,61.52673788806512,42574300,0.03862205161215648,VALE3.SA,1426,707,83.02999877929688,78.19999694824219,1.0
2022-11-30,63.65066909790039,64.326463551214,62.945174499341555,63.123403699833574,59932800,0.015040454058789177,VALE3.SA,1425,706,85.43000030517578,80.55000305175781,1.0
2022-12-01,63.99970245361328,64.42300032711316,62.92289376345859,64.17793164619115,34319300,0.005483577166738751,VALE3.SA,1424,705,86.87999725341797,81.22000122070312,1.0
2022-12-02,64.46012115478516,65.15818771396505,63.10111037603064,64.43041535097709,30213600,0.007194075652235732,VALE3.SA,1423,704,85.56999969482422,79.9800033569336,1.0
2022-12-05,64.39328002929688,66.08647114233898,64.37100209346252,65.27700925607692,21896500,-0.0010369376335451763,VALE3.SA,1420,701,82.68000030517578,76.93000030517578,1.0
2022-12-06,65.3290023803711,66.04192475850456,64.51953471201521,64.60122426567875,21335700,0.014531366481851826,VALE3.SA,1419,700,79.3499984741211,74.25,1.0
2022-12-07,63.00456619262695,64.17791996733354,62.27679381698565,63.79918371025204,45441000,-0.035580463546808216,VALE3.SA,1418,699,77.16999816894531,72.01000213623047,1.0
2022-12-08,63.77690887451172,64.79431156572007,63.38331682826286,63.49471219334173,29827900,0.012258519160713632,VALE3.SA,1417,698,76.1500015258789,71.45999908447266,1.0
2022-12-09,65.90082550048828,66.49493033238927,65.00224604994561,65.39583809311351,37713000,0.033302282337885236,VALE3.SA,1416,697,76.0999984741211,71.0199966430664,1.0
2022-12-12,63.9328727722168,65.57408643319623,63.40560731668323,65.46269104607117,34995000,-0.02986233804092342,VALE3.SA,1413,694,77.98999786376953,73.16999816894531,1.0
2022-12-13,64.20262145996094,65.12661298822228,63.80768414122528,64.26968274789952,31559400,0.004219248659530939,VALE3.SA,1412,693,80.68000030517578,75.38999938964844,1.0
2022-12-14,64.74658203125,65.07445237728034,63.710816003658316,63.897104939341524,34564000,0.008472560137257057,VALE3.SA,1411,692,82.69999694824219,77.27999877929688,1.0
2022-12-15,64.9552230834961,65.70037880734509,64.7465803904323,65.1191582523568,24782100,0.003222425735854184,VALE3.SA,1410,691,81.20999908447266,76.11000061035156,1.0
2022-12-16,63.844940185546875,65.06699507074174,62.97310938667373,64.82854547570584,37762100,-0.017093050339031524,VALE3.SA,1409,690,79.04000091552734,74.29000091552734,1.0
2022-12-19,63.61394119262695,63.77042320012792,62.77191165239136,63.33823154983767,27508500,-0.0036181252930708174,VALE3.SA,1406,687,79.80000305175781,75.19000244140625,1.0
2022-12-20,63.89711380004883,65.0148475691459,63.56924340855222,63.6139566251759,22657300,0.004451423730600368,VALE3.SA,1405,686,79.98999786376953,76.08999633789062,1.0
2022-12-21,64.2622299194336,65.12661331331554,63.949265870650336,64.75403544045344,39183700,0.005714125375479551,VALE3.SA,1404,685,82.19999694824219,78.29000091552734,1.0
2022-12-22,63.89711380004883,64.56775519852467,63.10725042244838,64.29204548884906,19429200,-0.005681659659842464,VALE3.SA,1403,684,80.9800033569336,77.48999786376953,1.0
2022-12-23,64.32183837890625,64.47086724158683,63.39784692309586,63.54687578577645,18656500,0.00664700725272982,VALE3.SA,1402,683,83.91999816894531,79.55999755859375,1.0
2022-12-26,64.91051483154297,65.23093201660913,64.32929428307108,64.39635556862386,18407500,0.009152046450677576,VALE3.SA,1399,680,83.91999816894531,79.55999755859375,1.0
2022-12-27,66.46044158935547,66.80321254403547,65.17877282006422,65.57370444860668,26720300,0.02387789962589104,VALE3.SA,1398,679,84.33000183105469,79.52999877929688,1.0
2022-12-28,66.3114013671875,67.22049219263454,66.09530554104956,66.4604359119826,23314500,-0.00224254035338578,VALE3.SA,1397,678,83.26000213623047,78.95999908447266,1.0
2022-12-29,66.22943878173828,67.02675517996887,66.1921844065459,66.3188595153566,40110800,-0.0012360255364739503,VALE3.SA,1396,677,82.26000213623047,78.4000015258789,1.0
2023-01-02,66.6169204711914,66.98949831981655,65.96863296795243,66.08040745955732,12783800,0.005850595997500152,VALE3.SA,1392,673,85.91000366210938,80.26000213623047,1.0
2023-01-03,66.49769592285156,67.13107715794838,66.2368925537043,66.6169235687972,25332600,-0.001789703689341282,VALE3.SA,1391,672,82.0999984741211,76.93000030517578,1.0
2023-01-04,66.6169204711914,66.80320939550397,65.53644129912644,66.54240603848373,26395300,0.0017929124714060052,VALE3.SA,1390,671,77.83999633789062,72.83999633789062,1.0
2023-01-05,67.73465728759766,68.31587784990289,66.3188602574438,66.66163121251901,29085600,0.016778572298153938,VALE3.SA,1389,670,78.69000244140625,73.66999816894531,1.0
2023-01-06,68.80767822265625,69.10574165532668,67.80917226106047,67.80917226106047,31420600,0.015841534866008145,VALE3.SA,1388,669,78.56999969482422,73.7699966430664,-1.0
2023-01-09,68.88219451904297,69.29202674175222,67.9954574194952,68.20410010525072,19285800,0.0010829648421735172,VALE3.SA,1385,666,79.6500015258789,74.62999725341797,-1.0
2023-01-10,69.73167419433594,69.97012379922111,68.80767700095473,68.91945149685743,19821100,0.012332354989911476,VALE3.SA,1384,665,80.0999984741211,75.12000274658203,-1.0
2023-01-11,69.48577117919922,70.40231522005215,68.74806860515326,70.03718482246985,23834100,-0.0035264177718064005,VALE3.SA,1383,664,82.66999816894531,77.41000366210938,-1.0
2023-01-12,69.85089874267578,70.26818983050353,69.25477755091609,69.65716234002468,18058600,0.005254709810083691,VALE3.SA,1382,663,84.02999877929688,78.38999938964844,-1.0
2023-01-13,69.91050720214844,70.2532781402492,69.56773626404768,69.81363900825696,16905800,0.0008533671083066352,VALE3.SA,1381,662,85.27999877929688,79.86000061035156,-1.0
2023-01-16,68.74061584472656,68.84493719174357,67.68249607636142,68.55432691289803,19563900,-0.01673412773331906,VALE3.SA,1378,659,85.27999877929688,79.86000061035156,-1.0
2023-01-17,68.65119934082031,69.47087523944049,68.42765601990448,68.9343621731027,18719500,-0.0013007812456645729,VALE3.SA,1377,658,85.91999816894531,80.18000030517578,-1.0
2023-01-18,69.5528335571289,70.21602739137853,69.23242204884971,69.34419086099962,16737300,0.013133553746561777,VALE3.SA,1376,657,84.9800033569336,79.4800033569336,-1.0
2023-01-19,69.85089874267578,70.3203505058461,69.5379346906204,69.895611953746,21712500,0.004285449927817098,VALE3.SA,1375,656,86.16000366210938,80.33000183105469,-1.0
2023-01-20,70.03718566894531,70.46937735798846,69.67206095203709,69.97012438189743,27103900,0.002666922396457494,VALE3.SA,1374,655,87.62999725341797,81.30999755859375,-1.0
2023-01-23,70.2681884765625,70.56624622415569,69.82109048499845,70.30544285246809,13534300,0.0032982879796041864,VALE3.SA,1371,652,88.19000244140625,81.62000274658203,-1.0
2023-01-24,71.01334381103516,71.01334381103516,69.44851221965278,70.27563554021074,17439800,0.010604447768298497,VALE3.SA,1370,651,86.12999725341797,80.12999725341797,-1.0
2023-01-25,71.68397521972656,71.83300976901928,70.61840235390233,70.93881952852323,18282900,0.009443737932915086,VALE3.SA,1369,650,86.12000274658203,80.1500015258789,-1.0
2023-01-26,73.02526092529297,73.02526092529297,71.82555975528477,71.90752733970176,26876000,0.018711095491775964,VALE3.SA,1368,649,87.47000122070312,81.01000213623047,-1.0
2023-01-27,71.02824401855469,73.24135744821159,70.66311930235851,72.91348710749588,34682400,-0.027346932848090644,VALE3.SA,1367,648,86.66000366210938,79.68000030517578,-1.0
2023-01-30,70.77490234375,71.75850779956244,70.18622856325113,71.46044433429763,23820000,-0.003566773729314021,VALE3.SA,1364,645,84.9000015258789,77.9000015258789,-1.0
2023-01-31,70.42467498779297,70.70037899039622,69.93286943976423,70.27564041941116,20658600,-0.004948468233216263,VALE3.SA,1363,644,84.48999786376953,78.87000274658203,-1.0
2023-02-01,69.64225769042969,70.93882714042412,68.2488143517285,70.93882714042412,28818100,-0.011109988047497521,VALE3.SA,1362,643,82.83999633789062,76.41000366210938,-1.0
2023-02-02,66.42317962646484,68.52451850416779,66.21453693699017,68.32332896362776,37844400,-0.04622305724599185,VALE3.SA,1361,642,82.16999816894531,75.87999725341797,-1.0
2023-02-03,66.28160095214844,67.63778417467923,66.08786455256342,66.88518096880262,22545600,-0.002131464875854805,VALE3.SA,1360,641,79.94000244140625,73.38999938964844,-1.0
2023-02-06,65.4544677734375,65.7599843104066,64.57518958821632,65.7227242548931,17888700,-0.012479076649160592,VALE3.SA,1357,638,80.98999786376953,74.11000061035156,-1.0
2023-02-07,65.88666534423828,66.08040741722354,64.82109247044957,65.26818475149595,16259700,0.006603026279226265,VALE3.SA,1356,637,83.69000244140625,77.13999938964844,-1.0
2023-02-08,66.11022186279297,66.594574257921,65.27564534064796,66.39337901321072,14411000,0.0033930464895539636,VALE3.SA,1355,636,85.08999633789062,78.47000122070312,-1.0
2023-02-09,65.86431121826172,66.72869455057389,65.17876934544731,66.11021396125605,19782200,-0.003719706841123882,VALE3.SA,1354,635,84.5,78.05999755859375,-1.0
2023-02-10,64.67951965332031,66.28159992512929,64.35164931281497,65.707832514332,18099100,-0.017988369467878185,VALE3.SA,1353,634,86.38999938964844,79.72000122070312,-1.0
2023-02-13,64.61244201660156,64.91050539649187,63.56177556671874,64.0237684047169,13798500,-0.0010370769152010517,VALE3.SA,1350,631,86.61000061035156,80.13999938964844,-1.0
2023-02-14,64.9030532836914,65.36505181414378,64.47831480822684,64.82853885880198,20072400,0.004497760152992969,VALE3.SA,1349,630,85.58000183105469,79.05999755859375,-1.0
2023-02-15,66.31885528564453,66.49769105638829,64.50067361364182,64.90305836163029,28465800,0.021814104735021544,VALE3.SA,1348,629,85.37999725341797,78.58999633789062,-1.0
2023-02-16,66.46044158935547,67.25775799558846,66.24434574475757,66.53495602557511,28740800,0.0021349328648858634,VALE3.SA,1347,628,85.13999938964844,78.48999786376953,-1.0
2023-02-17,65.59606170654297,66.87773054413366,65.23093697004849,66.76595604130426,26381400,-0.013005930477460792,VALE3.SA,1346,627,83.0,76.33999633789062,-1.0
2023-02-22,65.0968017578125,65.90901873387328,64.50812807847097,64.86580531234324,16864400,-0.007611126883867003,VALE3.SA,1341,622,80.5999984741211,73.94999694824219,-1.0
2023-02-23,64.79129791259766,65.62587449872359,63.7480842863001,64.82855797857452,21485100,-0.004693069966039909,VALE3.SA,1340,621,82.20999908447266,75.38999938964844,-1.0
2023-02-24,63.368045806884766,64.44107190856248,63.07743551852826,64.12065470792746,17183900,-0.02196671700623798,VALE3.SA,1339,620,83.16000366210938,76.31999969482422,-1.0
2023-02-27,63.368045806884766,63.62139603362133,62.33227976682701,63.01036854462979,14422200,0.0,VALE3.SA,1336,617,82.44999694824219,75.68000030517578,-1.0
2023-02-28,63.576683044433594,64.45596698328535,62.84642796908076,63.38294097381562,21127300,0.0032924675977015205,VALE3.SA,1335,616,83.88999938964844,77.05000305175781,-1.0
2023-03-01,66.4678955078125,66.95224791790402,65.20113291380785,65.40232247964619,30916600,0.04547598781393236,VALE3.SA,1334,615,84.30999755859375,77.69000244140625,-1.0
2023-03-02,66.31885528564453,67.16833230303574,65.88666362835099,66.46788414708323,21740900,-0.002242288867870812,VALE3.SA,1333,614,84.75,78.16000366210938,-1.0
2023-03-03,66.54241180419922,67.28756756601517,66.17728138764656,67.1385330025996,19783400,0.003370934519177027,VALE3.SA,1332,613,85.83000183105469,79.68000030517578,-1.0
2023-03-06,64.19517517089844,65.49919785876021,64.17282140586342,65.14897371297758,27298600,-0.035274294538759965,VALE3.SA,1329,610,86.18000030517578,80.45999908447266,-1.0
2023-03-07,63.58414077758789,65.1266129348704,63.189209144262904,64.71677500306873,20898200,-0.009518385013887243,VALE3.SA,1328,609,83.29000091552734,77.58000183105469,-1.0
2023-03-08,64.16535949707031,64.38890848708094,63.63629961813795,63.785328488087046,22274800,0.009140938485203032,VALE3.SA,1327,608,82.66000366210938,76.66000366210938,-1.0
2023-03-09,63.32333755493164,64.44851863383616,63.204109907184666,63.43510636833549,24439300,-0.013122687205969985,VALE3.SA,1326,607,81.58999633789062,75.72000122070312,-1.0
2023-03-10,63.114688873291016,64.21752186939337,62.794271677843255,63.04017443634466,21820200,-0.003294972907257554,VALE3.SA,1325,606,82.77999877929688,76.68000030517578,-1.0
2023-03-13,63.375492095947266,64.08338770940018,62.63033642490773,62.86878601223692,23460200,0.004132211174800116,VALE3.SA,1322,603,80.7699966430664,74.80000305175781,-1.0
2023-03-14,63.95246887207031,64.23422762735618,63.13002566271789,63.29756103609761,18077900,0.009104099345683014,VALE3.SA,1321,602,77.44999694824219,71.33000183105469,-1.0
2023-03-15,62.02581024169922,63.274702749374526,60.99775926171419,62.444648623514794,34103400,-0.03012641520103243,VALE3.SA,1320,601,73.69000244140625,67.61000061035156,-1.0
2023-03-16,62.254276275634766,62.55888551725851,61.462294571388256,61.850671499706976,20573400,0.0036834026519809715,VALE3.SA,1319,600,74.69999694824219,68.3499984741211,-1.0
2023-03-17,63.00055694580078,63.58692483400557,62.924400292061975,63.137630788618864,39906400,0.011987621008745064,VALE3.SA,1318,599,72.97000122070312,66.73999786376953,-1.0
2023-03-20,63.518394470214844,63.96007171363909,62.299957659570936,62.99294374087309,19650900,0.00821957058029743,VALE3.SA,1315,596,73.79000091552734,67.63999938964844,-1.0
2023-03-21,62.985321044921875,63.5412332237308,62.094344003346436,63.37369788737916,15692200,-0.008392426000989994,VALE3.SA,1314,595,75.31999969482422,69.33000183105469,-1.0
2023-03-22,62.200965881347656,63.015792206790216,62.14765970341917,62.444652096154655,18085500,-0.01245298349777102,VALE3.SA,1313,594,76.69000244140625,70.9000015258789,-1.0
2023-03-23,60.601768493652344,62.58171951133439,60.01539478687779,62.0791134769562,26000100,-0.025710169690063678,VALE3.SA,1312,593,75.91000366210938,69.95999908447266,-1.0
2023-03-24,59.908782958984375,60.814993708217756,59.46709992070785,60.68553668973787,27801900,-0.011435071152099407,VALE3.SA,1311,592,74.98999786376953,69.26000213623047,-1.0
2023-03-27,59.809783935546875,60.982525480550166,59.42140709293112,60.5484592952514,14202900,-0.0016524959871957456,VALE3.SA,1308,589,78.12000274658203,72.80999755859375,-1.0
2023-03-28,60.441856384277344,60.845461134101846,59.8478657870555,59.94686712489464,13866800,0.010568044342236904,VALE3.SA,1307,588,78.6500015258789,73.19999694824219,-1.0
2023-03-29,61.30998992919922,61.561287167351615,60.79976700460889,60.913996191007854,17345200,0.014363118488658788,VALE3.SA,1306,587,78.27999877929688,72.97000122070312,-1.0
2023-03-30,62.30757141113281,62.40656692788669,61.797354362579966,62.21618691186515,14249000,0.016271108233512965,VALE3.SA,1305,586,79.2699966430664,74.37000274658203,-1.0
2023-03-31,61.14244842529297,62.57410409593789,60.85307288408074,62.14003787915095,22468400,-0.01869954099401261,VALE3.SA,1304,585,79.7699966430664,75.66999816894531,-1.0
2023-04-03,61.157676696777344,61.21859969848984,60.47231326229203,60.76930563321893,13510200,0.00024906217982056944,VALE3.SA,1301,582,84.93000030517578,80.41999816894531,-1.0
2023-04-04,59.42903518676758,61.058687897365814,59.20819363870398,60.89115252918393,20485600,-0.02826532339644705,VALE3.SA,1300,581,84.94000244140625,80.70999908447266,-1.0
2023-04-05,58.553279876708984,59.21580445361751,57.79937660639051,59.20818762585425,25382600,-0.014736152241179079,VALE3.SA,1299,580,84.98999786376953,80.61000061035156,1.0
2023-04-06,58.44667053222656,59.01781063514734,58.088755138139526,58.38574752686333,13976800,-0.0018207237016765188,VALE3.SA,1298,579,85.12000274658203,80.69999694824219,1.0
2023-04-10,59.5737190246582,59.59656369770214,58.40858840998299,58.446666738347666,13849000,0.019283365197170665,VALE3.SA,1294,575,84.18000030517578,79.73999786376953,-1.0
2023-04-11,62.71879577636719,63.168089845705936,60.96729722586707,61.30236792838225,34226000,0.0527930235546854,VALE3.SA,1293,574,85.61000061035156,81.52999877929688,-1.0
2023-04-12,61.378517150878906,63.05386480915267,61.14244778577853,63.01578648126165,32702000,-0.02136964858616286,VALE3.SA,1292,573,87.33000183105469,83.26000213623047,-1.0
2023-04-13,60.54846954345703,61.47752506817149,60.137247959897955,60.921612795044105,21361900,-0.01352342229743797,VALE3.SA,1291,572,86.08999633789062,82.16000366210938,-1.0
2023-04-14,60.01539611816406,60.769305186454865,59.39856670768721,60.236237640295364,22693200,-0.008804077614387396,VALE3.SA,1290,571,86.30999755859375,82.5199966430664,-1.0
2023-04-17,59.29957580566406,61.25668234667355,58.97973292908775,60.5256237043833,21479200,-0.011927277978647788,VALE3.SA,1287,568,84.76000213623047,80.83000183105469,-1.0
2023-04-18,59.809783935546875,60.10677628285988,59.13964839980361,60.00016394330839,15193400,0.008603908593796117,VALE3.SA,1286,567,84.7699966430664,80.86000061035156,-1.0
2023-04-19,58.06590270996094,59.10918725022863,57.12923050987397,58.86550107125315,31128000,-0.029157122979497907,VALE3.SA,1285,566,83.12000274658203,79.16000366210938,-1.0
2023-04-20,56.85509490966797,58.22582763878207,56.7560935757747,57.79937823104934,31112800,-0.020852303051946852,VALE3.SA,1284,565,81.0999984741211,77.29000091552734,-1.0
2023-04-24,54.79899215698242,55.24067526142064,54.517227595198456,54.981755375739006,29754000,-0.036163913822539695,VALE3.SA,1280,561,82.7300033569336,78.76000213623047,-1.0
2023-04-25,53.30640411376953,54.2202258603165,53.085562599534335,54.2202258603165,31799200,-0.027237509020915596,VALE3.SA,1279,560,80.7699966430664,77.06999969482422,-1.0
2023-04-26,53.51200866699219,54.39537466935366,53.51200866699219,54.06792083191782,25907200,0.003857032877022437,VALE3.SA,1278,559,77.69000244140625,74.30000305175781,-1.0
2023-04-27,54.64668273925781,54.66191058453332,52.681959532300624,53.0779474187723,31717800,0.021204101668594655,VALE3.SA,1277,558,78.37000274658203,74.76000213623047,-1.0
2023-04-28,55.134063720703125,55.149291568352126,54.11362363007844,54.54768991230065,33277500,0.00891876609913922,VALE3.SA,1276,557,79.54000091552734,76.77999877929688,-1.0
2023-05-02,52.956111907958984,54.52484155717955,52.788576545432974,54.29638899822944,37367900,-0.03950283483142403,VALE3.SA,1272,553,75.31999969482422,71.66000366210938,-1.0
2023-05-03,52.544891357421875,53.36733452957528,52.43827899917285,53.260722171326265,19958300,-0.0077653085870774685,VALE3.SA,1271,552,72.33000183105469,68.5999984741211,-1.0
2023-05-04,50.91523361206055,52.796189161359536,50.80100443673046,52.5829644660432,35996200,-0.031014580166814687,VALE3.SA,1270,551,72.5,68.55999755859375,1.0
2023-05-05,52.57535171508789,52.7352702489753,51.19700210638859,51.547300677275906,27107300,0.032605528547238194,VALE3.SA,1269,550,75.30000305175781,71.33999633789062,-1.0
2023-05-08,53.2835578918457,54.189768594602505,53.192173395874136,53.83946426501322,24917600,0.013470307922915481,VALE3.SA,1266,547,77.01000213623047,73.16000366210938,-1.0
2023-05-09,53.83185577392578,53.84708361900056,52.301198801710676,52.925645028643956,18717400,0.010290189014648954,VALE3.SA,1265,546,77.44000244140625,73.70999908447266,-1.0
2023-05-10,52.81903839111328,54.11362033003816,52.30882128188482,53.98416329813321,24792600,-0.01881446159066047,VALE3.SA,1264,545,76.41000366210938,72.55999755859375,-1.0
2023-05-11,51.79098129272461,52.00420598152115,51.29599208805433,51.78336446528558,27709000,-0.019463760221761994,VALE3.SA,1263,544,74.9800033569336,70.87000274658203,-1.0
2023-05-12,51.84428787231445,52.21743108064056,51.334070818693874,51.70721402701998,17578100,0.0010292637493882761,VALE3.SA,1262,543,74.16999816894531,70.04000091552734,-1.0
2023-05-15,52.590576171875,53.40540244531633,52.48396382282191,52.77334517876939,21020000,0.014394802787118133,VALE3.SA,1259,540,75.2300033569336,71.11000061035156,-1.0
2023-05-16,51.50921630859375,52.69718574105328,51.47875480905159,52.54488405327943,23990300,-0.020561856172618853,VALE3.SA,1258,539,74.91000366210938,70.86000061035156,-1.0
2023-05-17,53.215023040771484,53.48917074437079,52.40019675783393,52.636271942006154,30913100,0.033116534368494044,VALE3.SA,1257,538,76.95999908447266,72.83000183105469,-1.0
2023-05-18,53.29118347167969,53.550097537885335,52.63627566782831,53.215026807560136,23710600,0.0014311828982926933,VALE3.SA,1256,537,75.86000061035156,71.86000061035156,-1.0
2023-05-19,52.704803466796875,53.770932729197305,52.64388046667409,53.68716505651275,33892200,-0.011003321125236942,VALE3.SA,1255,536,75.58000183105469,71.55000305175781,-1.0
2023-05-22,51.85951232910156,52.4687306705927,51.60820932749122,52.08797065964491,18936200,-0.01603821819064044,VALE3.SA,1252,533,75.98999786376953,71.98999786376953,-1.0
2023-05-23,50.68677520751953,51.547296625479255,50.648702689074774,51.40260594955246,39413300,-0.02261373215659679,VALE3.SA,1251,532,76.83999633789062,72.91000366210938,1.0
2023-05-24,49.53688049316406,50.09278686394241,49.36172832912219,50.09278686394241,33304700,-0.022686286701957714,VALE3.SA,1250,531,78.36000061035156,74.33999633789062,1.0
2023-05-25,49.384578704833984,50.108026306039015,49.33127252873992,50.108026306039015,36934900,-0.0030745131064742193,VALE3.SA,1249,530,76.26000213623047,71.83000183105469,1.0
2023-05-26,50.51162338256836,51.052301889531115,50.191786374495166,50.83146039064155,38181700,0.022821793914059585,VALE3.SA,1248,529,76.94999694824219,72.66999816894531,1.0
2023-05-29,50.1308708190918,51.55490972300439,50.06233098722672,51.28076201541896,17320700,-0.007537919749535549,VALE3.SA,1245,526,76.94999694824219,72.66999816894531,1.0
2023-05-30,48.95051193237305,50.50401366003231,48.63828880225249,50.50401366003231,39920700,-0.023545549228106033,VALE3.SA,1244,525,73.54000091552734,69.45999908447266,1.0
2023-05-31,48.59259796142578,49.39981030216159,48.36413961057907,48.95051042814632,103408900,-0.0073117513345261065,VALE3.SA,1243,524,72.66000366210938,68.08999633789062,1.0
2023-06-01,49.62065124511719,50.085173149182694,48.85151433685979,49.453115897780215,51982400,0.021156582006738978,VALE3.SA,1242,523,74.27999877929688,70.0999984741211,1.0
2023-06-02,51.737674713134766,51.93566574549425,51.30360851152055,51.78336405753511,39185700,0.04266416128961836,VALE3.SA,1241,522,76.12999725341797,71.73999786376953,-1.0
2023-06-05,51.31122589111328,52.14890270856419,50.7400857755446,52.141285880240716,21478500,-0.008242520066585435,VALE3.SA,1238,519,76.70999908447266,72.1500015258789,1.0
2023-06-06,51.478759765625,52.080361367149074,51.32645806318696,51.63106727800058,31884200,0.0032650530483766538,VALE3.SA,1237,518,76.29000091552734,71.73999786376953,1.0
2023-06-07,52.293582916259766,52.30119974390291,51.3264549633192,51.478756656558964,27377500,0.015828336858629388,VALE3.SA,1236,517,76.94999694824219,72.52999877929688,-1.0
2023-06-09,52.05751037597656,53.154101092267254,51.973742706818975,53.05509976875184,30056800,-0.004514369203985069,VALE3.SA,1234,515,74.79000091552734,70.16999816894531,-1.0
2023-06-12,51.11322784423828,51.631061710601934,50.79338500770713,51.631061710601934,26651200,-0.018139218047854344,VALE3.SA,1231,512,71.83999633789062,67.12000274658203,1.0
2023-06-13,51.65391159057617,52.217434857574915,51.48637623310526,52.011826979729925,34288100,0.010578156949617057,VALE3.SA,1230,511,74.29000091552734,69.41999816894531,-1.0
2023-06-14,52.56011199951172,53.00941185620447,52.156507297188874,52.537267327295254,53775600,0.017543693808096394,VALE3.SA,1229,510,73.19999694824219,68.2699966430664,-1.0
2023-06-15,52.97133255004883,53.039872375368255,52.057510818660234,52.62103402601864,31874100,0.00782381419851097,VALE3.SA,1228,509,75.66999816894531,70.62000274658203,-1.0
2023-06-16,53.05509948730469,53.458704176593734,52.704800968111606,52.849491634059305,39953600,0.0015813636022223854,VALE3.SA,1227,508,76.61000061035156,71.77999877929688,-1.0
2023-06-19,52.84949493408203,53.03987495487488,52.301199544608686,53.03987495487488,14894300,-0.003875302378272938,VALE3.SA,1224,505,76.61000061035156,71.77999877929688,-1.0
2023-06-20,51.48637390136719,52.56011421026294,51.25791554971929,52.54488636479045,35748700,-0.025792508223873023,VALE3.SA,1223,504,75.9000015258789,70.5,1.0
2023-06-21,50.968536376953125,51.28075657137343,50.808617866161725,51.07514871748072,27336800,-0.010057758687882834,VALE3.SA,1222,503,77.12000274658203,72.52999877929688,1.0
2023-06-22,50.69438934326172,51.67675090199238,50.48878148675385,50.77054018604475,21394900,-0.005378750365987894,VALE3.SA,1221,502,74.13999938964844,69.51000213623047,1.0
2023-06-23,50.184173583984375,50.33647527342989,49.727262705710814,50.260324428707136,23510900,-0.010064540985444625,VALE3.SA,1220,501,73.8499984741211,69.16000366210938,1.0
2023-06-26,50.29079055786133,50.488787420315774,49.74249512948752,49.92525833563294,15030400,0.0021245138907892702,VALE3.SA,1217,498,74.18000030517578,69.37000274658203,1.0
2023-06-27,50.892391204833984,51.23507293614408,50.603009839788825,50.94569738103639,22737400,0.011962441637907606,VALE3.SA,1216,497,72.26000213623047,67.69999694824219,1.0
2023-06-28,49.28557586669922,50.88476672213974,49.28557586669922,50.85430522461539,37628600,-0.0315728009648355,VALE3.SA,1215,496,74.02999877929688,69.55999755859375,1.0
2023-06-29,49.887184143066406,50.20702119558785,49.003818024745414,49.285582557645185,24841800,0.012206579020083597,VALE3.SA,1214,495,74.33999633789062,69.86000061035156,1.0
2023-06-30,48.904823303222656,50.30601754290929,48.904823303222656,50.039486661440364,42992000,-0.01969164739838869,VALE3.SA,1213,494,74.9000015258789,70.63999938964844,1.0
2023-07-03,50.43547821044922,50.64108607875751,49.22465824394015,49.27796441794135,22738400,0.03129864916873548,VALE3.SA,1210,491,74.6500015258789,69.79000091552734,1.0
2023-07-04,50.184173583984375,50.610622962381434,50.10802273926162,50.13847842920109,12573200,-0.004982695423571437,VALE3.SA,1209,490,74.6500015258789,69.79000091552734,1.0
2023-07-05,49.742488861083984,50.1537103805434,49.50641950748087,49.96333037023461,27363600,-0.008801275210026493,VALE3.SA,1208,489,76.6500015258789,71.79000091552734,1.0
2023-07-06,49.384578704833984,49.94810196781939,49.07235847626519,49.285583180641424,18579200,-0.007195260318588748,VALE3.SA,1207,488,76.5199966430664,71.80000305175781,1.0
2023-07-07,49.849098205566406,49.95571054013577,48.97334904880103,49.102811863580826,57287600,0.00940616510082637,VALE3.SA,1206,487,78.47000122070312,73.86000061035156,1.0
2023-07-10,49.087581634521484,49.643493826359915,48.98858611978287,49.11804313365727,36698500,-0.015276436253763293,VALE3.SA,1203,484,77.69000244140625,72.98999786376953,1.0
2023-07-11,50.70200729370117,51.02946115386534,49.40741969796369,49.55972719684064,35550200,0.032888677857462856,VALE3.SA,1202,483,79.4000015258789,74.83000183105469,1.0
2023-07-12,51.0599250793457,51.84428985352951,51.02184675033322,51.783366851084466,22864300,0.007059242912637043,VALE3.SA,1201,482,80.11000061035156,75.75,1.0
2023-07-13,52.247894287109375,52.392584964628305,51.722443561329875,51.95090191426112,24187200,0.023266176084622225,VALE3.SA,1200,481,81.36000061035156,76.88999938964844,-1.0
2023-07-14,52.247894287109375,52.76572818514123,51.981363415314426,52.689577337476564,20342500,0.0,VALE3.SA,1199,480,79.87000274658203,75.41999816894531,-1.0
2023-07-17,51.66913604736328,52.034668240588786,51.04468981680325,52.034668240588786,15322300,-0.011077159139959547,VALE3.SA,1196,477,78.5,74.1500015258789,-1.0
2023-07-18,51.34168243408203,51.98897334053419,51.2350700876046,51.577757609799605,16950600,-0.0063375089721082745,VALE3.SA,1195,476,79.62999725341797,75.75,1.0
2023-07-19,51.20460891723633,51.76052113596939,50.99138422290711,51.39498893859274,14512600,-0.0026698290813063075,VALE3.SA,1194,475,79.45999908447266,75.3499984741211,1.0
2023-07-20,51.31883239746094,52.15650323648983,51.288370900231605,51.89758922494527,20992700,0.002230726542785,VALE3.SA,1193,474,79.63999938964844,75.62999725341797,1.0
2023-07-21,51.63106155395508,51.9128202532222,51.00661534728789,51.356913872009784,24852700,0.006084104838472326,VALE3.SA,1192,473,81.06999969482422,77.06999969482422,-1.0
2023-07-24,53.192176818847656,53.55009218868087,51.41022260725738,51.554907472768654,30616400,0.030235970710406512,VALE3.SA,1189,470,82.73999786376953,78.73999786376953,-1.0
2023-07-25,54.83706283569336,55.33205205192037,54.54007046794458,54.60098765906798,31556700,0.030923457455925618,VALE3.SA,1188,469,83.63999938964844,79.62999725341797,-1.0
2023-07-26,54.64668273925781,55.01982595284767,53.877545829259134,54.639065911651485,19066400,-0.0034717413112729245,VALE3.SA,1187,468,82.91999816894531,78.77999877929688,-1.0
2023-07-27,53.62624740600586,54.25069369471487,53.374944362882836,54.22023219161471,28254500,-0.018673326213063612,VALE3.SA,1186,467,84.23999786376953,80.08999633789062,-1.0
2023-07-28,51.50160217285156,53.32163474357315,51.50160217285156,53.32163474357315,45938800,-0.03961950231327105,VALE3.SA,1185,466,84.98999786376953,80.58000183105469,-1.0
2023-07-31,52.666725158691406,53.06271299607819,51.66151319699545,51.78335918384457,26065700,0.022623043491528882,VALE3.SA,1182,463,85.55999755859375,81.80000305175781,-1.0
2023-08-01,51.9356689453125,52.40019667512605,51.70721639929857,52.36973517367005,30015700,-0.013880798761953472,VALE3.SA,1181,462,84.91000366210938,81.37000274658203,-1.0
2023-08-02,51.09038162231445,51.600604513875616,50.94569675151716,51.585370858041756,29547300,-0.016275660642556145,VALE3.SA,1180,461,83.19999694824219,79.48999786376953,1.0
2023-08-03,51.410221099853516,51.699596632328436,50.6334673817275,50.9076150693088,35512300,0.0062602679287753205,VALE3.SA,1179,460,85.13999938964844,81.55000305175781,1.0
2023-08-04,51.448299407958984,52.03467317626205,51.14369599630498,51.17415168952025,22954300,0.0007406758284798087,VALE3.SA,1178,459,86.23999786376953,82.81999969482422,1.0
2023-08-07,51.70721435546875,51.91282221974797,50.93046062388702,51.51683433634695,23057700,0.005032526837412066,VALE3.SA,1175,456,85.33999633789062,81.94000244140625,-1.0
2023-08-08,51.37214660644531,51.897597348511596,50.32886195029648,51.01423122039653,43405600,-0.006480096698305293,VALE3.SA,1174,455,86.16999816894531,82.91999816894531,1.0
2023-08-09,50.90761947631836,51.714834764048256,50.74008411830013,51.3721472199371,21859000,-0.009042392829827217,VALE3.SA,1173,454,87.55000305175781,84.4000015258789,1.0
2023-08-10,50.306007385253906,51.158911843675746,50.21462870716548,50.87714736305175,28372300,-0.01181772192951025,VALE3.SA,1172,453,86.4000015258789,82.81999969482422,1.0
2023-08-11,49.887184143066406,50.54970292186977,49.67395944138544,50.40501805140762,42335100,-0.00832551148374916,VALE3.SA,1171,452,86.80999755859375,83.19000244140625,1.0
2023-08-14,48.56018829345703,49.454511131116575,48.56018829345703,49.407440405542204,41056900,-0.026599934881147425,VALE3.SA,1168,449,86.20999908447266,82.51000213623047,1.0
2023-08-15,48.08164978027344,48.60725945283736,47.963974454346186,48.59941582765921,28611000,-0.009854544020540201,VALE3.SA,1167,448,84.88999938964844,80.98999786376953,1.0
2023-08-16,47.89337158203125,48.58372733427576,47.85414746951226,48.16009973681154,30508600,-0.003915801539726593,VALE3.SA,1166,447,83.44999694824219,79.37999725341797,1.0
2023-08-17,48.568031311035156,49.2740772227877,48.41897850415744,49.10148755711317,39481200,0.014086703581692062,VALE3.SA,1165,446,84.12000274658203,80.38999938964844,1.0
2023-08-18,48.0267333984375,48.70139885437154,47.86983396802833,48.01104315613581,34201900,-0.011145148320530485,VALE3.SA,1164,445,84.80000305175781,81.25,1.0
2023-08-21,48.08949279785156,48.43467215348605,47.86983538434439,48.238548607823844,17695300,0.0013067596934690506,VALE3.SA,1161,442,84.45999908447266,80.72000122070312,1.0
2023-08-22,49.09364700317383,49.31330441496539,48.66217281200071,48.670019429626294,30995800,0.020880948142733002,VALE3.SA,1160,441,84.02999877929688,80.3499984741211,1.0
2023-08-23,49.454505920410156,49.94873502013289,49.454505920410156,49.619248953651066,19128500,0.007350419845830514,VALE3.SA,1159,440,83.20999908447266,78.88999938964844,1.0
2023-08-24,48.795536041259766,49.179936493485364,48.505274047778116,49.179936493485364,17821500,-0.013324769237628376,VALE3.SA,1158,439,83.36000061035156,79.05000305175781,1.0
2023-08-25,48.69355010986328,49.250540220507816,48.56018754503611,49.16424538792195,11395300,-0.0020900668313234005,VALE3.SA,1157,438,84.4800033569336,79.83000183105469,1.0
2023-08-28,49.391746520996094,49.63494076294974,48.85044668354659,48.9759656165468,14173600,0.01433858097340468,VALE3.SA,1154,435,84.41999816894531,80.0999984741211,1.0
2023-08-29,50.96858596801758,51.01565370182705,49.60356482799689,49.72124014773594,28625700,0.031925160742213965,VALE3.SA,1153,434,85.48999786376953,81.16000366210938,1.0
2023-08-30,50.97643280029297,51.67463211908193,50.780309261639545,51.15686310413349,21812600,0.00015395428627962282,VALE3.SA,1152,433,85.86000061035156,81.62999725341797,1.0
2023-08-31,51.05487823486328,51.90997394386336,51.05487823486328,51.439278673803635,31011100,0.0015388568846634865,VALE3.SA,1151,432,86.86000061035156,83.62999725341797,1.0
2023-09-01,54.04379653930664,54.1300913666794,52.270838247668294,52.31791196228105,57288600,0.058543246165306595,VALE3.SA,1150,431,88.55000305175781,85.55000305175781,-1.0
2023-09-04,54.44389343261719,54.95381581054096,54.03595313619209,54.34975198300789,22397800,0.007403197386762983,VALE3.SA,1147,428,88.55000305175781,85.55000305175781,-1.0
2023-09-05,54.20854187011719,54.53018732851298,53.80060756591394,54.12224703909466,19253500,-0.0043228275507387615,VALE3.SA,1146,427,90.04000091552734,86.69000244140625,-1.0
2023-09-06,53.3377571105957,54.59294658950979,53.25146227280641,54.24777322356814,28466500,-0.016063607864750695,VALE3.SA,1145,426,90.5999984741211,87.54000091552734,-1.0
2023-09-08,52.3336067199707,52.43558881003845,51.96489349287206,52.325760102206814,19989200,-0.018826258264720397,VALE3.SA,1143,424,90.6500015258789,87.51000213623047,1.0
2023-09-11,53.08671951293945,53.48681321900803,52.984737424622814,53.42405224840598,19493800,0.014390615135672746,VALE3.SA,1140,421,90.63999938964844,87.29000091552734,-1.0
2023-09-12,53.04749298095703,53.549568724098116,52.906283804122666,53.34559858306737,14201300,-0.0007389142207753219,VALE3.SA,1139,420,92.05999755859375,88.83999633789062,-1.0
2023-09-13,52.843528747558594,53.17301486860196,52.67878568703691,53.08672002948837,15448400,-0.003844936337927485,VALE3.SA,1138,419,91.87999725341797,88.5199966430664,-1.0
2023-09-14,55.00872802734375,55.448042804726036,54.16931958615119,54.365443109656134,62390300,0.040973782998645625,VALE3.SA,1137,418,93.69999694824219,90.16000366210938,-1.0
2023-09-15,54.55372619628906,55.87952328063955,54.55372619628906,55.699086985080335,37901700,-0.008271447956922695,VALE3.SA,1136,417,93.93000030517578,90.7699966430664,-1.0
2023-09-18,53.91044235229492,54.95382107417887,53.777079774819285,54.5537273565362,21849000,-0.011791748957340698,VALE3.SA,1133,414,94.43000030517578,91.4800033569336,-1.0
2023-09-19,54.012420654296875,54.326219509154555,53.510344880610724,53.87121146887169,43870300,0.0018916242856168441,VALE3.SA,1132,413,94.33999633789062,91.19999694824219,-1.0
2023-09-20,54.373294830322266,54.73416146894198,54.161484015234066,54.34976096033649,14372200,0.006681318327411034,VALE3.SA,1131,412,93.52999877929688,90.27999877929688,-1.0
2023-09-21,52.9533576965332,53.70647139888024,52.9533576965332,53.5809554410969,21686000,-0.026114605307994143,VALE3.SA,1130,411,93.30000305175781,89.62999725341797,-1.0
2023-09-22,53.34560012817383,54.02811216684409,53.290685779215195,53.65155235597408,17063700,0.007407319359963971,VALE3.SA,1129,410,93.2699966430664,90.02999877929688,-1.0
2023-09-25,52.247310638427734,52.58464337166898,51.59617903946188,52.56895612172974,34715000,-0.020588192598962718,VALE3.SA,1126,407,93.29000091552734,89.68000030517578,1.0
2023-09-26,51.431434631347656,51.98058412825223,51.282384812583665,51.54126333368549,24178800,-0.015615655564097164,VALE3.SA,1125,406,93.95999908447266,90.38999938964844,1.0
2023-09-27,51.541263580322266,51.92567002555956,51.23531133874347,51.85506243931,17109300,0.002135444009327081,VALE3.SA,1124,405,96.55000305175781,93.68000030517578,1.0
2023-09-28,52.32575988769531,52.59249102363273,51.74523586507716,51.86291119019027,26072300,0.015220742622083394,VALE3.SA,1123,404,95.37999725341797,91.70999908447266,1.0
2023-09-29,53.016117095947266,53.07103144807704,52.592489528710935,52.80430031972136,19018000,0.013193448307939226,VALE3.SA,1122,403,95.30999755859375,90.79000091552734,-1.0
2023-10-02,52.55326461791992,53.125948015625326,52.263005595365016,53.01611930678578,11175900,-0.00873041073886427,VALE3.SA,1119,400,90.70999908447266,88.81999969482422,1.0
2023-10-03,52.23161697387695,52.529722567836174,51.83152331958354,51.83936993619728,15268800,-0.006120412240447015,VALE3.SA,1118,399,90.91999816894531,89.2300033569336,1.0
2023-10-04,51.67463684082031,52.38852347443772,51.407905691567244,52.09041782312284,14377000,-0.010663658629125106,VALE3.SA,1117,398,85.80999755859375,84.22000122070312,1.0
2023-10-05,51.69816589355469,52.12963408669072,51.5098889726447,51.67463202659287,11556300,0.0004553307806856033,VALE3.SA,1116,397,84.06999969482422,82.30999755859375,1.0
2023-10-06,52.4512825012207,52.91413120464407,51.63540781794397,51.690322172336835,22711400,0.014567569170957917,VALE3.SA,1115,396,84.58000183105469,82.79000091552734,1.0
2023-10-09,52.0747184753418,52.0747184753418,51.29807095831688,51.564802076266155,14392200,-0.007179310169777908,VALE3.SA,1112,393,88.1500015258789,86.37999725341797,1.0
2023-10-10,52.38852310180664,52.929826029370055,52.32576212769751,52.608180525972685,18261700,0.006026045567839811,VALE3.SA,1111,392,87.6500015258789,85.97000122070312,1.0
2023-10-11,52.843528747558594,52.89844310106582,52.31791908038718,52.41205455199063,13659400,0.008685216127733542,VALE3.SA,1110,391,85.81999969482422,83.48999786376953,-1.0
2023-10-13,52.239463806152344,52.79645993276251,52.13748171892758,52.71800572774213,16302700,-0.01143119991649233,VALE3.SA,1108,389,90.88999938964844,87.69000244140625,1.0
2023-10-16,52.79645538330078,53.14947533461072,52.7023139365178,52.87490359634577,13103300,0.010662275922572517,VALE3.SA,1105,386,89.6500015258789,86.66000366210938,-1.0
2023-10-17,53.227928161621094,53.38483058652687,52.239463832969044,52.56110931511424,24031000,0.008172381558341879,VALE3.SA,1104,385,89.9000015258789,86.66000366210938,-1.0
2023-10-18,51.274539947509766,52.796460567938844,51.25100607980673,52.74938684731718,34907300,-0.036698558098674616,VALE3.SA,1103,384,91.5,88.31999969482422,1.0
2023-10-19,50.537113189697266,51.502043656010535,50.537113189697266,51.22747189249556,22855500,-0.014381928313104586,VALE3.SA,1102,383,92.37999725341797,89.37000274658203,1.0
2023-10-20,49.17209243774414,49.79184352030764,48.63863618852589,49.67416820345364,58015100,-0.027010263661664924,VALE3.SA,1101,382,92.16000366210938,88.75,1.0
2023-10-23,49.07795715332031,49.368219163026204,48.72493417253865,48.94459158608821,17595000,-0.001914404690892768,VALE3.SA,1098,379,89.83000183105469,85.48999786376953,1.0
2023-10-24,50.19978332519531,50.41943774286,49.87029421717885,50.207626950158854,21768800,0.022858045382174286,VALE3.SA,1097,378,88.06999969482422,83.73999786376953,1.0
2023-10-25,50.1527099609375,51.13332762325427,50.01150077815527,50.75676780742993,26091800,-0.0009377204668966632,VALE3.SA,1096,377,90.12999725341797,85.38999938964844,1.0
2023-10-26,51.22746658325195,51.28238093026359,49.90166965298025,50.050722453067934,30936700,0.021429681928484934,VALE3.SA,1095,376,87.93000030517578,83.20999908447266,1.0
2023-10-27,53.00826644897461,53.15732224423147,50.764612829284594,51.360830025097016,47989100,0.034762598748243834,VALE3.SA,1094,375,90.4800033569336,85.54000091552734,1.0
2023-10-30,53.48681640625,54.043806586798766,53.376987693759595,53.65940609308234,26604100,0.009027836398612266,VALE3.SA,1091,372,87.44999694824219,82.30999755859375,1.0
2023-10-31,54.13010025024414,54.31837718394978,53.00827329550436,53.16516974272309,20961400,0.012026960795501251,VALE3.SA,1090,371,87.41000366210938,81.0199966430664,1.0
2023-11-01,55.16563034057617,55.46373597344683,54.32622180978309,54.334068427421045,31543500,0.019130392989201273,VALE3.SA,1089,370,84.62999725341797,80.44000244140625,1.0
2023-11-03,55.85598373413086,56.17762922378394,55.644172937083354,55.895210837576826,28599600,0.012514193879280544,VALE3.SA,1087,368,84.88999938964844,80.51000213623047,1.0
2023-11-06,56.091331481933594,56.32668211999987,55.85598084386731,55.85598084386731,19096300,0.004213474225482683,VALE3.SA,1084,365,85.18000030517578,80.81999969482422,1.0
2023-11-07,54.97734451293945,55.777525811208974,54.318366397998716,55.565715051001185,37073000,-0.01986023400697745,VALE3.SA,1083,364,81.61000061035156,77.37000274658203,1.0
2023-11-08,55.01657485961914,55.58925824629292,54.77338357833271,55.00873422715002,21047900,0.0007135729640499466,VALE3.SA,1082,363,79.54000091552734,75.33000183105469,1.0
2023-11-09,55.28330993652344,55.80891963978857,55.087186376927555,55.306843806040376,16542700,0.004848267591810229,VALE3.SA,1081,362,80.01000213623047,75.73999786376953,1.0
2023-11-10,56.13056945800781,56.27177867116218,55.62064696688277,56.01289411617641,22200500,0.015325774134312908,VALE3.SA,1080,361,81.43000030517578,77.16999816894531,1.0
2023-11-13,56.012882232666016,56.867977963807924,55.64416903292033,56.48357751491392,14410500,-0.002096669007248142,VALE3.SA,1077,358,82.5199966430664,78.26000213623047,1.0
2023-11-14,57.746620178222656,58.287923106840346,56.40513577641076,56.49927125254188,52233600,0.030952485864859547,VALE3.SA,1076,357,82.47000122070312,78.26000213623047,1.0
2023-11-16,58.13102340698242,58.31930035332116,57.27592753739784,57.346529147818785,31235400,0.0066567225505733685,VALE3.SA,1074,355,77.41999816894531,72.9000015258789,1.0
2023-11-17,58.2408447265625,58.56249020486723,58.131016023047586,58.233004094322474,24538600,0.0018892032712241047,VALE3.SA,1073,354,80.61000061035156,75.88999938964844,1.0
2023-11-20,59.66862869262695,60.13148339655978,59.17439948676071,59.464664503980146,28810100,0.0245151658216467,VALE3.SA,1070,351,82.31999969482422,77.5999984741211,-1.0
2023-11-21,61.112098693847656,61.62202111519019,60.28837739897005,60.6335567583802,45317800,0.024191439167414064,VALE3.SA,1069,350,82.44999694824219,77.7699966430664,-1.0
2023-11-22,60.53117370605469,61.51778836627425,60.01360637116727,61.33987343805246,33715300,-0.0095058916353572,VALE3.SA,1068,349,81.95999908447266,77.0999984741211,-1.0
2023-11-23,60.151084899902344,60.345177281306555,59.908478677981215,60.1430023447609,10279200,-0.006279224123392879,VALE3.SA,1067,348,81.37000274658203,77.0999984741211,-1.0
2023-11-24,59.64160919189453,60.248134031134136,59.358565500893995,60.248134031134136,16667000,-0.008469933815086317,VALE3.SA,1066,347,80.58000183105469,75.54000091552734,-1.0
2023-11-27,59.28577423095703,59.73056154290298,58.95421055559758,59.39090914281109,17312300,-0.00596621998901159,VALE3.SA,1063,344,79.9800033569336,74.86000061035156,-1.0
2023-11-28,59.41517639160156,59.657782634152774,58.355781608381086,58.452821637445595,22019000,0.002182684840049909,VALE3.SA,1062,343,81.68000030517578,76.41000366210938,-1.0
2023-11-29,59.398990631103516,59.843777935062995,58.800554579321826,59.68204046265359,15853100,-0.00027241794910048966,VALE3.SA,1061,342,83.0999984741211,77.86000061035156,-1.0
2023-11-30,59.72247314453125,60.19960918812511,59.6173444019919,59.85186806140051,29712900,0.005445926100608567,VALE3.SA,1060,341,82.83000183105469,75.95999908447266,-1.0
2023-12-01,60.83039855957031,61.04066223035693,60.1834362663298,60.434137394152586,25025200,0.018551231332262885,VALE3.SA,1059,340,78.87999725341797,74.06999969482422,-1.0
2023-12-04,59.46369171142578,60.24813145717806,59.06743056095433,60.03786779432222,22402300,-0.022467497838373318,VALE3.SA,1056,337,78.02999877929688,73.04000091552734,-1.0
2023-12-05,58.91377639770508,59.33430372886896,58.654992720792514,59.22108625583781,25179500,-0.009247917475245448,VALE3.SA,1055,336,77.19999694824219,72.31999969482422,-1.0
2023-12-06,58.525604248046875,59.779085182587835,58.32342930667999,59.439432761864964,20503900,-0.006588817987796203,VALE3.SA,1054,335,74.30000305175781,69.37999725341797,-1.0
2023-12-07,58.71160125732422,59.09977985631562,58.56603505393863,58.78438744396177,17535800,0.0031780450909835167,VALE3.SA,1053,334,74.05000305175781,69.33999633789062,-1.0
2023-12-08,58.87333679199219,59.24533788936732,58.49324697057515,59.11594298425145,16083200,0.0027547457607075554,VALE3.SA,1052,333,75.83999633789062,71.2300033569336,-1.0
2023-12-11,58.9218635559082,59.229167235978885,58.032295075796746,58.29107874582716,15443400,0.0008242570671248561,VALE3.SA,1049,330,76.02999877929688,71.31999969482422,-1.0
2023-12-12,59.02699279785156,59.722475073767164,58.71160039015604,59.52030013704494,11036300,0.0017842144765771728,VALE3.SA,1048,329,73.23999786376953,68.61000061035156,-1.0
2023-12-13,59.03508758544922,59.29387128423367,58.47708272842741,58.630737670480386,25288200,0.00013713704889850575,VALE3.SA,1047,328,74.26000213623047,69.47000122070312,-1.0
2023-12-14,59.35856246948242,60.05404474321709,59.326213739321574,59.843781082116294,29454300,0.005479366547309628,VALE3.SA,1046,327,76.61000061035156,71.58000183105469,-1.0
2023-12-15,59.730552673339844,60.0863824700584,59.44750904862657,59.892290124636496,23279500,0.006266833096719049,VALE3.SA,1045,326,76.55000305175781,71.43000030517578,-1.0
2023-12-18,60.013607025146484,60.59587182571221,59.60925715474133,59.892300830047056,16333400,0.004738853721220959,VALE3.SA,1042,323,77.94999694824219,72.47000122070312,-1.0
2023-12-19,60.43412399291992,60.72525017344243,60.142991642509095,60.40985782214542,21763700,0.007007027049669601,VALE3.SA,1041,322,79.2300033569336,73.44000244140625,-1.0
2023-12-20,60.24003982543945,60.984048249670906,60.24003982543945,60.43413219865939,14147900,-0.0032114996405542273,VALE3.SA,1040,321,79.69999694824219,74.22000122070312,-1.0
2023-12-21,62.24562072753906,62.310318188294715,60.91126490642868,61.01639365273952,24202600,0.033293153655131746,VALE3.SA,1039,320,79.38999938964844,73.88999938964844,-1.0
2023-12-22,61.77656936645508,63.240313843807876,61.69570063072475,62.37500541472637,26277000,-0.00753549174386281,VALE3.SA,1038,319,79.06999969482422,73.55999755859375,-1.0
2023-12-26,61.99493408203125,62.63380154041174,61.99493408203125,62.399284011071714,12149500,0.0035347497896953683,VALE3.SA,1034,315,81.06999969482422,75.56999969482422,-1.0
2023-12-27,62.59336471557617,62.71467091754171,62.1485773649991,62.1485773649991,13821200,0.00965289571488337,VALE3.SA,1033,314,79.6500015258789,74.11000061035156,-1.0
2023-12-28,62.43161392211914,62.641877570172774,62.06770152769737,62.269876451240364,16545800,-0.0025841523968559432,VALE3.SA,1032,313,78.38999938964844,71.7699966430664,-1.0
2024-01-02,62.31031799316406,63.22414648639044,61.938310679928776,62.75509915221502,18021800,-0.0019428606972484719,VALE3.SA,1027,308,75.88999938964844,70.37999725341797,-1.0
2024-01-03,61.98683547973633,62.18901041204474,61.3398732283937,62.03535548912577,25315100,-0.0051914758878813805,VALE3.SA,1026,307,78.25,72.69999694824219,-1.0
2024-01-04,61.15387725830078,61.978748287768994,60.94361359593067,61.8089220808164,18707000,-0.013437663255254306,VALE3.SA,1025,306,77.58999633789062,72.19000244140625,-1.0
2024-01-05,60.369441986083984,60.69292314371692,59.94083207442355,60.676745692395826,21082500,-0.012827236920784468,VALE3.SA,1024,305,78.76000213623047,73.80999755859375,-1.0
2024-01-08,60.06211853027344,60.29664216228598,59.44751125660799,59.79525234271093,23013300,-0.005090712216312854,VALE3.SA,1021,302,76.12000274658203,70.7699966430664,-1.0
2024-01-09,59.30194854736328,59.97317075724161,59.15638235931604,59.92464458129995,15257400,-0.012656396436083184,VALE3.SA,1020,301,77.58999633789062,72.23999786376953,-1.0
2024-01-10,58.412391662597656,58.865261594792344,58.18595052661023,58.865261594792344,21354600,-0.015000466368405352,VALE3.SA,1019,300,76.80000305175781,71.37000274658203,-1.0
2024-01-11,58.719688415527344,58.96230080465897,58.10507488764609,58.59029349601999,20289100,0.005260814429662419,VALE3.SA,1018,299,77.41000366210938,72.0199966430664,-1.0
2024-01-12,57.97568893432617,58.79247126602657,57.935251477557394,58.388121377897384,16343400,-0.01267035812479611,VALE3.SA,1017,298,78.29000091552734,72.68000030517578,-1.0
2024-01-15,57.86247253417969,57.98377256696016,57.17507277567821,57.595600122283095,12745700,-0.001952825438171768,VALE3.SA,1014,295,78.29000091552734,72.68000030517578,-1.0
2024-01-16,57.110382080078125,58.056559365021556,56.819249658574016,57.90290442870277,22620300,-0.01299789692978115,VALE3.SA,1013,294,78.29000091552734,72.4000015258789,-1.0
2024-01-17,56.08332824707031,56.98098549226875,55.80028455937028,56.827330560421736,43086400,-0.017983662437553227,VALE3.SA,1012,293,77.87999725341797,72.55999755859375,-1.0
2024-01-18,55.80027770996094,56.93245849167705,55.80027770996094,56.770714854352526,30490600,-0.005046963972295315,VALE3.SA,1011,292,79.0999984741211,74.08000183105469,-1.0
2024-01-19,55.07244873046875,56.21271827718248,55.03201744711261,56.20462955255561,60583000,-0.013043465182651981,VALE3.SA,1010,291,78.55999755859375,73.41000366210938,-1.0
2024-01-22,54.82984161376953,54.97540780519999,54.271836851637914,54.58722923808909,23318900,-0.004405235690291609,VALE3.SA,1007,288,80.05999755859375,75.19000244140625,-1.0
2024-01-23,55.96202087402344,56.42297949001584,55.35549605456557,55.75984593420415,33886800,0.020648960984223974,VALE3.SA,1006,287,79.55000305175781,74.37000274658203,-1.0
2024-01-24,56.528106689453125,57.28019760969062,56.40680050814604,56.851587782975784,36922100,0.010115535618415272,VALE3.SA,1005,286,80.04000091552734,75.08999633789062,-1.0
2024-01-25,55.137149810791016,56.94055298796115,54.47401625526222,56.60898312525199,47637000,-0.024606464998086164,VALE3.SA,1004,285,82.43000030517578,77.36000061035156,-1.0
2024-01-26,56.20463562011719,56.455330581611975,54.587236033926764,54.91071718514281,27397200,0.019360554780023298,VALE3.SA,1003,284,83.55000305175781,78.01000213623047,-1.0
2024-01-29,55.93776321411133,56.19654690113622,55.177589604038694,56.19654690113622,15866100,-0.004748227669504557,VALE3.SA,1000,281,82.4000015258789,76.77999877929688,-1.0
2024-01-30,55.622371673583984,56.28550526775711,54.9026293397823,56.12376777450118,34371300,-0.005638257992550244,VALE3.SA,999,280,82.87000274658203,77.81999969482422,-1.0
2024-01-31,54.79749298095703,55.46062648309562,54.79749298095703,55.07244791530982,34753400,-0.014829980596075543,VALE3.SA,998,279,81.70999908447266,75.8499984741211,-1.0
2024-02-01,54.54679489135742,55.209928430101314,54.304188671752215,54.8864534706277,21060300,-0.004574991956050489,VALE3.SA,997,278,78.69999694824219,73.81999969482422,-1.0
2024-02-02,53.438880920410156,54.40122942665845,53.301403443787464,54.393146871484966,32589900,-0.020311257025347418,VALE3.SA,996,277,77.33000183105469,72.27999877929688,-1.0
2024-02-05,52.97792434692383,53.5359229999312,52.848529420499716,53.29331676772051,24103300,-0.008625865017137246,VALE3.SA,993,274,77.98999786376953,72.77999877929688,-1.0
2024-02-06,53.916011810302734,54.11010419607392,53.19626951359755,53.4307931856539,27505600,0.01770713886855746,VALE3.SA,992,273,78.58999633789062,73.30999755859375,-1.0
2024-02-07,54.021148681640625,54.23140618566067,53.7785362755993,54.03731996276148,19863400,0.001950012024402037,VALE3.SA,991,272,79.20999908447266,73.86000061035156,-1.0
2024-02-08,53.54400634765625,54.579140975527544,53.34992014740265,54.579140975527544,25812100,-0.008832509963760393,VALE3.SA,990,271,81.62999725341797,76.22000122070312,-1.0
2024-02-09,53.309486389160156,53.851313744443345,52.872787780906854,53.45505259191126,18534800,-0.0043799479062769375,VALE3.SA,989,270,82.19000244140625,76.83999633789062,-1.0
2024-02-14,53.14775466918945,53.48740712247612,52.97792844254612,53.366100912047976,12497900,-0.003033826264805084,VALE3.SA,984,265,81.5999984741211,76.63999938964844,-1.0
2024-02-15,52.97792434692383,53.26905676148841,52.597834462915095,52.969835621549905,17360200,-0.003195437386258493,VALE3.SA,983,264,82.86000061035156,78.02999877929688,-1.0
2024-02-16,54.99158477783203,55.25036845940271,53.64914018788498,53.7704463882846,40947100,0.03800942478836711,VALE3.SA,982,263,83.47000122070312,79.19000244140625,-1.0
2024-02-19,54.57914352416992,54.66001226389444,53.89174998167753,54.215231110464934,12571600,-0.007500079427213979,VALE3.SA,979,260,83.47000122070312,79.19000244140625,-1.0
2024-02-20,53.38227081298828,53.665314484023256,52.71913728232523,53.495488281402274,44417200,-0.021929122259890632,VALE3.SA,978,259,82.33999633789062,78.18000030517578,-1.0
2024-02-21,53.78661346435547,53.88365347004595,53.05069384846416,53.06687129600488,20362800,0.007574474543874388,VALE3.SA,977,258,83.02999877929688,77.91000366210938,-1.0
2024-02-22,54.36079788208008,54.829845215264136,54.021145469728616,54.053488030047355,35910500,0.01067522903454643,VALE3.SA,976,257,83.66999816894531,78.61000061035156,-1.0
2024-02-23,54.49018478393555,55.856889281876995,54.376967316993685,55.19375575983643,42133700,0.002380150897272282,VALE3.SA,975,256,81.62000274658203,76.48999786376953,-1.0
2024-02-26,53.17200469970703,53.818966920662874,52.929392324376344,53.81087819618145,33864400,-0.024191147258086243,VALE3.SA,972,253,82.52999877929688,77.58000183105469,-1.0
2024-02-27,54.57106399536133,54.724712758391696,53.66531801850626,53.77853549437694,28141800,0.02631195313314949,VALE3.SA,971,252,83.6500015258789,78.87000274658203,-1.0
2024-02-28,53.972618103027344,54.36079668710267,53.64105442298882,54.02114428221756,20331500,-0.01096635924827949,VALE3.SA,970,251,83.68000030517578,78.54000091552734,-1.0
2024-02-29,54.1747932434082,54.57106055385478,53.77044337797324,53.81896955735016,20717000,0.0037458835143948654,VALE3.SA,969,250,83.62000274658203,78.26000213623047,-1.0
2024-03-01,54.085838317871094,54.23140452305522,53.67340587809073,54.09392704312843,22423300,-0.0016419984315848568,VALE3.SA,968,249,83.55000305175781,79.97000122070312,-1.0
2024-03-04,53.964534759521484,54.34461844330703,53.68957364775903,54.14244351432168,13148000,-0.0022427970448879453,VALE3.SA,965,246,82.80000305175781,78.73999786376953,-1.0
2024-03-05,53.25287628173828,53.608706139275455,53.05070134811749,53.37418247588862,24436500,-0.013187521785456346,VALE3.SA,964,245,82.04000091552734,78.1500015258789,-1.0
2024-03-06,53.98070526123047,54.247577644418925,53.51165795196999,53.55209540514003,33510700,0.013667411608746738,VALE3.SA,963,244,82.95999908447266,79.12999725341797,-1.0
2024-03-07,53.794700622558594,54.716623944745415,53.74618061556049,54.554880304936766,19036200,-0.0034457615507565986,VALE3.SA,962,243,82.95999908447266,78.93000030517578,-1.0
2024-03-08,53.38227081298828,54.166710536920405,53.293313349250255,53.5359195658991,23188200,-0.007666736775134297,VALE3.SA,961,242,82.08000183105469,78.01000213623047,-1.0
2024-03-11,51.72443771362305,52.38757129316092,51.5303514920214,52.38757129316092,58622400,-0.031055874433911668,VALE3.SA,958,239,82.20999908447266,77.93000030517578,1.0
2024-03-12,51.40216064453125,52.863793027206626,51.25008298872085,52.68637016974122,44680100,-0.0062306538908381,VALE3.SA,957,238,81.91999816894531,77.55999755859375,1.0
2024-03-13,51.731658935546875,51.86683871013357,50.93747816271756,51.1993871630755,32769200,0.006410203129285863,VALE3.SA,956,237,84.02999877929688,79.72000122070312,1.0
2024-03-14,51.072654724121094,51.655616861048486,50.83608771627271,51.621821113793025,30085800,-0.012738895774574766,VALE3.SA,955,236,85.41999816894531,81.26000213623047,1.0
2024-03-15,50.489688873291016,50.895231390533354,50.15174107284216,50.77694627628944,57064200,-0.011414441915719498,VALE3.SA,954,235,85.33999633789062,81.04000091552734,1.0
2024-03-18,51.45284652709961,51.537332668527874,50.70090568745338,51.106448190540206,21371000,0.019076323805950368,VALE3.SA,951,232,86.88999938964844,82.72000122070312,1.0
2024-03-19,51.87528610229492,52.42445249309986,51.79079673398195,52.15409296037807,16888900,0.00821022749388245,VALE3.SA,950,231,87.37999725341797,83.47000122070312,1.0
2024-03-20,52.22168731689453,52.23013464271883,51.46974640093042,51.883736271001894,18210000,0.006677576947075048,VALE3.SA,949,230,85.94999694824219,81.68000030517578,1.0
2024-03-21,52.09495162963867,52.914480770058226,52.0358106837259,52.74550525761896,18445500,-0.0024268784439459568,VALE3.SA,948,229,85.77999877929688,81.06999969482422,1.0
2024-03-22,51.495094299316406,52.01046818872568,51.47819642490004,51.95977456547657,11058400,-0.011514692144967587,VALE3.SA,947,228,85.43000030517578,80.62999725341797,1.0
2024-03-25,51.38526153564453,51.80769874210194,51.241634432460266,51.55423706281552,10478200,-0.0021328781928909857,VALE3.SA,944,225,86.75,81.94999694824219,1.0
2024-03-26,50.734703063964844,51.131795031908744,50.34606164419922,50.95437219544267,27142700,-0.012660409857569999,VALE3.SA,943,224,86.25,81.62000274658203,1.0
2024-03-27,51.19938659667969,51.258527545973365,50.4305510329219,50.52348773122339,23927000,0.009159086476350886,VALE3.SA,942,223,86.08999633789062,81.3499984741211,1.0
2024-03-28,51.39371109008789,51.613377015101285,50.751604743851715,51.2162850173747,18467000,0.003795445733344005,VALE3.SA,941,222,87.4800033569336,83.16999816894531,1.0
2024-04-01,51.723209381103516,52.29772420407818,51.53733599045291,52.04425931757648,16740100,0.0064112570201060315,VALE3.SA,937,218,87.41999816894531,83.70999908447266,1.0
2024-04-02,52.331520080566406,52.77930571190797,51.790800970887645,51.849941922075004,22583000,0.01176088465394276,VALE3.SA,936,217,88.91999816894531,85.1500015258789,1.0
2024-04-03,51.57958221435547,52.07805824641438,51.157145008303516,51.849941768393506,22319900,-0.014368737331789672,VALE3.SA,935,216,89.3499984741211,85.43000030517578,1.0
2024-04-04,51.005062103271484,51.78234815828314,50.83608659366549,51.45284768716834,22990500,-0.011138518119367169,VALE3.SA,934,215,90.6500015258789,86.58999633789062,1.0
2024-04-05,50.44744873046875,51.098002393357206,50.36296258118557,50.92902687185085,15379000,-0.01093251041776433,VALE3.SA,933,214,91.16999816894531,86.91000366210938,1.0
2024-04-08,53.20174026489258,53.336920035567935,51.36836120073437,51.62182286788317,40281300,0.054597241361787896,VALE3.SA,930,211,90.37999725341797,86.43000030517578,-1.0
2024-04-09,52.84688949584961,53.9621233704745,52.390656577246745,53.759355333055346,37026100,-0.006669909053278356,VALE3.SA,929,210,89.41999816894531,85.2300033569336,-1.0
2024-04-10,52.04426193237305,52.762407108642236,51.900634830883256,52.661023082711786,21206800,-0.01518779196152309,VALE3.SA,928,209,90.4800033569336,86.20999908447266,1.0
2024-04-11,52.2639274597168,52.475146045814625,51.816145088530156,52.20478651344459,16338700,0.004220744404622057,VALE3.SA,927,208,89.73999786376953,85.0199966430664,1.0
2024-04-12,52.06960678100586,53.54813688464888,51.88373339377855,53.058108217573206,25740900,-0.0037180649858492565,VALE3.SA,926,207,90.44999694824219,85.66000366210938,1.0
